id,agenda_id,fecha,monto,cantidad_personas,estado_disponibilidad,puntos_booked,correo_empleado,lugar_origen,lugar_llegada,capacidad,tiempo_estimado,precio_asiento,empresa,fecha_salida,fecha_llegada,clase,escalas
107762,65379,2025-01-11,1386000,7,No disponible,1386,Albertoybarra929@viajes.cl,San Cristróbal de la Laguna,Gerona,61,303,198000,HŽ (Croacia),2025-02-17,2025-02-17,,{}
84396,61486,2025-05-28,304000,8,No disponible,304,Alejandraleyva742@viajes.cl,Puertollano,La Línea de la Concepción,43,152,38000,Socibus,2025-07-29,2025-07-29,,
146428,,,,,Disponible,0,Alfonsozarate453@viajes.cl,Hospitalet de LLobregat,El Puerto de Santa María,35,3363,114000,Futura,2026-10-30,,,{}
109400,59561,2025-06-29,480000,6,No disponible,480,Anamanzanares596@viajes.cl,Irún,Logroño,41,565,80000,Megabus,2025-11-10,2025-11-10,,{}
129197,61056,2026-05-08,148000,1,No disponible,148,Anatoro616@viajes.cl,Orihuela,Alcalá de Henares,,3116,148000,ETN Turistar,2026-09-22,2026-09-24,,{}
143558,57750,2025-11-23,390000,2,No disponible,390,Armandocarranza316@viajes.cl,Albacete,Inca,,927,195000,Pullman Bus,2026-04-10,2026-04-10,,{}
146508,,,,,Disponible,0,Bernardoarias154@viajes.cl,Cáceres,Murcia,36,3214,100000,Buses Nilahue,2025-05-15,,,{}
145015,,,,,Disponible,0,Blancagarica831@viajes.cl,Badajoz,Paterna,40,3609,198000,Buses Ahumada,2025-10-16,,,{}
117278,59333,2025-08-07,160000,5,No disponible,160,Carlosgollum406@viajes.cl,Fuengirola,Zamora,26,535,32000,NS International,2026-02-06,,,{}
83552,62440,2025-01-03,1270000,10,No disponible,1270,Carolinabaca615@viajes.cl,,Vigo,,2091,127000,ÖBB (Austria),2025-02-04,2025-02-05,,{}
145361,,,,,Disponible,0,Ceciliaflórez371@viajes.cl,Motril,Ceuta,42,3464,133000,El Rápido Internacional,2026-10-06,,,{}
90412,58814,2025-01-02,522000,6,No disponible,522,Danielpáez646@viajes.cl,Gijón,Granada,3,192,87000,ŽFBH (Bosnia y Herzegovina),2026-02-21,2026-02-21,,{}
148766,,,,,Disponible,0,Diegorosado418@viajes.cl,Cerdañola del Vallés,Santa Lucía de Tirajana,12,1675,120000,VR (Finlandia),2026-07-05,2026-09-12,,{}
119887,59735,2025-08-29,447000,3,No disponible,447,Doloresvanegas563@viajes.cl,Huelva,Baracaldo,37,1265,149000,Plusmar,2026-09-17,,,{}
94667,60531,2025-01-03,788000,4,No disponible,788,Emilioarreola638@viajes.cl,Manresa,Bilbao,37,2638,197000,Monbus,2025-01-07,2025-01-08,,
146412,,,,,Disponible,0,Ernestoalcaraz354@viajes.cl,Almería,Palma de Mallorca,47,239,27000,Turbus,2026-04-23,,,{}
122207,62013,2025-02-10,756000,6,No disponible,756,Esperanzaatencio335@viajes.cl,Cuenta,,40,1376,126000,Primera Plus,2025-09-11,2025-09-11,,{}
80178,59415,2025-08-22,805000,5,No disponible,805,Evaalejandro533@viajes.cl,Lorca,Santa Lucía de Tirajana,,2772,161000,EME Bus,2026-07-06,2026-07-07,,{}
112013,58457,2025-02-14,61000,1,No disponible,61,Evarendón524@viajes.cl,Mataró,Sagunto,33,3759,61000,FlixBus,2025-12-27,2025-12-29,,{}
144135,63012,2025-02-02,430000,5,No disponible,430,Federicogálvez952@viajes.cl,San Sebastían de los Reyes,Irún,44,3221,86000,JetSur,2025-07-21,2025-07-23,,{}
149226,,,,,Disponible,0,Feliperojo857@viajes.cl,,Madrid,1,1096,67000,Amtrak,2025-01-12,2025-02-26,,{}
91898,63206,2025-05-11,792000,8,No disponible,792,Felipesegovia888@viajes.cl,Puertollano,Santa Coloma de Gramanet,34,3245,99000,EME Bus,2025-05-26,2025-05-28,,
146134,,,,,Disponible,0,Gabrielahidalgo828@viajes.cl,Las Palmas de Gran Canaria,Santa Cruz de Tenerife,43,1632,88000,Via Bariloche,2026-01-18,,,{}
80376,58400,2025-04-21,224000,2,No disponible,224,Guillerminacerda636@viajes.cl,San Cristróbal de la Laguna,Manresa,76,1854,112000,RZD (Rusia),2025-12-08,2025-12-09,,{}
145192,,,,,Disponible,0,Guillerminaprado737@viajes.cl,Paterna,Málaga,34,3937,136000,Via Bariloche,2026-05-12,,,{}
149475,,,,,Disponible,0,Guillermoolivares662@viajes.cl,Alcoy,Gandía,14,1180,59000,NSB (Noruega),2026-07-10,2026-08-28,,{}
125480,66465,2025-04-03,2338000,7,No disponible,2338,Inésmejía800@viajes.cl,Salamanca,Tarragona,64,3118,334000,CFR (Rumania),2025-04-29,2025-05-01,,{}
105150,65145,2025-03-05,222000,3,No disponible,222,Josébañuelos691@viajes.cl,Manresa,San Fernando,32,562,74000,SBB (Suiza),2026-04-09,2026-04-09,,{}
145100,,,,,Disponible,0,Joséruiz932@viajes.cl,El Prat de LLobregat,Torremolinos,35,2673,193000,Megabus,2025-01-30,,,{}
127495,65518,2025-08-01,738000,6,No disponible,738,Juanorozco540@viajes.cl,Baracaldo,Santa Coloma de Gramanet,43,1184,123000,Primera Plus,2025-10-25,2025-10-25,,{}
107919,58449,2025-07-09,172000,2,No disponible,172,Juliapelayo134@viajes.cl,Santa Coloma de Gramanet,Manresa,32,2334,86000,,2025-07-31,2025-08-01,,{}
121519,59314,2026-01-24,1470000,10,No disponible,1470,Juliogarica923@viajes.cl,Alcorcón,Algeciras,,1393,147000,Andesmar,2026-10-10,2026-10-10,,{}
148933,,,,,Disponible,0,Leonorlira295@viajes.cl,Fuengirola,Pontevedra,91,3688,380000,ZSSK (Eslovaquia),2025-09-28,2026-02-28,,{}
131145,60933,2025-01-19,1805000,5,No disponible,1805,Luciacasillas408@viajes.cl,Torrelavega,Ferrol,30,2990,361000,Qatar Airways,2025-03-11,2025-03-13,,"{Córdoba,""Jerez de la Frontera"",Sagunto}"
78422,63299,2025-02-02,1064000,8,No disponible,1064,Magdalenacasanova305@viajes.cl,Santa Lucía de Tirajana,Alcalá de Guadaira,43,1102,133000,Via Bariloche,2026-08-29,2026-08-29,,{}
149128,,,,,Disponible,0,Marcosledesma340@viajes.cl,Las Palmas de Gran Canaria,Coslada,77,2296,237000,Eurostar,2026-05-05,2026-08-08,,{}
79973,65502,2025-05-09,1030000,10,No disponible,1030,Marcosmadera742@viajes.cl,Leganés,Benalmádena,93,2283,103000,Amtrak,2026-08-15,2026-08-16,,
146687,,,,,Disponible,0,Maricarmenbahena434@viajes.cl,Sanlúcar de Barrameda,Puertollano,30,3274,129000,Primera Plus,2026-10-05,,,{}
142456,65341,2026-06-23,264000,8,No disponible,264,Martínesquibel775@viajes.cl,Linares,Fuengirola,43,181,33000,Monbus,2026-07-03,2026-07-03,,{}
86885,65709,2025-07-27,950000,10,No disponible,950,Maríacarreón854@viajes.cl,Tarragona,Barcelona,41,398,95000,JetSur,2026-08-03,2026-08-03,,{}
148371,,,,,Disponible,0,Maríacastro464@viajes.cl,Torrejón de Ardoz,Logroño,94,2769,208000,Wizz Air,2025-08-08,2025-12-01,,{Huelva}
118521,59229,2026-09-12,752000,8,No disponible,752,Maríacavazos182@viajes.cl,Cádiz,Lugo,81,166,94000,United Airlines,2026-11-27,2026-11-27,,{}
93677,66319,2025-01-02,4482000,9,No disponible,4482,Maríaespinoza975@viajes.cl,Torremolinos,Jaén,63,4102,498000,SBB (Suiza),2025-02-16,2025-02-18,,{}
88336,65278,2025-02-21,740000,10,No disponible,740,Maríafeliciano394@viajes.cl,El Ejido,Viladecans,18,561,74000,Ethiopian Airlines,2025-11-12,2025-11-12,,{}
145064,,,,,Disponible,0,Maríamarroquín192@viajes.cl,,Getafe,31,1758,168000,Socibus,2025-10-07,,,{}
108943,60737,2026-01-24,83000,1,No disponible,83,Maríarendón440@viajes.cl,La Línea de la Concepción,Bilbao,44,1132,83000,ETN Turistar,2026-10-04,2026-10-04,,{}
85644,61912,2025-07-27,1060000,10,No disponible,1060,Mateocollado527@viajes.cl,Orense,Guadalajara,45,3813,106000,,2026-11-06,2026-11-08,,{}
120576,65042,2025-05-23,171000,3,No disponible,171,Mercedesgalindo223@viajes.cl,Santiago de Compostela,,46,1815,57000,Omnibus de México,2026-01-13,2026-01-14,,{}
89794,62411,2025-02-03,169000,1,No disponible,169,Mónicavalles477@viajes.cl,Collado Villalba,Mijas,49,1685,169000,Via Bariloche,2025-04-20,2025-04-21,,{}
114505,60837,2025-04-07,2051000,7,No disponible,2051,Octaviosanches648@viajes.cl,Zamora,Puertollano,88,2519,293000,,2025-10-18,2025-10-19,,{}
117865,66341,2025-03-26,1665000,9,No disponible,1665,Patriciaadame600@viajes.cl,Gerona,Avilés,40,4089,185000,Futura,2025-12-19,2025-12-21,,{}
114473,58163,2025-07-14,38000,2,No disponible,38,Patriciahuerta665@viajes.cl,Sagunto,Alcorcón,54,227,19000,NSB (Noruega),2026-11-30,2026-11-30,,{}
122229,58882,2025-04-03,126000,3,No disponible,126,Ramónjurado680@viajes.cl,Sanlúcar de Barrameda,Getafe,43,980,42000,DSB (Dinamarca),2026-02-12,2026-02-12,,{}
148438,,,,,Disponible,0,Ramónverduzco522@viajes.cl,El Prat de LLobregat,Cuenta,78,874,69000,EasyJet,2025-09-12,2025-10-18,,"{Baracaldo,Toledo,Palencia}"
145753,,,,,Disponible,0,Reinacollado243@viajes.cl,,Pontevedra,33,1867,80000,Chevallier,2025-12-27,,,{}
140532,59732,2025-01-28,882000,9,No disponible,882,Robertodomínquez641@viajes.cl,Coslada,Segovia,39,2898,98000,,2025-02-15,2025-02-17,,{}
101124,57126,2025-09-24,796000,4,No disponible,796,Santiagosolorzano537@viajes.cl,Ávila,Dos Hermanas,34,3825,199000,Primera Plus,2025-10-01,2025-10-03,,{}
146382,,,,,Disponible,0,Soniamonroy754@viajes.cl,Vigo,Palma de Mallorca,32,322,55000,Condor Bus,2025-01-27,,,{}
95469,61163,2025-09-16,283000,1,No disponible,283,Sr.carrera886@viajes.cl,Gandía,Santiago de Compostela,100,2341,283000,BDZ (Bulgaria),2025-11-16,2025-11-17,,{}
128476,61632,2025-04-25,2352000,7,No disponible,2352,Sr.ceja795@viajes.cl,Gijón,Rivas-Vaciamadrid,13,4169,336000,DSB (Dinamarca),2025-09-27,2025-09-29,,
113760,59656,2025-12-18,390000,6,No disponible,390,Sr.cornejo722@viajes.cl,Cáceres,Coslada,32,4064,65000,JetSur,2026-03-22,2026-03-24,,{}
149566,,,,,Disponible,0,Sr.soliz253@viajes.cl,Palencia,Leganés,43,3333,226000,Nederlandse Sp,2026-01-10,2026-05-28,,{}
131950,60687,2025-12-17,1280000,10,No disponible,1280,Sr.treviño590@viajes.cl,Gandía,San Sebastían de los Reyes,79,1347,128000,NSB (Noruega),2026-05-12,2026-05-12,,{}
141079,61237,2025-01-28,2000000,10,No disponible,2000,Sr.valencia152@viajes.cl,Manresa,El Puerto de Santa María,42,3811,200000,JetSur,2026-04-21,2026-04-23,,{}
146250,,,,,Disponible,0,Sr.vega194@viajes.cl,Elche,Fuengirola,39,2965,181000,Buses Nilahue,2026-10-28,,,{}
145921,,,,,Disponible,0,Sra.peralta519@viajes.cl,Torrevieja,Santa Coloma de Gramanet,43,2678,95000,Chevallier,2025-08-13,,,{}
89620,66204,2025-05-26,1104000,6,No disponible,1104,Sra.rosado549@viajes.cl,Sabadell,Valladolid,47,1657,184000,Via Bariloche,2025-11-30,2025-12-01,,{}
98421,60425,2026-10-23,1010000,10,No disponible,1010,Sta.bueno636@viajes.cl,Tarragona,Cornellá de Llobregat,74,3150,101000,ŽFBH (Bosnia y Herzegovina),2026-11-20,2026-11-22,,{}
87083,61117,2025-06-20,696000,4,No disponible,696,Sta.covarrubias900@viajes.cl,San Sebastián,Gandía,37,998,174000,Buses Romani,2025-07-17,2025-07-17,,
88276,59179,2025-03-03,993000,3,No disponible,993,Sta.valdez219@viajes.cl,,Cartagena,65,3918,331000,ZFBH (Bosnia y Herzegovina),2026-07-14,2026-07-16,,{}
128597,64766,2025-11-27,1600000,8,No disponible,1600,Teodoropáez479@viajes.cl,Getafe,Cáceres,41,321,200000,Japan Airlines,2026-09-11,2026-09-11,Clase ejecutiva,
145729,,,,,Disponible,0,Timoteodomínguez465@viajes.cl,,San Sebastían de los Reyes,43,2153,94000,BoltBus,2026-05-25,,,{}
149590,,,,,Disponible,0,Timoteomercado843@viajes.cl,Huelva,Salamanca,20,1489,108000,Italo,2025-05-06,2025-07-07,,{}
144647,,,,,Disponible,0,Vicenteaponte297@viajes.cl,Zaragoza,Alcorcón,40,772,184000,Primera Plus,2025-02-25,,,{}
112894,59966,2025-04-17,690000,6,No disponible,690,adela7317294@viajes.cl,Ferrol,Benidorm,32,2234,115000,Primera Plus,2026-02-18,,,{}
94217,59829,2025-01-01,465000,5,No disponible,465,agroco155@viajes.cl,Jaén,,40,1203,93000,ETN Turistar,2025-06-04,2025-06-04,,{}
92143,55580,2026-07-26,900000,9,No disponible,900,alagsa402@viajes.cl,Mérida,Tarrasa,39,2228,100000,Avanza,2026-10-04,2026-10-05,,{}
122614,61821,2025-08-08,621000,9,No disponible,621,alfredo2747745@viajes.cl,,Zamora,34,1812,69000,Omnibus de México,2026-07-26,2026-07-27,,{}
144967,,,,,Disponible,0,almomo841@viajes.cl,Alcobendas,Santiago de Compostela,37,3285,141000,Andesmar,2025-01-20,,,{}
129978,59603,2025-03-28,1134000,6,No disponible,1134,ana252565@viajes.cl,Córdoba,Zamora,43,820,189000,Chevallier,2025-08-27,2025-08-27,,{}
103594,60407,2025-04-28,1242000,9,No disponible,1242,ana8819821@viajes.cl,,Ávila,39,4244,138000,Primera Plus,2025-09-12,2025-09-14,,{}
146631,,,,,Disponible,0,andrea6328405@viajes.cl,Sevilla,La Coruña,30,2540,163000,Omnibus de México,2026-08-25,,,{}
140460,61690,2025-08-29,805000,7,No disponible,805,andrés6545340@viajes.cl,Las Palmas de Gran Canaria,Arrecife,45,736,115000,NS International,2025-09-02,2025-09-02,,{}
120746,62826,2025-05-19,1712000,8,No disponible,1712,angaal636@viajes.cl,Málaga,Gecho,,4074,214000,ZS (Eslovenia),2026-10-27,2026-10-29,,{}
146387,,,,,Disponible,0,anmagamo784@viajes.cl,Orihuela,Telde,37,2757,131000,Avanza,2026-09-26,,,{}
119229,59348,2025-09-05,432000,3,No disponible,432,antonio6276571@viajes.cl,Tarragona,La Coruña,62,534,144000,Amtrak,2026-01-07,2026-01-07,,{}
105090,60075,2025-04-30,220000,10,No disponible,220,ariadna2612725@viajes.cl,Parla,Elda,85,675,22000,CD (República Checa),2026-01-29,,,{}
126383,61598,2025-01-15,985000,5,No disponible,985,bedíca294@viajes.cl,Barcelona,Puertollano,44,3286,197000,Chevallier,2025-01-17,2025-01-19,,{}
104101,60157,2025-01-15,616000,4,No disponible,616,bernardo5359194@viajes.cl,Madrid,El Prat de LLobregat,40,3784,154000,FlixBus,2025-03-04,2025-03-06,,{}
143274,62851,2025-03-21,72000,1,No disponible,72,cafiga949@viajes.cl,Jerez de la Frontera,Ferrol,36,3033,72000,El Rápido Internacional,2026-01-10,2026-01-12,,{}
104534,65217,2025-04-15,1164000,6,No disponible,1164,cagasa796@viajes.cl,Torrejón de Ardoz,Santa Cruz de Tenerife,,1534,194000,,2025-06-22,2025-06-23,,{}
101132,57126,2025-03-06,704000,4,No disponible,704,carmen9290607@viajes.cl,Gandía,Albacete,48,2420,176000,Alsa,2025-10-11,,,{}
148249,,,,,Disponible,0,caroba415@viajes.cl,Palma de Mallorca,Valencia,51,560,31000,JetBlue,2026-11-02,2026-11-25,Clase económica,
101275,57109,2025-01-17,64000,1,No disponible,64,cecilia2523556@viajes.cl,Valencia,Benidorm,44,2698,64000,ADO,2025-02-08,2025-02-09,,{}
135428,62764,2025-03-16,852000,3,No disponible,852,cehega692@viajes.cl,Alcorcón,Viladecans,,2318,284000,BDZ (Bulgaria),2026-02-25,2026-02-26,,{}
146025,,,,,Disponible,0,clhisa286@viajes.cl,Paterna,Cerdañola del Vallés,33,3008,82000,Omnibus de México,2026-05-14,,,{}
105013,58163,2025-11-15,358000,2,No disponible,358,clmeni227@viajes.cl,Huelva,San Sebastían de los Reyes,38,3597,179000,AVE,2026-02-10,2026-02-12,,{}
112341,58006,2025-01-13,978000,6,No disponible,978,clsepi736@viajes.cl,Zamora,Gandía,30,1839,163000,EME Bus,2025-07-25,2025-07-26,,{}
89532,65591,2025-03-15,495000,9,No disponible,495,concepción766750@viajes.cl,Sanlúcar de Barrameda,Inca,40,2761,55000,Flecha Bus,2025-04-01,2025-04-02,,{}
101567,64429,2025-03-19,1160000,10,No disponible,1160,cralfa791@viajes.cl,El Prat de LLobregat,Bilbao,67,1789,116000,CD (República Checa),2025-08-22,2025-08-23,,{}
133303,58220,2025-04-04,910000,7,No disponible,910,cristobal780844@viajes.cl,Rubí,Sabadell,,2104,130000,Greyhound,2025-11-26,2025-11-27,,{}
140621,57652,2025-05-25,1578000,6,No disponible,1578,cristobal8378989@viajes.cl,Móstoles,Paterna,19,2674,263000,Frontier Airlines,2026-03-18,2026-03-19,,{}
82493,65063,2025-01-10,186000,2,No disponible,186,cérade760@viajes.cl,Irún,Arrecife,44,2614,93000,Damas,2025-02-11,2025-02-12,,{}
105106,59900,2025-02-26,972000,9,No disponible,972,david2434538@viajes.cl,Manresa,Ponferrada,39,3242,108000,Greyhound,2026-09-01,2026-09-03,,{}
149844,,,,,Disponible,0,diego1376309@viajes.cl,Dos Hermanas,Palma de Mallorca,21,729,78000,Renfe,2025-08-20,,,{}
84836,62172,2025-08-15,170000,5,No disponible,170,doabes349@viajes.cl,Murcia,Ceuta,47,207,34000,El Rápido Internacional,2026-01-18,2026-01-18,,{}
150003,,,,,Disponible,0,dolores6875267@viajes.cl,San Sebastián,Fuenlabrada,,3297,388000,ZSSK (Eslovaquia),2025-03-16,2025-07-31,,{}
144115,60468,2025-02-01,1705000,5,No disponible,1705,dorotea3969297@viajes.cl,Murcia,Cáceres,26,3928,341000,ŽSSK (Eslovaquia),2025-02-28,2025-03-02,,{}
146300,,,,,Disponible,0,eladfi277@viajes.cl,Paterna,Gijón,47,2100,112000,Alsa,2026-01-28,,,
102040,61278,2025-05-22,1116000,6,No disponible,1116,elisa6574220@viajes.cl,El Puerto de Santa María,Irún,37,3657,186000,Flecha Bus,2025-11-15,2025-11-17,,{}
110984,57498,2025-02-12,668000,4,No disponible,668,elmape385@viajes.cl,Molina de Segura,Santander,10,3836,167000,SBB (Suiza),2025-05-05,2025-05-07,,{}
104535,65217,2025-04-10,1476000,6,No disponible,1476,eloisa1741681@viajes.cl,Santa Cruz de Tenerife,Badalona,43,2878,246000,ZSSK (Eslovaquia),2025-06-23,,,{}
89000,55759,2025-01-02,528000,3,No disponible,528,elvira1368217@viajes.cl,Talavera de la Reina,La Coruña,48,3970,176000,Buses Nilahue,2025-01-05,2025-01-07,,{}
78861,62038,2025-10-12,255000,5,No disponible,255,emilio7599770@viajes.cl,Molina de Segura,Orihuela,,1939,51000,Estrella Roja,2026-05-16,2026-05-17,,
129172,61441,2025-02-17,459000,9,No disponible,459,ersave294@viajes.cl,Inca,Cornellá de Llobregat,17,1442,51000,Eurostar,2025-03-11,2025-03-12,,{}
89458,64421,2025-02-18,1288000,8,No disponible,1288,estela8832682@viajes.cl,Granollers,Córdoba,88,2210,161000,RZD (Rusia),2025-05-22,2025-05-23,,{}
87949,58558,2025-04-27,516000,3,No disponible,516,ester3534754@viajes.cl,,Castellón de la Plana,49,2496,172000,Alsa,2026-08-20,2026-08-21,,{}
114776,64830,2025-12-13,924000,6,No disponible,924,fesapé914@viajes.cl,Alcalá de Guadaira,Badalona,39,1046,154000,JetSur,2026-06-30,2026-06-30,,
126334,62505,2025-07-19,231000,3,No disponible,231,fesoma882@viajes.cl,Burgos,Mérida,91,1061,77000,BDZ (Bulgaria),2026-01-04,2026-01-04,,{}
149986,,,,,Disponible,0,francisco4781858@viajes.cl,Sagunto,Parla,,3656,436000,ÖBB (Austria),2025-06-29,2025-11-28,,{}
79916,59189,2025-02-16,371000,7,No disponible,371,gazaoj875@viajes.cl,Estepona,Barcelona,40,2043,53000,ETN Turistar,2025-10-14,2025-10-15,,{}
121471,62242,2025-01-21,1130000,10,No disponible,1130,gemodo459@viajes.cl,Mataró,Hospitalet de LLobregat,,1514,113000,ZSSK (Eslovaquia),2025-04-05,2025-04-06,,{}
85842,60892,2025-07-03,910000,5,No disponible,910,germán7240829@viajes.cl,Linares,Mataró,3,3427,182000,SJ (Suecia),2025-10-08,2025-10-10,,{}
142174,63015,2025-01-01,72000,1,No disponible,72,graciela7587437@viajes.cl,Valdemoro,Pamplona,25,1638,72000,CD (República Checa),2025-02-02,2025-02-03,,{}
109570,57856,2025-03-12,588000,7,No disponible,588,hehemo531@viajes.cl,Estepona,,,1777,84000,VR (Finlandia),2025-10-30,,,{}
93201,65944,2025-04-22,1062000,9,No disponible,1062,hoarfe244@viajes.cl,Toledo,Salamanca,50,2232,118000,Amtrak,2026-06-05,2026-06-06,,{}
93488,62032,2025-03-31,452000,4,No disponible,452,homero3729848@viajes.cl,Torremolinos,Lérida,46,1905,113000,Megabus,2026-03-19,2026-03-20,,{}
88913,56953,2026-10-02,171000,3,No disponible,171,huprar955@viajes.cl,Badalona,Mijas,48,837,57000,,2026-11-08,2026-11-08,,{}
146411,,,,,Disponible,0,inés1671557@viajes.cl,,Gecho,42,2234,65000,El Rápido Internacional,2025-07-27,,,{}
125322,61121,2025-07-23,1737000,9,No disponible,1737,inés5019540@viajes.cl,Torrevieja,Valladolid,30,3686,193000,Estrella Roja,2025-09-05,2025-09-07,,{}
144959,,,,,Disponible,0,irene2022687@viajes.cl,Madrid,Valladolid,37,3146,76000,Estrella Roja,2026-08-08,,,{}
97658,55681,2025-04-11,1088000,8,No disponible,1088,isabela200738@viajes.cl,Sabadell,Segovia,46,1440,136000,Plusmar,2026-07-06,2026-07-07,,{}
100581,60101,2025-03-13,798000,3,No disponible,798,iscamo240@viajes.cl,Elda,Tarragona,97,3278,266000,ZFBH (Bosnia y Herzegovina),2026-06-10,2026-06-12,,{}
132259,64921,2025-08-29,660000,3,No disponible,660,iszara805@viajes.cl,,Burgos,2,2273,220000,,2025-11-30,2025-12-01,,{}
98946,63836,2025-03-26,1080000,10,No disponible,1080,japasa758@viajes.cl,Murcia,Dos Hermanas,35,1187,108000,HŽ (Croacia),2026-05-05,,,{}
81340,64518,2025-04-28,1290000,10,No disponible,1290,joaquín6062886@viajes.cl,Arrecife,,75,413,129000,DSB (Dinamarca),2025-06-20,,,{}
128823,65701,2025-10-25,528000,6,No disponible,528,joaquín8251348@viajes.cl,Logroño,Coslada,42,4177,88000,Turbus,2026-04-03,2026-04-05,,{}
83911,56977,2025-05-09,792000,9,No disponible,792,jomaocoq384@viajes.cl,Alicante,Badalona,49,4190,88000,FlixBus,2025-05-28,,,{}
113772,60026,2025-01-21,1305000,9,No disponible,1305,jorge3732696@viajes.cl,Fuengirola,Estepona,,4056,145000,EME Bus,2025-08-22,2025-08-24,,{}
146861,,,,,Disponible,0,jorge4122526@viajes.cl,Gecho,La Coruña,31,1741,57000,Greyhound,2026-09-05,,,{}
142737,64524,2025-02-28,936000,6,No disponible,936,jorge8870623@viajes.cl,Marbella,Cornellá de Llobregat,53,4196,156000,Renfe,2026-03-06,2026-03-08,,{}
91626,61829,2025-04-12,128000,2,No disponible,128,josé1588166@viajes.cl,Fuenlabrada,,48,3783,64000,FlixBus,2026-03-11,2026-03-13,,{}
131564,62278,2025-02-26,805000,5,No disponible,805,josé4375225@viajes.cl,Talavera de la Reina,Valdemoro,51,4117,161000,TGV (SNCF),2025-12-01,2025-12-03,,{}
148882,,,,,Disponible,0,joulbe128@viajes.cl,Reus,Alcalá de Guadaira,91,2364,163000,HŽ (Croacia),2026-09-24,2026-12-31,,{}
132919,65009,2025-01-23,72000,4,No disponible,72,julia1347590@viajes.cl,Logroño,Alcoy,46,209,18000,Flecha Bus,2025-10-10,2025-10-10,,
124235,59621,2025-02-21,560000,5,No disponible,560,laura4786649@viajes.cl,Salamanca,Segovia,47,758,112000,Futura,2025-03-25,2025-03-25,,{}
146968,,,,,Disponible,0,lehiqu538@viajes.cl,San Fernando,Badajoz,52,2208,140000,Air France,2025-06-10,2025-09-10,,{Mijas}
86265,61683,2025-01-05,2570000,10,No disponible,2570,leluma183@viajes.cl,Segovia,Toledo,62,2273,257000,Renfe,2025-02-21,2025-02-22,,{}
123079,55600,2025-06-20,214000,2,No disponible,214,lesama482@viajes.cl,Granollers,Cerdañola del Vallés,45,3832,107000,Omnibus de México,2026-08-28,2026-08-30,,{}
79318,61525,2025-03-17,1485000,9,No disponible,1485,lirolo275@viajes.cl,,Majadahonda,,680,165000,FlixBus,2025-03-30,,,{}
130677,63811,2025-02-26,324000,1,No disponible,324,loalza265@viajes.cl,Elda,Estepona,7,3742,324000,CFR (Rumania),2026-07-23,2026-07-25,,{}
145953,,,,,Disponible,0,loecca129@viajes.cl,Alcoy,León,31,3212,111000,Turbus,2025-01-11,,,{}
143092,58293,2025-03-15,1296000,8,No disponible,1296,lola2604830@viajes.cl,Gerona,Gerona,40,1310,162000,Buses Romani,2026-04-06,2026-04-06,,{}
96820,61576,2026-05-26,1722000,6,No disponible,1722,lomato408@viajes.cl,Manresa,Orihuela,39,3650,287000,NS International,2026-06-04,,,{}
149390,,,,,Disponible,0,lucas4005174@viajes.cl,Pontevedra,Vitoria,63,1291,132000,SBB (Suiza),2025-07-01,2025-08-23,,{}
134351,60238,2025-07-10,152000,2,No disponible,152,luenhe662@viajes.cl,Linares,Molina de Segura,51,2147,76000,BDZ (Bulgaria),2026-02-07,,,{}
146557,,,,,Disponible,0,luulva107@viajes.cl,Marbella,Cáceres,46,2418,126000,Plusmar,2025-05-30,,,{}
125381,62447,2025-01-30,214000,1,No disponible,214,luvade652@viajes.cl,Viladecans,Viladecans,97,3673,214000,SNCB (Bélgica),2026-01-13,2026-01-15,,{}
145822,,,,,Disponible,0,luzaja127@viajes.cl,Alcalá de Guadaira,Puertollano,38,672,188000,EME Bus,2025-01-14,,,{}
147684,,,,,Disponible,0,maancare777@viajes.cl,Molina de Segura,Salamanca,87,2931,119000,Aeroméxico,2025-06-19,2025-10-19,Clase ejecutiva,
145029,,,,,Disponible,0,maanordean108@viajes.cl,Cornellá de Llobregat,Jerez de la Frontera,47,656,170000,BoltBus,2025-11-25,,,{}
83558,62440,2025-01-05,1170000,10,No disponible,1170,maanvaju254@viajes.cl,Vigo,Rubí,64,3250,117000,VRZ (Croacia),2025-02-10,2025-02-12,,{}
130555,62300,2025-05-08,298000,2,No disponible,298,mabadu448@viajes.cl,Pozuelo de Alarcón,Jerez de la Frontera,43,2431,149000,,2026-04-13,2026-04-14,,{}
145563,,,,,Disponible,0,macrcrlo627@viajes.cl,Cartagena,Cádiz,45,143,45000,Plusmar,2025-05-17,,,{}
149141,,,,,Disponible,0,maelabco272@viajes.cl,San Fernando,Alcalá de Guadaira,92,920,68000,SJ (Suecia),2026-08-01,2026-09-08,,
148835,,,,,Disponible,0,maespa877@viajes.cl,Sabadell,Huelva,26,1598,78000,VR (Finlandia),2026-09-09,2026-11-14,,{}
114758,64416,2025-08-10,302000,2,No disponible,302,mafitr540@viajes.cl,Puertollano,Paterna,10,4300,151000,ŽFBH (Bosnia y Herzegovina),2025-10-18,2025-10-20,,{}
145858,,,,,Disponible,0,malucaru511@viajes.cl,Gijón,Irún,48,3087,181000,Futura,2025-02-08,,,{}
105523,62996,2025-06-01,465000,5,No disponible,465,manali180@viajes.cl,Oviedo,Cuenta,46,1234,93000,Flecha Bus,2026-02-01,2026-02-01,,
117754,63225,2026-06-12,1089000,9,No disponible,1089,manuel8069557@viajes.cl,Marbella,Reus,45,2459,121000,El Rápido Internacional,2026-07-06,2026-07-07,,{}
145613,,,,,Disponible,0,maricarmen6071837@viajes.cl,Rivas-Vaciamadrid,Badajoz,49,1190,188000,Avanza,2026-10-12,,,{}
144102,56137,2025-09-07,192000,3,No disponible,192,mario9200187@viajes.cl,Zaragoza,La Coruña,48,972,64000,Amtrak,2025-11-22,2025-11-22,,{}
149075,,,,,Disponible,0,marisol5505335@viajes.cl,,Sabadell,42,2485,140000,,2025-02-23,2025-06-06,,
145841,,,,,Disponible,0,maroga573@viajes.cl,Ferrol,Coslada,33,888,177000,Greyhound,2026-05-26,,,{}
149343,,,,,Disponible,0,marta9050347@viajes.cl,Cáceres,Almería,40,1335,144000,ZS (Eslovenia),2026-09-16,2026-11-10,,{}
150012,,,,,Disponible,0,martín4667928@viajes.cl,Leganés,Badalona,83,2296,261000,ŽSSK (Eslovaquia),2025-08-09,2025-11-12,,{}
113794,63983,2025-01-29,1104000,8,No disponible,1104,maría5347415@viajes.cl,Getafe,Molina de Segura,44,1409,138000,Monbus,2025-09-11,2025-09-11,,{}
81097,66454,2025-01-04,456000,2,No disponible,456,maría5692273@viajes.cl,Sagunto,Castellón de la Plana,37,4095,228000,ÖBB (Austria),2025-04-27,2025-04-29,,{}
83545,59950,2025-09-09,1141000,7,No disponible,1141,maría574504@viajes.cl,Móstoles,Orense,14,1750,163000,Eurostar,2026-08-23,2026-08-24,,{}
146785,,,,,Disponible,0,maría6183440@viajes.cl,Tarragona,Fuengirola,39,419,65000,FlixBus,2025-07-22,,,{}
85901,61692,2025-09-24,864000,9,No disponible,864,maría6988790@viajes.cl,Avilés,Rubí,44,1506,96000,SJ (Suecia),2026-02-21,2026-02-22,,{}
131905,65109,2025-03-12,160000,5,No disponible,160,maría7665694@viajes.cl,,Valencia,33,924,32000,Thalys,2025-05-25,2025-05-25,,{}
124435,62295,2025-12-11,623000,7,No disponible,623,maría8426631@viajes.cl,Arrecife,Avilés,13,771,89000,NS International,2026-01-10,2026-01-10,,{}
145399,,,,,Disponible,0,mayte2420464@viajes.cl,Castellón de la Plana,Lugo,39,4137,69000,ETN Turistar,2025-07-05,,,{}
84960,59278,2026-02-06,480000,6,No disponible,480,mayte4540774@viajes.cl,Alcoy,Benalmádena,42,884,80000,Monbus,2026-02-20,2026-02-20,,{}
146049,,,,,Disponible,0,mercedes6680239@viajes.cl,Lérida,Arrecife,36,3444,133000,El Rápido Internacional,2026-05-19,,,{}
103654,62371,2025-02-24,848000,8,No disponible,848,mónica938945@viajes.cl,Molina de Segura,Alcorcón,51,1874,106000,BDZ (Bulgaria),2025-02-28,2025-03-01,,{}
126621,61226,2025-01-08,747000,9,No disponible,747,naalmu963@viajes.cl,Zaragoza,Mollet del Vallés,100,1294,83000,Thalys,2026-02-08,2026-02-08,,
81536,56208,2025-06-02,450000,2,No disponible,450,naseag466@viajes.cl,Santander,Torrevieja,57,2666,225000,DSB (Dinamarca),2026-06-27,2026-06-28,,{}
145083,,,,,Disponible,0,patricia1999310@viajes.cl,Orihuela,Jaén,30,246,24000,Crucero del Norte,2026-06-21,,,{}
145240,,,,,Disponible,0,ramiro6881877@viajes.cl,Alcalá de Henares,Telde,34,2327,112000,Turbus,2025-11-24,,,{}
143261,62937,2025-05-18,134000,1,No disponible,134,rebeca3845427@viajes.cl,Alcorcón,,,1249,134000,Via Bariloche,2026-10-08,2026-10-08,,{}
97583,58937,2026-01-30,2988000,6,No disponible,2988,redeto680@viajes.cl,Calahorra,Chiclana de la Frontera,33,4061,498000,ZSSK (Eslovaquia),2026-05-16,2026-05-18,,{}
146576,,,,,Disponible,0,roberto4106967@viajes.cl,Bilbao,Irún,45,2699,165000,Flecha Bus,2025-05-01,,,{}
98476,63084,2025-08-30,522000,9,No disponible,522,rosa1982379@viajes.cl,Mérida,El Puerto de Santa María,46,4108,58000,Omnibus de México,2026-06-19,2026-06-21,,{}
130545,62893,2025-05-06,282000,3,No disponible,282,saarca679@viajes.cl,Fuengirola,El Prat de LLobregat,49,415,94000,EME Bus,2025-07-23,2025-07-23,,{}
146776,,,,,Disponible,0,sofia428873@viajes.cl,La Línea de la Concepción,Paterna,33,707,131000,Plusmar,2026-10-21,,,{}
91650,63940,2025-03-17,530000,5,No disponible,530,sr.2886831@viajes.cl,Santa Lucía de Tirajana,Majadahonda,37,1682,106000,Estrella Roja,2026-02-06,2026-02-07,,{}
103284,58437,2025-04-28,3933000,9,No disponible,3933,sr.3211682@viajes.cl,Ciudad Real,Córdoba,9,4309,437000,Air France,2025-11-04,,,"{Zamora,""Collado Villalba"",Marbella,Estepona}"
87471,63294,2025-01-20,1416000,8,No disponible,1416,sr.3373404@viajes.cl,Pontevedra,Lorca,41,3250,177000,Omnibus de México,2025-02-02,2025-02-04,,{}
95375,61471,2025-01-14,1360000,10,No disponible,1360,sr.4154206@viajes.cl,Alcalá de Guadaira,Cádiz,37,1727,136000,JetSur,2025-01-20,2025-01-21,,{}
145556,,,,,Disponible,0,sr.4977383@viajes.cl,Sevilla,Rubí,46,304,45000,EME Bus,2026-06-07,,,{}
146899,,,,,Disponible,0,sr.9118460@viajes.cl,Telde,Ciudad Real,38,373,58000,Condor Bus,2026-03-07,,,{}
84382,61678,2026-09-18,720000,8,No disponible,720,sra.2991492@viajes.cl,Dos Hermanas,San Sebastián,40,755,90000,Avanza,2026-10-12,2026-10-12,,{}
89379,65118,2025-01-27,372000,3,No disponible,372,sra.5633370@viajes.cl,Murcia,Toledo,48,1523,124000,Condor Bus,2026-09-06,2026-09-07,,{}
149167,,,,,Disponible,0,sra.6277717@viajes.cl,Roquetas de Mar,Granada,49,1531,128000,HŽ (Croacia),2025-11-30,2026-02-01,,
113348,64640,2025-01-06,595000,7,No disponible,595,sra.6306248@viajes.cl,Ciudad Real,Estepona,13,1345,85000,RZD (Rusia),2025-01-29,2025-01-29,,{}
132920,65009,2025-04-04,788000,4,No disponible,788,sra.7697392@viajes.cl,Alcoy,Elche,39,2809,197000,Megabus,2025-10-10,2025-10-11,,{}
149127,,,,,Disponible,0,srcegasá733@viajes.cl,Vigo,Irún,20,4231,396000,DSB (Dinamarca),2025-09-15,2026-03-10,,{}
112057,62402,2025-01-22,720000,9,No disponible,720,sressoal326@viajes.cl,Benidorm,Logroño,34,3528,80000,Condor Bus,2025-03-31,2025-04-02,,{}
148004,,,,,Disponible,0,srgebegr871@viajes.cl,Huelva,Ceuta,,3593,107000,Wizz Air,2025-10-13,2026-03-11,Clase ejecutiva,
82301,55762,2025-03-07,2268000,9,No disponible,2268,srjepeur438@viajes.cl,Pozuelo de Alarcón,Motril,,3930,252000,Japan Airlines,2026-06-04,2026-06-06,,"{Madrid,""El Prat de LLobregat"",""El Ejido""}"
122740,58411,2026-05-13,380000,2,No disponible,380,srlusape355@viajes.cl,Chiclana de la Frontera,Viladecans,77,2628,190000,AVE,2026-11-05,2026-11-06,,
149267,,,,,Disponible,0,srmairri729@viajes.cl,Baracaldo,Jerez de la Frontera,83,3087,105000,ZFBH (Bosnia y Herzegovina),2026-03-16,2026-07-22,,{}
130319,59682,2025-02-07,350000,7,No disponible,350,srmaorga483@viajes.cl,Pamplona,Cádiz,50,3981,50000,Megabus,2025-02-13,2025-02-15,,{}
149282,,,,,Disponible,0,srmarete198@viajes.cl,Reus,San Fernando,59,3071,393000,ZS (Eslovenia),2026-08-07,2026-12-12,,{}
133640,60246,2025-11-16,1520000,10,No disponible,1520,srmirulo137@viajes.cl,Arrecife,Madrid,34,4184,152000,Buses Nilahue,2025-12-18,2025-12-20,,{}
146709,,,,,Disponible,0,srruvali274@viajes.cl,Calahorra,Granada,,3637,78000,Buses Romani,2025-06-22,,,{}
144240,62426,2025-04-01,405000,5,No disponible,405,srvefrap151@viajes.cl,Vitoria,Cartagena,52,2210,81000,CP (Portugal),2025-10-03,2025-10-04,,{}
145076,,,,,Disponible,0,sta.1573811@viajes.cl,Guadalajara,Lorca,42,891,63000,Megabus,2026-09-26,,,{}
100659,62011,2025-12-25,645000,3,No disponible,645,sta.1662174@viajes.cl,Santander,Majadahonda,22,2432,215000,ZSSK (Eslovaquia),2026-07-22,2026-07-23,,{}
111156,62760,2025-12-02,189000,3,No disponible,189,sta.7373654@viajes.cl,Palencia,Mollet del Vallés,37,3815,63000,Avanza,2025-12-13,2025-12-15,,{}
94458,62840,2025-04-17,924000,7,No disponible,924,sta.7698525@viajes.cl,Leganés,Ferrol,42,2055,132000,Via Bariloche,2025-06-30,2025-07-01,,{}
149910,,,,,Disponible,0,sta.9052328@viajes.cl,,Salamanca,40,2589,111000,NSB (Noruega),2025-03-21,2025-07-06,,{}
125129,60923,2025-01-20,141000,1,No disponible,141,stanbusa280@viajes.cl,Cádiz,Palma de Mallorca,40,973,141000,Buses Bio Bio,2025-01-28,2025-01-28,,{}
122486,65380,2025-08-06,105000,3,No disponible,105,stararal347@viajes.cl,Parla,,94,125,35000,Trenitalia,2025-10-10,2025-10-10,,{}
84932,61875,2026-03-02,582000,6,No disponible,582,starmeca579@viajes.cl,Algeciras,Talavera de la Reina,49,2175,97000,Condor Bus,2026-06-30,2026-07-01,,{}
89880,55754,2025-03-02,1160000,10,No disponible,1160,stelpial415@viajes.cl,Alcalá de Henares,Ponferrada,39,2678,116000,Crucero del Norte,2025-04-12,2025-04-13,,{}
131518,61592,2026-01-04,162000,9,No disponible,162,stgrvivi934@viajes.cl,Alcalá de Henares,La Línea de la Concepción,13,221,18000,Qantas,2026-04-26,2026-04-26,,{}
148897,,,,,Disponible,0,stmaarsa493@viajes.cl,Estepona,Santander,90,1436,70000,Italo,2026-03-17,2026-05-15,,{}
132026,61798,2026-04-22,540000,9,No disponible,540,stmapubé533@viajes.cl,Manresa,Pamplona,52,881,60000,Trenitalia,2026-09-10,2026-09-10,,{}
78501,57752,2025-01-25,2367000,9,No disponible,2367,stniniba272@viajes.cl,Santa Coloma de Gramanet,Las Palmas de Gran Canaria,43,3168,263000,ZS (Eslovenia),2025-05-16,2025-05-18,,{}
146321,,,,,Disponible,0,stvifogu269@viajes.cl,Cádiz,Almería,33,2604,142000,Greyhound,2026-01-15,,,{}
137761,59556,2025-04-07,595000,5,No disponible,595,stóspaab867@viajes.cl,Bilbao,Manresa,48,1678,119000,,2025-04-09,2025-04-10,,{}
93864,58464,2025-07-03,560000,8,No disponible,560,sumeto102@viajes.cl,,Manresa,33,2773,70000,Plusmar,2026-01-06,2026-01-07,,{}
142009,61004,2025-03-11,414000,3,No disponible,414,teresa812759@viajes.cl,Granada,La Línea de la Concepción,37,2017,138000,Futura,2025-07-25,2025-07-26,,{}
138889,64602,2025-01-23,1750000,10,No disponible,1750,tináar395@viajes.cl,Viladecans,,36,1270,175000,Condor Bus,2025-03-12,2025-03-12,,{}
145151,,,,,Disponible,0,tovami921@viajes.cl,Lérida,León,49,1574,120000,Buses Nilahue,2025-10-23,,,{}
94376,66161,2025-03-17,968000,8,No disponible,968,victoria904873@viajes.cl,San Cristróbal de la Laguna,Puertollano,53,990,121000,NSB (Noruega),2025-06-28,2025-06-28,,{}
131002,59697,2025-07-25,1182000,6,No disponible,1182,viríca811@viajes.cl,Oviedo,El Prat de LLobregat,42,3219,197000,Condor Bus,2026-07-26,,,{}
149214,,,,,Disponible,0,vivemo487@viajes.cl,Telde,Cartagena,50,3105,114000,ŽFBH (Bosnia y Herzegovina),2025-02-04,2025-06-13,,{}
149385,,,,,Disponible,0,ángaga278@viajes.cl,Palencia,Barcelona,57,128,68000,CFR (Rumania),2025-05-06,2025-05-11,,{}
149045,,,,,Disponible,0,óscar8305124@viajes.cl,Valdemoro,Elche,33,3270,382000,ZFBH (Bosnia y Herzegovina),2025-12-27,2026-05-12,,{}
85876,61081,2025-01-02,904000,8,No disponible,904,óscoes804@viajes.cl,Tarragona,Guadalajara,35,2096,113000,HŽ (Croacia),2025-01-05,2025-01-06,,{}
101508,62148,2025-01-22,1316000,7,No disponible,1316,ósfrse369@viajes.cl,Segovia,Córdoba,30,2238,188000,ZFBH (Bosnia y Herzegovina),2025-04-15,2025-04-16,,{}
107762,65379,2025-01-11,1386000,7,No disponible,1386,Albertoybarra929@viajes.cl,San Cristróbal de la Laguna,Gerona,61,303,198000,HŽ (Croacia),2025-02-17,2025-02-17,,{}
84396,61486,2025-05-28,304000,8,No disponible,304,Alejandraleyva742@viajes.cl,Puertollano,La Línea de la Concepción,43,152,38000,Socibus,2025-07-29,2025-07-29,,
146428,,,,,Disponible,0,Alfonsozarate453@viajes.cl,Hospitalet de LLobregat,El Puerto de Santa María,35,3363,114000,Futura,2026-10-30,,,{}
109400,59561,2025-06-29,480000,6,No disponible,480,Anamanzanares596@viajes.cl,Irún,Logroño,41,565,80000,Megabus,2025-11-10,2025-11-10,,{}
129197,61056,2026-05-08,148000,1,No disponible,148,Anatoro616@viajes.cl,Orihuela,Alcalá de Henares,,3116,148000,ETN Turistar,2026-09-22,2026-09-24,,{}
143558,57750,2025-11-23,390000,2,No disponible,390,Armandocarranza316@viajes.cl,Albacete,Inca,,927,195000,Pullman Bus,2026-04-10,2026-04-10,,{}
146508,,,,,Disponible,0,Bernardoarias154@viajes.cl,Cáceres,Murcia,36,3214,100000,Buses Nilahue,2025-05-15,,,{}
145015,,,,,Disponible,0,Blancagarica831@viajes.cl,Badajoz,Paterna,40,3609,198000,Buses Ahumada,2025-10-16,,,{}
117278,59333,2025-08-07,160000,5,No disponible,160,Carlosgollum406@viajes.cl,Fuengirola,Zamora,26,535,32000,NS International,2026-02-06,,,{}
83552,62440,2025-01-03,1270000,10,No disponible,1270,Carolinabaca615@viajes.cl,,Vigo,,2091,127000,ÖBB (Austria),2025-02-04,2025-02-05,,{}
90412,58814,2025-01-02,522000,6,No disponible,522,Danielpáez646@viajes.cl,Gijón,Granada,3,192,87000,ŽFBH (Bosnia y Herzegovina),2026-02-21,2026-02-21,,{}
94667,60531,2025-01-03,788000,4,No disponible,788,Emilioarreola638@viajes.cl,Manresa,Bilbao,37,2638,197000,Monbus,2025-01-07,2025-01-08,,
146412,,,,,Disponible,0,Ernestoalcaraz354@viajes.cl,Almería,Palma de Mallorca,47,239,27000,Turbus,2026-04-23,,,{}
122207,62013,2025-02-10,756000,6,No disponible,756,Esperanzaatencio335@viajes.cl,Cuenta,,40,1376,126000,Primera Plus,2025-09-11,2025-09-11,,{}
80178,59415,2025-08-22,805000,5,No disponible,805,Evaalejandro533@viajes.cl,Lorca,Santa Lucía de Tirajana,,2772,161000,EME Bus,2026-07-06,2026-07-07,,{}
112013,58457,2025-02-14,61000,1,No disponible,61,Evarendón524@viajes.cl,Mataró,Sagunto,33,3759,61000,FlixBus,2025-12-27,2025-12-29,,{}
144135,63012,2025-02-02,430000,5,No disponible,430,Federicogálvez952@viajes.cl,San Sebastían de los Reyes,Irún,44,3221,86000,JetSur,2025-07-21,2025-07-23,,{}
149226,,,,,Disponible,0,Feliperojo857@viajes.cl,,Madrid,1,1096,67000,Amtrak,2025-01-12,2025-02-26,,{}
91898,63206,2025-05-11,792000,8,No disponible,792,Felipesegovia888@viajes.cl,Puertollano,Santa Coloma de Gramanet,34,3245,99000,EME Bus,2025-05-26,2025-05-28,,
146134,,,,,Disponible,0,Gabrielahidalgo828@viajes.cl,Las Palmas de Gran Canaria,Santa Cruz de Tenerife,43,1632,88000,Via Bariloche,2026-01-18,,,{}
80376,58400,2025-04-21,224000,2,No disponible,224,Guillerminacerda636@viajes.cl,San Cristróbal de la Laguna,Manresa,76,1854,112000,RZD (Rusia),2025-12-08,2025-12-09,,{}
149475,,,,,Disponible,0,Guillermoolivares662@viajes.cl,Alcoy,Gandía,14,1180,59000,NSB (Noruega),2026-07-10,2026-08-28,,{}
125480,66465,2025-04-03,2338000,7,No disponible,2338,Inésmejía800@viajes.cl,Salamanca,Tarragona,64,3118,334000,CFR (Rumania),2025-04-29,2025-05-01,,{}
105150,65145,2025-03-05,222000,3,No disponible,222,Josébañuelos691@viajes.cl,Manresa,San Fernando,32,562,74000,SBB (Suiza),2026-04-09,2026-04-09,,{}
145100,,,,,Disponible,0,Joséruiz932@viajes.cl,El Prat de LLobregat,Torremolinos,35,2673,193000,Megabus,2025-01-30,,,{}
127495,65518,2025-08-01,738000,6,No disponible,738,Juanorozco540@viajes.cl,Baracaldo,Santa Coloma de Gramanet,43,1184,123000,Primera Plus,2025-10-25,2025-10-25,,{}
107919,58449,2025-07-09,172000,2,No disponible,172,Juliapelayo134@viajes.cl,Santa Coloma de Gramanet,Manresa,32,2334,86000,,2025-07-31,2025-08-01,,{}
121519,59314,2026-01-24,1470000,10,No disponible,1470,Juliogarica923@viajes.cl,Alcorcón,Algeciras,,1393,147000,Andesmar,2026-10-10,2026-10-10,,{}
148933,,,,,Disponible,0,Leonorlira295@viajes.cl,Fuengirola,Pontevedra,91,3688,380000,ZSSK (Eslovaquia),2025-09-28,2026-02-28,,{}
131145,60933,2025-01-19,1805000,5,No disponible,1805,Luciacasillas408@viajes.cl,Torrelavega,Ferrol,30,2990,361000,Qatar Airways,2025-03-11,2025-03-13,,"{Córdoba,""Jerez de la Frontera"",Sagunto}"
78422,63299,2025-02-02,1064000,8,No disponible,1064,Magdalenacasanova305@viajes.cl,Santa Lucía de Tirajana,Alcalá de Guadaira,43,1102,133000,Via Bariloche,2026-08-29,2026-08-29,,{}
149128,,,,,Disponible,0,Marcosledesma340@viajes.cl,Las Palmas de Gran Canaria,Coslada,77,2296,237000,Eurostar,2026-05-05,2026-08-08,,{}
79973,65502,2025-05-09,1030000,10,No disponible,1030,Marcosmadera742@viajes.cl,Leganés,Benalmádena,93,2283,103000,Amtrak,2026-08-15,2026-08-16,,
146687,,,,,Disponible,0,Maricarmenbahena434@viajes.cl,Sanlúcar de Barrameda,Puertollano,30,3274,129000,Primera Plus,2026-10-05,,,{}
142456,65341,2026-06-23,264000,8,No disponible,264,Martínesquibel775@viajes.cl,Linares,Fuengirola,43,181,33000,Monbus,2026-07-03,2026-07-03,,{}
86885,65709,2025-07-27,950000,10,No disponible,950,Maríacarreón854@viajes.cl,Tarragona,Barcelona,41,398,95000,JetSur,2026-08-03,2026-08-03,,{}
148371,,,,,Disponible,0,Maríacastro464@viajes.cl,Torrejón de Ardoz,Logroño,94,2769,208000,Wizz Air,2025-08-08,2025-12-01,,{Huelva}
118521,59229,2026-09-12,752000,8,No disponible,752,Maríacavazos182@viajes.cl,Cádiz,Lugo,81,166,94000,United Airlines,2026-11-27,2026-11-27,,{}
93677,66319,2025-01-02,4482000,9,No disponible,4482,Maríaespinoza975@viajes.cl,Torremolinos,Jaén,63,4102,498000,SBB (Suiza),2025-02-16,2025-02-18,,{}
88336,65278,2025-02-21,740000,10,No disponible,740,Maríafeliciano394@viajes.cl,El Ejido,Viladecans,18,561,74000,Ethiopian Airlines,2025-11-12,2025-11-12,,{}
145064,,,,,Disponible,0,Maríamarroquín192@viajes.cl,,Getafe,31,1758,168000,Socibus,2025-10-07,,,{}
108943,60737,2026-01-24,83000,1,No disponible,83,Maríarendón440@viajes.cl,La Línea de la Concepción,Bilbao,44,1132,83000,ETN Turistar,2026-10-04,2026-10-04,,{}
85644,61912,2025-07-27,1060000,10,No disponible,1060,Mateocollado527@viajes.cl,Orense,Guadalajara,45,3813,106000,,2026-11-06,2026-11-08,,{}
120576,65042,2025-05-23,171000,3,No disponible,171,Mercedesgalindo223@viajes.cl,Santiago de Compostela,,46,1815,57000,Omnibus de México,2026-01-13,2026-01-14,,{}
89794,62411,2025-02-03,169000,1,No disponible,169,Mónicavalles477@viajes.cl,Collado Villalba,Mijas,49,1685,169000,Via Bariloche,2025-04-20,2025-04-21,,{}
117865,66341,2025-03-26,1665000,9,No disponible,1665,Patriciaadame600@viajes.cl,Gerona,Avilés,40,4089,185000,Futura,2025-12-19,2025-12-21,,{}
114473,58163,2025-07-14,38000,2,No disponible,38,Patriciahuerta665@viajes.cl,Sagunto,Alcorcón,54,227,19000,NSB (Noruega),2026-11-30,2026-11-30,,{}
122229,58882,2025-04-03,126000,3,No disponible,126,Ramónjurado680@viajes.cl,Sanlúcar de Barrameda,Getafe,43,980,42000,DSB (Dinamarca),2026-02-12,2026-02-12,,{}
148438,,,,,Disponible,0,Ramónverduzco522@viajes.cl,El Prat de LLobregat,Cuenta,78,874,69000,EasyJet,2025-09-12,2025-10-18,,"{Baracaldo,Toledo,Palencia}"
145753,,,,,Disponible,0,Reinacollado243@viajes.cl,,Pontevedra,33,1867,80000,Chevallier,2025-12-27,,,{}
140532,59732,2025-01-28,882000,9,No disponible,882,Robertodomínquez641@viajes.cl,Coslada,Segovia,39,2898,98000,,2025-02-15,2025-02-17,,{}
101124,57126,2025-09-24,796000,4,No disponible,796,Santiagosolorzano537@viajes.cl,Ávila,Dos Hermanas,34,3825,199000,Primera Plus,2025-10-01,2025-10-03,,{}
146382,,,,,Disponible,0,Soniamonroy754@viajes.cl,Vigo,Palma de Mallorca,32,322,55000,Condor Bus,2025-01-27,,,{}
95469,61163,2025-09-16,283000,1,No disponible,283,Sr.carrera886@viajes.cl,Gandía,Santiago de Compostela,100,2341,283000,BDZ (Bulgaria),2025-11-16,2025-11-17,,{}
128476,61632,2025-04-25,2352000,7,No disponible,2352,Sr.ceja795@viajes.cl,Gijón,Rivas-Vaciamadrid,13,4169,336000,DSB (Dinamarca),2025-09-27,2025-09-29,,
149566,,,,,Disponible,0,Sr.soliz253@viajes.cl,Palencia,Leganés,43,3333,226000,Nederlandse Sp,2026-01-10,2026-05-28,,{}
131950,60687,2025-12-17,1280000,10,No disponible,1280,Sr.treviño590@viajes.cl,Gandía,San Sebastían de los Reyes,79,1347,128000,NSB (Noruega),2026-05-12,2026-05-12,,{}
141079,61237,2025-01-28,2000000,10,No disponible,2000,Sr.valencia152@viajes.cl,Manresa,El Puerto de Santa María,42,3811,200000,JetSur,2026-04-21,2026-04-23,,{}
146250,,,,,Disponible,0,Sr.vega194@viajes.cl,Elche,Fuengirola,39,2965,181000,Buses Nilahue,2026-10-28,,,{}
145921,,,,,Disponible,0,Sra.peralta519@viajes.cl,Torrevieja,Santa Coloma de Gramanet,43,2678,95000,Chevallier,2025-08-13,,,{}
89620,66204,2025-05-26,1104000,6,No disponible,1104,Sra.rosado549@viajes.cl,Sabadell,Valladolid,47,1657,184000,Via Bariloche,2025-11-30,2025-12-01,,{}
98421,60425,2026-10-23,1010000,10,No disponible,1010,Sta.bueno636@viajes.cl,Tarragona,Cornellá de Llobregat,74,3150,101000,ŽFBH (Bosnia y Herzegovina),2026-11-20,2026-11-22,,{}
87083,61117,2025-06-20,696000,4,No disponible,696,Sta.covarrubias900@viajes.cl,San Sebastián,Gandía,37,998,174000,Buses Romani,2025-07-17,2025-07-17,,
88276,59179,2025-03-03,993000,3,No disponible,993,Sta.valdez219@viajes.cl,,Cartagena,65,3918,331000,ZFBH (Bosnia y Herzegovina),2026-07-14,2026-07-16,,{}
128597,64766,2025-11-27,1600000,8,No disponible,1600,Teodoropáez479@viajes.cl,Getafe,Cáceres,41,321,200000,Japan Airlines,2026-09-11,2026-09-11,Clase ejecutiva,
145729,,,,,Disponible,0,Timoteodomínguez465@viajes.cl,,San Sebastían de los Reyes,43,2153,94000,BoltBus,2026-05-25,,,{}
149590,,,,,Disponible,0,Timoteomercado843@viajes.cl,Huelva,Salamanca,20,1489,108000,Italo,2025-05-06,2025-07-07,,{}
144647,,,,,Disponible,0,Vicenteaponte297@viajes.cl,Zaragoza,Alcorcón,40,772,184000,Primera Plus,2025-02-25,,,{}
112894,59966,2025-04-17,690000,6,No disponible,690,adela7317294@viajes.cl,Ferrol,Benidorm,32,2234,115000,Primera Plus,2026-02-18,,,{}
94217,59829,2025-01-01,465000,5,No disponible,465,agroco155@viajes.cl,Jaén,,40,1203,93000,ETN Turistar,2025-06-04,2025-06-04,,{}
92143,55580,2026-07-26,900000,9,No disponible,900,alagsa402@viajes.cl,Mérida,Tarrasa,39,2228,100000,Avanza,2026-10-04,2026-10-05,,{}
122614,61821,2025-08-08,621000,9,No disponible,621,alfredo2747745@viajes.cl,,Zamora,34,1812,69000,Omnibus de México,2026-07-26,2026-07-27,,{}
129978,59603,2025-03-28,1134000,6,No disponible,1134,ana252565@viajes.cl,Córdoba,Zamora,43,820,189000,Chevallier,2025-08-27,2025-08-27,,{}
103594,60407,2025-04-28,1242000,9,No disponible,1242,ana8819821@viajes.cl,,Ávila,39,4244,138000,Primera Plus,2025-09-12,2025-09-14,,{}
146631,,,,,Disponible,0,andrea6328405@viajes.cl,Sevilla,La Coruña,30,2540,163000,Omnibus de México,2026-08-25,,,{}
140460,61690,2025-08-29,805000,7,No disponible,805,andrés6545340@viajes.cl,Las Palmas de Gran Canaria,Arrecife,45,736,115000,NS International,2025-09-02,2025-09-02,,{}
120746,62826,2025-05-19,1712000,8,No disponible,1712,angaal636@viajes.cl,Málaga,Gecho,,4074,214000,ZS (Eslovenia),2026-10-27,2026-10-29,,{}
146387,,,,,Disponible,0,anmagamo784@viajes.cl,Orihuela,Telde,37,2757,131000,Avanza,2026-09-26,,,{}
119229,59348,2025-09-05,432000,3,No disponible,432,antonio6276571@viajes.cl,Tarragona,La Coruña,62,534,144000,Amtrak,2026-01-07,2026-01-07,,{}
105090,60075,2025-04-30,220000,10,No disponible,220,ariadna2612725@viajes.cl,Parla,Elda,85,675,22000,CD (República Checa),2026-01-29,,,{}
126383,61598,2025-01-15,985000,5,No disponible,985,bedíca294@viajes.cl,Barcelona,Puertollano,44,3286,197000,Chevallier,2025-01-17,2025-01-19,,{}
104101,60157,2025-01-15,616000,4,No disponible,616,bernardo5359194@viajes.cl,Madrid,El Prat de LLobregat,40,3784,154000,FlixBus,2025-03-04,2025-03-06,,{}
143274,62851,2025-03-21,72000,1,No disponible,72,cafiga949@viajes.cl,Jerez de la Frontera,Ferrol,36,3033,72000,El Rápido Internacional,2026-01-10,2026-01-12,,{}
104534,65217,2025-04-15,1164000,6,No disponible,1164,cagasa796@viajes.cl,Torrejón de Ardoz,Santa Cruz de Tenerife,,1534,194000,,2025-06-22,2025-06-23,,{}
101132,57126,2025-03-06,704000,4,No disponible,704,carmen9290607@viajes.cl,Gandía,Albacete,48,2420,176000,Alsa,2025-10-11,,,{}
148249,,,,,Disponible,0,caroba415@viajes.cl,Palma de Mallorca,Valencia,51,560,31000,JetBlue,2026-11-02,2026-11-25,Clase económica,
101275,57109,2025-01-17,64000,1,No disponible,64,cecilia2523556@viajes.cl,Valencia,Benidorm,44,2698,64000,ADO,2025-02-08,2025-02-09,,{}
135428,62764,2025-03-16,852000,3,No disponible,852,cehega692@viajes.cl,Alcorcón,Viladecans,,2318,284000,BDZ (Bulgaria),2026-02-25,2026-02-26,,{}
146025,,,,,Disponible,0,clhisa286@viajes.cl,Paterna,Cerdañola del Vallés,33,3008,82000,Omnibus de México,2026-05-14,,,{}
105013,58163,2025-11-15,358000,2,No disponible,358,clmeni227@viajes.cl,Huelva,San Sebastían de los Reyes,38,3597,179000,AVE,2026-02-10,2026-02-12,,{}
112341,58006,2025-01-13,978000,6,No disponible,978,clsepi736@viajes.cl,Zamora,Gandía,30,1839,163000,EME Bus,2025-07-25,2025-07-26,,{}
89532,65591,2025-03-15,495000,9,No disponible,495,concepción766750@viajes.cl,Sanlúcar de Barrameda,Inca,40,2761,55000,Flecha Bus,2025-04-01,2025-04-02,,{}
101567,64429,2025-03-19,1160000,10,No disponible,1160,cralfa791@viajes.cl,El Prat de LLobregat,Bilbao,67,1789,116000,CD (República Checa),2025-08-22,2025-08-23,,{}
133303,58220,2025-04-04,910000,7,No disponible,910,cristobal780844@viajes.cl,Rubí,Sabadell,,2104,130000,Greyhound,2025-11-26,2025-11-27,,{}
82493,65063,2025-01-10,186000,2,No disponible,186,cérade760@viajes.cl,Irún,Arrecife,44,2614,93000,Damas,2025-02-11,2025-02-12,,{}
105106,59900,2025-02-26,972000,9,No disponible,972,david2434538@viajes.cl,Manresa,Ponferrada,39,3242,108000,Greyhound,2026-09-01,2026-09-03,,{}
149844,,,,,Disponible,0,diego1376309@viajes.cl,Dos Hermanas,Palma de Mallorca,21,729,78000,Renfe,2025-08-20,,,{}
84836,62172,2025-08-15,170000,5,No disponible,170,doabes349@viajes.cl,Murcia,Ceuta,47,207,34000,El Rápido Internacional,2026-01-18,2026-01-18,,{}
150003,,,,,Disponible,0,dolores6875267@viajes.cl,San Sebastián,Fuenlabrada,,3297,388000,ZSSK (Eslovaquia),2025-03-16,2025-07-31,,{}
144115,60468,2025-02-01,1705000,5,No disponible,1705,dorotea3969297@viajes.cl,Murcia,Cáceres,26,3928,341000,ŽSSK (Eslovaquia),2025-02-28,2025-03-02,,{}
146300,,,,,Disponible,0,eladfi277@viajes.cl,Paterna,Gijón,47,2100,112000,Alsa,2026-01-28,,,
102040,61278,2025-05-22,1116000,6,No disponible,1116,elisa6574220@viajes.cl,El Puerto de Santa María,Irún,37,3657,186000,Flecha Bus,2025-11-15,2025-11-17,,{}
110984,57498,2025-02-12,668000,4,No disponible,668,elmape385@viajes.cl,Molina de Segura,Santander,10,3836,167000,SBB (Suiza),2025-05-05,2025-05-07,,{}
104535,65217,2025-04-10,1476000,6,No disponible,1476,eloisa1741681@viajes.cl,Santa Cruz de Tenerife,Badalona,43,2878,246000,ZSSK (Eslovaquia),2025-06-23,,,{}
89000,55759,2025-01-02,528000,3,No disponible,528,elvira1368217@viajes.cl,Talavera de la Reina,La Coruña,48,3970,176000,Buses Nilahue,2025-01-05,2025-01-07,,{}
78861,62038,2025-10-12,255000,5,No disponible,255,emilio7599770@viajes.cl,Molina de Segura,Orihuela,,1939,51000,Estrella Roja,2026-05-16,2026-05-17,,
129172,61441,2025-02-17,459000,9,No disponible,459,ersave294@viajes.cl,Inca,Cornellá de Llobregat,17,1442,51000,Eurostar,2025-03-11,2025-03-12,,{}
89458,64421,2025-02-18,1288000,8,No disponible,1288,estela8832682@viajes.cl,Granollers,Córdoba,88,2210,161000,RZD (Rusia),2025-05-22,2025-05-23,,{}
87949,58558,2025-04-27,516000,3,No disponible,516,ester3534754@viajes.cl,,Castellón de la Plana,49,2496,172000,Alsa,2026-08-20,2026-08-21,,{}
114776,64830,2025-12-13,924000,6,No disponible,924,fesapé914@viajes.cl,Alcalá de Guadaira,Badalona,39,1046,154000,JetSur,2026-06-30,2026-06-30,,
149986,,,,,Disponible,0,francisco4781858@viajes.cl,Sagunto,Parla,,3656,436000,ÖBB (Austria),2025-06-29,2025-11-28,,{}
79916,59189,2025-02-16,371000,7,No disponible,371,gazaoj875@viajes.cl,Estepona,Barcelona,40,2043,53000,ETN Turistar,2025-10-14,2025-10-15,,{}
121471,62242,2025-01-21,1130000,10,No disponible,1130,gemodo459@viajes.cl,Mataró,Hospitalet de LLobregat,,1514,113000,ZSSK (Eslovaquia),2025-04-05,2025-04-06,,{}
85842,60892,2025-07-03,910000,5,No disponible,910,germán7240829@viajes.cl,Linares,Mataró,3,3427,182000,SJ (Suecia),2025-10-08,2025-10-10,,{}
142174,63015,2025-01-01,72000,1,No disponible,72,graciela7587437@viajes.cl,Valdemoro,Pamplona,25,1638,72000,CD (República Checa),2025-02-02,2025-02-03,,{}
109570,57856,2025-03-12,588000,7,No disponible,588,hehemo531@viajes.cl,Estepona,,,1777,84000,VR (Finlandia),2025-10-30,,,{}
93201,65944,2025-04-22,1062000,9,No disponible,1062,hoarfe244@viajes.cl,Toledo,Salamanca,50,2232,118000,Amtrak,2026-06-05,2026-06-06,,{}
93488,62032,2025-03-31,452000,4,No disponible,452,homero3729848@viajes.cl,Torremolinos,Lérida,46,1905,113000,Megabus,2026-03-19,2026-03-20,,{}
88913,56953,2026-10-02,171000,3,No disponible,171,huprar955@viajes.cl,Badalona,Mijas,48,837,57000,,2026-11-08,2026-11-08,,{}
146411,,,,,Disponible,0,inés1671557@viajes.cl,,Gecho,42,2234,65000,El Rápido Internacional,2025-07-27,,,{}
125322,61121,2025-07-23,1737000,9,No disponible,1737,inés5019540@viajes.cl,Torrevieja,Valladolid,30,3686,193000,Estrella Roja,2025-09-05,2025-09-07,,{}
144959,,,,,Disponible,0,irene2022687@viajes.cl,Madrid,Valladolid,37,3146,76000,Estrella Roja,2026-08-08,,,{}
97658,55681,2025-04-11,1088000,8,No disponible,1088,isabela200738@viajes.cl,Sabadell,Segovia,46,1440,136000,Plusmar,2026-07-06,2026-07-07,,{}
100581,60101,2025-03-13,798000,3,No disponible,798,iscamo240@viajes.cl,Elda,Tarragona,97,3278,266000,ZFBH (Bosnia y Herzegovina),2026-06-10,2026-06-12,,{}
132259,64921,2025-08-29,660000,3,No disponible,660,iszara805@viajes.cl,,Burgos,2,2273,220000,,2025-11-30,2025-12-01,,{}
98946,63836,2025-03-26,1080000,10,No disponible,1080,japasa758@viajes.cl,Murcia,Dos Hermanas,35,1187,108000,HŽ (Croacia),2026-05-05,,,{}
81340,64518,2025-04-28,1290000,10,No disponible,1290,joaquín6062886@viajes.cl,Arrecife,,75,413,129000,DSB (Dinamarca),2025-06-20,,,{}
128823,65701,2025-10-25,528000,6,No disponible,528,joaquín8251348@viajes.cl,Logroño,Coslada,42,4177,88000,Turbus,2026-04-03,2026-04-05,,{}
83911,56977,2025-05-09,792000,9,No disponible,792,jomaocoq384@viajes.cl,Alicante,Badalona,49,4190,88000,FlixBus,2025-05-28,,,{}
113772,60026,2025-01-21,1305000,9,No disponible,1305,jorge3732696@viajes.cl,Fuengirola,Estepona,,4056,145000,EME Bus,2025-08-22,2025-08-24,,{}
146861,,,,,Disponible,0,jorge4122526@viajes.cl,Gecho,La Coruña,31,1741,57000,Greyhound,2026-09-05,,,{}
142737,64524,2025-02-28,936000,6,No disponible,936,jorge8870623@viajes.cl,Marbella,Cornellá de Llobregat,53,4196,156000,Renfe,2026-03-06,2026-03-08,,{}
91626,61829,2025-04-12,128000,2,No disponible,128,josé1588166@viajes.cl,Fuenlabrada,,48,3783,64000,FlixBus,2026-03-11,2026-03-13,,{}
131564,62278,2025-02-26,805000,5,No disponible,805,josé4375225@viajes.cl,Talavera de la Reina,Valdemoro,51,4117,161000,TGV (SNCF),2025-12-01,2025-12-03,,{}
148882,,,,,Disponible,0,joulbe128@viajes.cl,Reus,Alcalá de Guadaira,91,2364,163000,HŽ (Croacia),2026-09-24,2026-12-31,,{}
132919,65009,2025-01-23,72000,4,No disponible,72,julia1347590@viajes.cl,Logroño,Alcoy,46,209,18000,Flecha Bus,2025-10-10,2025-10-10,,
124235,59621,2025-02-21,560000,5,No disponible,560,laura4786649@viajes.cl,Salamanca,Segovia,47,758,112000,Futura,2025-03-25,2025-03-25,,{}
146968,,,,,Disponible,0,lehiqu538@viajes.cl,San Fernando,Badajoz,52,2208,140000,Air France,2025-06-10,2025-09-10,,{Mijas}
86265,61683,2025-01-05,2570000,10,No disponible,2570,leluma183@viajes.cl,Segovia,Toledo,62,2273,257000,Renfe,2025-02-21,2025-02-22,,{}
123079,55600,2025-06-20,214000,2,No disponible,214,lesama482@viajes.cl,Granollers,Cerdañola del Vallés,45,3832,107000,Omnibus de México,2026-08-28,2026-08-30,,{}
79318,61525,2025-03-17,1485000,9,No disponible,1485,lirolo275@viajes.cl,,Majadahonda,,680,165000,FlixBus,2025-03-30,,,{}
130677,63811,2025-02-26,324000,1,No disponible,324,loalza265@viajes.cl,Elda,Estepona,7,3742,324000,CFR (Rumania),2026-07-23,2026-07-25,,{}
145953,,,,,Disponible,0,loecca129@viajes.cl,Alcoy,León,31,3212,111000,Turbus,2025-01-11,,,{}
143092,58293,2025-03-15,1296000,8,No disponible,1296,lola2604830@viajes.cl,Gerona,Gerona,40,1310,162000,Buses Romani,2026-04-06,2026-04-06,,{}
96820,61576,2026-05-26,1722000,6,No disponible,1722,lomato408@viajes.cl,Manresa,Orihuela,39,3650,287000,NS International,2026-06-04,,,{}
149390,,,,,Disponible,0,lucas4005174@viajes.cl,Pontevedra,Vitoria,63,1291,132000,SBB (Suiza),2025-07-01,2025-08-23,,{}
134351,60238,2025-07-10,152000,2,No disponible,152,luenhe662@viajes.cl,Linares,Molina de Segura,51,2147,76000,BDZ (Bulgaria),2026-02-07,,,{}
146557,,,,,Disponible,0,luulva107@viajes.cl,Marbella,Cáceres,46,2418,126000,Plusmar,2025-05-30,,,{}
125381,62447,2025-01-30,214000,1,No disponible,214,luvade652@viajes.cl,Viladecans,Viladecans,97,3673,214000,SNCB (Bélgica),2026-01-13,2026-01-15,,{}
145822,,,,,Disponible,0,luzaja127@viajes.cl,Alcalá de Guadaira,Puertollano,38,672,188000,EME Bus,2025-01-14,,,{}
147684,,,,,Disponible,0,maancare777@viajes.cl,Molina de Segura,Salamanca,87,2931,119000,Aeroméxico,2025-06-19,2025-10-19,Clase ejecutiva,
145029,,,,,Disponible,0,maanordean108@viajes.cl,Cornellá de Llobregat,Jerez de la Frontera,47,656,170000,BoltBus,2025-11-25,,,{}
83558,62440,2025-01-05,1170000,10,No disponible,1170,maanvaju254@viajes.cl,Vigo,Rubí,64,3250,117000,VRZ (Croacia),2025-02-10,2025-02-12,,{}
130555,62300,2025-05-08,298000,2,No disponible,298,mabadu448@viajes.cl,Pozuelo de Alarcón,Jerez de la Frontera,43,2431,149000,,2026-04-13,2026-04-14,,{}
145563,,,,,Disponible,0,macrcrlo627@viajes.cl,Cartagena,Cádiz,45,143,45000,Plusmar,2025-05-17,,,{}
149141,,,,,Disponible,0,maelabco272@viajes.cl,San Fernando,Alcalá de Guadaira,92,920,68000,SJ (Suecia),2026-08-01,2026-09-08,,
148835,,,,,Disponible,0,maespa877@viajes.cl,Sabadell,Huelva,26,1598,78000,VR (Finlandia),2026-09-09,2026-11-14,,{}
114758,64416,2025-08-10,302000,2,No disponible,302,mafitr540@viajes.cl,Puertollano,Paterna,10,4300,151000,ŽFBH (Bosnia y Herzegovina),2025-10-18,2025-10-20,,{}
145858,,,,,Disponible,0,malucaru511@viajes.cl,Gijón,Irún,48,3087,181000,Futura,2025-02-08,,,{}
105523,62996,2025-06-01,465000,5,No disponible,465,manali180@viajes.cl,Oviedo,Cuenta,46,1234,93000,Flecha Bus,2026-02-01,2026-02-01,,
117754,63225,2026-06-12,1089000,9,No disponible,1089,manuel8069557@viajes.cl,Marbella,Reus,45,2459,121000,El Rápido Internacional,2026-07-06,2026-07-07,,{}
145613,,,,,Disponible,0,maricarmen6071837@viajes.cl,Rivas-Vaciamadrid,Badajoz,49,1190,188000,Avanza,2026-10-12,,,{}
144102,56137,2025-09-07,192000,3,No disponible,192,mario9200187@viajes.cl,Zaragoza,La Coruña,48,972,64000,Amtrak,2025-11-22,2025-11-22,,{}
149075,,,,,Disponible,0,marisol5505335@viajes.cl,,Sabadell,42,2485,140000,,2025-02-23,2025-06-06,,
145841,,,,,Disponible,0,maroga573@viajes.cl,Ferrol,Coslada,33,888,177000,Greyhound,2026-05-26,,,{}
149343,,,,,Disponible,0,marta9050347@viajes.cl,Cáceres,Almería,40,1335,144000,ZS (Eslovenia),2026-09-16,2026-11-10,,{}
150012,,,,,Disponible,0,martín4667928@viajes.cl,Leganés,Badalona,83,2296,261000,ŽSSK (Eslovaquia),2025-08-09,2025-11-12,,{}
113794,63983,2025-01-29,1104000,8,No disponible,1104,maría5347415@viajes.cl,Getafe,Molina de Segura,44,1409,138000,Monbus,2025-09-11,2025-09-11,,{}
81097,66454,2025-01-04,456000,2,No disponible,456,maría5692273@viajes.cl,Sagunto,Castellón de la Plana,37,4095,228000,ÖBB (Austria),2025-04-27,2025-04-29,,{}
83545,59950,2025-09-09,1141000,7,No disponible,1141,maría574504@viajes.cl,Móstoles,Orense,14,1750,163000,Eurostar,2026-08-23,2026-08-24,,{}
146785,,,,,Disponible,0,maría6183440@viajes.cl,Tarragona,Fuengirola,39,419,65000,FlixBus,2025-07-22,,,{}
85901,61692,2025-09-24,864000,9,No disponible,864,maría6988790@viajes.cl,Avilés,Rubí,44,1506,96000,SJ (Suecia),2026-02-21,2026-02-22,,{}
131905,65109,2025-03-12,160000,5,No disponible,160,maría7665694@viajes.cl,,Valencia,33,924,32000,Thalys,2025-05-25,2025-05-25,,{}
146557,,,,,Disponible,0,luulva107@viajes.cl,Marbella,Cáceres,46,2418,126000,Plusmar,2025-05-30,,,{}
124435,62295,2025-12-11,623000,7,No disponible,623,maría8426631@viajes.cl,Arrecife,Avilés,13,771,89000,NS International,2026-01-10,2026-01-10,,{}
84960,59278,2026-02-06,480000,6,No disponible,480,mayte4540774@viajes.cl,Alcoy,Benalmádena,42,884,80000,Monbus,2026-02-20,2026-02-20,,{}
146049,,,,,Disponible,0,mercedes6680239@viajes.cl,Lérida,Arrecife,36,3444,133000,El Rápido Internacional,2026-05-19,,,{}
103654,62371,2025-02-24,848000,8,No disponible,848,mónica938945@viajes.cl,Molina de Segura,Alcorcón,51,1874,106000,BDZ (Bulgaria),2025-02-28,2025-03-01,,{}
126621,61226,2025-01-08,747000,9,No disponible,747,naalmu963@viajes.cl,Zaragoza,Mollet del Vallés,100,1294,83000,Thalys,2026-02-08,2026-02-08,,
81536,56208,2025-06-02,450000,2,No disponible,450,naseag466@viajes.cl,Santander,Torrevieja,57,2666,225000,DSB (Dinamarca),2026-06-27,2026-06-28,,{}
145083,,,,,Disponible,0,patricia1999310@viajes.cl,Orihuela,Jaén,30,246,24000,Crucero del Norte,2026-06-21,,,{}
145240,,,,,Disponible,0,ramiro6881877@viajes.cl,Alcalá de Henares,Telde,34,2327,112000,Turbus,2025-11-24,,,{}
143261,62937,2025-05-18,134000,1,No disponible,134,rebeca3845427@viajes.cl,Alcorcón,,,1249,134000,Via Bariloche,2026-10-08,2026-10-08,,{}
97583,58937,2026-01-30,2988000,6,No disponible,2988,redeto680@viajes.cl,Calahorra,Chiclana de la Frontera,33,4061,498000,ZSSK (Eslovaquia),2026-05-16,2026-05-18,,{}
146576,,,,,Disponible,0,roberto4106967@viajes.cl,Bilbao,Irún,45,2699,165000,Flecha Bus,2025-05-01,,,{}
98476,63084,2025-08-30,522000,9,No disponible,522,rosa1982379@viajes.cl,Mérida,El Puerto de Santa María,46,4108,58000,Omnibus de México,2026-06-19,2026-06-21,,{}
130545,62893,2025-05-06,282000,3,No disponible,282,saarca679@viajes.cl,Fuengirola,El Prat de LLobregat,49,415,94000,EME Bus,2025-07-23,2025-07-23,,{}
146776,,,,,Disponible,0,sofia428873@viajes.cl,La Línea de la Concepción,Paterna,33,707,131000,Plusmar,2026-10-21,,,{}
103284,58437,2025-04-28,3933000,9,No disponible,3933,sr.3211682@viajes.cl,Ciudad Real,Córdoba,9,4309,437000,Air France,2025-11-04,,,"{Zamora,""Collado Villalba"",Marbella,Estepona}"
87471,63294,2025-01-20,1416000,8,No disponible,1416,sr.3373404@viajes.cl,Pontevedra,Lorca,41,3250,177000,Omnibus de México,2025-02-02,2025-02-04,,{}
95375,61471,2025-01-14,1360000,10,No disponible,1360,sr.4154206@viajes.cl,Alcalá de Guadaira,Cádiz,37,1727,136000,JetSur,2025-01-20,2025-01-21,,{}
145556,,,,,Disponible,0,sr.4977383@viajes.cl,Sevilla,Rubí,46,304,45000,EME Bus,2026-06-07,,,{}
146899,,,,,Disponible,0,sr.9118460@viajes.cl,Telde,Ciudad Real,38,373,58000,Condor Bus,2026-03-07,,,{}
84382,61678,2026-09-18,720000,8,No disponible,720,sra.2991492@viajes.cl,Dos Hermanas,San Sebastián,40,755,90000,Avanza,2026-10-12,2026-10-12,,{}
149167,,,,,Disponible,0,sra.6277717@viajes.cl,Roquetas de Mar,Granada,49,1531,128000,HŽ (Croacia),2025-11-30,2026-02-01,,
113348,64640,2025-01-06,595000,7,No disponible,595,sra.6306248@viajes.cl,Ciudad Real,Estepona,13,1345,85000,RZD (Rusia),2025-01-29,2025-01-29,,{}
132920,65009,2025-04-04,788000,4,No disponible,788,sra.7697392@viajes.cl,Alcoy,Elche,39,2809,197000,Megabus,2025-10-10,2025-10-11,,{}
149127,,,,,Disponible,0,srcegasá733@viajes.cl,Vigo,Irún,20,4231,396000,DSB (Dinamarca),2025-09-15,2026-03-10,,{}
112057,62402,2025-01-22,720000,9,No disponible,720,sressoal326@viajes.cl,Benidorm,Logroño,34,3528,80000,Condor Bus,2025-03-31,2025-04-02,,{}
148004,,,,,Disponible,0,srgebegr871@viajes.cl,Huelva,Ceuta,,3593,107000,Wizz Air,2025-10-13,2026-03-11,Clase ejecutiva,
82301,55762,2025-03-07,2268000,9,No disponible,2268,srjepeur438@viajes.cl,Pozuelo de Alarcón,Motril,,3930,252000,Japan Airlines,2026-06-04,2026-06-06,,"{Madrid,""El Prat de LLobregat"",""El Ejido""}"
122740,58411,2026-05-13,380000,2,No disponible,380,srlusape355@viajes.cl,Chiclana de la Frontera,Viladecans,77,2628,190000,AVE,2026-11-05,2026-11-06,,
149267,,,,,Disponible,0,srmairri729@viajes.cl,Baracaldo,Jerez de la Frontera,83,3087,105000,ZFBH (Bosnia y Herzegovina),2026-03-16,2026-07-22,,{}
130319,59682,2025-02-07,350000,7,No disponible,350,srmaorga483@viajes.cl,Pamplona,Cádiz,50,3981,50000,Megabus,2025-02-13,2025-02-15,,{}
149282,,,,,Disponible,0,srmarete198@viajes.cl,Reus,San Fernando,59,3071,393000,ZS (Eslovenia),2026-08-07,2026-12-12,,{}
133640,60246,2025-11-16,1520000,10,No disponible,1520,srmirulo137@viajes.cl,Arrecife,Madrid,34,4184,152000,Buses Nilahue,2025-12-18,2025-12-20,,{}
146709,,,,,Disponible,0,srruvali274@viajes.cl,Calahorra,Granada,,3637,78000,Buses Romani,2025-06-22,,,{}
144240,62426,2025-04-01,405000,5,No disponible,405,srvefrap151@viajes.cl,Vitoria,Cartagena,52,2210,81000,CP (Portugal),2025-10-03,2025-10-04,,{}
145076,,,,,Disponible,0,sta.1573811@viajes.cl,Guadalajara,Lorca,42,891,63000,Megabus,2026-09-26,,,{}
100659,62011,2025-12-25,645000,3,No disponible,645,sta.1662174@viajes.cl,Santander,Majadahonda,22,2432,215000,ZSSK (Eslovaquia),2026-07-22,2026-07-23,,{}
111156,62760,2025-12-02,189000,3,No disponible,189,sta.7373654@viajes.cl,Palencia,Mollet del Vallés,37,3815,63000,Avanza,2025-12-13,2025-12-15,,{}
94458,62840,2025-04-17,924000,7,No disponible,924,sta.7698525@viajes.cl,Leganés,Ferrol,42,2055,132000,Via Bariloche,2025-06-30,2025-07-01,,{}
149910,,,,,Disponible,0,sta.9052328@viajes.cl,,Salamanca,40,2589,111000,NSB (Noruega),2025-03-21,2025-07-06,,{}
125129,60923,2025-01-20,141000,1,No disponible,141,stanbusa280@viajes.cl,Cádiz,Palma de Mallorca,40,973,141000,Buses Bio Bio,2025-01-28,2025-01-28,,{}
84932,61875,2026-03-02,582000,6,No disponible,582,starmeca579@viajes.cl,Algeciras,Talavera de la Reina,49,2175,97000,Condor Bus,2026-06-30,2026-07-01,,{}
89880,55754,2025-03-02,1160000,10,No disponible,1160,stelpial415@viajes.cl,Alcalá de Henares,Ponferrada,39,2678,116000,Crucero del Norte,2025-04-12,2025-04-13,,{}
131518,61592,2026-01-04,162000,9,No disponible,162,stgrvivi934@viajes.cl,Alcalá de Henares,La Línea de la Concepción,13,221,18000,Qantas,2026-04-26,2026-04-26,,{}
148897,,,,,Disponible,0,stmaarsa493@viajes.cl,Estepona,Santander,90,1436,70000,Italo,2026-03-17,2026-05-15,,{}
132026,61798,2026-04-22,540000,9,No disponible,540,stmapubé533@viajes.cl,Manresa,Pamplona,52,881,60000,Trenitalia,2026-09-10,2026-09-10,,{}
78501,57752,2025-01-25,2367000,9,No disponible,2367,stniniba272@viajes.cl,Santa Coloma de Gramanet,Las Palmas de Gran Canaria,43,3168,263000,ZS (Eslovenia),2025-05-16,2025-05-18,,{}
146321,,,,,Disponible,0,stvifogu269@viajes.cl,Cádiz,Almería,33,2604,142000,Greyhound,2026-01-15,,,{}
137761,59556,2025-04-07,595000,5,No disponible,595,stóspaab867@viajes.cl,Bilbao,Manresa,48,1678,119000,,2025-04-09,2025-04-10,,{}
93864,58464,2025-07-03,560000,8,No disponible,560,sumeto102@viajes.cl,,Manresa,33,2773,70000,Plusmar,2026-01-06,2026-01-07,,{}
142009,61004,2025-03-11,414000,3,No disponible,414,teresa812759@viajes.cl,Granada,La Línea de la Concepción,37,2017,138000,Futura,2025-07-25,2025-07-26,,{}
138889,64602,2025-01-23,1750000,10,No disponible,1750,tináar395@viajes.cl,Viladecans,,36,1270,175000,Condor Bus,2025-03-12,2025-03-12,,{}
145151,,,,,Disponible,0,tovami921@viajes.cl,Lérida,León,49,1574,120000,Buses Nilahue,2025-10-23,,,{}
94376,66161,2025-03-17,968000,8,No disponible,968,victoria904873@viajes.cl,San Cristróbal de la Laguna,Puertollano,53,990,121000,NSB (Noruega),2025-06-28,2025-06-28,,{}
131002,59697,2025-07-25,1182000,6,No disponible,1182,viríca811@viajes.cl,Oviedo,El Prat de LLobregat,42,3219,197000,Condor Bus,2026-07-26,,,{}
149214,,,,,Disponible,0,vivemo487@viajes.cl,Telde,Cartagena,50,3105,114000,ŽFBH (Bosnia y Herzegovina),2025-02-04,2025-06-13,,{}
149385,,,,,Disponible,0,ángaga278@viajes.cl,Palencia,Barcelona,57,128,68000,CFR (Rumania),2025-05-06,2025-05-11,,{}
149045,,,,,Disponible,0,óscar8305124@viajes.cl,Valdemoro,Elche,33,3270,382000,ZFBH (Bosnia y Herzegovina),2025-12-27,2026-05-12,,{}
85876,61081,2025-01-02,904000,8,No disponible,904,óscoes804@viajes.cl,Tarragona,Guadalajara,35,2096,113000,HŽ (Croacia),2025-01-05,2025-01-06,,{}
101508,62148,2025-01-22,1316000,7,No disponible,1316,ósfrse369@viajes.cl,Segovia,Córdoba,30,2238,188000,ZFBH (Bosnia y Herzegovina),2025-04-15,2025-04-16,,{}
107762,65379,2025-01-11,1386000,7,No disponible,1386,Albertoybarra929@viajes.cl,San Cristróbal de la Laguna,Gerona,61,303,198000,HŽ (Croacia),2025-02-17,2025-02-17,,{}
84396,61486,2025-05-28,304000,8,No disponible,304,Alejandraleyva742@viajes.cl,Puertollano,La Línea de la Concepción,43,152,38000,Socibus,2025-07-29,2025-07-29,,
146428,,,,,Disponible,0,Alfonsozarate453@viajes.cl,Hospitalet de LLobregat,El Puerto de Santa María,35,3363,114000,Futura,2026-10-30,,,{}
109400,59561,2025-06-29,480000,6,No disponible,480,Anamanzanares596@viajes.cl,Irún,Logroño,41,565,80000,Megabus,2025-11-10,2025-11-10,,{}
129197,61056,2026-05-08,148000,1,No disponible,148,Anatoro616@viajes.cl,Orihuela,Alcalá de Henares,,3116,148000,ETN Turistar,2026-09-22,2026-09-24,,{}
143558,57750,2025-11-23,390000,2,No disponible,390,Armandocarranza316@viajes.cl,Albacete,Inca,,927,195000,Pullman Bus,2026-04-10,2026-04-10,,{}
146508,,,,,Disponible,0,Bernardoarias154@viajes.cl,Cáceres,Murcia,36,3214,100000,Buses Nilahue,2025-05-15,,,{}
145015,,,,,Disponible,0,Blancagarica831@viajes.cl,Badajoz,Paterna,40,3609,198000,Buses Ahumada,2025-10-16,,,{}
117278,59333,2025-08-07,160000,5,No disponible,160,Carlosgollum406@viajes.cl,Fuengirola,Zamora,26,535,32000,NS International,2026-02-06,,,{}
83552,62440,2025-01-03,1270000,10,No disponible,1270,Carolinabaca615@viajes.cl,,Vigo,,2091,127000,ÖBB (Austria),2025-02-04,2025-02-05,,{}
90412,58814,2025-01-02,522000,6,No disponible,522,Danielpáez646@viajes.cl,Gijón,Granada,3,192,87000,ŽFBH (Bosnia y Herzegovina),2026-02-21,2026-02-21,,{}
94667,60531,2025-01-03,788000,4,No disponible,788,Emilioarreola638@viajes.cl,Manresa,Bilbao,37,2638,197000,Monbus,2025-01-07,2025-01-08,,
146412,,,,,Disponible,0,Ernestoalcaraz354@viajes.cl,Almería,Palma de Mallorca,47,239,27000,Turbus,2026-04-23,,,{}
122207,62013,2025-02-10,756000,6,No disponible,756,Esperanzaatencio335@viajes.cl,Cuenta,,40,1376,126000,Primera Plus,2025-09-11,2025-09-11,,{}
80178,59415,2025-08-22,805000,5,No disponible,805,Evaalejandro533@viajes.cl,Lorca,Santa Lucía de Tirajana,,2772,161000,EME Bus,2026-07-06,2026-07-07,,{}
112013,58457,2025-02-14,61000,1,No disponible,61,Evarendón524@viajes.cl,Mataró,Sagunto,33,3759,61000,FlixBus,2025-12-27,2025-12-29,,{}
144135,63012,2025-02-02,430000,5,No disponible,430,Federicogálvez952@viajes.cl,San Sebastían de los Reyes,Irún,44,3221,86000,JetSur,2025-07-21,2025-07-23,,{}
149226,,,,,Disponible,0,Feliperojo857@viajes.cl,,Madrid,1,1096,67000,Amtrak,2025-01-12,2025-02-26,,{}
91898,63206,2025-05-11,792000,8,No disponible,792,Felipesegovia888@viajes.cl,Puertollano,Santa Coloma de Gramanet,34,3245,99000,EME Bus,2025-05-26,2025-05-28,,
146134,,,,,Disponible,0,Gabrielahidalgo828@viajes.cl,Las Palmas de Gran Canaria,Santa Cruz de Tenerife,43,1632,88000,Via Bariloche,2026-01-18,,,{}
80376,58400,2025-04-21,224000,2,No disponible,224,Guillerminacerda636@viajes.cl,San Cristróbal de la Laguna,Manresa,76,1854,112000,RZD (Rusia),2025-12-08,2025-12-09,,{}
149475,,,,,Disponible,0,Guillermoolivares662@viajes.cl,Alcoy,Gandía,14,1180,59000,NSB (Noruega),2026-07-10,2026-08-28,,{}
125480,66465,2025-04-03,2338000,7,No disponible,2338,Inésmejía800@viajes.cl,Salamanca,Tarragona,64,3118,334000,CFR (Rumania),2025-04-29,2025-05-01,,{}
105150,65145,2025-03-05,222000,3,No disponible,222,Josébañuelos691@viajes.cl,Manresa,San Fernando,32,562,74000,SBB (Suiza),2026-04-09,2026-04-09,,{}
145100,,,,,Disponible,0,Joséruiz932@viajes.cl,El Prat de LLobregat,Torremolinos,35,2673,193000,Megabus,2025-01-30,,,{}
127495,65518,2025-08-01,738000,6,No disponible,738,Juanorozco540@viajes.cl,Baracaldo,Santa Coloma de Gramanet,43,1184,123000,Primera Plus,2025-10-25,2025-10-25,,{}
107919,58449,2025-07-09,172000,2,No disponible,172,Juliapelayo134@viajes.cl,Santa Coloma de Gramanet,Manresa,32,2334,86000,,2025-07-31,2025-08-01,,{}
121519,59314,2026-01-24,1470000,10,No disponible,1470,Juliogarica923@viajes.cl,Alcorcón,Algeciras,,1393,147000,Andesmar,2026-10-10,2026-10-10,,{}
148933,,,,,Disponible,0,Leonorlira295@viajes.cl,Fuengirola,Pontevedra,91,3688,380000,ZSSK (Eslovaquia),2025-09-28,2026-02-28,,{}
131145,60933,2025-01-19,1805000,5,No disponible,1805,Luciacasillas408@viajes.cl,Torrelavega,Ferrol,30,2990,361000,Qatar Airways,2025-03-11,2025-03-13,,"{Córdoba,""Jerez de la Frontera"",Sagunto}"
78422,63299,2025-02-02,1064000,8,No disponible,1064,Magdalenacasanova305@viajes.cl,Santa Lucía de Tirajana,Alcalá de Guadaira,43,1102,133000,Via Bariloche,2026-08-29,2026-08-29,,{}
149128,,,,,Disponible,0,Marcosledesma340@viajes.cl,Las Palmas de Gran Canaria,Coslada,77,2296,237000,Eurostar,2026-05-05,2026-08-08,,{}
79973,65502,2025-05-09,1030000,10,No disponible,1030,Marcosmadera742@viajes.cl,Leganés,Benalmádena,93,2283,103000,Amtrak,2026-08-15,2026-08-16,,
146687,,,,,Disponible,0,Maricarmenbahena434@viajes.cl,Sanlúcar de Barrameda,Puertollano,30,3274,129000,Primera Plus,2026-10-05,,,{}
142456,65341,2026-06-23,264000,8,No disponible,264,Martínesquibel775@viajes.cl,Linares,Fuengirola,43,181,33000,Monbus,2026-07-03,2026-07-03,,{}
86885,65709,2025-07-27,950000,10,No disponible,950,Maríacarreón854@viajes.cl,Tarragona,Barcelona,41,398,95000,JetSur,2026-08-03,2026-08-03,,{}
148371,,,,,Disponible,0,Maríacastro464@viajes.cl,Torrejón de Ardoz,Logroño,94,2769,208000,Wizz Air,2025-08-08,2025-12-01,,{Huelva}
118521,59229,2026-09-12,752000,8,No disponible,752,Maríacavazos182@viajes.cl,Cádiz,Lugo,81,166,94000,United Airlines,2026-11-27,2026-11-27,,{}
93677,66319,2025-01-02,4482000,9,No disponible,4482,Maríaespinoza975@viajes.cl,Torremolinos,Jaén,63,4102,498000,SBB (Suiza),2025-02-16,2025-02-18,,{}
88336,65278,2025-02-21,740000,10,No disponible,740,Maríafeliciano394@viajes.cl,El Ejido,Viladecans,18,561,74000,Ethiopian Airlines,2025-11-12,2025-11-12,,{}
145064,,,,,Disponible,0,Maríamarroquín192@viajes.cl,,Getafe,31,1758,168000,Socibus,2025-10-07,,,{}
108943,60737,2026-01-24,83000,1,No disponible,83,Maríarendón440@viajes.cl,La Línea de la Concepción,Bilbao,44,1132,83000,ETN Turistar,2026-10-04,2026-10-04,,{}
85644,61912,2025-07-27,1060000,10,No disponible,1060,Mateocollado527@viajes.cl,Orense,Guadalajara,45,3813,106000,,2026-11-06,2026-11-08,,{}
132259,64921,2025-08-29,660000,3,No disponible,660,iszara805@viajes.cl,,Burgos,2,2273,220000,,2025-11-30,2025-12-01,,{}
120576,65042,2025-05-23,171000,3,No disponible,171,Mercedesgalindo223@viajes.cl,Santiago de Compostela,,46,1815,57000,Omnibus de México,2026-01-13,2026-01-14,,{}
89794,62411,2025-02-03,169000,1,No disponible,169,Mónicavalles477@viajes.cl,Collado Villalba,Mijas,49,1685,169000,Via Bariloche,2025-04-20,2025-04-21,,{}
117865,66341,2025-03-26,1665000,9,No disponible,1665,Patriciaadame600@viajes.cl,Gerona,Avilés,40,4089,185000,Futura,2025-12-19,2025-12-21,,{}
114473,58163,2025-07-14,38000,2,No disponible,38,Patriciahuerta665@viajes.cl,Sagunto,Alcorcón,54,227,19000,NSB (Noruega),2026-11-30,2026-11-30,,{}
122229,58882,2025-04-03,126000,3,No disponible,126,Ramónjurado680@viajes.cl,Sanlúcar de Barrameda,Getafe,43,980,42000,DSB (Dinamarca),2026-02-12,2026-02-12,,{}
148438,,,,,Disponible,0,Ramónverduzco522@viajes.cl,El Prat de LLobregat,Cuenta,78,874,69000,EasyJet,2025-09-12,2025-10-18,,"{Baracaldo,Toledo,Palencia}"
145753,,,,,Disponible,0,Reinacollado243@viajes.cl,,Pontevedra,33,1867,80000,Chevallier,2025-12-27,,,{}
140532,59732,2025-01-28,882000,9,No disponible,882,Robertodomínquez641@viajes.cl,Coslada,Segovia,39,2898,98000,,2025-02-15,2025-02-17,,{}
101124,57126,2025-09-24,796000,4,No disponible,796,Santiagosolorzano537@viajes.cl,Ávila,Dos Hermanas,34,3825,199000,Primera Plus,2025-10-01,2025-10-03,,{}
146382,,,,,Disponible,0,Soniamonroy754@viajes.cl,Vigo,Palma de Mallorca,32,322,55000,Condor Bus,2025-01-27,,,{}
95469,61163,2025-09-16,283000,1,No disponible,283,Sr.carrera886@viajes.cl,Gandía,Santiago de Compostela,100,2341,283000,BDZ (Bulgaria),2025-11-16,2025-11-17,,{}
128476,61632,2025-04-25,2352000,7,No disponible,2352,Sr.ceja795@viajes.cl,Gijón,Rivas-Vaciamadrid,13,4169,336000,DSB (Dinamarca),2025-09-27,2025-09-29,,
149566,,,,,Disponible,0,Sr.soliz253@viajes.cl,Palencia,Leganés,43,3333,226000,Nederlandse Sp,2026-01-10,2026-05-28,,{}
131950,60687,2025-12-17,1280000,10,No disponible,1280,Sr.treviño590@viajes.cl,Gandía,San Sebastían de los Reyes,79,1347,128000,NSB (Noruega),2026-05-12,2026-05-12,,{}
141079,61237,2025-01-28,2000000,10,No disponible,2000,Sr.valencia152@viajes.cl,Manresa,El Puerto de Santa María,42,3811,200000,JetSur,2026-04-21,2026-04-23,,{}
146250,,,,,Disponible,0,Sr.vega194@viajes.cl,Elche,Fuengirola,39,2965,181000,Buses Nilahue,2026-10-28,,,{}
145921,,,,,Disponible,0,Sra.peralta519@viajes.cl,Torrevieja,Santa Coloma de Gramanet,43,2678,95000,Chevallier,2025-08-13,,,{}
89620,66204,2025-05-26,1104000,6,No disponible,1104,Sra.rosado549@viajes.cl,Sabadell,Valladolid,47,1657,184000,Via Bariloche,2025-11-30,2025-12-01,,{}
98421,60425,2026-10-23,1010000,10,No disponible,1010,Sta.bueno636@viajes.cl,Tarragona,Cornellá de Llobregat,74,3150,101000,ŽFBH (Bosnia y Herzegovina),2026-11-20,2026-11-22,,{}
87083,61117,2025-06-20,696000,4,No disponible,696,Sta.covarrubias900@viajes.cl,San Sebastián,Gandía,37,998,174000,Buses Romani,2025-07-17,2025-07-17,,
88276,59179,2025-03-03,993000,3,No disponible,993,Sta.valdez219@viajes.cl,,Cartagena,65,3918,331000,ZFBH (Bosnia y Herzegovina),2026-07-14,2026-07-16,,{}
128597,64766,2025-11-27,1600000,8,No disponible,1600,Teodoropáez479@viajes.cl,Getafe,Cáceres,41,321,200000,Japan Airlines,2026-09-11,2026-09-11,Clase ejecutiva,
145729,,,,,Disponible,0,Timoteodomínguez465@viajes.cl,,San Sebastían de los Reyes,43,2153,94000,BoltBus,2026-05-25,,,{}
149590,,,,,Disponible,0,Timoteomercado843@viajes.cl,Huelva,Salamanca,20,1489,108000,Italo,2025-05-06,2025-07-07,,{}
144647,,,,,Disponible,0,Vicenteaponte297@viajes.cl,Zaragoza,Alcorcón,40,772,184000,Primera Plus,2025-02-25,,,{}
112894,59966,2025-04-17,690000,6,No disponible,690,adela7317294@viajes.cl,Ferrol,Benidorm,32,2234,115000,Primera Plus,2026-02-18,,,{}
94217,59829,2025-01-01,465000,5,No disponible,465,agroco155@viajes.cl,Jaén,,40,1203,93000,ETN Turistar,2025-06-04,2025-06-04,,{}
92143,55580,2026-07-26,900000,9,No disponible,900,alagsa402@viajes.cl,Mérida,Tarrasa,39,2228,100000,Avanza,2026-10-04,2026-10-05,,{}
122614,61821,2025-08-08,621000,9,No disponible,621,alfredo2747745@viajes.cl,,Zamora,34,1812,69000,Omnibus de México,2026-07-26,2026-07-27,,{}
129978,59603,2025-03-28,1134000,6,No disponible,1134,ana252565@viajes.cl,Córdoba,Zamora,43,820,189000,Chevallier,2025-08-27,2025-08-27,,{}
103594,60407,2025-04-28,1242000,9,No disponible,1242,ana8819821@viajes.cl,,Ávila,39,4244,138000,Primera Plus,2025-09-12,2025-09-14,,{}
146631,,,,,Disponible,0,andrea6328405@viajes.cl,Sevilla,La Coruña,30,2540,163000,Omnibus de México,2026-08-25,,,{}
140460,61690,2025-08-29,805000,7,No disponible,805,andrés6545340@viajes.cl,Las Palmas de Gran Canaria,Arrecife,45,736,115000,NS International,2025-09-02,2025-09-02,,{}
120746,62826,2025-05-19,1712000,8,No disponible,1712,angaal636@viajes.cl,Málaga,Gecho,,4074,214000,ZS (Eslovenia),2026-10-27,2026-10-29,,{}
146387,,,,,Disponible,0,anmagamo784@viajes.cl,Orihuela,Telde,37,2757,131000,Avanza,2026-09-26,,,{}
119229,59348,2025-09-05,432000,3,No disponible,432,antonio6276571@viajes.cl,Tarragona,La Coruña,62,534,144000,Amtrak,2026-01-07,2026-01-07,,{}
105090,60075,2025-04-30,220000,10,No disponible,220,ariadna2612725@viajes.cl,Parla,Elda,85,675,22000,CD (República Checa),2026-01-29,,,{}
126383,61598,2025-01-15,985000,5,No disponible,985,bedíca294@viajes.cl,Barcelona,Puertollano,44,3286,197000,Chevallier,2025-01-17,2025-01-19,,{}
104101,60157,2025-01-15,616000,4,No disponible,616,bernardo5359194@viajes.cl,Madrid,El Prat de LLobregat,40,3784,154000,FlixBus,2025-03-04,2025-03-06,,{}
143274,62851,2025-03-21,72000,1,No disponible,72,cafiga949@viajes.cl,Jerez de la Frontera,Ferrol,36,3033,72000,El Rápido Internacional,2026-01-10,2026-01-12,,{}
104534,65217,2025-04-15,1164000,6,No disponible,1164,cagasa796@viajes.cl,Torrejón de Ardoz,Santa Cruz de Tenerife,,1534,194000,,2025-06-22,2025-06-23,,{}
101132,57126,2025-03-06,704000,4,No disponible,704,carmen9290607@viajes.cl,Gandía,Albacete,48,2420,176000,Alsa,2025-10-11,,,{}
148249,,,,,Disponible,0,caroba415@viajes.cl,Palma de Mallorca,Valencia,51,560,31000,JetBlue,2026-11-02,2026-11-25,Clase económica,
101275,57109,2025-01-17,64000,1,No disponible,64,cecilia2523556@viajes.cl,Valencia,Benidorm,44,2698,64000,ADO,2025-02-08,2025-02-09,,{}
135428,62764,2025-03-16,852000,3,No disponible,852,cehega692@viajes.cl,Alcorcón,Viladecans,,2318,284000,BDZ (Bulgaria),2026-02-25,2026-02-26,,{}
146025,,,,,Disponible,0,clhisa286@viajes.cl,Paterna,Cerdañola del Vallés,33,3008,82000,Omnibus de México,2026-05-14,,,{}
105013,58163,2025-11-15,358000,2,No disponible,358,clmeni227@viajes.cl,Huelva,San Sebastían de los Reyes,38,3597,179000,AVE,2026-02-10,2026-02-12,,{}
112341,58006,2025-01-13,978000,6,No disponible,978,clsepi736@viajes.cl,Zamora,Gandía,30,1839,163000,EME Bus,2025-07-25,2025-07-26,,{}
89532,65591,2025-03-15,495000,9,No disponible,495,concepción766750@viajes.cl,Sanlúcar de Barrameda,Inca,40,2761,55000,Flecha Bus,2025-04-01,2025-04-02,,{}
101567,64429,2025-03-19,1160000,10,No disponible,1160,cralfa791@viajes.cl,El Prat de LLobregat,Bilbao,67,1789,116000,CD (República Checa),2025-08-22,2025-08-23,,{}
133303,58220,2025-04-04,910000,7,No disponible,910,cristobal780844@viajes.cl,Rubí,Sabadell,,2104,130000,Greyhound,2025-11-26,2025-11-27,,{}
82493,65063,2025-01-10,186000,2,No disponible,186,cérade760@viajes.cl,Irún,Arrecife,44,2614,93000,Damas,2025-02-11,2025-02-12,,{}
105106,59900,2025-02-26,972000,9,No disponible,972,david2434538@viajes.cl,Manresa,Ponferrada,39,3242,108000,Greyhound,2026-09-01,2026-09-03,,{}
149844,,,,,Disponible,0,diego1376309@viajes.cl,Dos Hermanas,Palma de Mallorca,21,729,78000,Renfe,2025-08-20,,,{}
84836,62172,2025-08-15,170000,5,No disponible,170,doabes349@viajes.cl,Murcia,Ceuta,47,207,34000,El Rápido Internacional,2026-01-18,2026-01-18,,{}
150003,,,,,Disponible,0,dolores6875267@viajes.cl,San Sebastián,Fuenlabrada,,3297,388000,ZSSK (Eslovaquia),2025-03-16,2025-07-31,,{}
144115,60468,2025-02-01,1705000,5,No disponible,1705,dorotea3969297@viajes.cl,Murcia,Cáceres,26,3928,341000,ŽSSK (Eslovaquia),2025-02-28,2025-03-02,,{}
146300,,,,,Disponible,0,eladfi277@viajes.cl,Paterna,Gijón,47,2100,112000,Alsa,2026-01-28,,,
102040,61278,2025-05-22,1116000,6,No disponible,1116,elisa6574220@viajes.cl,El Puerto de Santa María,Irún,37,3657,186000,Flecha Bus,2025-11-15,2025-11-17,,{}
110984,57498,2025-02-12,668000,4,No disponible,668,elmape385@viajes.cl,Molina de Segura,Santander,10,3836,167000,SBB (Suiza),2025-05-05,2025-05-07,,{}
104535,65217,2025-04-10,1476000,6,No disponible,1476,eloisa1741681@viajes.cl,Santa Cruz de Tenerife,Badalona,43,2878,246000,ZSSK (Eslovaquia),2025-06-23,,,{}
89000,55759,2025-01-02,528000,3,No disponible,528,elvira1368217@viajes.cl,Talavera de la Reina,La Coruña,48,3970,176000,Buses Nilahue,2025-01-05,2025-01-07,,{}
78861,62038,2025-10-12,255000,5,No disponible,255,emilio7599770@viajes.cl,Molina de Segura,Orihuela,,1939,51000,Estrella Roja,2026-05-16,2026-05-17,,
129172,61441,2025-02-17,459000,9,No disponible,459,ersave294@viajes.cl,Inca,Cornellá de Llobregat,17,1442,51000,Eurostar,2025-03-11,2025-03-12,,{}
89458,64421,2025-02-18,1288000,8,No disponible,1288,estela8832682@viajes.cl,Granollers,Córdoba,88,2210,161000,RZD (Rusia),2025-05-22,2025-05-23,,{}
87949,58558,2025-04-27,516000,3,No disponible,516,ester3534754@viajes.cl,,Castellón de la Plana,49,2496,172000,Alsa,2026-08-20,2026-08-21,,{}
114776,64830,2025-12-13,924000,6,No disponible,924,fesapé914@viajes.cl,Alcalá de Guadaira,Badalona,39,1046,154000,JetSur,2026-06-30,2026-06-30,,
149986,,,,,Disponible,0,francisco4781858@viajes.cl,Sagunto,Parla,,3656,436000,ÖBB (Austria),2025-06-29,2025-11-28,,{}
79916,59189,2025-02-16,371000,7,No disponible,371,gazaoj875@viajes.cl,Estepona,Barcelona,40,2043,53000,ETN Turistar,2025-10-14,2025-10-15,,{}
121471,62242,2025-01-21,1130000,10,No disponible,1130,gemodo459@viajes.cl,Mataró,Hospitalet de LLobregat,,1514,113000,ZSSK (Eslovaquia),2025-04-05,2025-04-06,,{}
85842,60892,2025-07-03,910000,5,No disponible,910,germán7240829@viajes.cl,Linares,Mataró,3,3427,182000,SJ (Suecia),2025-10-08,2025-10-10,,{}
142174,63015,2025-01-01,72000,1,No disponible,72,graciela7587437@viajes.cl,Valdemoro,Pamplona,25,1638,72000,CD (República Checa),2025-02-02,2025-02-03,,{}
109570,57856,2025-03-12,588000,7,No disponible,588,hehemo531@viajes.cl,Estepona,,,1777,84000,VR (Finlandia),2025-10-30,,,{}
93201,65944,2025-04-22,1062000,9,No disponible,1062,hoarfe244@viajes.cl,Toledo,Salamanca,50,2232,118000,Amtrak,2026-06-05,2026-06-06,,{}
93488,62032,2025-03-31,452000,4,No disponible,452,homero3729848@viajes.cl,Torremolinos,Lérida,46,1905,113000,Megabus,2026-03-19,2026-03-20,,{}
88913,56953,2026-10-02,171000,3,No disponible,171,huprar955@viajes.cl,Badalona,Mijas,48,837,57000,,2026-11-08,2026-11-08,,{}
146411,,,,,Disponible,0,inés1671557@viajes.cl,,Gecho,42,2234,65000,El Rápido Internacional,2025-07-27,,,{}
125322,61121,2025-07-23,1737000,9,No disponible,1737,inés5019540@viajes.cl,Torrevieja,Valladolid,30,3686,193000,Estrella Roja,2025-09-05,2025-09-07,,{}
144959,,,,,Disponible,0,irene2022687@viajes.cl,Madrid,Valladolid,37,3146,76000,Estrella Roja,2026-08-08,,,{}
97658,55681,2025-04-11,1088000,8,No disponible,1088,isabela200738@viajes.cl,Sabadell,Segovia,46,1440,136000,Plusmar,2026-07-06,2026-07-07,,{}
100581,60101,2025-03-13,798000,3,No disponible,798,iscamo240@viajes.cl,Elda,Tarragona,97,3278,266000,ZFBH (Bosnia y Herzegovina),2026-06-10,2026-06-12,,{}
132259,64921,2025-08-29,660000,3,No disponible,660,iszara805@viajes.cl,,Burgos,2,2273,220000,,2025-11-30,2025-12-01,,{}
98946,63836,2025-03-26,1080000,10,No disponible,1080,japasa758@viajes.cl,Murcia,Dos Hermanas,35,1187,108000,HŽ (Croacia),2026-05-05,,,{}
81340,64518,2025-04-28,1290000,10,No disponible,1290,joaquín6062886@viajes.cl,Arrecife,,75,413,129000,DSB (Dinamarca),2025-06-20,,,{}
128823,65701,2025-10-25,528000,6,No disponible,528,joaquín8251348@viajes.cl,Logroño,Coslada,42,4177,88000,Turbus,2026-04-03,2026-04-05,,{}
83911,56977,2025-05-09,792000,9,No disponible,792,jomaocoq384@viajes.cl,Alicante,Badalona,49,4190,88000,FlixBus,2025-05-28,,,{}
113772,60026,2025-01-21,1305000,9,No disponible,1305,jorge3732696@viajes.cl,Fuengirola,Estepona,,4056,145000,EME Bus,2025-08-22,2025-08-24,,{}
146861,,,,,Disponible,0,jorge4122526@viajes.cl,Gecho,La Coruña,31,1741,57000,Greyhound,2026-09-05,,,{}
142737,64524,2025-02-28,936000,6,No disponible,936,jorge8870623@viajes.cl,Marbella,Cornellá de Llobregat,53,4196,156000,Renfe,2026-03-06,2026-03-08,,{}
91626,61829,2025-04-12,128000,2,No disponible,128,josé1588166@viajes.cl,Fuenlabrada,,48,3783,64000,FlixBus,2026-03-11,2026-03-13,,{}
131564,62278,2025-02-26,805000,5,No disponible,805,josé4375225@viajes.cl,Talavera de la Reina,Valdemoro,51,4117,161000,TGV (SNCF),2025-12-01,2025-12-03,,{}
148882,,,,,Disponible,0,joulbe128@viajes.cl,Reus,Alcalá de Guadaira,91,2364,163000,HŽ (Croacia),2026-09-24,2026-12-31,,{}
132919,65009,2025-01-23,72000,4,No disponible,72,julia1347590@viajes.cl,Logroño,Alcoy,46,209,18000,Flecha Bus,2025-10-10,2025-10-10,,
124235,59621,2025-02-21,560000,5,No disponible,560,laura4786649@viajes.cl,Salamanca,Segovia,47,758,112000,Futura,2025-03-25,2025-03-25,,{}
146968,,,,,Disponible,0,lehiqu538@viajes.cl,San Fernando,Badajoz,52,2208,140000,Air France,2025-06-10,2025-09-10,,{Mijas}
86265,61683,2025-01-05,2570000,10,No disponible,2570,leluma183@viajes.cl,Segovia,Toledo,62,2273,257000,Renfe,2025-02-21,2025-02-22,,{}
123079,55600,2025-06-20,214000,2,No disponible,214,lesama482@viajes.cl,Granollers,Cerdañola del Vallés,45,3832,107000,Omnibus de México,2026-08-28,2026-08-30,,{}
79318,61525,2025-03-17,1485000,9,No disponible,1485,lirolo275@viajes.cl,,Majadahonda,,680,165000,FlixBus,2025-03-30,,,{}
130677,63811,2025-02-26,324000,1,No disponible,324,loalza265@viajes.cl,Elda,Estepona,7,3742,324000,CFR (Rumania),2026-07-23,2026-07-25,,{}
145953,,,,,Disponible,0,loecca129@viajes.cl,Alcoy,León,31,3212,111000,Turbus,2025-01-11,,,{}
143092,58293,2025-03-15,1296000,8,No disponible,1296,lola2604830@viajes.cl,Gerona,Gerona,40,1310,162000,Buses Romani,2026-04-06,2026-04-06,,{}
96820,61576,2026-05-26,1722000,6,No disponible,1722,lomato408@viajes.cl,Manresa,Orihuela,39,3650,287000,NS International,2026-06-04,,,{}
149390,,,,,Disponible,0,lucas4005174@viajes.cl,Pontevedra,Vitoria,63,1291,132000,SBB (Suiza),2025-07-01,2025-08-23,,{}
134351,60238,2025-07-10,152000,2,No disponible,152,luenhe662@viajes.cl,Linares,Molina de Segura,51,2147,76000,BDZ (Bulgaria),2026-02-07,,,{}
125381,62447,2025-01-30,214000,1,No disponible,214,luvade652@viajes.cl,Viladecans,Viladecans,97,3673,214000,SNCB (Bélgica),2026-01-13,2026-01-15,,{}
145822,,,,,Disponible,0,luzaja127@viajes.cl,Alcalá de Guadaira,Puertollano,38,672,188000,EME Bus,2025-01-14,,,{}
147684,,,,,Disponible,0,maancare777@viajes.cl,Molina de Segura,Salamanca,87,2931,119000,Aeroméxico,2025-06-19,2025-10-19,Clase ejecutiva,
145029,,,,,Disponible,0,maanordean108@viajes.cl,Cornellá de Llobregat,Jerez de la Frontera,47,656,170000,BoltBus,2025-11-25,,,{}
83558,62440,2025-01-05,1170000,10,No disponible,1170,maanvaju254@viajes.cl,Vigo,Rubí,64,3250,117000,VRZ (Croacia),2025-02-10,2025-02-12,,{}
130555,62300,2025-05-08,298000,2,No disponible,298,mabadu448@viajes.cl,Pozuelo de Alarcón,Jerez de la Frontera,43,2431,149000,,2026-04-13,2026-04-14,,{}
145563,,,,,Disponible,0,macrcrlo627@viajes.cl,Cartagena,Cádiz,45,143,45000,Plusmar,2025-05-17,,,{}
149141,,,,,Disponible,0,maelabco272@viajes.cl,San Fernando,Alcalá de Guadaira,92,920,68000,SJ (Suecia),2026-08-01,2026-09-08,,
148835,,,,,Disponible,0,maespa877@viajes.cl,Sabadell,Huelva,26,1598,78000,VR (Finlandia),2026-09-09,2026-11-14,,{}
114758,64416,2025-08-10,302000,2,No disponible,302,mafitr540@viajes.cl,Puertollano,Paterna,10,4300,151000,ŽFBH (Bosnia y Herzegovina),2025-10-18,2025-10-20,,{}
145858,,,,,Disponible,0,malucaru511@viajes.cl,Gijón,Irún,48,3087,181000,Futura,2025-02-08,,,{}
105523,62996,2025-06-01,465000,5,No disponible,465,manali180@viajes.cl,Oviedo,Cuenta,46,1234,93000,Flecha Bus,2026-02-01,2026-02-01,,
117754,63225,2026-06-12,1089000,9,No disponible,1089,manuel8069557@viajes.cl,Marbella,Reus,45,2459,121000,El Rápido Internacional,2026-07-06,2026-07-07,,{}
145613,,,,,Disponible,0,maricarmen6071837@viajes.cl,Rivas-Vaciamadrid,Badajoz,49,1190,188000,Avanza,2026-10-12,,,{}
144102,56137,2025-09-07,192000,3,No disponible,192,mario9200187@viajes.cl,Zaragoza,La Coruña,48,972,64000,Amtrak,2025-11-22,2025-11-22,,{}
149075,,,,,Disponible,0,marisol5505335@viajes.cl,,Sabadell,42,2485,140000,,2025-02-23,2025-06-06,,
145841,,,,,Disponible,0,maroga573@viajes.cl,Ferrol,Coslada,33,888,177000,Greyhound,2026-05-26,,,{}
149343,,,,,Disponible,0,marta9050347@viajes.cl,Cáceres,Almería,40,1335,144000,ZS (Eslovenia),2026-09-16,2026-11-10,,{}
150012,,,,,Disponible,0,martín4667928@viajes.cl,Leganés,Badalona,83,2296,261000,ŽSSK (Eslovaquia),2025-08-09,2025-11-12,,{}
113794,63983,2025-01-29,1104000,8,No disponible,1104,maría5347415@viajes.cl,Getafe,Molina de Segura,44,1409,138000,Monbus,2025-09-11,2025-09-11,,{}
81097,66454,2025-01-04,456000,2,No disponible,456,maría5692273@viajes.cl,Sagunto,Castellón de la Plana,37,4095,228000,ÖBB (Austria),2025-04-27,2025-04-29,,{}
83545,59950,2025-09-09,1141000,7,No disponible,1141,maría574504@viajes.cl,Móstoles,Orense,14,1750,163000,Eurostar,2026-08-23,2026-08-24,,{}
146785,,,,,Disponible,0,maría6183440@viajes.cl,Tarragona,Fuengirola,39,419,65000,FlixBus,2025-07-22,,,{}
85901,61692,2025-09-24,864000,9,No disponible,864,maría6988790@viajes.cl,Avilés,Rubí,44,1506,96000,SJ (Suecia),2026-02-21,2026-02-22,,{}
131905,65109,2025-03-12,160000,5,No disponible,160,maría7665694@viajes.cl,,Valencia,33,924,32000,Thalys,2025-05-25,2025-05-25,,{}
124435,62295,2025-12-11,623000,7,No disponible,623,maría8426631@viajes.cl,Arrecife,Avilés,13,771,89000,NS International,2026-01-10,2026-01-10,,{}
84960,59278,2026-02-06,480000,6,No disponible,480,mayte4540774@viajes.cl,Alcoy,Benalmádena,42,884,80000,Monbus,2026-02-20,2026-02-20,,{}
146049,,,,,Disponible,0,mercedes6680239@viajes.cl,Lérida,Arrecife,36,3444,133000,El Rápido Internacional,2026-05-19,,,{}
103654,62371,2025-02-24,848000,8,No disponible,848,mónica938945@viajes.cl,Molina de Segura,Alcorcón,51,1874,106000,BDZ (Bulgaria),2025-02-28,2025-03-01,,{}
126621,61226,2025-01-08,747000,9,No disponible,747,naalmu963@viajes.cl,Zaragoza,Mollet del Vallés,100,1294,83000,Thalys,2026-02-08,2026-02-08,,
81536,56208,2025-06-02,450000,2,No disponible,450,naseag466@viajes.cl,Santander,Torrevieja,57,2666,225000,DSB (Dinamarca),2026-06-27,2026-06-28,,{}
145083,,,,,Disponible,0,patricia1999310@viajes.cl,Orihuela,Jaén,30,246,24000,Crucero del Norte,2026-06-21,,,{}
130545,62893,2025-05-06,282000,3,No disponible,282,saarca679@viajes.cl,Fuengirola,El Prat de LLobregat,49,415,94000,EME Bus,2025-07-23,2025-07-23,,{}
145240,,,,,Disponible,0,ramiro6881877@viajes.cl,Alcalá de Henares,Telde,34,2327,112000,Turbus,2025-11-24,,,{}
143261,62937,2025-05-18,134000,1,No disponible,134,rebeca3845427@viajes.cl,Alcorcón,,,1249,134000,Via Bariloche,2026-10-08,2026-10-08,,{}
97583,58937,2026-01-30,2988000,6,No disponible,2988,redeto680@viajes.cl,Calahorra,Chiclana de la Frontera,33,4061,498000,ZSSK (Eslovaquia),2026-05-16,2026-05-18,,{}
146576,,,,,Disponible,0,roberto4106967@viajes.cl,Bilbao,Irún,45,2699,165000,Flecha Bus,2025-05-01,,,{}
98476,63084,2025-08-30,522000,9,No disponible,522,rosa1982379@viajes.cl,Mérida,El Puerto de Santa María,46,4108,58000,Omnibus de México,2026-06-19,2026-06-21,,{}
146776,,,,,Disponible,0,sofia428873@viajes.cl,La Línea de la Concepción,Paterna,33,707,131000,Plusmar,2026-10-21,,,{}
103284,58437,2025-04-28,3933000,9,No disponible,3933,sr.3211682@viajes.cl,Ciudad Real,Córdoba,9,4309,437000,Air France,2025-11-04,,,"{Zamora,""Collado Villalba"",Marbella,Estepona}"
87471,63294,2025-01-20,1416000,8,No disponible,1416,sr.3373404@viajes.cl,Pontevedra,Lorca,41,3250,177000,Omnibus de México,2025-02-02,2025-02-04,,{}
95375,61471,2025-01-14,1360000,10,No disponible,1360,sr.4154206@viajes.cl,Alcalá de Guadaira,Cádiz,37,1727,136000,JetSur,2025-01-20,2025-01-21,,{}
145556,,,,,Disponible,0,sr.4977383@viajes.cl,Sevilla,Rubí,46,304,45000,EME Bus,2026-06-07,,,{}
146899,,,,,Disponible,0,sr.9118460@viajes.cl,Telde,Ciudad Real,38,373,58000,Condor Bus,2026-03-07,,,{}
84382,61678,2026-09-18,720000,8,No disponible,720,sra.2991492@viajes.cl,Dos Hermanas,San Sebastián,40,755,90000,Avanza,2026-10-12,2026-10-12,,{}
149167,,,,,Disponible,0,sra.6277717@viajes.cl,Roquetas de Mar,Granada,49,1531,128000,HŽ (Croacia),2025-11-30,2026-02-01,,
113348,64640,2025-01-06,595000,7,No disponible,595,sra.6306248@viajes.cl,Ciudad Real,Estepona,13,1345,85000,RZD (Rusia),2025-01-29,2025-01-29,,{}
132920,65009,2025-04-04,788000,4,No disponible,788,sra.7697392@viajes.cl,Alcoy,Elche,39,2809,197000,Megabus,2025-10-10,2025-10-11,,{}
149127,,,,,Disponible,0,srcegasá733@viajes.cl,Vigo,Irún,20,4231,396000,DSB (Dinamarca),2025-09-15,2026-03-10,,{}
112057,62402,2025-01-22,720000,9,No disponible,720,sressoal326@viajes.cl,Benidorm,Logroño,34,3528,80000,Condor Bus,2025-03-31,2025-04-02,,{}
148004,,,,,Disponible,0,srgebegr871@viajes.cl,Huelva,Ceuta,,3593,107000,Wizz Air,2025-10-13,2026-03-11,Clase ejecutiva,
82301,55762,2025-03-07,2268000,9,No disponible,2268,srjepeur438@viajes.cl,Pozuelo de Alarcón,Motril,,3930,252000,Japan Airlines,2026-06-04,2026-06-06,,"{Madrid,""El Prat de LLobregat"",""El Ejido""}"
122740,58411,2026-05-13,380000,2,No disponible,380,srlusape355@viajes.cl,Chiclana de la Frontera,Viladecans,77,2628,190000,AVE,2026-11-05,2026-11-06,,
149267,,,,,Disponible,0,srmairri729@viajes.cl,Baracaldo,Jerez de la Frontera,83,3087,105000,ZFBH (Bosnia y Herzegovina),2026-03-16,2026-07-22,,{}
130319,59682,2025-02-07,350000,7,No disponible,350,srmaorga483@viajes.cl,Pamplona,Cádiz,50,3981,50000,Megabus,2025-02-13,2025-02-15,,{}
149282,,,,,Disponible,0,srmarete198@viajes.cl,Reus,San Fernando,59,3071,393000,ZS (Eslovenia),2026-08-07,2026-12-12,,{}
133640,60246,2025-11-16,1520000,10,No disponible,1520,srmirulo137@viajes.cl,Arrecife,Madrid,34,4184,152000,Buses Nilahue,2025-12-18,2025-12-20,,{}
146709,,,,,Disponible,0,srruvali274@viajes.cl,Calahorra,Granada,,3637,78000,Buses Romani,2025-06-22,,,{}
144240,62426,2025-04-01,405000,5,No disponible,405,srvefrap151@viajes.cl,Vitoria,Cartagena,52,2210,81000,CP (Portugal),2025-10-03,2025-10-04,,{}
145076,,,,,Disponible,0,sta.1573811@viajes.cl,Guadalajara,Lorca,42,891,63000,Megabus,2026-09-26,,,{}
100659,62011,2025-12-25,645000,3,No disponible,645,sta.1662174@viajes.cl,Santander,Majadahonda,22,2432,215000,ZSSK (Eslovaquia),2026-07-22,2026-07-23,,{}
111156,62760,2025-12-02,189000,3,No disponible,189,sta.7373654@viajes.cl,Palencia,Mollet del Vallés,37,3815,63000,Avanza,2025-12-13,2025-12-15,,{}
94458,62840,2025-04-17,924000,7,No disponible,924,sta.7698525@viajes.cl,Leganés,Ferrol,42,2055,132000,Via Bariloche,2025-06-30,2025-07-01,,{}
149910,,,,,Disponible,0,sta.9052328@viajes.cl,,Salamanca,40,2589,111000,NSB (Noruega),2025-03-21,2025-07-06,,{}
125129,60923,2025-01-20,141000,1,No disponible,141,stanbusa280@viajes.cl,Cádiz,Palma de Mallorca,40,973,141000,Buses Bio Bio,2025-01-28,2025-01-28,,{}
84932,61875,2026-03-02,582000,6,No disponible,582,starmeca579@viajes.cl,Algeciras,Talavera de la Reina,49,2175,97000,Condor Bus,2026-06-30,2026-07-01,,{}
89880,55754,2025-03-02,1160000,10,No disponible,1160,stelpial415@viajes.cl,Alcalá de Henares,Ponferrada,39,2678,116000,Crucero del Norte,2025-04-12,2025-04-13,,{}
131518,61592,2026-01-04,162000,9,No disponible,162,stgrvivi934@viajes.cl,Alcalá de Henares,La Línea de la Concepción,13,221,18000,Qantas,2026-04-26,2026-04-26,,{}
148897,,,,,Disponible,0,stmaarsa493@viajes.cl,Estepona,Santander,90,1436,70000,Italo,2026-03-17,2026-05-15,,{}
132026,61798,2026-04-22,540000,9,No disponible,540,stmapubé533@viajes.cl,Manresa,Pamplona,52,881,60000,Trenitalia,2026-09-10,2026-09-10,,{}
78501,57752,2025-01-25,2367000,9,No disponible,2367,stniniba272@viajes.cl,Santa Coloma de Gramanet,Las Palmas de Gran Canaria,43,3168,263000,ZS (Eslovenia),2025-05-16,2025-05-18,,{}
146321,,,,,Disponible,0,stvifogu269@viajes.cl,Cádiz,Almería,33,2604,142000,Greyhound,2026-01-15,,,{}
137761,59556,2025-04-07,595000,5,No disponible,595,stóspaab867@viajes.cl,Bilbao,Manresa,48,1678,119000,,2025-04-09,2025-04-10,,{}
93864,58464,2025-07-03,560000,8,No disponible,560,sumeto102@viajes.cl,,Manresa,33,2773,70000,Plusmar,2026-01-06,2026-01-07,,{}
142009,61004,2025-03-11,414000,3,No disponible,414,teresa812759@viajes.cl,Granada,La Línea de la Concepción,37,2017,138000,Futura,2025-07-25,2025-07-26,,{}
138889,64602,2025-01-23,1750000,10,No disponible,1750,tináar395@viajes.cl,Viladecans,,36,1270,175000,Condor Bus,2025-03-12,2025-03-12,,{}
145151,,,,,Disponible,0,tovami921@viajes.cl,Lérida,León,49,1574,120000,Buses Nilahue,2025-10-23,,,{}
94376,66161,2025-03-17,968000,8,No disponible,968,victoria904873@viajes.cl,San Cristróbal de la Laguna,Puertollano,53,990,121000,NSB (Noruega),2025-06-28,2025-06-28,,{}
131002,59697,2025-07-25,1182000,6,No disponible,1182,viríca811@viajes.cl,Oviedo,El Prat de LLobregat,42,3219,197000,Condor Bus,2026-07-26,,,{}
149214,,,,,Disponible,0,vivemo487@viajes.cl,Telde,Cartagena,50,3105,114000,ŽFBH (Bosnia y Herzegovina),2025-02-04,2025-06-13,,{}
149385,,,,,Disponible,0,ángaga278@viajes.cl,Palencia,Barcelona,57,128,68000,CFR (Rumania),2025-05-06,2025-05-11,,{}
149045,,,,,Disponible,0,óscar8305124@viajes.cl,Valdemoro,Elche,33,3270,382000,ZFBH (Bosnia y Herzegovina),2025-12-27,2026-05-12,,{}
85876,61081,2025-01-02,904000,8,No disponible,904,óscoes804@viajes.cl,Tarragona,Guadalajara,35,2096,113000,HŽ (Croacia),2025-01-05,2025-01-06,,{}
101508,62148,2025-01-22,1316000,7,No disponible,1316,ósfrse369@viajes.cl,Segovia,Córdoba,30,2238,188000,ZFBH (Bosnia y Herzegovina),2025-04-15,2025-04-16,,{}
107762,65379,2025-01-11,1386000,7,No disponible,1386,Albertoybarra929@viajes.cl,San Cristróbal de la Laguna,Gerona,61,303,198000,HŽ (Croacia),2025-02-17,2025-02-17,,{}
84396,61486,2025-05-28,304000,8,No disponible,304,Alejandraleyva742@viajes.cl,Puertollano,La Línea de la Concepción,43,152,38000,Socibus,2025-07-29,2025-07-29,,
146428,,,,,Disponible,0,Alfonsozarate453@viajes.cl,Hospitalet de LLobregat,El Puerto de Santa María,35,3363,114000,Futura,2026-10-30,,,{}
109400,59561,2025-06-29,480000,6,No disponible,480,Anamanzanares596@viajes.cl,Irún,Logroño,41,565,80000,Megabus,2025-11-10,2025-11-10,,{}
129197,61056,2026-05-08,148000,1,No disponible,148,Anatoro616@viajes.cl,Orihuela,Alcalá de Henares,,3116,148000,ETN Turistar,2026-09-22,2026-09-24,,{}
143558,57750,2025-11-23,390000,2,No disponible,390,Armandocarranza316@viajes.cl,Albacete,Inca,,927,195000,Pullman Bus,2026-04-10,2026-04-10,,{}
146508,,,,,Disponible,0,Bernardoarias154@viajes.cl,Cáceres,Murcia,36,3214,100000,Buses Nilahue,2025-05-15,,,{}
145015,,,,,Disponible,0,Blancagarica831@viajes.cl,Badajoz,Paterna,40,3609,198000,Buses Ahumada,2025-10-16,,,{}
117278,59333,2025-08-07,160000,5,No disponible,160,Carlosgollum406@viajes.cl,Fuengirola,Zamora,26,535,32000,NS International,2026-02-06,,,{}
83552,62440,2025-01-03,1270000,10,No disponible,1270,Carolinabaca615@viajes.cl,,Vigo,,2091,127000,ÖBB (Austria),2025-02-04,2025-02-05,,{}
90412,58814,2025-01-02,522000,6,No disponible,522,Danielpáez646@viajes.cl,Gijón,Granada,3,192,87000,ŽFBH (Bosnia y Herzegovina),2026-02-21,2026-02-21,,{}
94667,60531,2025-01-03,788000,4,No disponible,788,Emilioarreola638@viajes.cl,Manresa,Bilbao,37,2638,197000,Monbus,2025-01-07,2025-01-08,,
146412,,,,,Disponible,0,Ernestoalcaraz354@viajes.cl,Almería,Palma de Mallorca,47,239,27000,Turbus,2026-04-23,,,{}
122207,62013,2025-02-10,756000,6,No disponible,756,Esperanzaatencio335@viajes.cl,Cuenta,,40,1376,126000,Primera Plus,2025-09-11,2025-09-11,,{}
80178,59415,2025-08-22,805000,5,No disponible,805,Evaalejandro533@viajes.cl,Lorca,Santa Lucía de Tirajana,,2772,161000,EME Bus,2026-07-06,2026-07-07,,{}
112013,58457,2025-02-14,61000,1,No disponible,61,Evarendón524@viajes.cl,Mataró,Sagunto,33,3759,61000,FlixBus,2025-12-27,2025-12-29,,{}
144135,63012,2025-02-02,430000,5,No disponible,430,Federicogálvez952@viajes.cl,San Sebastían de los Reyes,Irún,44,3221,86000,JetSur,2025-07-21,2025-07-23,,{}
149226,,,,,Disponible,0,Feliperojo857@viajes.cl,,Madrid,1,1096,67000,Amtrak,2025-01-12,2025-02-26,,{}
91898,63206,2025-05-11,792000,8,No disponible,792,Felipesegovia888@viajes.cl,Puertollano,Santa Coloma de Gramanet,34,3245,99000,EME Bus,2025-05-26,2025-05-28,,
146134,,,,,Disponible,0,Gabrielahidalgo828@viajes.cl,Las Palmas de Gran Canaria,Santa Cruz de Tenerife,43,1632,88000,Via Bariloche,2026-01-18,,,{}
80376,58400,2025-04-21,224000,2,No disponible,224,Guillerminacerda636@viajes.cl,San Cristróbal de la Laguna,Manresa,76,1854,112000,RZD (Rusia),2025-12-08,2025-12-09,,{}
149475,,,,,Disponible,0,Guillermoolivares662@viajes.cl,Alcoy,Gandía,14,1180,59000,NSB (Noruega),2026-07-10,2026-08-28,,{}
125480,66465,2025-04-03,2338000,7,No disponible,2338,Inésmejía800@viajes.cl,Salamanca,Tarragona,64,3118,334000,CFR (Rumania),2025-04-29,2025-05-01,,{}
105150,65145,2025-03-05,222000,3,No disponible,222,Josébañuelos691@viajes.cl,Manresa,San Fernando,32,562,74000,SBB (Suiza),2026-04-09,2026-04-09,,{}
145100,,,,,Disponible,0,Joséruiz932@viajes.cl,El Prat de LLobregat,Torremolinos,35,2673,193000,Megabus,2025-01-30,,,{}
127495,65518,2025-08-01,738000,6,No disponible,738,Juanorozco540@viajes.cl,Baracaldo,Santa Coloma de Gramanet,43,1184,123000,Primera Plus,2025-10-25,2025-10-25,,{}
107919,58449,2025-07-09,172000,2,No disponible,172,Juliapelayo134@viajes.cl,Santa Coloma de Gramanet,Manresa,32,2334,86000,,2025-07-31,2025-08-01,,{}
121519,59314,2026-01-24,1470000,10,No disponible,1470,Juliogarica923@viajes.cl,Alcorcón,Algeciras,,1393,147000,Andesmar,2026-10-10,2026-10-10,,{}
148933,,,,,Disponible,0,Leonorlira295@viajes.cl,Fuengirola,Pontevedra,91,3688,380000,ZSSK (Eslovaquia),2025-09-28,2026-02-28,,{}
131145,60933,2025-01-19,1805000,5,No disponible,1805,Luciacasillas408@viajes.cl,Torrelavega,Ferrol,30,2990,361000,Qatar Airways,2025-03-11,2025-03-13,,"{Córdoba,""Jerez de la Frontera"",Sagunto}"
78422,63299,2025-02-02,1064000,8,No disponible,1064,Magdalenacasanova305@viajes.cl,Santa Lucía de Tirajana,Alcalá de Guadaira,43,1102,133000,Via Bariloche,2026-08-29,2026-08-29,,{}
149128,,,,,Disponible,0,Marcosledesma340@viajes.cl,Las Palmas de Gran Canaria,Coslada,77,2296,237000,Eurostar,2026-05-05,2026-08-08,,{}
79973,65502,2025-05-09,1030000,10,No disponible,1030,Marcosmadera742@viajes.cl,Leganés,Benalmádena,93,2283,103000,Amtrak,2026-08-15,2026-08-16,,
146687,,,,,Disponible,0,Maricarmenbahena434@viajes.cl,Sanlúcar de Barrameda,Puertollano,30,3274,129000,Primera Plus,2026-10-05,,,{}
142456,65341,2026-06-23,264000,8,No disponible,264,Martínesquibel775@viajes.cl,Linares,Fuengirola,43,181,33000,Monbus,2026-07-03,2026-07-03,,{}
86885,65709,2025-07-27,950000,10,No disponible,950,Maríacarreón854@viajes.cl,Tarragona,Barcelona,41,398,95000,JetSur,2026-08-03,2026-08-03,,{}
148371,,,,,Disponible,0,Maríacastro464@viajes.cl,Torrejón de Ardoz,Logroño,94,2769,208000,Wizz Air,2025-08-08,2025-12-01,,{Huelva}
118521,59229,2026-09-12,752000,8,No disponible,752,Maríacavazos182@viajes.cl,Cádiz,Lugo,81,166,94000,United Airlines,2026-11-27,2026-11-27,,{}
93677,66319,2025-01-02,4482000,9,No disponible,4482,Maríaespinoza975@viajes.cl,Torremolinos,Jaén,63,4102,498000,SBB (Suiza),2025-02-16,2025-02-18,,{}
88336,65278,2025-02-21,740000,10,No disponible,740,Maríafeliciano394@viajes.cl,El Ejido,Viladecans,18,561,74000,Ethiopian Airlines,2025-11-12,2025-11-12,,{}
145064,,,,,Disponible,0,Maríamarroquín192@viajes.cl,,Getafe,31,1758,168000,Socibus,2025-10-07,,,{}
108943,60737,2026-01-24,83000,1,No disponible,83,Maríarendón440@viajes.cl,La Línea de la Concepción,Bilbao,44,1132,83000,ETN Turistar,2026-10-04,2026-10-04,,{}
85644,61912,2025-07-27,1060000,10,No disponible,1060,Mateocollado527@viajes.cl,Orense,Guadalajara,45,3813,106000,,2026-11-06,2026-11-08,,{}
120576,65042,2025-05-23,171000,3,No disponible,171,Mercedesgalindo223@viajes.cl,Santiago de Compostela,,46,1815,57000,Omnibus de México,2026-01-13,2026-01-14,,{}
89794,62411,2025-02-03,169000,1,No disponible,169,Mónicavalles477@viajes.cl,Collado Villalba,Mijas,49,1685,169000,Via Bariloche,2025-04-20,2025-04-21,,{}
117865,66341,2025-03-26,1665000,9,No disponible,1665,Patriciaadame600@viajes.cl,Gerona,Avilés,40,4089,185000,Futura,2025-12-19,2025-12-21,,{}
114473,58163,2025-07-14,38000,2,No disponible,38,Patriciahuerta665@viajes.cl,Sagunto,Alcorcón,54,227,19000,NSB (Noruega),2026-11-30,2026-11-30,,{}
122229,58882,2025-04-03,126000,3,No disponible,126,Ramónjurado680@viajes.cl,Sanlúcar de Barrameda,Getafe,43,980,42000,DSB (Dinamarca),2026-02-12,2026-02-12,,{}
148438,,,,,Disponible,0,Ramónverduzco522@viajes.cl,El Prat de LLobregat,Cuenta,78,874,69000,EasyJet,2025-09-12,2025-10-18,,"{Baracaldo,Toledo,Palencia}"
145753,,,,,Disponible,0,Reinacollado243@viajes.cl,,Pontevedra,33,1867,80000,Chevallier,2025-12-27,,,{}
140532,59732,2025-01-28,882000,9,No disponible,882,Robertodomínquez641@viajes.cl,Coslada,Segovia,39,2898,98000,,2025-02-15,2025-02-17,,{}
101124,57126,2025-09-24,796000,4,No disponible,796,Santiagosolorzano537@viajes.cl,Ávila,Dos Hermanas,34,3825,199000,Primera Plus,2025-10-01,2025-10-03,,{}
146382,,,,,Disponible,0,Soniamonroy754@viajes.cl,Vigo,Palma de Mallorca,32,322,55000,Condor Bus,2025-01-27,,,{}
95469,61163,2025-09-16,283000,1,No disponible,283,Sr.carrera886@viajes.cl,Gandía,Santiago de Compostela,100,2341,283000,BDZ (Bulgaria),2025-11-16,2025-11-17,,{}
128476,61632,2025-04-25,2352000,7,No disponible,2352,Sr.ceja795@viajes.cl,Gijón,Rivas-Vaciamadrid,13,4169,336000,DSB (Dinamarca),2025-09-27,2025-09-29,,
149566,,,,,Disponible,0,Sr.soliz253@viajes.cl,Palencia,Leganés,43,3333,226000,Nederlandse Sp,2026-01-10,2026-05-28,,{}
131950,60687,2025-12-17,1280000,10,No disponible,1280,Sr.treviño590@viajes.cl,Gandía,San Sebastían de los Reyes,79,1347,128000,NSB (Noruega),2026-05-12,2026-05-12,,{}
141079,61237,2025-01-28,2000000,10,No disponible,2000,Sr.valencia152@viajes.cl,Manresa,El Puerto de Santa María,42,3811,200000,JetSur,2026-04-21,2026-04-23,,{}
146250,,,,,Disponible,0,Sr.vega194@viajes.cl,Elche,Fuengirola,39,2965,181000,Buses Nilahue,2026-10-28,,,{}
145921,,,,,Disponible,0,Sra.peralta519@viajes.cl,Torrevieja,Santa Coloma de Gramanet,43,2678,95000,Chevallier,2025-08-13,,,{}
89620,66204,2025-05-26,1104000,6,No disponible,1104,Sra.rosado549@viajes.cl,Sabadell,Valladolid,47,1657,184000,Via Bariloche,2025-11-30,2025-12-01,,{}
98421,60425,2026-10-23,1010000,10,No disponible,1010,Sta.bueno636@viajes.cl,Tarragona,Cornellá de Llobregat,74,3150,101000,ŽFBH (Bosnia y Herzegovina),2026-11-20,2026-11-22,,{}
87083,61117,2025-06-20,696000,4,No disponible,696,Sta.covarrubias900@viajes.cl,San Sebastián,Gandía,37,998,174000,Buses Romani,2025-07-17,2025-07-17,,
88276,59179,2025-03-03,993000,3,No disponible,993,Sta.valdez219@viajes.cl,,Cartagena,65,3918,331000,ZFBH (Bosnia y Herzegovina),2026-07-14,2026-07-16,,{}
128597,64766,2025-11-27,1600000,8,No disponible,1600,Teodoropáez479@viajes.cl,Getafe,Cáceres,41,321,200000,Japan Airlines,2026-09-11,2026-09-11,Clase ejecutiva,
145729,,,,,Disponible,0,Timoteodomínguez465@viajes.cl,,San Sebastían de los Reyes,43,2153,94000,BoltBus,2026-05-25,,,{}
149590,,,,,Disponible,0,Timoteomercado843@viajes.cl,Huelva,Salamanca,20,1489,108000,Italo,2025-05-06,2025-07-07,,{}
144647,,,,,Disponible,0,Vicenteaponte297@viajes.cl,Zaragoza,Alcorcón,40,772,184000,Primera Plus,2025-02-25,,,{}
112894,59966,2025-04-17,690000,6,No disponible,690,adela7317294@viajes.cl,Ferrol,Benidorm,32,2234,115000,Primera Plus,2026-02-18,,,{}
94217,59829,2025-01-01,465000,5,No disponible,465,agroco155@viajes.cl,Jaén,,40,1203,93000,ETN Turistar,2025-06-04,2025-06-04,,{}
92143,55580,2026-07-26,900000,9,No disponible,900,alagsa402@viajes.cl,Mérida,Tarrasa,39,2228,100000,Avanza,2026-10-04,2026-10-05,,{}
122614,61821,2025-08-08,621000,9,No disponible,621,alfredo2747745@viajes.cl,,Zamora,34,1812,69000,Omnibus de México,2026-07-26,2026-07-27,,{}
129978,59603,2025-03-28,1134000,6,No disponible,1134,ana252565@viajes.cl,Córdoba,Zamora,43,820,189000,Chevallier,2025-08-27,2025-08-27,,{}
103594,60407,2025-04-28,1242000,9,No disponible,1242,ana8819821@viajes.cl,,Ávila,39,4244,138000,Primera Plus,2025-09-12,2025-09-14,,{}
146631,,,,,Disponible,0,andrea6328405@viajes.cl,Sevilla,La Coruña,30,2540,163000,Omnibus de México,2026-08-25,,,{}
140460,61690,2025-08-29,805000,7,No disponible,805,andrés6545340@viajes.cl,Las Palmas de Gran Canaria,Arrecife,45,736,115000,NS International,2025-09-02,2025-09-02,,{}
120746,62826,2025-05-19,1712000,8,No disponible,1712,angaal636@viajes.cl,Málaga,Gecho,,4074,214000,ZS (Eslovenia),2026-10-27,2026-10-29,,{}
146387,,,,,Disponible,0,anmagamo784@viajes.cl,Orihuela,Telde,37,2757,131000,Avanza,2026-09-26,,,{}
119229,59348,2025-09-05,432000,3,No disponible,432,antonio6276571@viajes.cl,Tarragona,La Coruña,62,534,144000,Amtrak,2026-01-07,2026-01-07,,{}
105090,60075,2025-04-30,220000,10,No disponible,220,ariadna2612725@viajes.cl,Parla,Elda,85,675,22000,CD (República Checa),2026-01-29,,,{}
126383,61598,2025-01-15,985000,5,No disponible,985,bedíca294@viajes.cl,Barcelona,Puertollano,44,3286,197000,Chevallier,2025-01-17,2025-01-19,,{}
104101,60157,2025-01-15,616000,4,No disponible,616,bernardo5359194@viajes.cl,Madrid,El Prat de LLobregat,40,3784,154000,FlixBus,2025-03-04,2025-03-06,,{}
143274,62851,2025-03-21,72000,1,No disponible,72,cafiga949@viajes.cl,Jerez de la Frontera,Ferrol,36,3033,72000,El Rápido Internacional,2026-01-10,2026-01-12,,{}
104534,65217,2025-04-15,1164000,6,No disponible,1164,cagasa796@viajes.cl,Torrejón de Ardoz,Santa Cruz de Tenerife,,1534,194000,,2025-06-22,2025-06-23,,{}
101132,57126,2025-03-06,704000,4,No disponible,704,carmen9290607@viajes.cl,Gandía,Albacete,48,2420,176000,Alsa,2025-10-11,,,{}
148249,,,,,Disponible,0,caroba415@viajes.cl,Palma de Mallorca,Valencia,51,560,31000,JetBlue,2026-11-02,2026-11-25,Clase económica,
101275,57109,2025-01-17,64000,1,No disponible,64,cecilia2523556@viajes.cl,Valencia,Benidorm,44,2698,64000,ADO,2025-02-08,2025-02-09,,{}
135428,62764,2025-03-16,852000,3,No disponible,852,cehega692@viajes.cl,Alcorcón,Viladecans,,2318,284000,BDZ (Bulgaria),2026-02-25,2026-02-26,,{}
146025,,,,,Disponible,0,clhisa286@viajes.cl,Paterna,Cerdañola del Vallés,33,3008,82000,Omnibus de México,2026-05-14,,,{}
105013,58163,2025-11-15,358000,2,No disponible,358,clmeni227@viajes.cl,Huelva,San Sebastían de los Reyes,38,3597,179000,AVE,2026-02-10,2026-02-12,,{}
112341,58006,2025-01-13,978000,6,No disponible,978,clsepi736@viajes.cl,Zamora,Gandía,30,1839,163000,EME Bus,2025-07-25,2025-07-26,,{}
89532,65591,2025-03-15,495000,9,No disponible,495,concepción766750@viajes.cl,Sanlúcar de Barrameda,Inca,40,2761,55000,Flecha Bus,2025-04-01,2025-04-02,,{}
101567,64429,2025-03-19,1160000,10,No disponible,1160,cralfa791@viajes.cl,El Prat de LLobregat,Bilbao,67,1789,116000,CD (República Checa),2025-08-22,2025-08-23,,{}
133303,58220,2025-04-04,910000,7,No disponible,910,cristobal780844@viajes.cl,Rubí,Sabadell,,2104,130000,Greyhound,2025-11-26,2025-11-27,,{}
82493,65063,2025-01-10,186000,2,No disponible,186,cérade760@viajes.cl,Irún,Arrecife,44,2614,93000,Damas,2025-02-11,2025-02-12,,{}
105106,59900,2025-02-26,972000,9,No disponible,972,david2434538@viajes.cl,Manresa,Ponferrada,39,3242,108000,Greyhound,2026-09-01,2026-09-03,,{}
149844,,,,,Disponible,0,diego1376309@viajes.cl,Dos Hermanas,Palma de Mallorca,21,729,78000,Renfe,2025-08-20,,,{}
84836,62172,2025-08-15,170000,5,No disponible,170,doabes349@viajes.cl,Murcia,Ceuta,47,207,34000,El Rápido Internacional,2026-01-18,2026-01-18,,{}
150003,,,,,Disponible,0,dolores6875267@viajes.cl,San Sebastián,Fuenlabrada,,3297,388000,ZSSK (Eslovaquia),2025-03-16,2025-07-31,,{}
144115,60468,2025-02-01,1705000,5,No disponible,1705,dorotea3969297@viajes.cl,Murcia,Cáceres,26,3928,341000,ŽSSK (Eslovaquia),2025-02-28,2025-03-02,,{}
146300,,,,,Disponible,0,eladfi277@viajes.cl,Paterna,Gijón,47,2100,112000,Alsa,2026-01-28,,,
102040,61278,2025-05-22,1116000,6,No disponible,1116,elisa6574220@viajes.cl,El Puerto de Santa María,Irún,37,3657,186000,Flecha Bus,2025-11-15,2025-11-17,,{}
110984,57498,2025-02-12,668000,4,No disponible,668,elmape385@viajes.cl,Molina de Segura,Santander,10,3836,167000,SBB (Suiza),2025-05-05,2025-05-07,,{}
104535,65217,2025-04-10,1476000,6,No disponible,1476,eloisa1741681@viajes.cl,Santa Cruz de Tenerife,Badalona,43,2878,246000,ZSSK (Eslovaquia),2025-06-23,,,{}
89000,55759,2025-01-02,528000,3,No disponible,528,elvira1368217@viajes.cl,Talavera de la Reina,La Coruña,48,3970,176000,Buses Nilahue,2025-01-05,2025-01-07,,{}
78861,62038,2025-10-12,255000,5,No disponible,255,emilio7599770@viajes.cl,Molina de Segura,Orihuela,,1939,51000,Estrella Roja,2026-05-16,2026-05-17,,
129172,61441,2025-02-17,459000,9,No disponible,459,ersave294@viajes.cl,Inca,Cornellá de Llobregat,17,1442,51000,Eurostar,2025-03-11,2025-03-12,,{}
89458,64421,2025-02-18,1288000,8,No disponible,1288,estela8832682@viajes.cl,Granollers,Córdoba,88,2210,161000,RZD (Rusia),2025-05-22,2025-05-23,,{}
87949,58558,2025-04-27,516000,3,No disponible,516,ester3534754@viajes.cl,,Castellón de la Plana,49,2496,172000,Alsa,2026-08-20,2026-08-21,,{}
114776,64830,2025-12-13,924000,6,No disponible,924,fesapé914@viajes.cl,Alcalá de Guadaira,Badalona,39,1046,154000,JetSur,2026-06-30,2026-06-30,,
149986,,,,,Disponible,0,francisco4781858@viajes.cl,Sagunto,Parla,,3656,436000,ÖBB (Austria),2025-06-29,2025-11-28,,{}
79916,59189,2025-02-16,371000,7,No disponible,371,gazaoj875@viajes.cl,Estepona,Barcelona,40,2043,53000,ETN Turistar,2025-10-14,2025-10-15,,{}
121471,62242,2025-01-21,1130000,10,No disponible,1130,gemodo459@viajes.cl,Mataró,Hospitalet de LLobregat,,1514,113000,ZSSK (Eslovaquia),2025-04-05,2025-04-06,,{}
85842,60892,2025-07-03,910000,5,No disponible,910,germán7240829@viajes.cl,Linares,Mataró,3,3427,182000,SJ (Suecia),2025-10-08,2025-10-10,,{}
142174,63015,2025-01-01,72000,1,No disponible,72,graciela7587437@viajes.cl,Valdemoro,Pamplona,25,1638,72000,CD (República Checa),2025-02-02,2025-02-03,,{}
109570,57856,2025-03-12,588000,7,No disponible,588,hehemo531@viajes.cl,Estepona,,,1777,84000,VR (Finlandia),2025-10-30,,,{}
93201,65944,2025-04-22,1062000,9,No disponible,1062,hoarfe244@viajes.cl,Toledo,Salamanca,50,2232,118000,Amtrak,2026-06-05,2026-06-06,,{}
93488,62032,2025-03-31,452000,4,No disponible,452,homero3729848@viajes.cl,Torremolinos,Lérida,46,1905,113000,Megabus,2026-03-19,2026-03-20,,{}
88913,56953,2026-10-02,171000,3,No disponible,171,huprar955@viajes.cl,Badalona,Mijas,48,837,57000,,2026-11-08,2026-11-08,,{}
146411,,,,,Disponible,0,inés1671557@viajes.cl,,Gecho,42,2234,65000,El Rápido Internacional,2025-07-27,,,{}
125322,61121,2025-07-23,1737000,9,No disponible,1737,inés5019540@viajes.cl,Torrevieja,Valladolid,30,3686,193000,Estrella Roja,2025-09-05,2025-09-07,,{}
144959,,,,,Disponible,0,irene2022687@viajes.cl,Madrid,Valladolid,37,3146,76000,Estrella Roja,2026-08-08,,,{}
97658,55681,2025-04-11,1088000,8,No disponible,1088,isabela200738@viajes.cl,Sabadell,Segovia,46,1440,136000,Plusmar,2026-07-06,2026-07-07,,{}
100581,60101,2025-03-13,798000,3,No disponible,798,iscamo240@viajes.cl,Elda,Tarragona,97,3278,266000,ZFBH (Bosnia y Herzegovina),2026-06-10,2026-06-12,,{}
98946,63836,2025-03-26,1080000,10,No disponible,1080,japasa758@viajes.cl,Murcia,Dos Hermanas,35,1187,108000,HŽ (Croacia),2026-05-05,,,{}
81340,64518,2025-04-28,1290000,10,No disponible,1290,joaquín6062886@viajes.cl,Arrecife,,75,413,129000,DSB (Dinamarca),2025-06-20,,,{}
128823,65701,2025-10-25,528000,6,No disponible,528,joaquín8251348@viajes.cl,Logroño,Coslada,42,4177,88000,Turbus,2026-04-03,2026-04-05,,{}
83911,56977,2025-05-09,792000,9,No disponible,792,jomaocoq384@viajes.cl,Alicante,Badalona,49,4190,88000,FlixBus,2025-05-28,,,{}
113772,60026,2025-01-21,1305000,9,No disponible,1305,jorge3732696@viajes.cl,Fuengirola,Estepona,,4056,145000,EME Bus,2025-08-22,2025-08-24,,{}
146861,,,,,Disponible,0,jorge4122526@viajes.cl,Gecho,La Coruña,31,1741,57000,Greyhound,2026-09-05,,,{}
142737,64524,2025-02-28,936000,6,No disponible,936,jorge8870623@viajes.cl,Marbella,Cornellá de Llobregat,53,4196,156000,Renfe,2026-03-06,2026-03-08,,{}
91626,61829,2025-04-12,128000,2,No disponible,128,josé1588166@viajes.cl,Fuenlabrada,,48,3783,64000,FlixBus,2026-03-11,2026-03-13,,{}
131564,62278,2025-02-26,805000,5,No disponible,805,josé4375225@viajes.cl,Talavera de la Reina,Valdemoro,51,4117,161000,TGV (SNCF),2025-12-01,2025-12-03,,{}
148882,,,,,Disponible,0,joulbe128@viajes.cl,Reus,Alcalá de Guadaira,91,2364,163000,HŽ (Croacia),2026-09-24,2026-12-31,,{}
132919,65009,2025-01-23,72000,4,No disponible,72,julia1347590@viajes.cl,Logroño,Alcoy,46,209,18000,Flecha Bus,2025-10-10,2025-10-10,,
124235,59621,2025-02-21,560000,5,No disponible,560,laura4786649@viajes.cl,Salamanca,Segovia,47,758,112000,Futura,2025-03-25,2025-03-25,,{}
146968,,,,,Disponible,0,lehiqu538@viajes.cl,San Fernando,Badajoz,52,2208,140000,Air France,2025-06-10,2025-09-10,,{Mijas}
86265,61683,2025-01-05,2570000,10,No disponible,2570,leluma183@viajes.cl,Segovia,Toledo,62,2273,257000,Renfe,2025-02-21,2025-02-22,,{}
123079,55600,2025-06-20,214000,2,No disponible,214,lesama482@viajes.cl,Granollers,Cerdañola del Vallés,45,3832,107000,Omnibus de México,2026-08-28,2026-08-30,,{}
79318,61525,2025-03-17,1485000,9,No disponible,1485,lirolo275@viajes.cl,,Majadahonda,,680,165000,FlixBus,2025-03-30,,,{}
130677,63811,2025-02-26,324000,1,No disponible,324,loalza265@viajes.cl,Elda,Estepona,7,3742,324000,CFR (Rumania),2026-07-23,2026-07-25,,{}
145953,,,,,Disponible,0,loecca129@viajes.cl,Alcoy,León,31,3212,111000,Turbus,2025-01-11,,,{}
143092,58293,2025-03-15,1296000,8,No disponible,1296,lola2604830@viajes.cl,Gerona,Gerona,40,1310,162000,Buses Romani,2026-04-06,2026-04-06,,{}
96820,61576,2026-05-26,1722000,6,No disponible,1722,lomato408@viajes.cl,Manresa,Orihuela,39,3650,287000,NS International,2026-06-04,,,{}
149390,,,,,Disponible,0,lucas4005174@viajes.cl,Pontevedra,Vitoria,63,1291,132000,SBB (Suiza),2025-07-01,2025-08-23,,{}
134351,60238,2025-07-10,152000,2,No disponible,152,luenhe662@viajes.cl,Linares,Molina de Segura,51,2147,76000,BDZ (Bulgaria),2026-02-07,,,{}
146557,,,,,Disponible,0,luulva107@viajes.cl,Marbella,Cáceres,46,2418,126000,Plusmar,2025-05-30,,,{}
125381,62447,2025-01-30,214000,1,No disponible,214,luvade652@viajes.cl,Viladecans,Viladecans,97,3673,214000,SNCB (Bélgica),2026-01-13,2026-01-15,,{}
145822,,,,,Disponible,0,luzaja127@viajes.cl,Alcalá de Guadaira,Puertollano,38,672,188000,EME Bus,2025-01-14,,,{}
147684,,,,,Disponible,0,maancare777@viajes.cl,Molina de Segura,Salamanca,87,2931,119000,Aeroméxico,2025-06-19,2025-10-19,Clase ejecutiva,
145029,,,,,Disponible,0,maanordean108@viajes.cl,Cornellá de Llobregat,Jerez de la Frontera,47,656,170000,BoltBus,2025-11-25,,,{}
83558,62440,2025-01-05,1170000,10,No disponible,1170,maanvaju254@viajes.cl,Vigo,Rubí,64,3250,117000,VRZ (Croacia),2025-02-10,2025-02-12,,{}
130555,62300,2025-05-08,298000,2,No disponible,298,mabadu448@viajes.cl,Pozuelo de Alarcón,Jerez de la Frontera,43,2431,149000,,2026-04-13,2026-04-14,,{}
145563,,,,,Disponible,0,macrcrlo627@viajes.cl,Cartagena,Cádiz,45,143,45000,Plusmar,2025-05-17,,,{}
149141,,,,,Disponible,0,maelabco272@viajes.cl,San Fernando,Alcalá de Guadaira,92,920,68000,SJ (Suecia),2026-08-01,2026-09-08,,
148835,,,,,Disponible,0,maespa877@viajes.cl,Sabadell,Huelva,26,1598,78000,VR (Finlandia),2026-09-09,2026-11-14,,{}
114758,64416,2025-08-10,302000,2,No disponible,302,mafitr540@viajes.cl,Puertollano,Paterna,10,4300,151000,ŽFBH (Bosnia y Herzegovina),2025-10-18,2025-10-20,,{}
145858,,,,,Disponible,0,malucaru511@viajes.cl,Gijón,Irún,48,3087,181000,Futura,2025-02-08,,,{}
105523,62996,2025-06-01,465000,5,No disponible,465,manali180@viajes.cl,Oviedo,Cuenta,46,1234,93000,Flecha Bus,2026-02-01,2026-02-01,,
117754,63225,2026-06-12,1089000,9,No disponible,1089,manuel8069557@viajes.cl,Marbella,Reus,45,2459,121000,El Rápido Internacional,2026-07-06,2026-07-07,,{}
145613,,,,,Disponible,0,maricarmen6071837@viajes.cl,Rivas-Vaciamadrid,Badajoz,49,1190,188000,Avanza,2026-10-12,,,{}
144102,56137,2025-09-07,192000,3,No disponible,192,mario9200187@viajes.cl,Zaragoza,La Coruña,48,972,64000,Amtrak,2025-11-22,2025-11-22,,{}
149075,,,,,Disponible,0,marisol5505335@viajes.cl,,Sabadell,42,2485,140000,,2025-02-23,2025-06-06,,
145841,,,,,Disponible,0,maroga573@viajes.cl,Ferrol,Coslada,33,888,177000,Greyhound,2026-05-26,,,{}
149343,,,,,Disponible,0,marta9050347@viajes.cl,Cáceres,Almería,40,1335,144000,ZS (Eslovenia),2026-09-16,2026-11-10,,{}
150012,,,,,Disponible,0,martín4667928@viajes.cl,Leganés,Badalona,83,2296,261000,ŽSSK (Eslovaquia),2025-08-09,2025-11-12,,{}
113794,63983,2025-01-29,1104000,8,No disponible,1104,maría5347415@viajes.cl,Getafe,Molina de Segura,44,1409,138000,Monbus,2025-09-11,2025-09-11,,{}
81097,66454,2025-01-04,456000,2,No disponible,456,maría5692273@viajes.cl,Sagunto,Castellón de la Plana,37,4095,228000,ÖBB (Austria),2025-04-27,2025-04-29,,{}
83545,59950,2025-09-09,1141000,7,No disponible,1141,maría574504@viajes.cl,Móstoles,Orense,14,1750,163000,Eurostar,2026-08-23,2026-08-24,,{}
146785,,,,,Disponible,0,maría6183440@viajes.cl,Tarragona,Fuengirola,39,419,65000,FlixBus,2025-07-22,,,{}
85901,61692,2025-09-24,864000,9,No disponible,864,maría6988790@viajes.cl,Avilés,Rubí,44,1506,96000,SJ (Suecia),2026-02-21,2026-02-22,,{}
131905,65109,2025-03-12,160000,5,No disponible,160,maría7665694@viajes.cl,,Valencia,33,924,32000,Thalys,2025-05-25,2025-05-25,,{}
124435,62295,2025-12-11,623000,7,No disponible,623,maría8426631@viajes.cl,Arrecife,Avilés,13,771,89000,NS International,2026-01-10,2026-01-10,,{}
84960,59278,2026-02-06,480000,6,No disponible,480,mayte4540774@viajes.cl,Alcoy,Benalmádena,42,884,80000,Monbus,2026-02-20,2026-02-20,,{}
146049,,,,,Disponible,0,mercedes6680239@viajes.cl,Lérida,Arrecife,36,3444,133000,El Rápido Internacional,2026-05-19,,,{}
103654,62371,2025-02-24,848000,8,No disponible,848,mónica938945@viajes.cl,Molina de Segura,Alcorcón,51,1874,106000,BDZ (Bulgaria),2025-02-28,2025-03-01,,{}
126621,61226,2025-01-08,747000,9,No disponible,747,naalmu963@viajes.cl,Zaragoza,Mollet del Vallés,100,1294,83000,Thalys,2026-02-08,2026-02-08,,
81536,56208,2025-06-02,450000,2,No disponible,450,naseag466@viajes.cl,Santander,Torrevieja,57,2666,225000,DSB (Dinamarca),2026-06-27,2026-06-28,,{}
145083,,,,,Disponible,0,patricia1999310@viajes.cl,Orihuela,Jaén,30,246,24000,Crucero del Norte,2026-06-21,,,{}
145240,,,,,Disponible,0,ramiro6881877@viajes.cl,Alcalá de Henares,Telde,34,2327,112000,Turbus,2025-11-24,,,{}
143261,62937,2025-05-18,134000,1,No disponible,134,rebeca3845427@viajes.cl,Alcorcón,,,1249,134000,Via Bariloche,2026-10-08,2026-10-08,,{}
97583,58937,2026-01-30,2988000,6,No disponible,2988,redeto680@viajes.cl,Calahorra,Chiclana de la Frontera,33,4061,498000,ZSSK (Eslovaquia),2026-05-16,2026-05-18,,{}
146576,,,,,Disponible,0,roberto4106967@viajes.cl,Bilbao,Irún,45,2699,165000,Flecha Bus,2025-05-01,,,{}
98476,63084,2025-08-30,522000,9,No disponible,522,rosa1982379@viajes.cl,Mérida,El Puerto de Santa María,46,4108,58000,Omnibus de México,2026-06-19,2026-06-21,,{}
130545,62893,2025-05-06,282000,3,No disponible,282,saarca679@viajes.cl,Fuengirola,El Prat de LLobregat,49,415,94000,EME Bus,2025-07-23,2025-07-23,,{}
146776,,,,,Disponible,0,sofia428873@viajes.cl,La Línea de la Concepción,Paterna,33,707,131000,Plusmar,2026-10-21,,,{}
103284,58437,2025-04-28,3933000,9,No disponible,3933,sr.3211682@viajes.cl,Ciudad Real,Córdoba,9,4309,437000,Air France,2025-11-04,,,"{Zamora,""Collado Villalba"",Marbella,Estepona}"
87471,63294,2025-01-20,1416000,8,No disponible,1416,sr.3373404@viajes.cl,Pontevedra,Lorca,41,3250,177000,Omnibus de México,2025-02-02,2025-02-04,,{}
95375,61471,2025-01-14,1360000,10,No disponible,1360,sr.4154206@viajes.cl,Alcalá de Guadaira,Cádiz,37,1727,136000,JetSur,2025-01-20,2025-01-21,,{}
145556,,,,,Disponible,0,sr.4977383@viajes.cl,Sevilla,Rubí,46,304,45000,EME Bus,2026-06-07,,,{}
146899,,,,,Disponible,0,sr.9118460@viajes.cl,Telde,Ciudad Real,38,373,58000,Condor Bus,2026-03-07,,,{}
84382,61678,2026-09-18,720000,8,No disponible,720,sra.2991492@viajes.cl,Dos Hermanas,San Sebastián,40,755,90000,Avanza,2026-10-12,2026-10-12,,{}
149167,,,,,Disponible,0,sra.6277717@viajes.cl,Roquetas de Mar,Granada,49,1531,128000,HŽ (Croacia),2025-11-30,2026-02-01,,
113348,64640,2025-01-06,595000,7,No disponible,595,sra.6306248@viajes.cl,Ciudad Real,Estepona,13,1345,85000,RZD (Rusia),2025-01-29,2025-01-29,,{}
132920,65009,2025-04-04,788000,4,No disponible,788,sra.7697392@viajes.cl,Alcoy,Elche,39,2809,197000,Megabus,2025-10-10,2025-10-11,,{}
149127,,,,,Disponible,0,srcegasá733@viajes.cl,Vigo,Irún,20,4231,396000,DSB (Dinamarca),2025-09-15,2026-03-10,,{}
112057,62402,2025-01-22,720000,9,No disponible,720,sressoal326@viajes.cl,Benidorm,Logroño,34,3528,80000,Condor Bus,2025-03-31,2025-04-02,,{}
148004,,,,,Disponible,0,srgebegr871@viajes.cl,Huelva,Ceuta,,3593,107000,Wizz Air,2025-10-13,2026-03-11,Clase ejecutiva,
82301,55762,2025-03-07,2268000,9,No disponible,2268,srjepeur438@viajes.cl,Pozuelo de Alarcón,Motril,,3930,252000,Japan Airlines,2026-06-04,2026-06-06,,"{Madrid,""El Prat de LLobregat"",""El Ejido""}"
122740,58411,2026-05-13,380000,2,No disponible,380,srlusape355@viajes.cl,Chiclana de la Frontera,Viladecans,77,2628,190000,AVE,2026-11-05,2026-11-06,,
149267,,,,,Disponible,0,srmairri729@viajes.cl,Baracaldo,Jerez de la Frontera,83,3087,105000,ZFBH (Bosnia y Herzegovina),2026-03-16,2026-07-22,,{}
130319,59682,2025-02-07,350000,7,No disponible,350,srmaorga483@viajes.cl,Pamplona,Cádiz,50,3981,50000,Megabus,2025-02-13,2025-02-15,,{}
149282,,,,,Disponible,0,srmarete198@viajes.cl,Reus,San Fernando,59,3071,393000,ZS (Eslovenia),2026-08-07,2026-12-12,,{}
133640,60246,2025-11-16,1520000,10,No disponible,1520,srmirulo137@viajes.cl,Arrecife,Madrid,34,4184,152000,Buses Nilahue,2025-12-18,2025-12-20,,{}
146709,,,,,Disponible,0,srruvali274@viajes.cl,Calahorra,Granada,,3637,78000,Buses Romani,2025-06-22,,,{}
144240,62426,2025-04-01,405000,5,No disponible,405,srvefrap151@viajes.cl,Vitoria,Cartagena,52,2210,81000,CP (Portugal),2025-10-03,2025-10-04,,{}
145076,,,,,Disponible,0,sta.1573811@viajes.cl,Guadalajara,Lorca,42,891,63000,Megabus,2026-09-26,,,{}
100659,62011,2025-12-25,645000,3,No disponible,645,sta.1662174@viajes.cl,Santander,Majadahonda,22,2432,215000,ZSSK (Eslovaquia),2026-07-22,2026-07-23,,{}
111156,62760,2025-12-02,189000,3,No disponible,189,sta.7373654@viajes.cl,Palencia,Mollet del Vallés,37,3815,63000,Avanza,2025-12-13,2025-12-15,,{}
94458,62840,2025-04-17,924000,7,No disponible,924,sta.7698525@viajes.cl,Leganés,Ferrol,42,2055,132000,Via Bariloche,2025-06-30,2025-07-01,,{}
149910,,,,,Disponible,0,sta.9052328@viajes.cl,,Salamanca,40,2589,111000,NSB (Noruega),2025-03-21,2025-07-06,,{}
125129,60923,2025-01-20,141000,1,No disponible,141,stanbusa280@viajes.cl,Cádiz,Palma de Mallorca,40,973,141000,Buses Bio Bio,2025-01-28,2025-01-28,,{}
84932,61875,2026-03-02,582000,6,No disponible,582,starmeca579@viajes.cl,Algeciras,Talavera de la Reina,49,2175,97000,Condor Bus,2026-06-30,2026-07-01,,{}
89880,55754,2025-03-02,1160000,10,No disponible,1160,stelpial415@viajes.cl,Alcalá de Henares,Ponferrada,39,2678,116000,Crucero del Norte,2025-04-12,2025-04-13,,{}
131518,61592,2026-01-04,162000,9,No disponible,162,stgrvivi934@viajes.cl,Alcalá de Henares,La Línea de la Concepción,13,221,18000,Qantas,2026-04-26,2026-04-26,,{}
148897,,,,,Disponible,0,stmaarsa493@viajes.cl,Estepona,Santander,90,1436,70000,Italo,2026-03-17,2026-05-15,,{}
132026,61798,2026-04-22,540000,9,No disponible,540,stmapubé533@viajes.cl,Manresa,Pamplona,52,881,60000,Trenitalia,2026-09-10,2026-09-10,,{}
78501,57752,2025-01-25,2367000,9,No disponible,2367,stniniba272@viajes.cl,Santa Coloma de Gramanet,Las Palmas de Gran Canaria,43,3168,263000,ZS (Eslovenia),2025-05-16,2025-05-18,,{}
146321,,,,,Disponible,0,stvifogu269@viajes.cl,Cádiz,Almería,33,2604,142000,Greyhound,2026-01-15,,,{}
137761,59556,2025-04-07,595000,5,No disponible,595,stóspaab867@viajes.cl,Bilbao,Manresa,48,1678,119000,,2025-04-09,2025-04-10,,{}
93864,58464,2025-07-03,560000,8,No disponible,560,sumeto102@viajes.cl,,Manresa,33,2773,70000,Plusmar,2026-01-06,2026-01-07,,{}
142009,61004,2025-03-11,414000,3,No disponible,414,teresa812759@viajes.cl,Granada,La Línea de la Concepción,37,2017,138000,Futura,2025-07-25,2025-07-26,,{}
138889,64602,2025-01-23,1750000,10,No disponible,1750,tináar395@viajes.cl,Viladecans,,36,1270,175000,Condor Bus,2025-03-12,2025-03-12,,{}
145151,,,,,Disponible,0,tovami921@viajes.cl,Lérida,León,49,1574,120000,Buses Nilahue,2025-10-23,,,{}
94376,66161,2025-03-17,968000,8,No disponible,968,victoria904873@viajes.cl,San Cristróbal de la Laguna,Puertollano,53,990,121000,NSB (Noruega),2025-06-28,2025-06-28,,{}
131002,59697,2025-07-25,1182000,6,No disponible,1182,viríca811@viajes.cl,Oviedo,El Prat de LLobregat,42,3219,197000,Condor Bus,2026-07-26,,,{}
149214,,,,,Disponible,0,vivemo487@viajes.cl,Telde,Cartagena,50,3105,114000,ŽFBH (Bosnia y Herzegovina),2025-02-04,2025-06-13,,{}
149385,,,,,Disponible,0,ángaga278@viajes.cl,Palencia,Barcelona,57,128,68000,CFR (Rumania),2025-05-06,2025-05-11,,{}
149045,,,,,Disponible,0,óscar8305124@viajes.cl,Valdemoro,Elche,33,3270,382000,ZFBH (Bosnia y Herzegovina),2025-12-27,2026-05-12,,{}
85876,61081,2025-01-02,904000,8,No disponible,904,óscoes804@viajes.cl,Tarragona,Guadalajara,35,2096,113000,HŽ (Croacia),2025-01-05,2025-01-06,,{}
146387,,,,,Disponible,0,anmagamo784@viajes.cl,Orihuela,Telde,37,2757,131000,Avanza,2026-09-26,,,{}
101508,62148,2025-01-22,1316000,7,No disponible,1316,ósfrse369@viajes.cl,Segovia,Córdoba,30,2238,188000,ZFBH (Bosnia y Herzegovina),2025-04-15,2025-04-16,,{}
146428,,,,,Disponible,0,Alfonsozarate453@viajes.cl,Hospitalet de LLobregat,El Puerto de Santa María,35,3363,114000,Futura,2026-10-30,,,{}
109400,59561,2025-06-29,480000,6,No disponible,480,Anamanzanares596@viajes.cl,Irún,Logroño,41,565,80000,Megabus,2025-11-10,2025-11-10,,{}
129197,61056,2026-05-08,148000,1,No disponible,148,Anatoro616@viajes.cl,Orihuela,Alcalá de Henares,,3116,148000,ETN Turistar,2026-09-22,2026-09-24,,{}
143558,57750,2025-11-23,390000,2,No disponible,390,Armandocarranza316@viajes.cl,Albacete,Inca,,927,195000,Pullman Bus,2026-04-10,2026-04-10,,{}
146508,,,,,Disponible,0,Bernardoarias154@viajes.cl,Cáceres,Murcia,36,3214,100000,Buses Nilahue,2025-05-15,,,{}
145015,,,,,Disponible,0,Blancagarica831@viajes.cl,Badajoz,Paterna,40,3609,198000,Buses Ahumada,2025-10-16,,,{}
145361,,,,,Disponible,0,Ceciliaflórez371@viajes.cl,Motril,Ceuta,42,3464,133000,El Rápido Internacional,2026-10-06,,,{}
119887,59735,2025-08-29,447000,3,No disponible,447,Doloresvanegas563@viajes.cl,Huelva,Baracaldo,37,1265,149000,Plusmar,2026-09-17,,,{}
94667,60531,2025-01-03,788000,4,No disponible,788,Emilioarreola638@viajes.cl,Manresa,Bilbao,37,2638,197000,Monbus,2025-01-07,2025-01-08,,
146412,,,,,Disponible,0,Ernestoalcaraz354@viajes.cl,Almería,Palma de Mallorca,47,239,27000,Turbus,2026-04-23,,,{}
122207,62013,2025-02-10,756000,6,No disponible,756,Esperanzaatencio335@viajes.cl,Cuenta,,40,1376,126000,Primera Plus,2025-09-11,2025-09-11,,{}
80178,59415,2025-08-22,805000,5,No disponible,805,Evaalejandro533@viajes.cl,Lorca,Santa Lucía de Tirajana,,2772,161000,EME Bus,2026-07-06,2026-07-07,,{}
112013,58457,2025-02-14,61000,1,No disponible,61,Evarendón524@viajes.cl,Mataró,Sagunto,33,3759,61000,FlixBus,2025-12-27,2025-12-29,,{}
144135,63012,2025-02-02,430000,5,No disponible,430,Federicogálvez952@viajes.cl,San Sebastían de los Reyes,Irún,44,3221,86000,JetSur,2025-07-21,2025-07-23,,{}
91898,63206,2025-05-11,792000,8,No disponible,792,Felipesegovia888@viajes.cl,Puertollano,Santa Coloma de Gramanet,34,3245,99000,EME Bus,2025-05-26,2025-05-28,,
146134,,,,,Disponible,0,Gabrielahidalgo828@viajes.cl,Las Palmas de Gran Canaria,Santa Cruz de Tenerife,43,1632,88000,Via Bariloche,2026-01-18,,,{}
145192,,,,,Disponible,0,Guillerminaprado737@viajes.cl,Paterna,Málaga,34,3937,136000,Via Bariloche,2026-05-12,,,{}
145100,,,,,Disponible,0,Joséruiz932@viajes.cl,El Prat de LLobregat,Torremolinos,35,2673,193000,Megabus,2025-01-30,,,{}
127495,65518,2025-08-01,738000,6,No disponible,738,Juanorozco540@viajes.cl,Baracaldo,Santa Coloma de Gramanet,43,1184,123000,Primera Plus,2025-10-25,2025-10-25,,{}
107919,58449,2025-07-09,172000,2,No disponible,172,Juliapelayo134@viajes.cl,Santa Coloma de Gramanet,Manresa,32,2334,86000,,2025-07-31,2025-08-01,,{}
121519,59314,2026-01-24,1470000,10,No disponible,1470,Juliogarica923@viajes.cl,Alcorcón,Algeciras,,1393,147000,Andesmar,2026-10-10,2026-10-10,,{}
78422,63299,2025-02-02,1064000,8,No disponible,1064,Magdalenacasanova305@viajes.cl,Santa Lucía de Tirajana,Alcalá de Guadaira,43,1102,133000,Via Bariloche,2026-08-29,2026-08-29,,{}
146687,,,,,Disponible,0,Maricarmenbahena434@viajes.cl,Sanlúcar de Barrameda,Puertollano,30,3274,129000,Primera Plus,2026-10-05,,,{}
142456,65341,2026-06-23,264000,8,No disponible,264,Martínesquibel775@viajes.cl,Linares,Fuengirola,43,181,33000,Monbus,2026-07-03,2026-07-03,,{}
86885,65709,2025-07-27,950000,10,No disponible,950,Maríacarreón854@viajes.cl,Tarragona,Barcelona,41,398,95000,JetSur,2026-08-03,2026-08-03,,{}
145064,,,,,Disponible,0,Maríamarroquín192@viajes.cl,,Getafe,31,1758,168000,Socibus,2025-10-07,,,{}
108943,60737,2026-01-24,83000,1,No disponible,83,Maríarendón440@viajes.cl,La Línea de la Concepción,Bilbao,44,1132,83000,ETN Turistar,2026-10-04,2026-10-04,,{}
85644,61912,2025-07-27,1060000,10,No disponible,1060,Mateocollado527@viajes.cl,Orense,Guadalajara,45,3813,106000,,2026-11-06,2026-11-08,,{}
120576,65042,2025-05-23,171000,3,No disponible,171,Mercedesgalindo223@viajes.cl,Santiago de Compostela,,46,1815,57000,Omnibus de México,2026-01-13,2026-01-14,,{}
89794,62411,2025-02-03,169000,1,No disponible,169,Mónicavalles477@viajes.cl,Collado Villalba,Mijas,49,1685,169000,Via Bariloche,2025-04-20,2025-04-21,,{}
117865,66341,2025-03-26,1665000,9,No disponible,1665,Patriciaadame600@viajes.cl,Gerona,Avilés,40,4089,185000,Futura,2025-12-19,2025-12-21,,{}
145753,,,,,Disponible,0,Reinacollado243@viajes.cl,,Pontevedra,33,1867,80000,Chevallier,2025-12-27,,,{}
140532,59732,2025-01-28,882000,9,No disponible,882,Robertodomínquez641@viajes.cl,Coslada,Segovia,39,2898,98000,,2025-02-15,2025-02-17,,{}
101124,57126,2025-09-24,796000,4,No disponible,796,Santiagosolorzano537@viajes.cl,Ávila,Dos Hermanas,34,3825,199000,Primera Plus,2025-10-01,2025-10-03,,{}
146382,,,,,Disponible,0,Soniamonroy754@viajes.cl,Vigo,Palma de Mallorca,32,322,55000,Condor Bus,2025-01-27,,,{}
113760,59656,2025-12-18,390000,6,No disponible,390,Sr.cornejo722@viajes.cl,Cáceres,Coslada,32,4064,65000,JetSur,2026-03-22,2026-03-24,,{}
141079,61237,2025-01-28,2000000,10,No disponible,2000,Sr.valencia152@viajes.cl,Manresa,El Puerto de Santa María,42,3811,200000,JetSur,2026-04-21,2026-04-23,,{}
146250,,,,,Disponible,0,Sr.vega194@viajes.cl,Elche,Fuengirola,39,2965,181000,Buses Nilahue,2026-10-28,,,{}
145921,,,,,Disponible,0,Sra.peralta519@viajes.cl,Torrevieja,Santa Coloma de Gramanet,43,2678,95000,Chevallier,2025-08-13,,,{}
89620,66204,2025-05-26,1104000,6,No disponible,1104,Sra.rosado549@viajes.cl,Sabadell,Valladolid,47,1657,184000,Via Bariloche,2025-11-30,2025-12-01,,{}
87083,61117,2025-06-20,696000,4,No disponible,696,Sta.covarrubias900@viajes.cl,San Sebastián,Gandía,37,998,174000,Buses Romani,2025-07-17,2025-07-17,,
145729,,,,,Disponible,0,Timoteodomínguez465@viajes.cl,,San Sebastían de los Reyes,43,2153,94000,BoltBus,2026-05-25,,,{}
144647,,,,,Disponible,0,Vicenteaponte297@viajes.cl,Zaragoza,Alcorcón,40,772,184000,Primera Plus,2025-02-25,,,{}
112894,59966,2025-04-17,690000,6,No disponible,690,adela7317294@viajes.cl,Ferrol,Benidorm,32,2234,115000,Primera Plus,2026-02-18,,,{}
94217,59829,2025-01-01,465000,5,No disponible,465,agroco155@viajes.cl,Jaén,,40,1203,93000,ETN Turistar,2025-06-04,2025-06-04,,{}
92143,55580,2026-07-26,900000,9,No disponible,900,alagsa402@viajes.cl,Mérida,Tarrasa,39,2228,100000,Avanza,2026-10-04,2026-10-05,,{}
122614,61821,2025-08-08,621000,9,No disponible,621,alfredo2747745@viajes.cl,,Zamora,34,1812,69000,Omnibus de México,2026-07-26,2026-07-27,,{}
144967,,,,,Disponible,0,almomo841@viajes.cl,Alcobendas,Santiago de Compostela,37,3285,141000,Andesmar,2025-01-20,,,{}
129978,59603,2025-03-28,1134000,6,No disponible,1134,ana252565@viajes.cl,Córdoba,Zamora,43,820,189000,Chevallier,2025-08-27,2025-08-27,,{}
103594,60407,2025-04-28,1242000,9,No disponible,1242,ana8819821@viajes.cl,,Ávila,39,4244,138000,Primera Plus,2025-09-12,2025-09-14,,{}
146631,,,,,Disponible,0,andrea6328405@viajes.cl,Sevilla,La Coruña,30,2540,163000,Omnibus de México,2026-08-25,,,{}
126383,61598,2025-01-15,985000,5,No disponible,985,bedíca294@viajes.cl,Barcelona,Puertollano,44,3286,197000,Chevallier,2025-01-17,2025-01-19,,{}
104101,60157,2025-01-15,616000,4,No disponible,616,bernardo5359194@viajes.cl,Madrid,El Prat de LLobregat,40,3784,154000,FlixBus,2025-03-04,2025-03-06,,{}
143274,62851,2025-03-21,72000,1,No disponible,72,cafiga949@viajes.cl,Jerez de la Frontera,Ferrol,36,3033,72000,El Rápido Internacional,2026-01-10,2026-01-12,,{}
101132,57126,2025-03-06,704000,4,No disponible,704,carmen9290607@viajes.cl,Gandía,Albacete,48,2420,176000,Alsa,2025-10-11,,,{}
101275,57109,2025-01-17,64000,1,No disponible,64,cecilia2523556@viajes.cl,Valencia,Benidorm,44,2698,64000,ADO,2025-02-08,2025-02-09,,{}
146025,,,,,Disponible,0,clhisa286@viajes.cl,Paterna,Cerdañola del Vallés,33,3008,82000,Omnibus de México,2026-05-14,,,{}
112341,58006,2025-01-13,978000,6,No disponible,978,clsepi736@viajes.cl,Zamora,Gandía,30,1839,163000,EME Bus,2025-07-25,2025-07-26,,{}
89532,65591,2025-03-15,495000,9,No disponible,495,concepción766750@viajes.cl,Sanlúcar de Barrameda,Inca,40,2761,55000,Flecha Bus,2025-04-01,2025-04-02,,{}
133303,58220,2025-04-04,910000,7,No disponible,910,cristobal780844@viajes.cl,Rubí,Sabadell,,2104,130000,Greyhound,2025-11-26,2025-11-27,,{}
82493,65063,2025-01-10,186000,2,No disponible,186,cérade760@viajes.cl,Irún,Arrecife,44,2614,93000,Damas,2025-02-11,2025-02-12,,{}
105106,59900,2025-02-26,972000,9,No disponible,972,david2434538@viajes.cl,Manresa,Ponferrada,39,3242,108000,Greyhound,2026-09-01,2026-09-03,,{}
84836,62172,2025-08-15,170000,5,No disponible,170,doabes349@viajes.cl,Murcia,Ceuta,47,207,34000,El Rápido Internacional,2026-01-18,2026-01-18,,{}
146300,,,,,Disponible,0,eladfi277@viajes.cl,Paterna,Gijón,47,2100,112000,Alsa,2026-01-28,,,
102040,61278,2025-05-22,1116000,6,No disponible,1116,elisa6574220@viajes.cl,El Puerto de Santa María,Irún,37,3657,186000,Flecha Bus,2025-11-15,2025-11-17,,{}
89000,55759,2025-01-02,528000,3,No disponible,528,elvira1368217@viajes.cl,Talavera de la Reina,La Coruña,48,3970,176000,Buses Nilahue,2025-01-05,2025-01-07,,{}
78861,62038,2025-10-12,255000,5,No disponible,255,emilio7599770@viajes.cl,Molina de Segura,Orihuela,,1939,51000,Estrella Roja,2026-05-16,2026-05-17,,
87949,58558,2025-04-27,516000,3,No disponible,516,ester3534754@viajes.cl,,Castellón de la Plana,49,2496,172000,Alsa,2026-08-20,2026-08-21,,{}
114776,64830,2025-12-13,924000,6,No disponible,924,fesapé914@viajes.cl,Alcalá de Guadaira,Badalona,39,1046,154000,JetSur,2026-06-30,2026-06-30,,
79916,59189,2025-02-16,371000,7,No disponible,371,gazaoj875@viajes.cl,Estepona,Barcelona,40,2043,53000,ETN Turistar,2025-10-14,2025-10-15,,{}
93488,62032,2025-03-31,452000,4,No disponible,452,homero3729848@viajes.cl,Torremolinos,Lérida,46,1905,113000,Megabus,2026-03-19,2026-03-20,,{}
146411,,,,,Disponible,0,inés1671557@viajes.cl,,Gecho,42,2234,65000,El Rápido Internacional,2025-07-27,,,{}
125322,61121,2025-07-23,1737000,9,No disponible,1737,inés5019540@viajes.cl,Torrevieja,Valladolid,30,3686,193000,Estrella Roja,2025-09-05,2025-09-07,,{}
144959,,,,,Disponible,0,irene2022687@viajes.cl,Madrid,Valladolid,37,3146,76000,Estrella Roja,2026-08-08,,,{}
97658,55681,2025-04-11,1088000,8,No disponible,1088,isabela200738@viajes.cl,Sabadell,Segovia,46,1440,136000,Plusmar,2026-07-06,2026-07-07,,{}
128823,65701,2025-10-25,528000,6,No disponible,528,joaquín8251348@viajes.cl,Logroño,Coslada,42,4177,88000,Turbus,2026-04-03,2026-04-05,,{}
83911,56977,2025-05-09,792000,9,No disponible,792,jomaocoq384@viajes.cl,Alicante,Badalona,49,4190,88000,FlixBus,2025-05-28,,,{}
113772,60026,2025-01-21,1305000,9,No disponible,1305,jorge3732696@viajes.cl,Fuengirola,Estepona,,4056,145000,EME Bus,2025-08-22,2025-08-24,,{}
146861,,,,,Disponible,0,jorge4122526@viajes.cl,Gecho,La Coruña,31,1741,57000,Greyhound,2026-09-05,,,{}
91626,61829,2025-04-12,128000,2,No disponible,128,josé1588166@viajes.cl,Fuenlabrada,,48,3783,64000,FlixBus,2026-03-11,2026-03-13,,{}
124235,59621,2025-02-21,560000,5,No disponible,560,laura4786649@viajes.cl,Salamanca,Segovia,47,758,112000,Futura,2025-03-25,2025-03-25,,{}
123079,55600,2025-06-20,214000,2,No disponible,214,lesama482@viajes.cl,Granollers,Cerdañola del Vallés,45,3832,107000,Omnibus de México,2026-08-28,2026-08-30,,{}
79318,61525,2025-03-17,1485000,9,No disponible,1485,lirolo275@viajes.cl,,Majadahonda,,680,165000,FlixBus,2025-03-30,,,{}
145953,,,,,Disponible,0,loecca129@viajes.cl,Alcoy,León,31,3212,111000,Turbus,2025-01-11,,,{}
143092,58293,2025-03-15,1296000,8,No disponible,1296,lola2604830@viajes.cl,Gerona,Gerona,40,1310,162000,Buses Romani,2026-04-06,2026-04-06,,{}
146557,,,,,Disponible,0,luulva107@viajes.cl,Marbella,Cáceres,46,2418,126000,Plusmar,2025-05-30,,,{}
145822,,,,,Disponible,0,luzaja127@viajes.cl,Alcalá de Guadaira,Puertollano,38,672,188000,EME Bus,2025-01-14,,,{}
145029,,,,,Disponible,0,maanordean108@viajes.cl,Cornellá de Llobregat,Jerez de la Frontera,47,656,170000,BoltBus,2025-11-25,,,{}
130555,62300,2025-05-08,298000,2,No disponible,298,mabadu448@viajes.cl,Pozuelo de Alarcón,Jerez de la Frontera,43,2431,149000,,2026-04-13,2026-04-14,,{}
145563,,,,,Disponible,0,macrcrlo627@viajes.cl,Cartagena,Cádiz,45,143,45000,Plusmar,2025-05-17,,,{}
145858,,,,,Disponible,0,malucaru511@viajes.cl,Gijón,Irún,48,3087,181000,Futura,2025-02-08,,,{}
105523,62996,2025-06-01,465000,5,No disponible,465,manali180@viajes.cl,Oviedo,Cuenta,46,1234,93000,Flecha Bus,2026-02-01,2026-02-01,,
145841,,,,,Disponible,0,maroga573@viajes.cl,Ferrol,Coslada,33,888,177000,Greyhound,2026-05-26,,,{}
113794,63983,2025-01-29,1104000,8,No disponible,1104,maría5347415@viajes.cl,Getafe,Molina de Segura,44,1409,138000,Monbus,2025-09-11,2025-09-11,,{}
145399,,,,,Disponible,0,mayte2420464@viajes.cl,Castellón de la Plana,Lugo,39,4137,69000,ETN Turistar,2025-07-05,,,{}
84960,59278,2026-02-06,480000,6,No disponible,480,mayte4540774@viajes.cl,Alcoy,Benalmádena,42,884,80000,Monbus,2026-02-20,2026-02-20,,{}
146049,,,,,Disponible,0,mercedes6680239@viajes.cl,Lérida,Arrecife,36,3444,133000,El Rápido Internacional,2026-05-19,,,{}
145083,,,,,Disponible,0,patricia1999310@viajes.cl,Orihuela,Jaén,30,246,24000,Crucero del Norte,2026-06-21,,,{}
145240,,,,,Disponible,0,ramiro6881877@viajes.cl,Alcalá de Henares,Telde,34,2327,112000,Turbus,2025-11-24,,,{}
143261,62937,2025-05-18,134000,1,No disponible,134,rebeca3845427@viajes.cl,Alcorcón,,,1249,134000,Via Bariloche,2026-10-08,2026-10-08,,{}
146576,,,,,Disponible,0,roberto4106967@viajes.cl,Bilbao,Irún,45,2699,165000,Flecha Bus,2025-05-01,,,{}
98476,63084,2025-08-30,522000,9,No disponible,522,rosa1982379@viajes.cl,Mérida,El Puerto de Santa María,46,4108,58000,Omnibus de México,2026-06-19,2026-06-21,,{}
130545,62893,2025-05-06,282000,3,No disponible,282,saarca679@viajes.cl,Fuengirola,El Prat de LLobregat,49,415,94000,EME Bus,2025-07-23,2025-07-23,,{}
146776,,,,,Disponible,0,sofia428873@viajes.cl,La Línea de la Concepción,Paterna,33,707,131000,Plusmar,2026-10-21,,,{}
91650,63940,2025-03-17,530000,5,No disponible,530,sr.2886831@viajes.cl,Santa Lucía de Tirajana,Majadahonda,37,1682,106000,Estrella Roja,2026-02-06,2026-02-07,,{}
87471,63294,2025-01-20,1416000,8,No disponible,1416,sr.3373404@viajes.cl,Pontevedra,Lorca,41,3250,177000,Omnibus de México,2025-02-02,2025-02-04,,{}
95375,61471,2025-01-14,1360000,10,No disponible,1360,sr.4154206@viajes.cl,Alcalá de Guadaira,Cádiz,37,1727,136000,JetSur,2025-01-20,2025-01-21,,{}
145556,,,,,Disponible,0,sr.4977383@viajes.cl,Sevilla,Rubí,46,304,45000,EME Bus,2026-06-07,,,{}
146899,,,,,Disponible,0,sr.9118460@viajes.cl,Telde,Ciudad Real,38,373,58000,Condor Bus,2026-03-07,,,{}
84382,61678,2026-09-18,720000,8,No disponible,720,sra.2991492@viajes.cl,Dos Hermanas,San Sebastián,40,755,90000,Avanza,2026-10-12,2026-10-12,,{}
132920,65009,2025-04-04,788000,4,No disponible,788,sra.7697392@viajes.cl,Alcoy,Elche,39,2809,197000,Megabus,2025-10-10,2025-10-11,,{}
112057,62402,2025-01-22,720000,9,No disponible,720,sressoal326@viajes.cl,Benidorm,Logroño,34,3528,80000,Condor Bus,2025-03-31,2025-04-02,,{}
133640,60246,2025-11-16,1520000,10,No disponible,1520,srmirulo137@viajes.cl,Arrecife,Madrid,34,4184,152000,Buses Nilahue,2025-12-18,2025-12-20,,{}
146709,,,,,Disponible,0,srruvali274@viajes.cl,Calahorra,Granada,,3637,78000,Buses Romani,2025-06-22,,,{}
145076,,,,,Disponible,0,sta.1573811@viajes.cl,Guadalajara,Lorca,42,891,63000,Megabus,2026-09-26,,,{}
111156,62760,2025-12-02,189000,3,No disponible,189,sta.7373654@viajes.cl,Palencia,Mollet del Vallés,37,3815,63000,Avanza,2025-12-13,2025-12-15,,{}
94458,62840,2025-04-17,924000,7,No disponible,924,sta.7698525@viajes.cl,Leganés,Ferrol,42,2055,132000,Via Bariloche,2025-06-30,2025-07-01,,{}
125129,60923,2025-01-20,141000,1,No disponible,141,stanbusa280@viajes.cl,Cádiz,Palma de Mallorca,40,973,141000,Buses Bio Bio,2025-01-28,2025-01-28,,{}
84932,61875,2026-03-02,582000,6,No disponible,582,starmeca579@viajes.cl,Algeciras,Talavera de la Reina,49,2175,97000,Condor Bus,2026-06-30,2026-07-01,,{}
89880,55754,2025-03-02,1160000,10,No disponible,1160,stelpial415@viajes.cl,Alcalá de Henares,Ponferrada,39,2678,116000,Crucero del Norte,2025-04-12,2025-04-13,,{}
146321,,,,,Disponible,0,stvifogu269@viajes.cl,Cádiz,Almería,33,2604,142000,Greyhound,2026-01-15,,,{}
137761,59556,2025-04-07,595000,5,No disponible,595,stóspaab867@viajes.cl,Bilbao,Manresa,48,1678,119000,,2025-04-09,2025-04-10,,{}
93864,58464,2025-07-03,560000,8,No disponible,560,sumeto102@viajes.cl,,Manresa,33,2773,70000,Plusmar,2026-01-06,2026-01-07,,{}
142009,61004,2025-03-11,414000,3,No disponible,414,teresa812759@viajes.cl,Granada,La Línea de la Concepción,37,2017,138000,Futura,2025-07-25,2025-07-26,,{}
138889,64602,2025-01-23,1750000,10,No disponible,1750,tináar395@viajes.cl,Viladecans,,36,1270,175000,Condor Bus,2025-03-12,2025-03-12,,{}
145151,,,,,Disponible,0,tovami921@viajes.cl,Lérida,León,49,1574,120000,Buses Nilahue,2025-10-23,,,{}
131002,59697,2025-07-25,1182000,6,No disponible,1182,viríca811@viajes.cl,Oviedo,El Prat de LLobregat,42,3219,197000,Condor Bus,2026-07-26,,,{}
146428,,,,,Disponible,0,Alfonsozarate453@viajes.cl,Hospitalet de LLobregat,El Puerto de Santa María,35,3363,114000,Futura,2026-10-30,,,{}
109400,59561,2025-06-29,480000,6,No disponible,480,Anamanzanares596@viajes.cl,Irún,Logroño,41,565,80000,Megabus,2025-11-10,2025-11-10,,{}
129197,61056,2026-05-08,148000,1,No disponible,148,Anatoro616@viajes.cl,Orihuela,Alcalá de Henares,,3116,148000,ETN Turistar,2026-09-22,2026-09-24,,{}
143558,57750,2025-11-23,390000,2,No disponible,390,Armandocarranza316@viajes.cl,Albacete,Inca,,927,195000,Pullman Bus,2026-04-10,2026-04-10,,{}
146508,,,,,Disponible,0,Bernardoarias154@viajes.cl,Cáceres,Murcia,36,3214,100000,Buses Nilahue,2025-05-15,,,{}
145015,,,,,Disponible,0,Blancagarica831@viajes.cl,Badajoz,Paterna,40,3609,198000,Buses Ahumada,2025-10-16,,,{}
145361,,,,,Disponible,0,Ceciliaflórez371@viajes.cl,Motril,Ceuta,42,3464,133000,El Rápido Internacional,2026-10-06,,,{}
119887,59735,2025-08-29,447000,3,No disponible,447,Doloresvanegas563@viajes.cl,Huelva,Baracaldo,37,1265,149000,Plusmar,2026-09-17,,,{}
94667,60531,2025-01-03,788000,4,No disponible,788,Emilioarreola638@viajes.cl,Manresa,Bilbao,37,2638,197000,Monbus,2025-01-07,2025-01-08,,
146412,,,,,Disponible,0,Ernestoalcaraz354@viajes.cl,Almería,Palma de Mallorca,47,239,27000,Turbus,2026-04-23,,,{}
122207,62013,2025-02-10,756000,6,No disponible,756,Esperanzaatencio335@viajes.cl,Cuenta,,40,1376,126000,Primera Plus,2025-09-11,2025-09-11,,{}
80178,59415,2025-08-22,805000,5,No disponible,805,Evaalejandro533@viajes.cl,Lorca,Santa Lucía de Tirajana,,2772,161000,EME Bus,2026-07-06,2026-07-07,,{}
112013,58457,2025-02-14,61000,1,No disponible,61,Evarendón524@viajes.cl,Mataró,Sagunto,33,3759,61000,FlixBus,2025-12-27,2025-12-29,,{}
144135,63012,2025-02-02,430000,5,No disponible,430,Federicogálvez952@viajes.cl,San Sebastían de los Reyes,Irún,44,3221,86000,JetSur,2025-07-21,2025-07-23,,{}
91898,63206,2025-05-11,792000,8,No disponible,792,Felipesegovia888@viajes.cl,Puertollano,Santa Coloma de Gramanet,34,3245,99000,EME Bus,2025-05-26,2025-05-28,,
146134,,,,,Disponible,0,Gabrielahidalgo828@viajes.cl,Las Palmas de Gran Canaria,Santa Cruz de Tenerife,43,1632,88000,Via Bariloche,2026-01-18,,,{}
145192,,,,,Disponible,0,Guillerminaprado737@viajes.cl,Paterna,Málaga,34,3937,136000,Via Bariloche,2026-05-12,,,{}
145100,,,,,Disponible,0,Joséruiz932@viajes.cl,El Prat de LLobregat,Torremolinos,35,2673,193000,Megabus,2025-01-30,,,{}
127495,65518,2025-08-01,738000,6,No disponible,738,Juanorozco540@viajes.cl,Baracaldo,Santa Coloma de Gramanet,43,1184,123000,Primera Plus,2025-10-25,2025-10-25,,{}
107919,58449,2025-07-09,172000,2,No disponible,172,Juliapelayo134@viajes.cl,Santa Coloma de Gramanet,Manresa,32,2334,86000,,2025-07-31,2025-08-01,,{}
121519,59314,2026-01-24,1470000,10,No disponible,1470,Juliogarica923@viajes.cl,Alcorcón,Algeciras,,1393,147000,Andesmar,2026-10-10,2026-10-10,,{}
78422,63299,2025-02-02,1064000,8,No disponible,1064,Magdalenacasanova305@viajes.cl,Santa Lucía de Tirajana,Alcalá de Guadaira,43,1102,133000,Via Bariloche,2026-08-29,2026-08-29,,{}
146687,,,,,Disponible,0,Maricarmenbahena434@viajes.cl,Sanlúcar de Barrameda,Puertollano,30,3274,129000,Primera Plus,2026-10-05,,,{}
142456,65341,2026-06-23,264000,8,No disponible,264,Martínesquibel775@viajes.cl,Linares,Fuengirola,43,181,33000,Monbus,2026-07-03,2026-07-03,,{}
86885,65709,2025-07-27,950000,10,No disponible,950,Maríacarreón854@viajes.cl,Tarragona,Barcelona,41,398,95000,JetSur,2026-08-03,2026-08-03,,{}
145064,,,,,Disponible,0,Maríamarroquín192@viajes.cl,,Getafe,31,1758,168000,Socibus,2025-10-07,,,{}
108943,60737,2026-01-24,83000,1,No disponible,83,Maríarendón440@viajes.cl,La Línea de la Concepción,Bilbao,44,1132,83000,ETN Turistar,2026-10-04,2026-10-04,,{}
85644,61912,2025-07-27,1060000,10,No disponible,1060,Mateocollado527@viajes.cl,Orense,Guadalajara,45,3813,106000,,2026-11-06,2026-11-08,,{}
120576,65042,2025-05-23,171000,3,No disponible,171,Mercedesgalindo223@viajes.cl,Santiago de Compostela,,46,1815,57000,Omnibus de México,2026-01-13,2026-01-14,,{}
89794,62411,2025-02-03,169000,1,No disponible,169,Mónicavalles477@viajes.cl,Collado Villalba,Mijas,49,1685,169000,Via Bariloche,2025-04-20,2025-04-21,,{}
117865,66341,2025-03-26,1665000,9,No disponible,1665,Patriciaadame600@viajes.cl,Gerona,Avilés,40,4089,185000,Futura,2025-12-19,2025-12-21,,{}
145753,,,,,Disponible,0,Reinacollado243@viajes.cl,,Pontevedra,33,1867,80000,Chevallier,2025-12-27,,,{}
140532,59732,2025-01-28,882000,9,No disponible,882,Robertodomínquez641@viajes.cl,Coslada,Segovia,39,2898,98000,,2025-02-15,2025-02-17,,{}
101124,57126,2025-09-24,796000,4,No disponible,796,Santiagosolorzano537@viajes.cl,Ávila,Dos Hermanas,34,3825,199000,Primera Plus,2025-10-01,2025-10-03,,{}
146382,,,,,Disponible,0,Soniamonroy754@viajes.cl,Vigo,Palma de Mallorca,32,322,55000,Condor Bus,2025-01-27,,,{}
113760,59656,2025-12-18,390000,6,No disponible,390,Sr.cornejo722@viajes.cl,Cáceres,Coslada,32,4064,65000,JetSur,2026-03-22,2026-03-24,,{}
141079,61237,2025-01-28,2000000,10,No disponible,2000,Sr.valencia152@viajes.cl,Manresa,El Puerto de Santa María,42,3811,200000,JetSur,2026-04-21,2026-04-23,,{}
146250,,,,,Disponible,0,Sr.vega194@viajes.cl,Elche,Fuengirola,39,2965,181000,Buses Nilahue,2026-10-28,,,{}
145921,,,,,Disponible,0,Sra.peralta519@viajes.cl,Torrevieja,Santa Coloma de Gramanet,43,2678,95000,Chevallier,2025-08-13,,,{}
89620,66204,2025-05-26,1104000,6,No disponible,1104,Sra.rosado549@viajes.cl,Sabadell,Valladolid,47,1657,184000,Via Bariloche,2025-11-30,2025-12-01,,{}
87083,61117,2025-06-20,696000,4,No disponible,696,Sta.covarrubias900@viajes.cl,San Sebastián,Gandía,37,998,174000,Buses Romani,2025-07-17,2025-07-17,,
145729,,,,,Disponible,0,Timoteodomínguez465@viajes.cl,,San Sebastían de los Reyes,43,2153,94000,BoltBus,2026-05-25,,,{}
144647,,,,,Disponible,0,Vicenteaponte297@viajes.cl,Zaragoza,Alcorcón,40,772,184000,Primera Plus,2025-02-25,,,{}
112894,59966,2025-04-17,690000,6,No disponible,690,adela7317294@viajes.cl,Ferrol,Benidorm,32,2234,115000,Primera Plus,2026-02-18,,,{}
94217,59829,2025-01-01,465000,5,No disponible,465,agroco155@viajes.cl,Jaén,,40,1203,93000,ETN Turistar,2025-06-04,2025-06-04,,{}
92143,55580,2026-07-26,900000,9,No disponible,900,alagsa402@viajes.cl,Mérida,Tarrasa,39,2228,100000,Avanza,2026-10-04,2026-10-05,,{}
122614,61821,2025-08-08,621000,9,No disponible,621,alfredo2747745@viajes.cl,,Zamora,34,1812,69000,Omnibus de México,2026-07-26,2026-07-27,,{}
144967,,,,,Disponible,0,almomo841@viajes.cl,Alcobendas,Santiago de Compostela,37,3285,141000,Andesmar,2025-01-20,,,{}
129978,59603,2025-03-28,1134000,6,No disponible,1134,ana252565@viajes.cl,Córdoba,Zamora,43,820,189000,Chevallier,2025-08-27,2025-08-27,,{}
103594,60407,2025-04-28,1242000,9,No disponible,1242,ana8819821@viajes.cl,,Ávila,39,4244,138000,Primera Plus,2025-09-12,2025-09-14,,{}
146631,,,,,Disponible,0,andrea6328405@viajes.cl,Sevilla,La Coruña,30,2540,163000,Omnibus de México,2026-08-25,,,{}
146387,,,,,Disponible,0,anmagamo784@viajes.cl,Orihuela,Telde,37,2757,131000,Avanza,2026-09-26,,,{}
126383,61598,2025-01-15,985000,5,No disponible,985,bedíca294@viajes.cl,Barcelona,Puertollano,44,3286,197000,Chevallier,2025-01-17,2025-01-19,,{}
104101,60157,2025-01-15,616000,4,No disponible,616,bernardo5359194@viajes.cl,Madrid,El Prat de LLobregat,40,3784,154000,FlixBus,2025-03-04,2025-03-06,,{}
143274,62851,2025-03-21,72000,1,No disponible,72,cafiga949@viajes.cl,Jerez de la Frontera,Ferrol,36,3033,72000,El Rápido Internacional,2026-01-10,2026-01-12,,{}
101132,57126,2025-03-06,704000,4,No disponible,704,carmen9290607@viajes.cl,Gandía,Albacete,48,2420,176000,Alsa,2025-10-11,,,{}
101275,57109,2025-01-17,64000,1,No disponible,64,cecilia2523556@viajes.cl,Valencia,Benidorm,44,2698,64000,ADO,2025-02-08,2025-02-09,,{}
146025,,,,,Disponible,0,clhisa286@viajes.cl,Paterna,Cerdañola del Vallés,33,3008,82000,Omnibus de México,2026-05-14,,,{}
112341,58006,2025-01-13,978000,6,No disponible,978,clsepi736@viajes.cl,Zamora,Gandía,30,1839,163000,EME Bus,2025-07-25,2025-07-26,,{}
89532,65591,2025-03-15,495000,9,No disponible,495,concepción766750@viajes.cl,Sanlúcar de Barrameda,Inca,40,2761,55000,Flecha Bus,2025-04-01,2025-04-02,,{}
133303,58220,2025-04-04,910000,7,No disponible,910,cristobal780844@viajes.cl,Rubí,Sabadell,,2104,130000,Greyhound,2025-11-26,2025-11-27,,{}
82493,65063,2025-01-10,186000,2,No disponible,186,cérade760@viajes.cl,Irún,Arrecife,44,2614,93000,Damas,2025-02-11,2025-02-12,,{}
105106,59900,2025-02-26,972000,9,No disponible,972,david2434538@viajes.cl,Manresa,Ponferrada,39,3242,108000,Greyhound,2026-09-01,2026-09-03,,{}
84836,62172,2025-08-15,170000,5,No disponible,170,doabes349@viajes.cl,Murcia,Ceuta,47,207,34000,El Rápido Internacional,2026-01-18,2026-01-18,,{}
146300,,,,,Disponible,0,eladfi277@viajes.cl,Paterna,Gijón,47,2100,112000,Alsa,2026-01-28,,,
102040,61278,2025-05-22,1116000,6,No disponible,1116,elisa6574220@viajes.cl,El Puerto de Santa María,Irún,37,3657,186000,Flecha Bus,2025-11-15,2025-11-17,,{}
89000,55759,2025-01-02,528000,3,No disponible,528,elvira1368217@viajes.cl,Talavera de la Reina,La Coruña,48,3970,176000,Buses Nilahue,2025-01-05,2025-01-07,,{}
78861,62038,2025-10-12,255000,5,No disponible,255,emilio7599770@viajes.cl,Molina de Segura,Orihuela,,1939,51000,Estrella Roja,2026-05-16,2026-05-17,,
87949,58558,2025-04-27,516000,3,No disponible,516,ester3534754@viajes.cl,,Castellón de la Plana,49,2496,172000,Alsa,2026-08-20,2026-08-21,,{}
114776,64830,2025-12-13,924000,6,No disponible,924,fesapé914@viajes.cl,Alcalá de Guadaira,Badalona,39,1046,154000,JetSur,2026-06-30,2026-06-30,,
79916,59189,2025-02-16,371000,7,No disponible,371,gazaoj875@viajes.cl,Estepona,Barcelona,40,2043,53000,ETN Turistar,2025-10-14,2025-10-15,,{}
93488,62032,2025-03-31,452000,4,No disponible,452,homero3729848@viajes.cl,Torremolinos,Lérida,46,1905,113000,Megabus,2026-03-19,2026-03-20,,{}
146411,,,,,Disponible,0,inés1671557@viajes.cl,,Gecho,42,2234,65000,El Rápido Internacional,2025-07-27,,,{}
125322,61121,2025-07-23,1737000,9,No disponible,1737,inés5019540@viajes.cl,Torrevieja,Valladolid,30,3686,193000,Estrella Roja,2025-09-05,2025-09-07,,{}
144959,,,,,Disponible,0,irene2022687@viajes.cl,Madrid,Valladolid,37,3146,76000,Estrella Roja,2026-08-08,,,{}
97658,55681,2025-04-11,1088000,8,No disponible,1088,isabela200738@viajes.cl,Sabadell,Segovia,46,1440,136000,Plusmar,2026-07-06,2026-07-07,,{}
128823,65701,2025-10-25,528000,6,No disponible,528,joaquín8251348@viajes.cl,Logroño,Coslada,42,4177,88000,Turbus,2026-04-03,2026-04-05,,{}
83911,56977,2025-05-09,792000,9,No disponible,792,jomaocoq384@viajes.cl,Alicante,Badalona,49,4190,88000,FlixBus,2025-05-28,,,{}
113772,60026,2025-01-21,1305000,9,No disponible,1305,jorge3732696@viajes.cl,Fuengirola,Estepona,,4056,145000,EME Bus,2025-08-22,2025-08-24,,{}
146861,,,,,Disponible,0,jorge4122526@viajes.cl,Gecho,La Coruña,31,1741,57000,Greyhound,2026-09-05,,,{}
91626,61829,2025-04-12,128000,2,No disponible,128,josé1588166@viajes.cl,Fuenlabrada,,48,3783,64000,FlixBus,2026-03-11,2026-03-13,,{}
124235,59621,2025-02-21,560000,5,No disponible,560,laura4786649@viajes.cl,Salamanca,Segovia,47,758,112000,Futura,2025-03-25,2025-03-25,,{}
123079,55600,2025-06-20,214000,2,No disponible,214,lesama482@viajes.cl,Granollers,Cerdañola del Vallés,45,3832,107000,Omnibus de México,2026-08-28,2026-08-30,,{}
79318,61525,2025-03-17,1485000,9,No disponible,1485,lirolo275@viajes.cl,,Majadahonda,,680,165000,FlixBus,2025-03-30,,,{}
145953,,,,,Disponible,0,loecca129@viajes.cl,Alcoy,León,31,3212,111000,Turbus,2025-01-11,,,{}
143092,58293,2025-03-15,1296000,8,No disponible,1296,lola2604830@viajes.cl,Gerona,Gerona,40,1310,162000,Buses Romani,2026-04-06,2026-04-06,,{}
146557,,,,,Disponible,0,luulva107@viajes.cl,Marbella,Cáceres,46,2418,126000,Plusmar,2025-05-30,,,{}
145822,,,,,Disponible,0,luzaja127@viajes.cl,Alcalá de Guadaira,Puertollano,38,672,188000,EME Bus,2025-01-14,,,{}
145029,,,,,Disponible,0,maanordean108@viajes.cl,Cornellá de Llobregat,Jerez de la Frontera,47,656,170000,BoltBus,2025-11-25,,,{}
130555,62300,2025-05-08,298000,2,No disponible,298,mabadu448@viajes.cl,Pozuelo de Alarcón,Jerez de la Frontera,43,2431,149000,,2026-04-13,2026-04-14,,{}
145563,,,,,Disponible,0,macrcrlo627@viajes.cl,Cartagena,Cádiz,45,143,45000,Plusmar,2025-05-17,,,{}
145858,,,,,Disponible,0,malucaru511@viajes.cl,Gijón,Irún,48,3087,181000,Futura,2025-02-08,,,{}
105523,62996,2025-06-01,465000,5,No disponible,465,manali180@viajes.cl,Oviedo,Cuenta,46,1234,93000,Flecha Bus,2026-02-01,2026-02-01,,
145841,,,,,Disponible,0,maroga573@viajes.cl,Ferrol,Coslada,33,888,177000,Greyhound,2026-05-26,,,{}
113794,63983,2025-01-29,1104000,8,No disponible,1104,maría5347415@viajes.cl,Getafe,Molina de Segura,44,1409,138000,Monbus,2025-09-11,2025-09-11,,{}
145399,,,,,Disponible,0,mayte2420464@viajes.cl,Castellón de la Plana,Lugo,39,4137,69000,ETN Turistar,2025-07-05,,,{}
84960,59278,2026-02-06,480000,6,No disponible,480,mayte4540774@viajes.cl,Alcoy,Benalmádena,42,884,80000,Monbus,2026-02-20,2026-02-20,,{}
146049,,,,,Disponible,0,mercedes6680239@viajes.cl,Lérida,Arrecife,36,3444,133000,El Rápido Internacional,2026-05-19,,,{}
145083,,,,,Disponible,0,patricia1999310@viajes.cl,Orihuela,Jaén,30,246,24000,Crucero del Norte,2026-06-21,,,{}
145240,,,,,Disponible,0,ramiro6881877@viajes.cl,Alcalá de Henares,Telde,34,2327,112000,Turbus,2025-11-24,,,{}
143261,62937,2025-05-18,134000,1,No disponible,134,rebeca3845427@viajes.cl,Alcorcón,,,1249,134000,Via Bariloche,2026-10-08,2026-10-08,,{}
146576,,,,,Disponible,0,roberto4106967@viajes.cl,Bilbao,Irún,45,2699,165000,Flecha Bus,2025-05-01,,,{}
98476,63084,2025-08-30,522000,9,No disponible,522,rosa1982379@viajes.cl,Mérida,El Puerto de Santa María,46,4108,58000,Omnibus de México,2026-06-19,2026-06-21,,{}
130545,62893,2025-05-06,282000,3,No disponible,282,saarca679@viajes.cl,Fuengirola,El Prat de LLobregat,49,415,94000,EME Bus,2025-07-23,2025-07-23,,{}
146776,,,,,Disponible,0,sofia428873@viajes.cl,La Línea de la Concepción,Paterna,33,707,131000,Plusmar,2026-10-21,,,{}
91650,63940,2025-03-17,530000,5,No disponible,530,sr.2886831@viajes.cl,Santa Lucía de Tirajana,Majadahonda,37,1682,106000,Estrella Roja,2026-02-06,2026-02-07,,{}
87471,63294,2025-01-20,1416000,8,No disponible,1416,sr.3373404@viajes.cl,Pontevedra,Lorca,41,3250,177000,Omnibus de México,2025-02-02,2025-02-04,,{}
95375,61471,2025-01-14,1360000,10,No disponible,1360,sr.4154206@viajes.cl,Alcalá de Guadaira,Cádiz,37,1727,136000,JetSur,2025-01-20,2025-01-21,,{}
145556,,,,,Disponible,0,sr.4977383@viajes.cl,Sevilla,Rubí,46,304,45000,EME Bus,2026-06-07,,,{}
146899,,,,,Disponible,0,sr.9118460@viajes.cl,Telde,Ciudad Real,38,373,58000,Condor Bus,2026-03-07,,,{}
84382,61678,2026-09-18,720000,8,No disponible,720,sra.2991492@viajes.cl,Dos Hermanas,San Sebastián,40,755,90000,Avanza,2026-10-12,2026-10-12,,{}
132920,65009,2025-04-04,788000,4,No disponible,788,sra.7697392@viajes.cl,Alcoy,Elche,39,2809,197000,Megabus,2025-10-10,2025-10-11,,{}
112057,62402,2025-01-22,720000,9,No disponible,720,sressoal326@viajes.cl,Benidorm,Logroño,34,3528,80000,Condor Bus,2025-03-31,2025-04-02,,{}
133640,60246,2025-11-16,1520000,10,No disponible,1520,srmirulo137@viajes.cl,Arrecife,Madrid,34,4184,152000,Buses Nilahue,2025-12-18,2025-12-20,,{}
146709,,,,,Disponible,0,srruvali274@viajes.cl,Calahorra,Granada,,3637,78000,Buses Romani,2025-06-22,,,{}
145076,,,,,Disponible,0,sta.1573811@viajes.cl,Guadalajara,Lorca,42,891,63000,Megabus,2026-09-26,,,{}
111156,62760,2025-12-02,189000,3,No disponible,189,sta.7373654@viajes.cl,Palencia,Mollet del Vallés,37,3815,63000,Avanza,2025-12-13,2025-12-15,,{}
94458,62840,2025-04-17,924000,7,No disponible,924,sta.7698525@viajes.cl,Leganés,Ferrol,42,2055,132000,Via Bariloche,2025-06-30,2025-07-01,,{}
125129,60923,2025-01-20,141000,1,No disponible,141,stanbusa280@viajes.cl,Cádiz,Palma de Mallorca,40,973,141000,Buses Bio Bio,2025-01-28,2025-01-28,,{}
84932,61875,2026-03-02,582000,6,No disponible,582,starmeca579@viajes.cl,Algeciras,Talavera de la Reina,49,2175,97000,Condor Bus,2026-06-30,2026-07-01,,{}
89880,55754,2025-03-02,1160000,10,No disponible,1160,stelpial415@viajes.cl,Alcalá de Henares,Ponferrada,39,2678,116000,Crucero del Norte,2025-04-12,2025-04-13,,{}
146321,,,,,Disponible,0,stvifogu269@viajes.cl,Cádiz,Almería,33,2604,142000,Greyhound,2026-01-15,,,{}
137761,59556,2025-04-07,595000,5,No disponible,595,stóspaab867@viajes.cl,Bilbao,Manresa,48,1678,119000,,2025-04-09,2025-04-10,,{}
93864,58464,2025-07-03,560000,8,No disponible,560,sumeto102@viajes.cl,,Manresa,33,2773,70000,Plusmar,2026-01-06,2026-01-07,,{}
142009,61004,2025-03-11,414000,3,No disponible,414,teresa812759@viajes.cl,Granada,La Línea de la Concepción,37,2017,138000,Futura,2025-07-25,2025-07-26,,{}
138889,64602,2025-01-23,1750000,10,No disponible,1750,tináar395@viajes.cl,Viladecans,,36,1270,175000,Condor Bus,2025-03-12,2025-03-12,,{}
145151,,,,,Disponible,0,tovami921@viajes.cl,Lérida,León,49,1574,120000,Buses Nilahue,2025-10-23,,,{}
131002,59697,2025-07-25,1182000,6,No disponible,1182,viríca811@viajes.cl,Oviedo,El Prat de LLobregat,42,3219,197000,Condor Bus,2026-07-26,,,{}
146428,,,,,Disponible,0,Alfonsozarate453@viajes.cl,Hospitalet de LLobregat,El Puerto de Santa María,35,3363,114000,Futura,2026-10-30,,,{}
109400,59561,2025-06-29,480000,6,No disponible,480,Anamanzanares596@viajes.cl,Irún,Logroño,41,565,80000,Megabus,2025-11-10,2025-11-10,,{}
129197,61056,2026-05-08,148000,1,No disponible,148,Anatoro616@viajes.cl,Orihuela,Alcalá de Henares,,3116,148000,ETN Turistar,2026-09-22,2026-09-24,,{}
143558,57750,2025-11-23,390000,2,No disponible,390,Armandocarranza316@viajes.cl,Albacete,Inca,,927,195000,Pullman Bus,2026-04-10,2026-04-10,,{}
146508,,,,,Disponible,0,Bernardoarias154@viajes.cl,Cáceres,Murcia,36,3214,100000,Buses Nilahue,2025-05-15,,,{}
145015,,,,,Disponible,0,Blancagarica831@viajes.cl,Badajoz,Paterna,40,3609,198000,Buses Ahumada,2025-10-16,,,{}
145361,,,,,Disponible,0,Ceciliaflórez371@viajes.cl,Motril,Ceuta,42,3464,133000,El Rápido Internacional,2026-10-06,,,{}
119887,59735,2025-08-29,447000,3,No disponible,447,Doloresvanegas563@viajes.cl,Huelva,Baracaldo,37,1265,149000,Plusmar,2026-09-17,,,{}
94667,60531,2025-01-03,788000,4,No disponible,788,Emilioarreola638@viajes.cl,Manresa,Bilbao,37,2638,197000,Monbus,2025-01-07,2025-01-08,,
145076,,,,,Disponible,0,sta.1573811@viajes.cl,Guadalajara,Lorca,42,891,63000,Megabus,2026-09-26,,,{}
146412,,,,,Disponible,0,Ernestoalcaraz354@viajes.cl,Almería,Palma de Mallorca,47,239,27000,Turbus,2026-04-23,,,{}
122207,62013,2025-02-10,756000,6,No disponible,756,Esperanzaatencio335@viajes.cl,Cuenta,,40,1376,126000,Primera Plus,2025-09-11,2025-09-11,,{}
80178,59415,2025-08-22,805000,5,No disponible,805,Evaalejandro533@viajes.cl,Lorca,Santa Lucía de Tirajana,,2772,161000,EME Bus,2026-07-06,2026-07-07,,{}
112013,58457,2025-02-14,61000,1,No disponible,61,Evarendón524@viajes.cl,Mataró,Sagunto,33,3759,61000,FlixBus,2025-12-27,2025-12-29,,{}
144135,63012,2025-02-02,430000,5,No disponible,430,Federicogálvez952@viajes.cl,San Sebastían de los Reyes,Irún,44,3221,86000,JetSur,2025-07-21,2025-07-23,,{}
91898,63206,2025-05-11,792000,8,No disponible,792,Felipesegovia888@viajes.cl,Puertollano,Santa Coloma de Gramanet,34,3245,99000,EME Bus,2025-05-26,2025-05-28,,
146134,,,,,Disponible,0,Gabrielahidalgo828@viajes.cl,Las Palmas de Gran Canaria,Santa Cruz de Tenerife,43,1632,88000,Via Bariloche,2026-01-18,,,{}
145192,,,,,Disponible,0,Guillerminaprado737@viajes.cl,Paterna,Málaga,34,3937,136000,Via Bariloche,2026-05-12,,,{}
145100,,,,,Disponible,0,Joséruiz932@viajes.cl,El Prat de LLobregat,Torremolinos,35,2673,193000,Megabus,2025-01-30,,,{}
127495,65518,2025-08-01,738000,6,No disponible,738,Juanorozco540@viajes.cl,Baracaldo,Santa Coloma de Gramanet,43,1184,123000,Primera Plus,2025-10-25,2025-10-25,,{}
107919,58449,2025-07-09,172000,2,No disponible,172,Juliapelayo134@viajes.cl,Santa Coloma de Gramanet,Manresa,32,2334,86000,,2025-07-31,2025-08-01,,{}
121519,59314,2026-01-24,1470000,10,No disponible,1470,Juliogarica923@viajes.cl,Alcorcón,Algeciras,,1393,147000,Andesmar,2026-10-10,2026-10-10,,{}
78422,63299,2025-02-02,1064000,8,No disponible,1064,Magdalenacasanova305@viajes.cl,Santa Lucía de Tirajana,Alcalá de Guadaira,43,1102,133000,Via Bariloche,2026-08-29,2026-08-29,,{}
146687,,,,,Disponible,0,Maricarmenbahena434@viajes.cl,Sanlúcar de Barrameda,Puertollano,30,3274,129000,Primera Plus,2026-10-05,,,{}
142456,65341,2026-06-23,264000,8,No disponible,264,Martínesquibel775@viajes.cl,Linares,Fuengirola,43,181,33000,Monbus,2026-07-03,2026-07-03,,{}
86885,65709,2025-07-27,950000,10,No disponible,950,Maríacarreón854@viajes.cl,Tarragona,Barcelona,41,398,95000,JetSur,2026-08-03,2026-08-03,,{}
145064,,,,,Disponible,0,Maríamarroquín192@viajes.cl,,Getafe,31,1758,168000,Socibus,2025-10-07,,,{}
108943,60737,2026-01-24,83000,1,No disponible,83,Maríarendón440@viajes.cl,La Línea de la Concepción,Bilbao,44,1132,83000,ETN Turistar,2026-10-04,2026-10-04,,{}
85644,61912,2025-07-27,1060000,10,No disponible,1060,Mateocollado527@viajes.cl,Orense,Guadalajara,45,3813,106000,,2026-11-06,2026-11-08,,{}
120576,65042,2025-05-23,171000,3,No disponible,171,Mercedesgalindo223@viajes.cl,Santiago de Compostela,,46,1815,57000,Omnibus de México,2026-01-13,2026-01-14,,{}
89794,62411,2025-02-03,169000,1,No disponible,169,Mónicavalles477@viajes.cl,Collado Villalba,Mijas,49,1685,169000,Via Bariloche,2025-04-20,2025-04-21,,{}
117865,66341,2025-03-26,1665000,9,No disponible,1665,Patriciaadame600@viajes.cl,Gerona,Avilés,40,4089,185000,Futura,2025-12-19,2025-12-21,,{}
145753,,,,,Disponible,0,Reinacollado243@viajes.cl,,Pontevedra,33,1867,80000,Chevallier,2025-12-27,,,{}
140532,59732,2025-01-28,882000,9,No disponible,882,Robertodomínquez641@viajes.cl,Coslada,Segovia,39,2898,98000,,2025-02-15,2025-02-17,,{}
101124,57126,2025-09-24,796000,4,No disponible,796,Santiagosolorzano537@viajes.cl,Ávila,Dos Hermanas,34,3825,199000,Primera Plus,2025-10-01,2025-10-03,,{}
146382,,,,,Disponible,0,Soniamonroy754@viajes.cl,Vigo,Palma de Mallorca,32,322,55000,Condor Bus,2025-01-27,,,{}
113760,59656,2025-12-18,390000,6,No disponible,390,Sr.cornejo722@viajes.cl,Cáceres,Coslada,32,4064,65000,JetSur,2026-03-22,2026-03-24,,{}
141079,61237,2025-01-28,2000000,10,No disponible,2000,Sr.valencia152@viajes.cl,Manresa,El Puerto de Santa María,42,3811,200000,JetSur,2026-04-21,2026-04-23,,{}
146250,,,,,Disponible,0,Sr.vega194@viajes.cl,Elche,Fuengirola,39,2965,181000,Buses Nilahue,2026-10-28,,,{}
145921,,,,,Disponible,0,Sra.peralta519@viajes.cl,Torrevieja,Santa Coloma de Gramanet,43,2678,95000,Chevallier,2025-08-13,,,{}
89620,66204,2025-05-26,1104000,6,No disponible,1104,Sra.rosado549@viajes.cl,Sabadell,Valladolid,47,1657,184000,Via Bariloche,2025-11-30,2025-12-01,,{}
87083,61117,2025-06-20,696000,4,No disponible,696,Sta.covarrubias900@viajes.cl,San Sebastián,Gandía,37,998,174000,Buses Romani,2025-07-17,2025-07-17,,
145729,,,,,Disponible,0,Timoteodomínguez465@viajes.cl,,San Sebastían de los Reyes,43,2153,94000,BoltBus,2026-05-25,,,{}
144647,,,,,Disponible,0,Vicenteaponte297@viajes.cl,Zaragoza,Alcorcón,40,772,184000,Primera Plus,2025-02-25,,,{}
112894,59966,2025-04-17,690000,6,No disponible,690,adela7317294@viajes.cl,Ferrol,Benidorm,32,2234,115000,Primera Plus,2026-02-18,,,{}
94217,59829,2025-01-01,465000,5,No disponible,465,agroco155@viajes.cl,Jaén,,40,1203,93000,ETN Turistar,2025-06-04,2025-06-04,,{}
92143,55580,2026-07-26,900000,9,No disponible,900,alagsa402@viajes.cl,Mérida,Tarrasa,39,2228,100000,Avanza,2026-10-04,2026-10-05,,{}
122614,61821,2025-08-08,621000,9,No disponible,621,alfredo2747745@viajes.cl,,Zamora,34,1812,69000,Omnibus de México,2026-07-26,2026-07-27,,{}
144967,,,,,Disponible,0,almomo841@viajes.cl,Alcobendas,Santiago de Compostela,37,3285,141000,Andesmar,2025-01-20,,,{}
129978,59603,2025-03-28,1134000,6,No disponible,1134,ana252565@viajes.cl,Córdoba,Zamora,43,820,189000,Chevallier,2025-08-27,2025-08-27,,{}
103594,60407,2025-04-28,1242000,9,No disponible,1242,ana8819821@viajes.cl,,Ávila,39,4244,138000,Primera Plus,2025-09-12,2025-09-14,,{}
146631,,,,,Disponible,0,andrea6328405@viajes.cl,Sevilla,La Coruña,30,2540,163000,Omnibus de México,2026-08-25,,,{}
146387,,,,,Disponible,0,anmagamo784@viajes.cl,Orihuela,Telde,37,2757,131000,Avanza,2026-09-26,,,{}
126383,61598,2025-01-15,985000,5,No disponible,985,bedíca294@viajes.cl,Barcelona,Puertollano,44,3286,197000,Chevallier,2025-01-17,2025-01-19,,{}
104101,60157,2025-01-15,616000,4,No disponible,616,bernardo5359194@viajes.cl,Madrid,El Prat de LLobregat,40,3784,154000,FlixBus,2025-03-04,2025-03-06,,{}
143274,62851,2025-03-21,72000,1,No disponible,72,cafiga949@viajes.cl,Jerez de la Frontera,Ferrol,36,3033,72000,El Rápido Internacional,2026-01-10,2026-01-12,,{}
101132,57126,2025-03-06,704000,4,No disponible,704,carmen9290607@viajes.cl,Gandía,Albacete,48,2420,176000,Alsa,2025-10-11,,,{}
101275,57109,2025-01-17,64000,1,No disponible,64,cecilia2523556@viajes.cl,Valencia,Benidorm,44,2698,64000,ADO,2025-02-08,2025-02-09,,{}
146025,,,,,Disponible,0,clhisa286@viajes.cl,Paterna,Cerdañola del Vallés,33,3008,82000,Omnibus de México,2026-05-14,,,{}
112341,58006,2025-01-13,978000,6,No disponible,978,clsepi736@viajes.cl,Zamora,Gandía,30,1839,163000,EME Bus,2025-07-25,2025-07-26,,{}
89532,65591,2025-03-15,495000,9,No disponible,495,concepción766750@viajes.cl,Sanlúcar de Barrameda,Inca,40,2761,55000,Flecha Bus,2025-04-01,2025-04-02,,{}
133303,58220,2025-04-04,910000,7,No disponible,910,cristobal780844@viajes.cl,Rubí,Sabadell,,2104,130000,Greyhound,2025-11-26,2025-11-27,,{}
82493,65063,2025-01-10,186000,2,No disponible,186,cérade760@viajes.cl,Irún,Arrecife,44,2614,93000,Damas,2025-02-11,2025-02-12,,{}
105106,59900,2025-02-26,972000,9,No disponible,972,david2434538@viajes.cl,Manresa,Ponferrada,39,3242,108000,Greyhound,2026-09-01,2026-09-03,,{}
84836,62172,2025-08-15,170000,5,No disponible,170,doabes349@viajes.cl,Murcia,Ceuta,47,207,34000,El Rápido Internacional,2026-01-18,2026-01-18,,{}
146300,,,,,Disponible,0,eladfi277@viajes.cl,Paterna,Gijón,47,2100,112000,Alsa,2026-01-28,,,
102040,61278,2025-05-22,1116000,6,No disponible,1116,elisa6574220@viajes.cl,El Puerto de Santa María,Irún,37,3657,186000,Flecha Bus,2025-11-15,2025-11-17,,{}
89000,55759,2025-01-02,528000,3,No disponible,528,elvira1368217@viajes.cl,Talavera de la Reina,La Coruña,48,3970,176000,Buses Nilahue,2025-01-05,2025-01-07,,{}
78861,62038,2025-10-12,255000,5,No disponible,255,emilio7599770@viajes.cl,Molina de Segura,Orihuela,,1939,51000,Estrella Roja,2026-05-16,2026-05-17,,
87949,58558,2025-04-27,516000,3,No disponible,516,ester3534754@viajes.cl,,Castellón de la Plana,49,2496,172000,Alsa,2026-08-20,2026-08-21,,{}
114776,64830,2025-12-13,924000,6,No disponible,924,fesapé914@viajes.cl,Alcalá de Guadaira,Badalona,39,1046,154000,JetSur,2026-06-30,2026-06-30,,
79916,59189,2025-02-16,371000,7,No disponible,371,gazaoj875@viajes.cl,Estepona,Barcelona,40,2043,53000,ETN Turistar,2025-10-14,2025-10-15,,{}
93488,62032,2025-03-31,452000,4,No disponible,452,homero3729848@viajes.cl,Torremolinos,Lérida,46,1905,113000,Megabus,2026-03-19,2026-03-20,,{}
146411,,,,,Disponible,0,inés1671557@viajes.cl,,Gecho,42,2234,65000,El Rápido Internacional,2025-07-27,,,{}
125322,61121,2025-07-23,1737000,9,No disponible,1737,inés5019540@viajes.cl,Torrevieja,Valladolid,30,3686,193000,Estrella Roja,2025-09-05,2025-09-07,,{}
144959,,,,,Disponible,0,irene2022687@viajes.cl,Madrid,Valladolid,37,3146,76000,Estrella Roja,2026-08-08,,,{}
97658,55681,2025-04-11,1088000,8,No disponible,1088,isabela200738@viajes.cl,Sabadell,Segovia,46,1440,136000,Plusmar,2026-07-06,2026-07-07,,{}
128823,65701,2025-10-25,528000,6,No disponible,528,joaquín8251348@viajes.cl,Logroño,Coslada,42,4177,88000,Turbus,2026-04-03,2026-04-05,,{}
83911,56977,2025-05-09,792000,9,No disponible,792,jomaocoq384@viajes.cl,Alicante,Badalona,49,4190,88000,FlixBus,2025-05-28,,,{}
113772,60026,2025-01-21,1305000,9,No disponible,1305,jorge3732696@viajes.cl,Fuengirola,Estepona,,4056,145000,EME Bus,2025-08-22,2025-08-24,,{}
146861,,,,,Disponible,0,jorge4122526@viajes.cl,Gecho,La Coruña,31,1741,57000,Greyhound,2026-09-05,,,{}
91626,61829,2025-04-12,128000,2,No disponible,128,josé1588166@viajes.cl,Fuenlabrada,,48,3783,64000,FlixBus,2026-03-11,2026-03-13,,{}
124235,59621,2025-02-21,560000,5,No disponible,560,laura4786649@viajes.cl,Salamanca,Segovia,47,758,112000,Futura,2025-03-25,2025-03-25,,{}
123079,55600,2025-06-20,214000,2,No disponible,214,lesama482@viajes.cl,Granollers,Cerdañola del Vallés,45,3832,107000,Omnibus de México,2026-08-28,2026-08-30,,{}
79318,61525,2025-03-17,1485000,9,No disponible,1485,lirolo275@viajes.cl,,Majadahonda,,680,165000,FlixBus,2025-03-30,,,{}
145953,,,,,Disponible,0,loecca129@viajes.cl,Alcoy,León,31,3212,111000,Turbus,2025-01-11,,,{}
143092,58293,2025-03-15,1296000,8,No disponible,1296,lola2604830@viajes.cl,Gerona,Gerona,40,1310,162000,Buses Romani,2026-04-06,2026-04-06,,{}
146557,,,,,Disponible,0,luulva107@viajes.cl,Marbella,Cáceres,46,2418,126000,Plusmar,2025-05-30,,,{}
145822,,,,,Disponible,0,luzaja127@viajes.cl,Alcalá de Guadaira,Puertollano,38,672,188000,EME Bus,2025-01-14,,,{}
145029,,,,,Disponible,0,maanordean108@viajes.cl,Cornellá de Llobregat,Jerez de la Frontera,47,656,170000,BoltBus,2025-11-25,,,{}
130555,62300,2025-05-08,298000,2,No disponible,298,mabadu448@viajes.cl,Pozuelo de Alarcón,Jerez de la Frontera,43,2431,149000,,2026-04-13,2026-04-14,,{}
145563,,,,,Disponible,0,macrcrlo627@viajes.cl,Cartagena,Cádiz,45,143,45000,Plusmar,2025-05-17,,,{}
145858,,,,,Disponible,0,malucaru511@viajes.cl,Gijón,Irún,48,3087,181000,Futura,2025-02-08,,,{}
105523,62996,2025-06-01,465000,5,No disponible,465,manali180@viajes.cl,Oviedo,Cuenta,46,1234,93000,Flecha Bus,2026-02-01,2026-02-01,,
145841,,,,,Disponible,0,maroga573@viajes.cl,Ferrol,Coslada,33,888,177000,Greyhound,2026-05-26,,,{}
113794,63983,2025-01-29,1104000,8,No disponible,1104,maría5347415@viajes.cl,Getafe,Molina de Segura,44,1409,138000,Monbus,2025-09-11,2025-09-11,,{}
145399,,,,,Disponible,0,mayte2420464@viajes.cl,Castellón de la Plana,Lugo,39,4137,69000,ETN Turistar,2025-07-05,,,{}
84960,59278,2026-02-06,480000,6,No disponible,480,mayte4540774@viajes.cl,Alcoy,Benalmádena,42,884,80000,Monbus,2026-02-20,2026-02-20,,{}
146049,,,,,Disponible,0,mercedes6680239@viajes.cl,Lérida,Arrecife,36,3444,133000,El Rápido Internacional,2026-05-19,,,{}
145083,,,,,Disponible,0,patricia1999310@viajes.cl,Orihuela,Jaén,30,246,24000,Crucero del Norte,2026-06-21,,,{}
145240,,,,,Disponible,0,ramiro6881877@viajes.cl,Alcalá de Henares,Telde,34,2327,112000,Turbus,2025-11-24,,,{}
143261,62937,2025-05-18,134000,1,No disponible,134,rebeca3845427@viajes.cl,Alcorcón,,,1249,134000,Via Bariloche,2026-10-08,2026-10-08,,{}
146576,,,,,Disponible,0,roberto4106967@viajes.cl,Bilbao,Irún,45,2699,165000,Flecha Bus,2025-05-01,,,{}
98476,63084,2025-08-30,522000,9,No disponible,522,rosa1982379@viajes.cl,Mérida,El Puerto de Santa María,46,4108,58000,Omnibus de México,2026-06-19,2026-06-21,,{}
130545,62893,2025-05-06,282000,3,No disponible,282,saarca679@viajes.cl,Fuengirola,El Prat de LLobregat,49,415,94000,EME Bus,2025-07-23,2025-07-23,,{}
146776,,,,,Disponible,0,sofia428873@viajes.cl,La Línea de la Concepción,Paterna,33,707,131000,Plusmar,2026-10-21,,,{}
91650,63940,2025-03-17,530000,5,No disponible,530,sr.2886831@viajes.cl,Santa Lucía de Tirajana,Majadahonda,37,1682,106000,Estrella Roja,2026-02-06,2026-02-07,,{}
87471,63294,2025-01-20,1416000,8,No disponible,1416,sr.3373404@viajes.cl,Pontevedra,Lorca,41,3250,177000,Omnibus de México,2025-02-02,2025-02-04,,{}
95375,61471,2025-01-14,1360000,10,No disponible,1360,sr.4154206@viajes.cl,Alcalá de Guadaira,Cádiz,37,1727,136000,JetSur,2025-01-20,2025-01-21,,{}
145556,,,,,Disponible,0,sr.4977383@viajes.cl,Sevilla,Rubí,46,304,45000,EME Bus,2026-06-07,,,{}
146899,,,,,Disponible,0,sr.9118460@viajes.cl,Telde,Ciudad Real,38,373,58000,Condor Bus,2026-03-07,,,{}
84382,61678,2026-09-18,720000,8,No disponible,720,sra.2991492@viajes.cl,Dos Hermanas,San Sebastián,40,755,90000,Avanza,2026-10-12,2026-10-12,,{}
132920,65009,2025-04-04,788000,4,No disponible,788,sra.7697392@viajes.cl,Alcoy,Elche,39,2809,197000,Megabus,2025-10-10,2025-10-11,,{}
112057,62402,2025-01-22,720000,9,No disponible,720,sressoal326@viajes.cl,Benidorm,Logroño,34,3528,80000,Condor Bus,2025-03-31,2025-04-02,,{}
133640,60246,2025-11-16,1520000,10,No disponible,1520,srmirulo137@viajes.cl,Arrecife,Madrid,34,4184,152000,Buses Nilahue,2025-12-18,2025-12-20,,{}
146709,,,,,Disponible,0,srruvali274@viajes.cl,Calahorra,Granada,,3637,78000,Buses Romani,2025-06-22,,,{}
111156,62760,2025-12-02,189000,3,No disponible,189,sta.7373654@viajes.cl,Palencia,Mollet del Vallés,37,3815,63000,Avanza,2025-12-13,2025-12-15,,{}
94458,62840,2025-04-17,924000,7,No disponible,924,sta.7698525@viajes.cl,Leganés,Ferrol,42,2055,132000,Via Bariloche,2025-06-30,2025-07-01,,{}
125129,60923,2025-01-20,141000,1,No disponible,141,stanbusa280@viajes.cl,Cádiz,Palma de Mallorca,40,973,141000,Buses Bio Bio,2025-01-28,2025-01-28,,{}
84932,61875,2026-03-02,582000,6,No disponible,582,starmeca579@viajes.cl,Algeciras,Talavera de la Reina,49,2175,97000,Condor Bus,2026-06-30,2026-07-01,,{}
89880,55754,2025-03-02,1160000,10,No disponible,1160,stelpial415@viajes.cl,Alcalá de Henares,Ponferrada,39,2678,116000,Crucero del Norte,2025-04-12,2025-04-13,,{}
146321,,,,,Disponible,0,stvifogu269@viajes.cl,Cádiz,Almería,33,2604,142000,Greyhound,2026-01-15,,,{}
137761,59556,2025-04-07,595000,5,No disponible,595,stóspaab867@viajes.cl,Bilbao,Manresa,48,1678,119000,,2025-04-09,2025-04-10,,{}
93864,58464,2025-07-03,560000,8,No disponible,560,sumeto102@viajes.cl,,Manresa,33,2773,70000,Plusmar,2026-01-06,2026-01-07,,{}
142009,61004,2025-03-11,414000,3,No disponible,414,teresa812759@viajes.cl,Granada,La Línea de la Concepción,37,2017,138000,Futura,2025-07-25,2025-07-26,,{}
138889,64602,2025-01-23,1750000,10,No disponible,1750,tináar395@viajes.cl,Viladecans,,36,1270,175000,Condor Bus,2025-03-12,2025-03-12,,{}
145151,,,,,Disponible,0,tovami921@viajes.cl,Lérida,León,49,1574,120000,Buses Nilahue,2025-10-23,,,{}
131002,59697,2025-07-25,1182000,6,No disponible,1182,viríca811@viajes.cl,Oviedo,El Prat de LLobregat,42,3219,197000,Condor Bus,2026-07-26,,,{}
98898,61149,2025-03-31,1690000,5,No disponible,1690,Adrianaarevalo161@viajes.cl,La Coruña,Lugo,35,3769,338000,ŽFBH (Bosnia y Herzegovina),2025-08-27,2025-08-29,,{}
146095,,,,,Disponible,0,Adrianapagan314@viajes.cl,Linares,Valdemoro,30,1944,118000,Megabus,2026-02-25,,,{}
96297,55734,2025-02-26,282000,3,No disponible,282,Alejandraquezada149@viajes.cl,Parla,Baracaldo,31,948,94000,Crucero del Norte,2026-01-28,2026-01-28,,{}
145833,,,,,Disponible,0,Aliciabriseño959@viajes.cl,San Fernando,Santa Coloma de Gramanet,35,503,129000,FlixBus,2026-08-31,,,{}
146596,,,,,Disponible,0,Amaliabalderas976@viajes.cl,Benidorm,Coslada,43,2986,177000,Omnibus de México,2025-10-28,,,{}
144887,,,,,Disponible,0,Anaalonzo110@viajes.cl,Palma de Mallorca,Linares,40,1251,156000,Pullman Bus,2025-11-24,,,{}
146007,,,,,Disponible,0,Anapatiño297@viajes.cl,Orense,Cuenta,34,4082,177000,Chevallier,2025-05-11,,,{}
146836,,,,,Disponible,0,Anapizarro552@viajes.cl,Palencia,Badalona,32,2033,171000,Chevallier,2025-12-03,,,{}
136955,60555,2025-06-03,86000,2,No disponible,86,Anarivero619@viajes.cl,Móstoles,León,53,1415,43000,Amtrak,2026-11-24,2026-11-24,,{}
145934,,,,,Disponible,0,Benjamínleón812@viajes.cl,Orense,Valladolid,47,3778,66000,Buses Nilahue,2026-03-01,,,{}
146848,,,,,Disponible,0,Bernardovergara432@viajes.cl,Jerez de la Frontera,Talavera de la Reina,30,962,117000,JetSur,2025-12-14,,,{}
80793,61651,2025-05-07,420000,10,No disponible,420,Carlosabeyta963@viajes.cl,Ávila,Albacete,41,1108,42000,NS International,2025-12-15,2025-12-15,,{}
135421,64852,2025-05-26,450000,6,No disponible,450,Carloshurtado807@viajes.cl,Móstoles,Majadahonda,32,1223,75000,NS International,2025-07-19,2025-07-19,,{}
118907,62189,2025-04-04,2259000,9,No disponible,2259,Catalinavarela631@viajes.cl,Tarragona,Gandía,91,3307,251000,RZD (Rusia),2025-12-23,2025-12-25,,{}
148652,,,,,Disponible,0,Clarasaldaña655@viajes.cl,Cerdañola del Vallés,Telde,62,1724,134000,MÁV (Hungría),2026-11-08,2027-01-18,,{}
145664,,,,,Disponible,0,Concepciónfierro387@viajes.cl,Cuenta,Sanlúcar de Barrameda,39,2438,116000,Buses Ahumada,2026-06-11,,,{}
145983,,,,,Disponible,0,Cristobalaponte610@viajes.cl,Fuengirola,Puertollano,31,2569,125000,Estrella Roja,2026-08-26,,,
132691,57698,2025-10-13,1876000,7,No disponible,1876,Enriquetamez108@viajes.cl,Gecho,Palencia,90,3871,268000,,2026-06-18,2026-06-20,,{}
145160,,,,,Disponible,0,Ernestobarraza502@viajes.cl,La Línea de la Concepción,Fuenlabrada,43,3049,123000,Pullman Bus,2026-07-04,,,{}
146329,,,,,Disponible,0,Ernestonavarro302@viajes.cl,Torrevieja,Linares,40,4189,165000,Avanza,2026-06-03,,,
102039,60097,2025-01-30,180000,5,No disponible,180,Fernandomuñoz208@viajes.cl,Sagunto,,,1280,36000,AVE,2025-05-30,2025-05-30,,{}
144804,,,,,Disponible,0,Gerardobarela578@viajes.cl,Mérida,Bilbao,40,3798,200000,Alsa,2025-04-14,,,{}
133956,61209,2025-01-05,1272000,8,No disponible,1272,Gerardobriseño638@viajes.cl,Guadalajara,Córdoba,31,2403,159000,El Rápido Internacional,2025-02-08,2025-02-09,,{}
144769,,,,,Disponible,0,Gerardomojica966@viajes.cl,Inca,Talavera de la Reina,35,2675,73000,Socibus,2026-10-12,,,{}
90184,57473,2025-12-28,556000,4,No disponible,556,Gilbertoayala702@viajes.cl,Segovia,Mataró,71,3208,139000,Deutsche Bahn (DB),2026-09-07,2026-09-09,,{}
81864,59081,2025-01-24,468000,4,No disponible,468,Gloriaanda368@viajes.cl,Linares,Logroño,38,1344,117000,Estrella Roja,2025-04-22,2025-04-22,,{}
112890,66287,2025-08-14,1024000,8,No disponible,1024,Gloriacotto254@viajes.cl,,Dos Hermanas,37,3505,128000,Buses Romani,2026-08-02,2026-08-04,,{}
109990,64881,2025-03-13,372000,4,No disponible,372,Guillerminavéliz425@viajes.cl,Lugo,Cornellá de Llobregat,50,2055,93000,Plusmar,2025-03-27,2025-03-28,,{}
144616,,,,,Disponible,0,Guillermosaldaña643@viajes.cl,Lérida,Lérida,42,2433,104000,Flecha Bus,2026-05-30,,,{}
143299,66550,2025-04-13,1930000,10,No disponible,1930,Homerocolunga322@viajes.cl,Palma de Mallorca,Getafe,76,2403,193000,RZD (Rusia),2025-09-21,2025-09-22,,{}
148854,,,,,Disponible,0,Ignaciopreciado651@viajes.cl,Alcalá de Henares,,18,3163,316000,,2025-01-05,2025-05-16,,{}
150054,,,,,Disponible,0,Jacobodelgadillo820@viajes.cl,Cuenta,Dos Hermanas,9,592,192000,SBB (Suiza),2025-01-16,2025-02-09,,{}
145736,,,,,Disponible,0,Jaimebermúdez723@viajes.cl,Toledo,Lugo,37,2772,165000,Greyhound,2025-04-30,,,{}
88826,65558,2025-07-04,833000,7,No disponible,833,Jorgecano411@viajes.cl,Estepona,Santa Cruz de Tenerife,90,2504,119000,AVE,2026-01-18,2026-01-19,,{}
108252,60184,2025-04-19,3420000,9,No disponible,3420,Jorgesedillo847@viajes.cl,La Coruña,Marbella,22,3505,380000,CD (República Checa),2026-03-06,2026-03-08,,{}
114558,62289,2026-08-05,644000,4,No disponible,644,Julioprieto485@viajes.cl,Gerona,Badalona,42,1792,161000,Condor Bus,2026-11-11,2026-11-12,,{}
127706,56043,2025-10-04,385000,5,No disponible,385,Lolacervántez866@viajes.cl,Manresa,La Coruña,21,2104,77000,DSB (Dinamarca),2026-04-28,2026-04-29,,{}
87453,65518,2025-02-03,3030000,10,No disponible,3030,Lucasnazario473@viajes.cl,Ponferrada,Mollet del Vallés,50,3103,303000,ZS (Eslovenia),2025-08-19,2025-08-21,,{}
149002,,,,,Disponible,0,Lucastrejo703@viajes.cl,Málaga,San Fernando,19,424,89000,SBB (Suiza),2026-05-26,2026-06-12,,{}
99025,65066,2025-01-04,1272000,8,No disponible,1272,Marcosperalta478@viajes.cl,Ciudad Real,Zamora,30,2221,159000,Alsa,2026-09-25,2026-09-26,,{}
146130,,,,,Disponible,0,Marianoheredia641@viajes.cl,Ceuta,Lugo,37,1471,180000,Alsa,2026-08-15,,,{}
91021,60114,2025-01-26,1168000,8,No disponible,1168,Marianopérez502@viajes.cl,,Zamora,46,2184,146000,ETN Turistar,2025-02-19,2025-02-20,,{}
148961,,,,,Disponible,0,Marilucarvajal616@viajes.cl,Benalmádena,,67,146,8000,Nederlandse Sp,2026-03-25,2026-03-31,,{}
113812,65696,2025-09-04,903000,7,No disponible,903,Marisolmonroy204@viajes.cl,La Coruña,Tarragona,32,2709,129000,Damas,2025-12-08,2025-12-09,,{}
146703,,,,,Disponible,0,Maríaalonzo778@viajes.cl,Mollet del Vallés,Baracaldo,41,1236,61000,Buses Ahumada,2026-02-04,,,{}
150009,,,,,Disponible,0,Maríadelrío618@viajes.cl,Gijón,Orihuela,86,3780,378000,NSB (Noruega),2026-06-07,2026-11-11,,{}
106477,66082,2025-01-27,798000,7,No disponible,798,Maríalaureano486@viajes.cl,Valladolid,Paterna,62,1441,114000,SNCB (Bélgica),2025-12-03,2025-12-04,,{}
104542,62830,2025-06-17,1456000,8,No disponible,1456,Maríasaldivar717@viajes.cl,Ponferrada,Roquetas de Mar,,2850,182000,DSB (Dinamarca),2026-01-31,2026-02-01,,{}
107995,64659,2025-06-18,2830000,10,No disponible,2830,Mateofarías500@viajes.cl,Zamora,Santa Cruz de Tenerife,75,2879,283000,AVE,2025-08-31,2025-09-01,,{}
107212,58557,2025-02-17,462000,3,No disponible,462,Mercedesalaniz750@viajes.cl,La Línea de la Concepción,Cuenta,32,2967,154000,Damas,2025-02-23,2025-02-25,,{}
144778,,,,,Disponible,0,Nicolássauceda686@viajes.cl,Irún,Benalmádena,41,2425,123000,ADO,2026-01-31,,,
86115,62785,2025-01-12,4570000,10,No disponible,4570,Normaraya573@viajes.cl,Algeciras,León,11,4285,457000,Qatar Airways,2025-01-13,2025-01-15,,"{""Chiclana de la Frontera"",Mataró,""El Puerto de Santa María"",""Talavera de la Reina""}"
114250,57989,2025-03-23,144000,1,No disponible,144,Patricioestévez422@viajes.cl,Castellón de la Plana,Torrelavega,51,2106,144000,ZS (Eslovenia),2026-02-27,2026-02-28,,{}
100232,56273,2025-01-22,522000,2,No disponible,522,Patriciomagaña183@viajes.cl,Torremolinos,Valdemoro,81,3637,261000,Amtrak,2025-03-02,2025-03-04,,{}
149318,,,,,Disponible,0,Patricioolivera472@viajes.cl,Badalona,Cerdañola del Vallés,3,877,44000,Renfe,2026-06-02,2026-07-08,,{}
146765,,,,,Disponible,0,Patriciosoliz754@viajes.cl,Cuenta,Molina de Segura,32,3391,131000,Pullman Bus,2026-08-02,,,{}
137129,65042,2025-02-09,690000,10,No disponible,690,Pedromondragón963@viajes.cl,Torremolinos,Avilés,73,1752,69000,AVE,2025-02-11,2025-02-12,,{}
116039,57977,2025-11-28,399000,7,No disponible,399,Pedroolivárez339@viajes.cl,Badalona,Valladolid,35,405,57000,Buses Nilahue,2025-12-16,2025-12-16,,{}
141368,65989,2025-01-09,688000,4,No disponible,688,Ramiromadrigal438@viajes.cl,Córdoba,Ciudad Real,30,1368,172000,Turbus,2025-07-14,2025-07-14,,{}
115298,61782,2025-06-12,832000,8,No disponible,832,Ramiroorozco712@viajes.cl,Majadahonda,Torrelavega,36,3014,104000,Avanza,2026-04-23,,,{}
149950,,,,,Disponible,0,Raquellira938@viajes.cl,,Almería,38,499,80000,,2025-09-29,2025-10-19,,
94419,62052,2026-05-05,920000,8,No disponible,920,Raúlcorrales716@viajes.cl,Oviedo,San Cristróbal de la Laguna,45,2583,115000,Turbus,2026-08-12,2026-08-13,,{}
102577,59540,2025-02-25,262000,2,No disponible,262,Rodrigosolís188@viajes.cl,Alicante,Lérida,96,3387,131000,Nederlandse Sp,2025-04-27,2025-04-29,,{}
149599,,,,,Disponible,0,Rosaorosco800@viajes.cl,Collado Villalba,Arrecife,60,2094,133000,PKP (Polonia),2025-09-30,,,{}
105115,56546,2025-05-08,124000,2,No disponible,124,Rubéngracia541@viajes.cl,Mollet del Vallés,Motril,39,4200,62000,Buses Nilahue,2025-11-21,2025-11-23,,{}
144455,60955,2025-05-09,420000,3,No disponible,420,Salvadorcarrasco712@viajes.cl,,,47,3429,140000,Damas,2026-02-28,,,{}
149507,,,,,Disponible,0,Sofiaportillo314@viajes.cl,Gijón,Palencia,67,199,29000,TGV (SNCF),2026-07-05,2026-07-13,,{}
116953,57873,2025-01-10,520000,10,No disponible,520,Sr.gómez812@viajes.cl,Elda,El Puerto de Santa María,34,1182,52000,Pullman Bus,2025-06-30,2025-06-30,,{}
97457,58597,2025-04-11,1016000,8,No disponible,1016,Sr.montes861@viajes.cl,Torrelavega,Fuengirola,37,3411,127000,Andesmar,2025-07-10,,,{}
128463,62076,2025-01-01,261000,3,No disponible,261,Sra.abrego176@viajes.cl,Alcalá de Henares,Rubí,44,2144,87000,El Rápido Internacional,2025-01-02,2025-01-03,,
88841,61655,2025-03-25,936000,9,No disponible,936,Sra.alanis701@viajes.cl,El Ejido,Sanlúcar de Barrameda,30,927,104000,Via Bariloche,2026-05-20,2026-05-20,,{}
108037,56587,2025-02-13,412000,2,No disponible,412,Sra.carrera208@viajes.cl,Barcelona,Majadahonda,28,3297,206000,NSB (Noruega),2025-08-08,2025-08-10,,{}
146892,,,,,Disponible,0,Sra.ceballos715@viajes.cl,Lérida,Orense,48,2169,70000,Estrella Roja,2025-05-23,,,{}
107487,64701,2025-05-26,384000,3,No disponible,384,Sra.madrigal710@viajes.cl,Logroño,Burgos,4,2107,128000,CFR (Rumania),2025-06-05,2025-06-06,,{}
97499,56139,2025-01-26,468000,9,No disponible,468,Sra.muñoz859@viajes.cl,Madrid,Getafe,34,1970,52000,Andesmar,2026-05-23,2026-05-24,,{}
144313,62176,2026-07-03,164000,2,No disponible,164,Sra.navarro744@viajes.cl,,Bilbao,37,2159,82000,Primera Plus,2026-09-21,2026-09-22,,{}
133324,61233,2025-08-12,392000,2,No disponible,392,Sra.porras732@viajes.cl,Sanlúcar de Barrameda,,43,2795,196000,Turbus,2026-09-01,2026-09-02,,{}
142927,62375,2025-03-22,900000,9,No disponible,900,Sra.reyes599@viajes.cl,Granollers,Gecho,93,241,100000,MÁV (Hungría),2025-05-19,2025-05-19,,{}
145182,,,,,Disponible,0,Sra.suárez393@viajes.cl,Albacete,Valencia,48,4082,194000,Estrella Roja,2025-11-01,,,{}
96690,61718,2025-10-05,1504000,8,No disponible,1504,Sra.zapata174@viajes.cl,Motril,Toledo,11,1484,188000,ŽFBH (Bosnia y Herzegovina),2026-02-15,2026-02-16,,{}
131691,63883,2025-02-04,988000,4,No disponible,988,Sta.abrego223@viajes.cl,Las Palmas de Gran Canaria,,76,3595,247000,BDZ (Bulgaria),2025-04-05,2025-04-07,,{}
144735,,,,,Disponible,0,Sta.cotto607@viajes.cl,Inca,Marbella,40,259,68000,EME Bus,2025-03-28,,,{}
125376,62447,2025-06-20,297000,1,No disponible,297,Sta.dávila345@viajes.cl,Badalona,Murcia,6,2351,297000,DSB (Dinamarca),2026-01-08,2026-01-09,,{}
82246,63258,2026-01-08,440000,8,No disponible,440,Sta.galindo664@viajes.cl,Reus,Gijón,32,1223,55000,Chevallier,2026-03-11,2026-03-11,,{}
111621,57776,2025-11-26,483000,3,No disponible,483,Timoteoortega395@viajes.cl,Ponferrada,Baracaldo,85,1872,161000,,2026-09-19,2026-09-20,,{}
149607,,,,,Disponible,0,Tomásvilla256@viajes.cl,Hospitalet de LLobregat,Ávila,67,152,82000,SBB (Suiza),2025-08-20,2025-08-26,,{}
144591,63670,2025-06-23,1008000,9,No disponible,1008,Tomászambrano517@viajes.cl,Alcalá de Guadaira,Ciudad Real,,2370,112000,Aeroméxico,2025-12-26,2025-12-27,Clase ejecutiva,
148630,,,,,Disponible,0,Víctorvillalpando416@viajes.cl,Pozuelo de Alarcón,Benidorm,43,273,30000,Renfe,2026-02-06,,,{}
118690,62634,2025-07-31,994000,7,No disponible,994,advaco685@viajes.cl,Getafe,Bilbao,47,677,142000,Primera Plus,2025-10-22,2025-10-22,,{}
145806,,,,,Disponible,0,adán8981286@viajes.cl,Granollers,Orense,32,3175,132000,ADO,2026-04-24,,,{}
146064,,,,,Disponible,0,agustín4513914@viajes.cl,Alcobendas,Roquetas de Mar,34,2616,97000,Monbus,2025-11-18,,,{}
93715,58522,2025-10-22,994000,7,No disponible,994,alejandra5219541@viajes.cl,Huelva,Linares,47,2760,142000,SNCB (Bélgica),2026-01-23,2026-01-24,,{}
145242,,,,,Disponible,0,sra.5402172@viajes.cl,Cádiz,Fuengirola,45,884,133000,Alsa,2025-11-03,,,{}
146570,,,,,Disponible,0,alejandra6060515@viajes.cl,Castellón de la Plana,Chiclana de la Frontera,50,816,192000,JetSur,2025-09-09,,,{}
85415,60719,2025-02-09,117000,3,No disponible,117,alejandra6350423@viajes.cl,Granollers,Tarragona,48,434,39000,Primera Plus,2026-11-20,2026-11-20,,{}
137606,66597,2025-08-29,980000,5,No disponible,980,alejandro4663195@viajes.cl,Zamora,Estepona,18,353,196000,CFR (Rumania),2026-10-28,2026-10-28,,{}
107450,59640,2026-08-08,384000,3,No disponible,384,alfredo5112229@viajes.cl,Majadahonda,Alcalá de Henares,78,2558,128000,Delta Air Lines,2026-09-11,2026-09-12,Primera clase,
130651,61651,2025-04-08,595000,5,No disponible,595,almohu846@viajes.cl,Ponferrada,Guadalajara,,2417,119000,ZSSK (Eslovaquia),2026-09-26,2026-09-27,,{}
107007,57791,2025-03-07,1593000,9,No disponible,1593,alveca156@viajes.cl,Elche,Alcoy,30,1226,177000,Via Bariloche,2025-08-08,2025-08-08,,{}
149902,,,,,Disponible,0,amalia8518314@viajes.cl,La Coruña,Palencia,91,4206,195000,HŽ (Croacia),2026-01-29,2026-07-23,,{}
149273,,,,,Disponible,0,amceul498@viajes.cl,Mataró,Arrecife,2,1979,124000,CD (República Checa),2025-06-30,2025-09-20,,{}
89704,58148,2025-01-21,630000,10,No disponible,630,amdeva290@viajes.cl,Motril,Vitoria,39,4122,63000,FlixBus,2025-12-27,2025-12-29,,{}
144604,,,,,Disponible,0,ancaca506@viajes.cl,Gijón,Bilbao,45,1143,108000,Chevallier,2025-01-08,,,{}
145814,,,,,Disponible,0,anmasevi543@viajes.cl,Mataró,Coslada,38,342,72000,Plusmar,2025-06-14,,,{}
95346,65852,2025-05-11,540000,6,No disponible,540,antonio5143423@viajes.cl,Collado Villalba,Móstoles,49,1405,90000,FlixBus,2026-09-17,2026-09-17,,{}
114918,63366,2025-01-24,1057000,7,No disponible,1057,anzama631@viajes.cl,Dos Hermanas,Burgos,35,622,151000,BoltBus,2025-03-05,,,{}
140482,60305,2025-11-01,651000,7,No disponible,651,ariadna2726453@viajes.cl,Burgos,Irún,46,2904,93000,Turbus,2026-02-04,2026-02-06,,{}
111943,60361,2026-01-06,3204000,9,No disponible,3204,arradeje840@viajes.cl,San Cristróbal de la Laguna,Toledo,57,3449,356000,SNCB (Bélgica),2026-06-19,2026-06-21,,{}
130217,55827,2025-05-21,765000,5,No disponible,765,artara334@viajes.cl,Lorca,Gandía,47,1172,153000,Buses Ahumada,2026-03-21,2026-03-21,,{}
146168,,,,,Disponible,0,beatriz4510392@viajes.cl,Mataró,Fuengirola,38,2113,178000,El Rápido Internacional,2026-07-21,,,{}
146082,,,,,Disponible,0,beatriz5107351@viajes.cl,,Lugo,30,1375,109000,Megabus,2025-01-03,,,{}
150061,,,,,Disponible,0,beatriz8478831@viajes.cl,Mérida,Vigo,94,3346,259000,ZS (Eslovenia),2026-05-29,2026-10-15,,{}
120980,63291,2026-03-19,602000,7,No disponible,602,bebece359@viajes.cl,Palencia,Madrid,47,2023,86000,Futura,2026-05-26,2026-05-27,,{}
144759,,,,,Disponible,0,carame562@viajes.cl,Ceuta,Rivas-Vaciamadrid,32,1556,161000,Megabus,2026-02-25,,,{}
130445,60460,2025-09-18,1593000,9,No disponible,1593,carla8513259@viajes.cl,Rubí,Rivas-Vaciamadrid,58,3777,177000,SJ (Suecia),2025-11-01,2025-11-03,,{}
105289,63334,2025-02-08,270000,2,No disponible,270,caruca852@viajes.cl,,Alcorcón,42,3970,135000,Damas,2025-07-04,2025-07-06,,{}
129970,63062,2025-07-09,1200000,4,No disponible,1200,casore427@viajes.cl,Hospitalet de LLobregat,Telde,51,2679,300000,ŽSSK (Eslovaquia),2025-09-01,2025-09-02,,{}
103465,58679,2025-01-14,900000,5,No disponible,900,cazaba427@viajes.cl,Barcelona,Ávila,33,3541,180000,,2025-01-17,2025-01-19,,{}
102856,61034,2025-04-23,99000,1,No disponible,99,clara2103611@viajes.cl,Motril,Badajoz,99,2659,99000,NS International,2025-05-05,2025-05-06,,{}
145041,,,,,Disponible,0,claudio5915903@viajes.cl,Badajoz,Inca,38,315,73000,Buses Ahumada,2025-01-19,,,{}
86231,64354,2026-06-19,888000,6,No disponible,888,clgari266@viajes.cl,,Sevilla,33,2573,148000,El Rápido Internacional,2026-08-04,2026-08-05,,{}
144705,,,,,Disponible,0,cllema523@viajes.cl,Orense,Palencia,41,4025,53000,Pullman Bus,2026-06-07,,,{}
124665,63445,2025-11-25,1215000,9,No disponible,1215,concepción1161816@viajes.cl,Roquetas de Mar,Valladolid,34,1994,135000,Futura,2026-01-25,2026-01-26,,{}
118624,62968,2025-01-12,846000,6,No disponible,846,conchita418950@viajes.cl,Pontevedra,Pozuelo de Alarcón,47,2783,141000,Socibus,2025-07-17,2025-07-18,,{}
126142,61908,2026-03-18,1080000,8,No disponible,1080,cristina9421356@viajes.cl,,,45,981,135000,Monbus,2026-09-30,2026-09-30,,{}
127707,66630,2025-07-13,790000,10,No disponible,790,cristobal9956481@viajes.cl,Cáceres,Alcalá de Henares,22,1300,79000,Amtrak,2026-07-21,2026-07-21,,{}
87890,58609,2025-04-15,940000,5,No disponible,940,damotr290@viajes.cl,Torrelavega,Vitoria,63,1518,188000,Eurostar,2025-08-20,2025-08-21,,{}
139706,62564,2025-03-26,246000,2,No disponible,246,diego955510@viajes.cl,Paterna,Rubí,91,2409,123000,HŽ (Croacia),2025-05-27,2025-05-28,,{}
145578,,,,,Disponible,0,dolores8554213@viajes.cl,Chiclana de la Frontera,Estepona,41,3542,187000,BoltBus,2026-05-25,,,{}
145341,,,,,Disponible,0,edcami320@viajes.cl,Gerona,Granada,34,577,108000,EME Bus,2025-11-17,,,{}
146129,,,,,Disponible,0,emilio6174885@viajes.cl,Gecho,San Cristróbal de la Laguna,32,1665,170000,Chevallier,2025-09-01,,,{}
90059,65662,2025-08-30,168000,3,No disponible,168,emilio6756264@viajes.cl,Orihuela,Jaén,41,889,56000,EME Bus,2025-09-26,2025-09-26,,{}
146394,,,,,Disponible,0,encepe820@viajes.cl,Córdoba,Ávila,48,2317,56000,Socibus,2026-07-07,,,{}
148949,,,,,Disponible,0,ernesto9095694@viajes.cl,San Sebastián,Cerdañola del Vallés,5,3221,378000,Italo,2026-07-13,2026-11-24,,{}
115853,64873,2025-04-22,109000,1,No disponible,109,eva5525398@viajes.cl,Ferrol,Granada,44,2798,109000,Futura,2025-12-22,2025-12-23,,{}
145047,,,,,Disponible,0,eva6751759@viajes.cl,Vitoria,Jerez de la Frontera,45,696,136000,ETN Turistar,2025-02-07,,,{}
131616,56746,2025-02-12,1485000,9,No disponible,1485,ferova525@viajes.cl,,Vigo,33,3146,165000,JetSur,2025-10-05,2025-10-07,,{}
146149,,,,,Disponible,0,florencia470272@viajes.cl,Oviedo,Tarragona,45,2429,123000,FlixBus,2025-11-29,,,{}
125859,58818,2025-01-02,725000,5,No disponible,725,gabriel9153539@viajes.cl,Tarragona,Arrecife,49,2377,145000,Greyhound,2025-01-11,2025-01-12,,{}
95331,56450,2025-05-30,973000,7,No disponible,973,gabriela8240729@viajes.cl,Cádiz,,39,2031,139000,Andesmar,2026-08-12,2026-08-13,,{}
123479,56626,2025-01-20,704000,8,No disponible,704,germán782451@viajes.cl,Majadahonda,,46,515,88000,Flecha Bus,2026-02-20,2026-02-20,,{}
95047,58169,2025-09-02,1180000,10,No disponible,1180,gregorio1938243@viajes.cl,Leganés,Motril,50,1671,118000,Buses Nilahue,2026-08-05,,,{}
127763,66338,2025-11-05,425000,5,No disponible,425,guillermina1356638@viajes.cl,Rivas-Vaciamadrid,Santiago de Compostela,88,1345,85000,United Airlines,2026-06-05,2026-06-05,,{}
148964,,,,,Disponible,0,gustavo5004949@viajes.cl,Zaragoza,Cornellá de Llobregat,31,848,145000,ZSSK (Eslovaquia),2025-03-29,2025-05-03,,{}
105884,61513,2026-10-25,1026000,6,No disponible,1026,guvema594@viajes.cl,Alcobendas,,98,3692,171000,SBB (Suiza),2026-11-25,2026-11-27,,{}
142499,60736,2025-04-13,342000,6,No disponible,342,homero1275324@viajes.cl,Sanlúcar de Barrameda,Sabadell,35,1783,57000,,2025-11-22,2025-11-23,,
125206,63355,2025-05-06,1964000,4,No disponible,1964,horacio2597856@viajes.cl,Marbella,Fuenlabrada,38,4043,491000,ZS (Eslovenia),2025-06-13,2025-06-15,,{}
94348,58584,2025-01-10,304000,2,No disponible,304,huesca862@viajes.cl,Leganés,Coslada,37,2143,152000,,2025-03-12,2025-03-13,,{}
125870,57136,2025-03-07,345000,3,No disponible,345,hugo989362@viajes.cl,Toledo,Jaén,67,223,115000,RZD (Rusia),2025-06-04,2025-06-04,,{}
92983,62797,2025-09-06,1182000,6,No disponible,1182,humaba796@viajes.cl,León,Telde,42,3841,197000,Damas,2026-05-18,2026-05-20,,{}
135182,65258,2026-02-13,3144000,8,No disponible,3144,irpipi229@viajes.cl,Fuengirola,Móstoles,11,3616,393000,ZS (Eslovenia),2026-06-17,,,{}
111192,58158,2025-04-21,1785000,7,No disponible,1785,isabne770@viajes.cl,Molina de Segura,Valdemoro,8,3767,255000,HŽ (Croacia),2026-07-02,2026-07-04,,{}
118385,56309,2025-05-23,3129000,7,No disponible,3129,isbubé706@viajes.cl,Segovia,Jaén,27,4242,447000,ÖBB (Austria),2025-08-02,2025-08-04,,{}
126433,60380,2025-02-04,630000,5,No disponible,630,isrelu647@viajes.cl,Reus,Manresa,25,2464,126000,ŽSSK (Eslovaquia),2025-05-03,2025-05-04,,{}
92058,56331,2026-01-02,1300000,5,No disponible,1300,jabaqu694@viajes.cl,Fuengirola,Baracaldo,81,3511,260000,ŽSSK (Eslovaquia),2026-06-15,2026-06-17,,{}
79735,63154,2025-03-11,1660000,5,No disponible,1660,jahemu317@viajes.cl,Málaga,Sabadell,70,3538,332000,Deutsche Bahn (DB),2026-02-15,2026-02-17,,{}
146820,,,,,Disponible,0,javier3481954@viajes.cl,Collado Villalba,El Ejido,40,812,95000,FlixBus,2025-03-21,,,{}
144946,,,,,Disponible,0,javier6694244@viajes.cl,Jaén,Calahorra,30,1206,168000,Greyhound,2025-11-23,,,
117512,58938,2025-05-13,130000,2,No disponible,130,jerónimo5779296@viajes.cl,Gandía,Leganés,40,3030,65000,Flecha Bus,2026-02-16,2026-02-18,,{}
147475,,,,,Disponible,0,jerónimo9185109@viajes.cl,Cáceres,Chiclana de la Frontera,85,3815,216000,EasyJet,2025-02-05,2025-07-13,,{}
149077,,,,,Disponible,0,jesús102436@viajes.cl,Cáceres,Viladecans,2,2372,285000,ZSSK (Eslovaquia),2025-03-14,2025-06-20,,{}
83847,56341,2025-01-14,1728000,9,No disponible,1728,joemtaig687@viajes.cl,Hospitalet de LLobregat,Orense,,858,192000,Flecha Bus,2025-03-14,2025-03-14,,{}
83442,60669,2025-01-03,936000,8,No disponible,936,johisi671@viajes.cl,Palencia,Leganés,53,2303,117000,Italo,2025-02-28,2025-03-01,,{}
143837,61686,2025-11-19,700000,5,No disponible,700,joluvala897@viajes.cl,Madrid,Pamplona,33,1579,140000,Primera Plus,2026-06-23,2026-06-24,,{}
149877,,,,,Disponible,0,jomaesca675@viajes.cl,Alcoy,Vitoria,95,1616,96000,PKP (Polonia),2025-09-16,2025-11-22,,{}
112589,65994,2025-10-09,480000,5,No disponible,480,jomaraga355@viajes.cl,Salamanca,Ávila,9,776,96000,Nederlandse Sp,2025-11-25,2025-11-25,,{}
133759,61721,2025-11-08,845000,5,No disponible,845,jucécaan587@viajes.cl,Salamanca,Estepona,49,4055,169000,EME Bus,2025-12-20,2025-12-22,,{}
82881,61775,2025-08-24,172000,1,No disponible,172,julio8820307@viajes.cl,Benalmádena,Rivas-Vaciamadrid,,3826,172000,Damas,2026-02-04,2026-02-06,,{}
145187,,,,,Disponible,0,jumoal497@viajes.cl,,Talavera de la Reina,39,3069,128000,Socibus,2025-01-22,,,{}
143923,58714,2025-10-09,1320000,3,No disponible,1320,leticia6431720@viajes.cl,Murcia,Alcobendas,5,3879,440000,Trenitalia,2025-11-22,2025-11-24,,{}
122932,60280,2025-05-17,1476000,9,No disponible,1476,lijáca667@viajes.cl,Puertollano,Zaragoza,49,4196,164000,Damas,2025-11-07,2025-11-09,,{}
149377,,,,,Disponible,0,loarva272@viajes.cl,Mérida,Cáceres,51,1356,81000,,2025-09-09,2025-11-04,,
113734,58320,2025-01-01,819000,9,No disponible,819,lourdes8108716@viajes.cl,,Cádiz,47,2078,91000,Damas,2025-01-01,2025-01-02,,{}
145139,,,,,Disponible,0,lumirira887@viajes.cl,Santa Coloma de Gramanet,Algeciras,48,499,129000,ADO,2025-09-23,,,{}
122411,61429,2025-10-06,1002000,6,No disponible,1002,lupato375@viajes.cl,Pozuelo de Alarcón,Baracaldo,65,2689,167000,MÁV (Hungría),2025-11-06,2025-11-07,,
146654,,,,,Disponible,0,maacná844@viajes.cl,La Coruña,Rivas-Vaciamadrid,33,609,121000,Greyhound,2025-11-08,,,{}
90089,59200,2025-07-25,917000,7,No disponible,917,macaar807@viajes.cl,Pontevedra,Hospitalet de LLobregat,73,2791,131000,AVE,2025-10-10,,,{}
108903,62358,2025-06-05,846000,6,No disponible,846,macrmu157@viajes.cl,Sabadell,Benidorm,,2450,141000,Alsa,2025-11-23,2025-11-24,,{}
146650,,,,,Disponible,0,macrpaec684@viajes.cl,Badajoz,Valdemoro,30,2006,145000,Condor Bus,2025-09-23,,,{}
79432,63981,2025-05-05,736000,4,No disponible,736,madecamavi101@viajes.cl,Reus,Inca,,308,184000,CD (República Checa),2025-10-07,,,{}
87090,58366,2025-01-16,2500000,10,No disponible,2500,maflji375@viajes.cl,Burgos,Ferrol,98,2599,250000,MÁV (Hungría),2026-03-31,2026-04-01,,{}
108159,58545,2025-05-23,1108000,4,No disponible,1108,magdalena1234556@viajes.cl,Arrecife,Torrelavega,72,2560,277000,,2025-06-03,2025-06-04,,{}
149885,,,,,Disponible,0,manuel2609542@viajes.cl,Palma de Mallorca,Gerona,90,2035,171000,Italo,2025-09-17,2025-12-10,,{}
144971,,,,,Disponible,0,manuel678411@viajes.cl,Las Palmas de Gran Canaria,Palma de Mallorca,39,2126,161000,Megabus,2025-03-10,,,
87598,62145,2025-11-19,1376000,8,No disponible,1376,maricarmen9657233@viajes.cl,Tarrasa,,20,389,172000,AVE,2025-12-30,2025-12-30,,{}
124903,57658,2025-06-11,1295000,7,No disponible,1295,mario3257633@viajes.cl,,Guadalajara,93,419,185000,DSB (Dinamarca),2026-02-13,2026-02-13,,{}
143901,59703,2026-01-28,2870000,10,No disponible,2870,maría165242@viajes.cl,Málaga,,98,3465,287000,Italo,2026-06-15,2026-06-17,,{}
99352,65956,2025-07-10,142000,2,No disponible,142,maría5802899@viajes.cl,Irún,Alcalá de Guadaira,58,488,71000,CFR (Rumania),2025-07-27,2025-07-27,,{}
130144,58947,2025-04-05,580000,5,No disponible,580,maría8941101@viajes.cl,Sagunto,Albacete,41,1558,116000,Socibus,2025-04-20,2025-04-21,,{}
144921,,,,,Disponible,0,matejiba709@viajes.cl,Lorca,Burgos,31,2785,187000,Futura,2026-07-22,,,{}
104782,66541,2025-03-15,428000,4,No disponible,428,mavepa513@viajes.cl,Algeciras,Logroño,62,1023,107000,ZFBH (Bosnia y Herzegovina),2025-11-10,2025-11-10,,{}
149644,,,,,Disponible,0,mazeha128@viajes.cl,,Segovia,96,2180,299000,ZFBH (Bosnia y Herzegovina),2026-05-29,2026-08-27,,{}
94831,64234,2025-04-23,662000,2,No disponible,662,migara979@viajes.cl,Fuengirola,Santa Cruz de Tenerife,30,3713,331000,Nederlandse Sp,2025-06-06,2025-06-08,,{}
146646,,,,,Disponible,0,miguel9141123@viajes.cl,Albacete,Orense,44,657,194000,Megabus,2025-03-11,,,{}
90063,65662,2025-03-09,486000,3,No disponible,486,miánpaar973@viajes.cl,Jaén,Zaragoza,49,1330,162000,EME Bus,2025-09-29,2025-09-29,,{}
145408,,,,,Disponible,0,naalva967@viajes.cl,Palma de Mallorca,Torremolinos,48,4165,103000,Monbus,2025-06-28,,,{}
129396,61307,2025-05-14,750000,3,No disponible,750,ocarsa130@viajes.cl,Tarrasa,Torrevieja,23,2951,250000,ZSSK (Eslovaquia),2026-05-15,2026-05-17,,{}
140013,60999,2025-03-25,1295000,7,No disponible,1295,patricio7879257@viajes.cl,Gerona,Albacete,91,204,185000,Italo,2026-01-25,2026-01-25,,{}
145304,,,,,Disponible,0,pedegu126@viajes.cl,El Ejido,Sabadell,37,3365,196000,Buses Ahumada,2026-01-05,,,{}
149369,,,,,Disponible,0,pilar5469194@viajes.cl,Cartagena,Toledo,,3534,124000,NSB (Noruega),2025-09-28,,,{}
92253,57960,2025-10-24,112000,1,No disponible,112,raesba397@viajes.cl,Castellón de la Plana,Leganés,33,2598,112000,Megabus,2025-12-17,2025-12-18,,{}
146717,,,,,Disponible,0,srsupomu103@viajes.cl,Inca,,,1819,104000,Buses Romani,2025-04-12,,,{}
96909,58081,2026-01-23,1860000,10,No disponible,1860,raqucr272@viajes.cl,Cádiz,Bilbao,49,3863,186000,NSB (Noruega),2026-07-04,2026-07-06,,{}
107598,63483,2025-05-27,618000,6,No disponible,618,raágoc944@viajes.cl,Molina de Segura,Alcalá de Henares,26,3410,103000,ÖBB (Austria),2025-09-22,2025-09-24,,{}
115407,60746,2025-05-01,996000,6,No disponible,996,raúl1043440@viajes.cl,Zaragoza,Pontevedra,36,2802,166000,Turbus,2026-04-06,2026-04-07,,{}
135751,56465,2025-04-21,1692000,9,No disponible,1692,rosa3149719@viajes.cl,Ponferrada,Lérida,34,1550,188000,,2025-06-01,2025-06-02,,{}
94708,66224,2025-05-27,1379000,7,No disponible,1379,rosa3292475@viajes.cl,Cerdañola del Vallés,Motril,45,715,197000,Alsa,2025-06-11,2025-06-11,,{}
116196,57859,2025-11-04,288000,1,No disponible,288,savaon858@viajes.cl,Rivas-Vaciamadrid,Baracaldo,100,2344,288000,,2025-11-17,2025-11-18,,"{Marbella,Orihuela}"
93068,58619,2025-12-29,355000,5,No disponible,355,silvia4184684@viajes.cl,Santa Coloma de Gramanet,Fuengirola,45,1503,71000,WestJet,2026-02-24,2026-02-25,,{Paterna}
118636,57315,2025-06-10,149000,1,No disponible,149,sonia8445310@viajes.cl,Roquetas de Mar,Torremolinos,5,782,149000,ÖBB (Austria),2026-11-28,2026-11-28,,{}
110467,65705,2025-04-07,592000,8,No disponible,592,sr.1944583@viajes.cl,Almería,Irún,50,1398,74000,NS International,2025-08-23,2025-08-23,,{}
149368,,,,,Disponible,0,sr.2820699@viajes.cl,Barcelona,Málaga,98,1722,174000,ŽFBH (Bosnia y Herzegovina),2025-07-31,2025-10-10,,{}
81185,58891,2025-01-20,918000,9,No disponible,918,sr.3331282@viajes.cl,Valencia,Alcalá de Guadaira,38,2025,102000,JetSur,2025-04-17,2025-04-18,,{}
136783,57903,2025-03-09,987000,7,No disponible,987,sr.7155697@viajes.cl,Alcorcón,Murcia,31,857,141000,,2025-05-11,2025-05-11,,{}
89187,61905,2025-04-24,2502000,6,No disponible,2502,sra.3023927@viajes.cl,Mérida,,30,4055,417000,ŽFBH (Bosnia y Herzegovina),2025-08-07,2025-08-09,,{}
93155,65532,2025-03-25,942000,3,No disponible,942,sra.3036357@viajes.cl,Motril,Cáceres,37,3092,314000,Nederlandse Sp,2025-07-04,2025-07-06,,{}
145242,,,,,Disponible,0,sra.5402172@viajes.cl,Cádiz,Fuengirola,45,884,133000,Alsa,2025-11-03,,,{}
105580,63355,2025-03-25,705000,5,No disponible,705,sra.8023957@viajes.cl,Elda,Mérida,40,779,141000,Monbus,2025-07-05,2025-07-05,,
122890,61874,2025-05-23,3177000,9,No disponible,3177,sra.9402989@viajes.cl,Benidorm,Avilés,18,3268,353000,Thalys,2026-03-09,2026-03-11,,{}
139650,63417,2025-01-28,250000,5,No disponible,250,sradgamo870@viajes.cl,Motril,Rivas-Vaciamadrid,38,182,50000,FlixBus,2025-08-22,2025-08-22,,{}
107009,58424,2026-02-09,994000,7,No disponible,994,sranjiqu198@viajes.cl,Vigo,Gerona,100,425,142000,TGV (SNCF),2026-03-02,2026-03-02,,{}
123879,62429,2026-04-30,1752000,6,No disponible,1752,srcébrse308@viajes.cl,Alcoy,Motril,64,3169,292000,Italo,2026-10-19,2026-10-21,,{}
108456,61189,2025-05-15,2720000,8,No disponible,2720,srelabor385@viajes.cl,Coslada,Alcobendas,25,3848,340000,Italo,2026-06-04,2026-06-06,,
81866,59317,2025-01-31,2648000,8,No disponible,2648,srlogaro943@viajes.cl,Elche,Logroño,44,3286,331000,Italo,2025-03-25,2025-03-27,,{}
104718,58803,2025-03-26,1572000,4,No disponible,1572,srmaeltrca573@viajes.cl,Palencia,Arrecife,60,4311,393000,ZS (Eslovenia),2025-04-07,2025-04-09,,{}
139779,62714,2025-04-09,620000,4,No disponible,620,srmajopémi861@viajes.cl,La Coruña,San Fernando,9,3670,155000,TGV (SNCF),2025-12-27,2025-12-29,,{}
95048,58169,2026-04-05,1080000,10,No disponible,1080,srmapeva595@viajes.cl,Motril,San Sebastián,42,4065,108000,Pullman Bus,2026-08-06,2026-08-08,,{}
145644,,,,,Disponible,0,sta.3467980@viajes.cl,Las Palmas de Gran Canaria,Telde,39,2093,141000,FlixBus,2026-01-27,,,{}
134929,61241,2025-08-16,534000,3,No disponible,534,sta.8892184@viajes.cl,Mijas,Alcalá de Henares,30,1189,178000,Alsa,2026-08-27,2026-08-27,,{}
92802,64915,2026-04-27,150000,1,No disponible,150,stjolumaul474@viajes.cl,Zamora,Valladolid,45,1012,150000,Buses Bio Bio,2026-05-18,2026-05-18,,{}
80551,55886,2025-06-16,4320000,9,No disponible,4320,stlumamu560@viajes.cl,El Prat de LLobregat,El Puerto de Santa María,10,3968,480000,HŽ (Croacia),2025-07-04,2025-07-06,,{}
146791,,,,,Disponible,0,stlumogu418@viajes.cl,Irún,Torremolinos,41,1462,66000,ADO,2025-03-02,,,{}
139830,57175,2025-01-11,62000,1,No disponible,62,stsiquho545@viajes.cl,Gandía,Benidorm,35,2576,62000,Condor Bus,2025-01-27,2025-01-28,,
103077,58015,2025-03-31,890000,10,No disponible,890,suhemá328@viajes.cl,Collado Villalba,Alcoy,42,1827,89000,Eurostar,2025-10-16,2025-10-17,,{}
144650,,,,,Disponible,0,teodoro9438521@viajes.cl,Paterna,Estepona,47,529,144000,Andesmar,2026-09-30,,,{}
146077,,,,,Disponible,0,tomás2452491@viajes.cl,,Gecho,,3783,108000,ETN Turistar,2026-09-18,,,{}
117626,57178,2025-09-05,656000,8,No disponible,656,toolac769@viajes.cl,El Prat de LLobregat,Collado Villalba,,2868,82000,Via Bariloche,2025-12-25,2025-12-26,,{}
115906,64869,2025-01-03,405000,3,No disponible,405,verónica1481805@viajes.cl,,Lugo,10,2822,135000,Trenitalia,2026-07-27,2026-07-28,,{}
140451,63757,2025-10-30,780000,4,No disponible,780,vibaga825@viajes.cl,Algeciras,Talavera de la Reina,48,3059,195000,,2025-11-19,2025-11-21,,{}
148800,,,,,Disponible,0,vicente9770936@viajes.cl,Vitoria,Málaga,26,4139,285000,BDZ (Bulgaria),2025-03-01,2025-08-20,,{}
137533,63049,2025-04-20,286000,2,No disponible,286,yoanma528@viajes.cl,San Fernando,Talavera de la Reina,36,703,143000,ÖBB (Austria),2026-08-11,2026-08-11,,{}
99239,62095,2025-01-02,348000,4,No disponible,348,ángama975@viajes.cl,La Coruña,Fuenlabrada,33,3680,87000,Buses Nilahue,2025-03-19,2025-03-21,,{}
98898,61149,2025-03-31,1690000,5,No disponible,1690,Adrianaarevalo161@viajes.cl,La Coruña,Lugo,35,3769,338000,ŽFBH (Bosnia y Herzegovina),2025-08-27,2025-08-29,,{}
146095,,,,,Disponible,0,Adrianapagan314@viajes.cl,Linares,Valdemoro,30,1944,118000,Megabus,2026-02-25,,,{}
96297,55734,2025-02-26,282000,3,No disponible,282,Alejandraquezada149@viajes.cl,Parla,Baracaldo,31,948,94000,Crucero del Norte,2026-01-28,2026-01-28,,{}
145833,,,,,Disponible,0,Aliciabriseño959@viajes.cl,San Fernando,Santa Coloma de Gramanet,35,503,129000,FlixBus,2026-08-31,,,{}
146596,,,,,Disponible,0,Amaliabalderas976@viajes.cl,Benidorm,Coslada,43,2986,177000,Omnibus de México,2025-10-28,,,{}
144887,,,,,Disponible,0,Anaalonzo110@viajes.cl,Palma de Mallorca,Linares,40,1251,156000,Pullman Bus,2025-11-24,,,{}
146007,,,,,Disponible,0,Anapatiño297@viajes.cl,Orense,Cuenta,34,4082,177000,Chevallier,2025-05-11,,,{}
146836,,,,,Disponible,0,Anapizarro552@viajes.cl,Palencia,Badalona,32,2033,171000,Chevallier,2025-12-03,,,{}
136955,60555,2025-06-03,86000,2,No disponible,86,Anarivero619@viajes.cl,Móstoles,León,53,1415,43000,Amtrak,2026-11-24,2026-11-24,,{}
145934,,,,,Disponible,0,Benjamínleón812@viajes.cl,Orense,Valladolid,47,3778,66000,Buses Nilahue,2026-03-01,,,{}
146848,,,,,Disponible,0,Bernardovergara432@viajes.cl,Jerez de la Frontera,Talavera de la Reina,30,962,117000,JetSur,2025-12-14,,,{}
80793,61651,2025-05-07,420000,10,No disponible,420,Carlosabeyta963@viajes.cl,Ávila,Albacete,41,1108,42000,NS International,2025-12-15,2025-12-15,,{}
135421,64852,2025-05-26,450000,6,No disponible,450,Carloshurtado807@viajes.cl,Móstoles,Majadahonda,32,1223,75000,NS International,2025-07-19,2025-07-19,,{}
118907,62189,2025-04-04,2259000,9,No disponible,2259,Catalinavarela631@viajes.cl,Tarragona,Gandía,91,3307,251000,RZD (Rusia),2025-12-23,2025-12-25,,{}
148652,,,,,Disponible,0,Clarasaldaña655@viajes.cl,Cerdañola del Vallés,Telde,62,1724,134000,MÁV (Hungría),2026-11-08,2027-01-18,,{}
145664,,,,,Disponible,0,Concepciónfierro387@viajes.cl,Cuenta,Sanlúcar de Barrameda,39,2438,116000,Buses Ahumada,2026-06-11,,,{}
145983,,,,,Disponible,0,Cristobalaponte610@viajes.cl,Fuengirola,Puertollano,31,2569,125000,Estrella Roja,2026-08-26,,,
132691,57698,2025-10-13,1876000,7,No disponible,1876,Enriquetamez108@viajes.cl,Gecho,Palencia,90,3871,268000,,2026-06-18,2026-06-20,,{}
145160,,,,,Disponible,0,Ernestobarraza502@viajes.cl,La Línea de la Concepción,Fuenlabrada,43,3049,123000,Pullman Bus,2026-07-04,,,{}
146329,,,,,Disponible,0,Ernestonavarro302@viajes.cl,Torrevieja,Linares,40,4189,165000,Avanza,2026-06-03,,,
102039,60097,2025-01-30,180000,5,No disponible,180,Fernandomuñoz208@viajes.cl,Sagunto,,,1280,36000,AVE,2025-05-30,2025-05-30,,{}
144804,,,,,Disponible,0,Gerardobarela578@viajes.cl,Mérida,Bilbao,40,3798,200000,Alsa,2025-04-14,,,{}
133956,61209,2025-01-05,1272000,8,No disponible,1272,Gerardobriseño638@viajes.cl,Guadalajara,Córdoba,31,2403,159000,El Rápido Internacional,2025-02-08,2025-02-09,,{}
144769,,,,,Disponible,0,Gerardomojica966@viajes.cl,Inca,Talavera de la Reina,35,2675,73000,Socibus,2026-10-12,,,{}
90184,57473,2025-12-28,556000,4,No disponible,556,Gilbertoayala702@viajes.cl,Segovia,Mataró,71,3208,139000,Deutsche Bahn (DB),2026-09-07,2026-09-09,,{}
81864,59081,2025-01-24,468000,4,No disponible,468,Gloriaanda368@viajes.cl,Linares,Logroño,38,1344,117000,Estrella Roja,2025-04-22,2025-04-22,,{}
112890,66287,2025-08-14,1024000,8,No disponible,1024,Gloriacotto254@viajes.cl,,Dos Hermanas,37,3505,128000,Buses Romani,2026-08-02,2026-08-04,,{}
109990,64881,2025-03-13,372000,4,No disponible,372,Guillerminavéliz425@viajes.cl,Lugo,Cornellá de Llobregat,50,2055,93000,Plusmar,2025-03-27,2025-03-28,,{}
144616,,,,,Disponible,0,Guillermosaldaña643@viajes.cl,Lérida,Lérida,42,2433,104000,Flecha Bus,2026-05-30,,,{}
143299,66550,2025-04-13,1930000,10,No disponible,1930,Homerocolunga322@viajes.cl,Palma de Mallorca,Getafe,76,2403,193000,RZD (Rusia),2025-09-21,2025-09-22,,{}
148854,,,,,Disponible,0,Ignaciopreciado651@viajes.cl,Alcalá de Henares,,18,3163,316000,,2025-01-05,2025-05-16,,{}
150054,,,,,Disponible,0,Jacobodelgadillo820@viajes.cl,Cuenta,Dos Hermanas,9,592,192000,SBB (Suiza),2025-01-16,2025-02-09,,{}
145736,,,,,Disponible,0,Jaimebermúdez723@viajes.cl,Toledo,Lugo,37,2772,165000,Greyhound,2025-04-30,,,{}
88826,65558,2025-07-04,833000,7,No disponible,833,Jorgecano411@viajes.cl,Estepona,Santa Cruz de Tenerife,90,2504,119000,AVE,2026-01-18,2026-01-19,,{}
108252,60184,2025-04-19,3420000,9,No disponible,3420,Jorgesedillo847@viajes.cl,La Coruña,Marbella,22,3505,380000,CD (República Checa),2026-03-06,2026-03-08,,{}
127706,56043,2025-10-04,385000,5,No disponible,385,Lolacervántez866@viajes.cl,Manresa,La Coruña,21,2104,77000,DSB (Dinamarca),2026-04-28,2026-04-29,,{}
87453,65518,2025-02-03,3030000,10,No disponible,3030,Lucasnazario473@viajes.cl,Ponferrada,Mollet del Vallés,50,3103,303000,ZS (Eslovenia),2025-08-19,2025-08-21,,{}
149002,,,,,Disponible,0,Lucastrejo703@viajes.cl,Málaga,San Fernando,19,424,89000,SBB (Suiza),2026-05-26,2026-06-12,,{}
99025,65066,2025-01-04,1272000,8,No disponible,1272,Marcosperalta478@viajes.cl,Ciudad Real,Zamora,30,2221,159000,Alsa,2026-09-25,2026-09-26,,{}
146130,,,,,Disponible,0,Marianoheredia641@viajes.cl,Ceuta,Lugo,37,1471,180000,Alsa,2026-08-15,,,{}
91021,60114,2025-01-26,1168000,8,No disponible,1168,Marianopérez502@viajes.cl,,Zamora,46,2184,146000,ETN Turistar,2025-02-19,2025-02-20,,{}
148961,,,,,Disponible,0,Marilucarvajal616@viajes.cl,Benalmádena,,67,146,8000,Nederlandse Sp,2026-03-25,2026-03-31,,{}
113812,65696,2025-09-04,903000,7,No disponible,903,Marisolmonroy204@viajes.cl,La Coruña,Tarragona,32,2709,129000,Damas,2025-12-08,2025-12-09,,{}
146703,,,,,Disponible,0,Maríaalonzo778@viajes.cl,Mollet del Vallés,Baracaldo,41,1236,61000,Buses Ahumada,2026-02-04,,,{}
150009,,,,,Disponible,0,Maríadelrío618@viajes.cl,Gijón,Orihuela,86,3780,378000,NSB (Noruega),2026-06-07,2026-11-11,,{}
106477,66082,2025-01-27,798000,7,No disponible,798,Maríalaureano486@viajes.cl,Valladolid,Paterna,62,1441,114000,SNCB (Bélgica),2025-12-03,2025-12-04,,{}
104542,62830,2025-06-17,1456000,8,No disponible,1456,Maríasaldivar717@viajes.cl,Ponferrada,Roquetas de Mar,,2850,182000,DSB (Dinamarca),2026-01-31,2026-02-01,,{}
107995,64659,2025-06-18,2830000,10,No disponible,2830,Mateofarías500@viajes.cl,Zamora,Santa Cruz de Tenerife,75,2879,283000,AVE,2025-08-31,2025-09-01,,{}
107212,58557,2025-02-17,462000,3,No disponible,462,Mercedesalaniz750@viajes.cl,La Línea de la Concepción,Cuenta,32,2967,154000,Damas,2025-02-23,2025-02-25,,{}
144778,,,,,Disponible,0,Nicolássauceda686@viajes.cl,Irún,Benalmádena,41,2425,123000,ADO,2026-01-31,,,
86115,62785,2025-01-12,4570000,10,No disponible,4570,Normaraya573@viajes.cl,Algeciras,León,11,4285,457000,Qatar Airways,2025-01-13,2025-01-15,,"{""Chiclana de la Frontera"",Mataró,""El Puerto de Santa María"",""Talavera de la Reina""}"
114250,57989,2025-03-23,144000,1,No disponible,144,Patricioestévez422@viajes.cl,Castellón de la Plana,Torrelavega,51,2106,144000,ZS (Eslovenia),2026-02-27,2026-02-28,,{}
100232,56273,2025-01-22,522000,2,No disponible,522,Patriciomagaña183@viajes.cl,Torremolinos,Valdemoro,81,3637,261000,Amtrak,2025-03-02,2025-03-04,,{}
149318,,,,,Disponible,0,Patricioolivera472@viajes.cl,Badalona,Cerdañola del Vallés,3,877,44000,Renfe,2026-06-02,2026-07-08,,{}
146765,,,,,Disponible,0,Patriciosoliz754@viajes.cl,Cuenta,Molina de Segura,32,3391,131000,Pullman Bus,2026-08-02,,,{}
137129,65042,2025-02-09,690000,10,No disponible,690,Pedromondragón963@viajes.cl,Torremolinos,Avilés,73,1752,69000,AVE,2025-02-11,2025-02-12,,{}
116039,57977,2025-11-28,399000,7,No disponible,399,Pedroolivárez339@viajes.cl,Badalona,Valladolid,35,405,57000,Buses Nilahue,2025-12-16,2025-12-16,,{}
141368,65989,2025-01-09,688000,4,No disponible,688,Ramiromadrigal438@viajes.cl,Córdoba,Ciudad Real,30,1368,172000,Turbus,2025-07-14,2025-07-14,,{}
115298,61782,2025-06-12,832000,8,No disponible,832,Ramiroorozco712@viajes.cl,Majadahonda,Torrelavega,36,3014,104000,Avanza,2026-04-23,,,{}
149950,,,,,Disponible,0,Raquellira938@viajes.cl,,Almería,38,499,80000,,2025-09-29,2025-10-19,,
102577,59540,2025-02-25,262000,2,No disponible,262,Rodrigosolís188@viajes.cl,Alicante,Lérida,96,3387,131000,Nederlandse Sp,2025-04-27,2025-04-29,,{}
149599,,,,,Disponible,0,Rosaorosco800@viajes.cl,Collado Villalba,Arrecife,60,2094,133000,PKP (Polonia),2025-09-30,,,{}
105115,56546,2025-05-08,124000,2,No disponible,124,Rubéngracia541@viajes.cl,Mollet del Vallés,Motril,39,4200,62000,Buses Nilahue,2025-11-21,2025-11-23,,{}
144455,60955,2025-05-09,420000,3,No disponible,420,Salvadorcarrasco712@viajes.cl,,,47,3429,140000,Damas,2026-02-28,,,{}
149507,,,,,Disponible,0,Sofiaportillo314@viajes.cl,Gijón,Palencia,67,199,29000,TGV (SNCF),2026-07-05,2026-07-13,,{}
116953,57873,2025-01-10,520000,10,No disponible,520,Sr.gómez812@viajes.cl,Elda,El Puerto de Santa María,34,1182,52000,Pullman Bus,2025-06-30,2025-06-30,,{}
97457,58597,2025-04-11,1016000,8,No disponible,1016,Sr.montes861@viajes.cl,Torrelavega,Fuengirola,37,3411,127000,Andesmar,2025-07-10,,,{}
128463,62076,2025-01-01,261000,3,No disponible,261,Sra.abrego176@viajes.cl,Alcalá de Henares,Rubí,44,2144,87000,El Rápido Internacional,2025-01-02,2025-01-03,,
88841,61655,2025-03-25,936000,9,No disponible,936,Sra.alanis701@viajes.cl,El Ejido,Sanlúcar de Barrameda,30,927,104000,Via Bariloche,2026-05-20,2026-05-20,,{}
108037,56587,2025-02-13,412000,2,No disponible,412,Sra.carrera208@viajes.cl,Barcelona,Majadahonda,28,3297,206000,NSB (Noruega),2025-08-08,2025-08-10,,{}
146892,,,,,Disponible,0,Sra.ceballos715@viajes.cl,Lérida,Orense,48,2169,70000,Estrella Roja,2025-05-23,,,{}
107487,64701,2025-05-26,384000,3,No disponible,384,Sra.madrigal710@viajes.cl,Logroño,Burgos,4,2107,128000,CFR (Rumania),2025-06-05,2025-06-06,,{}
97499,56139,2025-01-26,468000,9,No disponible,468,Sra.muñoz859@viajes.cl,Madrid,Getafe,34,1970,52000,Andesmar,2026-05-23,2026-05-24,,{}
144313,62176,2026-07-03,164000,2,No disponible,164,Sra.navarro744@viajes.cl,,Bilbao,37,2159,82000,Primera Plus,2026-09-21,2026-09-22,,{}
142927,62375,2025-03-22,900000,9,No disponible,900,Sra.reyes599@viajes.cl,Granollers,Gecho,93,241,100000,MÁV (Hungría),2025-05-19,2025-05-19,,{}
145182,,,,,Disponible,0,Sra.suárez393@viajes.cl,Albacete,Valencia,48,4082,194000,Estrella Roja,2025-11-01,,,{}
96690,61718,2025-10-05,1504000,8,No disponible,1504,Sra.zapata174@viajes.cl,Motril,Toledo,11,1484,188000,ŽFBH (Bosnia y Herzegovina),2026-02-15,2026-02-16,,{}
131691,63883,2025-02-04,988000,4,No disponible,988,Sta.abrego223@viajes.cl,Las Palmas de Gran Canaria,,76,3595,247000,BDZ (Bulgaria),2025-04-05,2025-04-07,,{}
144735,,,,,Disponible,0,Sta.cotto607@viajes.cl,Inca,Marbella,40,259,68000,EME Bus,2025-03-28,,,{}
125376,62447,2025-06-20,297000,1,No disponible,297,Sta.dávila345@viajes.cl,Badalona,Murcia,6,2351,297000,DSB (Dinamarca),2026-01-08,2026-01-09,,{}
82246,63258,2026-01-08,440000,8,No disponible,440,Sta.galindo664@viajes.cl,Reus,Gijón,32,1223,55000,Chevallier,2026-03-11,2026-03-11,,{}
111621,57776,2025-11-26,483000,3,No disponible,483,Timoteoortega395@viajes.cl,Ponferrada,Baracaldo,85,1872,161000,,2026-09-19,2026-09-20,,{}
149607,,,,,Disponible,0,Tomásvilla256@viajes.cl,Hospitalet de LLobregat,Ávila,67,152,82000,SBB (Suiza),2025-08-20,2025-08-26,,{}
144591,63670,2025-06-23,1008000,9,No disponible,1008,Tomászambrano517@viajes.cl,Alcalá de Guadaira,Ciudad Real,,2370,112000,Aeroméxico,2025-12-26,2025-12-27,Clase ejecutiva,
148630,,,,,Disponible,0,Víctorvillalpando416@viajes.cl,Pozuelo de Alarcón,Benidorm,43,273,30000,Renfe,2026-02-06,,,{}
118690,62634,2025-07-31,994000,7,No disponible,994,advaco685@viajes.cl,Getafe,Bilbao,47,677,142000,Primera Plus,2025-10-22,2025-10-22,,{}
146064,,,,,Disponible,0,agustín4513914@viajes.cl,Alcobendas,Roquetas de Mar,34,2616,97000,Monbus,2025-11-18,,,{}
93715,58522,2025-10-22,994000,7,No disponible,994,alejandra5219541@viajes.cl,Huelva,Linares,47,2760,142000,SNCB (Bélgica),2026-01-23,2026-01-24,,{}
146570,,,,,Disponible,0,alejandra6060515@viajes.cl,Castellón de la Plana,Chiclana de la Frontera,50,816,192000,JetSur,2025-09-09,,,{}
85415,60719,2025-02-09,117000,3,No disponible,117,alejandra6350423@viajes.cl,Granollers,Tarragona,48,434,39000,Primera Plus,2026-11-20,2026-11-20,,{}
137606,66597,2025-08-29,980000,5,No disponible,980,alejandro4663195@viajes.cl,Zamora,Estepona,18,353,196000,CFR (Rumania),2026-10-28,2026-10-28,,{}
107450,59640,2026-08-08,384000,3,No disponible,384,alfredo5112229@viajes.cl,Majadahonda,Alcalá de Henares,78,2558,128000,Delta Air Lines,2026-09-11,2026-09-12,Primera clase,
130651,61651,2025-04-08,595000,5,No disponible,595,almohu846@viajes.cl,Ponferrada,Guadalajara,,2417,119000,ZSSK (Eslovaquia),2026-09-26,2026-09-27,,{}
107007,57791,2025-03-07,1593000,9,No disponible,1593,alveca156@viajes.cl,Elche,Alcoy,30,1226,177000,Via Bariloche,2025-08-08,2025-08-08,,{}
149902,,,,,Disponible,0,amalia8518314@viajes.cl,La Coruña,Palencia,91,4206,195000,HŽ (Croacia),2026-01-29,2026-07-23,,{}
149273,,,,,Disponible,0,amceul498@viajes.cl,Mataró,Arrecife,2,1979,124000,CD (República Checa),2025-06-30,2025-09-20,,{}
89704,58148,2025-01-21,630000,10,No disponible,630,amdeva290@viajes.cl,Motril,Vitoria,39,4122,63000,FlixBus,2025-12-27,2025-12-29,,{}
144604,,,,,Disponible,0,ancaca506@viajes.cl,Gijón,Bilbao,45,1143,108000,Chevallier,2025-01-08,,,{}
145814,,,,,Disponible,0,anmasevi543@viajes.cl,Mataró,Coslada,38,342,72000,Plusmar,2025-06-14,,,{}
95346,65852,2025-05-11,540000,6,No disponible,540,antonio5143423@viajes.cl,Collado Villalba,Móstoles,49,1405,90000,FlixBus,2026-09-17,2026-09-17,,{}
114918,63366,2025-01-24,1057000,7,No disponible,1057,anzama631@viajes.cl,Dos Hermanas,Burgos,35,622,151000,BoltBus,2025-03-05,,,{}
140482,60305,2025-11-01,651000,7,No disponible,651,ariadna2726453@viajes.cl,Burgos,Irún,46,2904,93000,Turbus,2026-02-04,2026-02-06,,{}
111943,60361,2026-01-06,3204000,9,No disponible,3204,arradeje840@viajes.cl,San Cristróbal de la Laguna,Toledo,57,3449,356000,SNCB (Bélgica),2026-06-19,2026-06-21,,{}
130217,55827,2025-05-21,765000,5,No disponible,765,artara334@viajes.cl,Lorca,Gandía,47,1172,153000,Buses Ahumada,2026-03-21,2026-03-21,,{}
146168,,,,,Disponible,0,beatriz4510392@viajes.cl,Mataró,Fuengirola,38,2113,178000,El Rápido Internacional,2026-07-21,,,{}
146082,,,,,Disponible,0,beatriz5107351@viajes.cl,,Lugo,30,1375,109000,Megabus,2025-01-03,,,{}
150061,,,,,Disponible,0,beatriz8478831@viajes.cl,Mérida,Vigo,94,3346,259000,ZS (Eslovenia),2026-05-29,2026-10-15,,{}
120980,63291,2026-03-19,602000,7,No disponible,602,bebece359@viajes.cl,Palencia,Madrid,47,2023,86000,Futura,2026-05-26,2026-05-27,,{}
144759,,,,,Disponible,0,carame562@viajes.cl,Ceuta,Rivas-Vaciamadrid,32,1556,161000,Megabus,2026-02-25,,,{}
130445,60460,2025-09-18,1593000,9,No disponible,1593,carla8513259@viajes.cl,Rubí,Rivas-Vaciamadrid,58,3777,177000,SJ (Suecia),2025-11-01,2025-11-03,,{}
105289,63334,2025-02-08,270000,2,No disponible,270,caruca852@viajes.cl,,Alcorcón,42,3970,135000,Damas,2025-07-04,2025-07-06,,{}
129970,63062,2025-07-09,1200000,4,No disponible,1200,casore427@viajes.cl,Hospitalet de LLobregat,Telde,51,2679,300000,ŽSSK (Eslovaquia),2025-09-01,2025-09-02,,{}
103465,58679,2025-01-14,900000,5,No disponible,900,cazaba427@viajes.cl,Barcelona,Ávila,33,3541,180000,,2025-01-17,2025-01-19,,{}
102856,61034,2025-04-23,99000,1,No disponible,99,clara2103611@viajes.cl,Motril,Badajoz,99,2659,99000,NS International,2025-05-05,2025-05-06,,{}
145041,,,,,Disponible,0,claudio5915903@viajes.cl,Badajoz,Inca,38,315,73000,Buses Ahumada,2025-01-19,,,{}
86231,64354,2026-06-19,888000,6,No disponible,888,clgari266@viajes.cl,,Sevilla,33,2573,148000,El Rápido Internacional,2026-08-04,2026-08-05,,{}
144705,,,,,Disponible,0,cllema523@viajes.cl,Orense,Palencia,41,4025,53000,Pullman Bus,2026-06-07,,,{}
124665,63445,2025-11-25,1215000,9,No disponible,1215,concepción1161816@viajes.cl,Roquetas de Mar,Valladolid,34,1994,135000,Futura,2026-01-25,2026-01-26,,{}
118624,62968,2025-01-12,846000,6,No disponible,846,conchita418950@viajes.cl,Pontevedra,Pozuelo de Alarcón,47,2783,141000,Socibus,2025-07-17,2025-07-18,,{}
127707,66630,2025-07-13,790000,10,No disponible,790,cristobal9956481@viajes.cl,Cáceres,Alcalá de Henares,22,1300,79000,Amtrak,2026-07-21,2026-07-21,,{}
87890,58609,2025-04-15,940000,5,No disponible,940,damotr290@viajes.cl,Torrelavega,Vitoria,63,1518,188000,Eurostar,2025-08-20,2025-08-21,,{}
139706,62564,2025-03-26,246000,2,No disponible,246,diego955510@viajes.cl,Paterna,Rubí,91,2409,123000,HŽ (Croacia),2025-05-27,2025-05-28,,{}
145578,,,,,Disponible,0,dolores8554213@viajes.cl,Chiclana de la Frontera,Estepona,41,3542,187000,BoltBus,2026-05-25,,,{}
145341,,,,,Disponible,0,edcami320@viajes.cl,Gerona,Granada,34,577,108000,EME Bus,2025-11-17,,,{}
146129,,,,,Disponible,0,emilio6174885@viajes.cl,Gecho,San Cristróbal de la Laguna,32,1665,170000,Chevallier,2025-09-01,,,{}
90059,65662,2025-08-30,168000,3,No disponible,168,emilio6756264@viajes.cl,Orihuela,Jaén,41,889,56000,EME Bus,2025-09-26,2025-09-26,,{}
146394,,,,,Disponible,0,encepe820@viajes.cl,Córdoba,Ávila,48,2317,56000,Socibus,2026-07-07,,,{}
148949,,,,,Disponible,0,ernesto9095694@viajes.cl,San Sebastián,Cerdañola del Vallés,5,3221,378000,Italo,2026-07-13,2026-11-24,,{}
115853,64873,2025-04-22,109000,1,No disponible,109,eva5525398@viajes.cl,Ferrol,Granada,44,2798,109000,Futura,2025-12-22,2025-12-23,,{}
145047,,,,,Disponible,0,eva6751759@viajes.cl,Vitoria,Jerez de la Frontera,45,696,136000,ETN Turistar,2025-02-07,,,{}
131616,56746,2025-02-12,1485000,9,No disponible,1485,ferova525@viajes.cl,,Vigo,33,3146,165000,JetSur,2025-10-05,2025-10-07,,{}
146149,,,,,Disponible,0,florencia470272@viajes.cl,Oviedo,Tarragona,45,2429,123000,FlixBus,2025-11-29,,,{}
95331,56450,2025-05-30,973000,7,No disponible,973,gabriela8240729@viajes.cl,Cádiz,,39,2031,139000,Andesmar,2026-08-12,2026-08-13,,{}
123479,56626,2025-01-20,704000,8,No disponible,704,germán782451@viajes.cl,Majadahonda,,46,515,88000,Flecha Bus,2026-02-20,2026-02-20,,{}
95047,58169,2025-09-02,1180000,10,No disponible,1180,gregorio1938243@viajes.cl,Leganés,Motril,50,1671,118000,Buses Nilahue,2026-08-05,,,{}
127763,66338,2025-11-05,425000,5,No disponible,425,guillermina1356638@viajes.cl,Rivas-Vaciamadrid,Santiago de Compostela,88,1345,85000,United Airlines,2026-06-05,2026-06-05,,{}
148964,,,,,Disponible,0,gustavo5004949@viajes.cl,Zaragoza,Cornellá de Llobregat,31,848,145000,ZSSK (Eslovaquia),2025-03-29,2025-05-03,,{}
105884,61513,2026-10-25,1026000,6,No disponible,1026,guvema594@viajes.cl,Alcobendas,,98,3692,171000,SBB (Suiza),2026-11-25,2026-11-27,,{}
142499,60736,2025-04-13,342000,6,No disponible,342,homero1275324@viajes.cl,Sanlúcar de Barrameda,Sabadell,35,1783,57000,,2025-11-22,2025-11-23,,
125206,63355,2025-05-06,1964000,4,No disponible,1964,horacio2597856@viajes.cl,Marbella,Fuenlabrada,38,4043,491000,ZS (Eslovenia),2025-06-13,2025-06-15,,{}
94348,58584,2025-01-10,304000,2,No disponible,304,huesca862@viajes.cl,Leganés,Coslada,37,2143,152000,,2025-03-12,2025-03-13,,{}
125870,57136,2025-03-07,345000,3,No disponible,345,hugo989362@viajes.cl,Toledo,Jaén,67,223,115000,RZD (Rusia),2025-06-04,2025-06-04,,{}
92983,62797,2025-09-06,1182000,6,No disponible,1182,humaba796@viajes.cl,León,Telde,42,3841,197000,Damas,2026-05-18,2026-05-20,,{}
135182,65258,2026-02-13,3144000,8,No disponible,3144,irpipi229@viajes.cl,Fuengirola,Móstoles,11,3616,393000,ZS (Eslovenia),2026-06-17,,,{}
111192,58158,2025-04-21,1785000,7,No disponible,1785,isabne770@viajes.cl,Molina de Segura,Valdemoro,8,3767,255000,HŽ (Croacia),2026-07-02,2026-07-04,,{}
118385,56309,2025-05-23,3129000,7,No disponible,3129,isbubé706@viajes.cl,Segovia,Jaén,27,4242,447000,ÖBB (Austria),2025-08-02,2025-08-04,,{}
126433,60380,2025-02-04,630000,5,No disponible,630,isrelu647@viajes.cl,Reus,Manresa,25,2464,126000,ŽSSK (Eslovaquia),2025-05-03,2025-05-04,,{}
92058,56331,2026-01-02,1300000,5,No disponible,1300,jabaqu694@viajes.cl,Fuengirola,Baracaldo,81,3511,260000,ŽSSK (Eslovaquia),2026-06-15,2026-06-17,,{}
79735,63154,2025-03-11,1660000,5,No disponible,1660,jahemu317@viajes.cl,Málaga,Sabadell,70,3538,332000,Deutsche Bahn (DB),2026-02-15,2026-02-17,,{}
146820,,,,,Disponible,0,javier3481954@viajes.cl,Collado Villalba,El Ejido,40,812,95000,FlixBus,2025-03-21,,,{}
144946,,,,,Disponible,0,javier6694244@viajes.cl,Jaén,Calahorra,30,1206,168000,Greyhound,2025-11-23,,,
117512,58938,2025-05-13,130000,2,No disponible,130,jerónimo5779296@viajes.cl,Gandía,Leganés,40,3030,65000,Flecha Bus,2026-02-16,2026-02-18,,{}
149077,,,,,Disponible,0,jesús102436@viajes.cl,Cáceres,Viladecans,2,2372,285000,ZSSK (Eslovaquia),2025-03-14,2025-06-20,,{}
83847,56341,2025-01-14,1728000,9,No disponible,1728,joemtaig687@viajes.cl,Hospitalet de LLobregat,Orense,,858,192000,Flecha Bus,2025-03-14,2025-03-14,,{}
83442,60669,2025-01-03,936000,8,No disponible,936,johisi671@viajes.cl,Palencia,Leganés,53,2303,117000,Italo,2025-02-28,2025-03-01,,{}
143837,61686,2025-11-19,700000,5,No disponible,700,joluvala897@viajes.cl,Madrid,Pamplona,33,1579,140000,Primera Plus,2026-06-23,2026-06-24,,{}
149877,,,,,Disponible,0,jomaesca675@viajes.cl,Alcoy,Vitoria,95,1616,96000,PKP (Polonia),2025-09-16,2025-11-22,,{}
112589,65994,2025-10-09,480000,5,No disponible,480,jomaraga355@viajes.cl,Salamanca,Ávila,9,776,96000,Nederlandse Sp,2025-11-25,2025-11-25,,{}
133759,61721,2025-11-08,845000,5,No disponible,845,jucécaan587@viajes.cl,Salamanca,Estepona,49,4055,169000,EME Bus,2025-12-20,2025-12-22,,{}
82881,61775,2025-08-24,172000,1,No disponible,172,julio8820307@viajes.cl,Benalmádena,Rivas-Vaciamadrid,,3826,172000,Damas,2026-02-04,2026-02-06,,{}
145187,,,,,Disponible,0,jumoal497@viajes.cl,,Talavera de la Reina,39,3069,128000,Socibus,2025-01-22,,,{}
143923,58714,2025-10-09,1320000,3,No disponible,1320,leticia6431720@viajes.cl,Murcia,Alcobendas,5,3879,440000,Trenitalia,2025-11-22,2025-11-24,,{}
149377,,,,,Disponible,0,loarva272@viajes.cl,Mérida,Cáceres,51,1356,81000,,2025-09-09,2025-11-04,,
113734,58320,2025-01-01,819000,9,No disponible,819,lourdes8108716@viajes.cl,,Cádiz,47,2078,91000,Damas,2025-01-01,2025-01-02,,{}
145139,,,,,Disponible,0,lumirira887@viajes.cl,Santa Coloma de Gramanet,Algeciras,48,499,129000,ADO,2025-09-23,,,{}
122411,61429,2025-10-06,1002000,6,No disponible,1002,lupato375@viajes.cl,Pozuelo de Alarcón,Baracaldo,65,2689,167000,MÁV (Hungría),2025-11-06,2025-11-07,,
146654,,,,,Disponible,0,maacná844@viajes.cl,La Coruña,Rivas-Vaciamadrid,33,609,121000,Greyhound,2025-11-08,,,{}
90089,59200,2025-07-25,917000,7,No disponible,917,macaar807@viajes.cl,Pontevedra,Hospitalet de LLobregat,73,2791,131000,AVE,2025-10-10,,,{}
108903,62358,2025-06-05,846000,6,No disponible,846,macrmu157@viajes.cl,Sabadell,Benidorm,,2450,141000,Alsa,2025-11-23,2025-11-24,,{}
146650,,,,,Disponible,0,macrpaec684@viajes.cl,Badajoz,Valdemoro,30,2006,145000,Condor Bus,2025-09-23,,,{}
79432,63981,2025-05-05,736000,4,No disponible,736,madecamavi101@viajes.cl,Reus,Inca,,308,184000,CD (República Checa),2025-10-07,,,{}
87090,58366,2025-01-16,2500000,10,No disponible,2500,maflji375@viajes.cl,Burgos,Ferrol,98,2599,250000,MÁV (Hungría),2026-03-31,2026-04-01,,{}
108159,58545,2025-05-23,1108000,4,No disponible,1108,magdalena1234556@viajes.cl,Arrecife,Torrelavega,72,2560,277000,,2025-06-03,2025-06-04,,{}
149885,,,,,Disponible,0,manuel2609542@viajes.cl,Palma de Mallorca,Gerona,90,2035,171000,Italo,2025-09-17,2025-12-10,,{}
144971,,,,,Disponible,0,manuel678411@viajes.cl,Las Palmas de Gran Canaria,Palma de Mallorca,39,2126,161000,Megabus,2025-03-10,,,
87598,62145,2025-11-19,1376000,8,No disponible,1376,maricarmen9657233@viajes.cl,Tarrasa,,20,389,172000,AVE,2025-12-30,2025-12-30,,{}
124903,57658,2025-06-11,1295000,7,No disponible,1295,mario3257633@viajes.cl,,Guadalajara,93,419,185000,DSB (Dinamarca),2026-02-13,2026-02-13,,{}
143901,59703,2026-01-28,2870000,10,No disponible,2870,maría165242@viajes.cl,Málaga,,98,3465,287000,Italo,2026-06-15,2026-06-17,,{}
99352,65956,2025-07-10,142000,2,No disponible,142,maría5802899@viajes.cl,Irún,Alcalá de Guadaira,58,488,71000,CFR (Rumania),2025-07-27,2025-07-27,,{}
130144,58947,2025-04-05,580000,5,No disponible,580,maría8941101@viajes.cl,Sagunto,Albacete,41,1558,116000,Socibus,2025-04-20,2025-04-21,,{}
144921,,,,,Disponible,0,matejiba709@viajes.cl,Lorca,Burgos,31,2785,187000,Futura,2026-07-22,,,{}
104782,66541,2025-03-15,428000,4,No disponible,428,mavepa513@viajes.cl,Algeciras,Logroño,62,1023,107000,ZFBH (Bosnia y Herzegovina),2025-11-10,2025-11-10,,{}
149644,,,,,Disponible,0,mazeha128@viajes.cl,,Segovia,96,2180,299000,ZFBH (Bosnia y Herzegovina),2026-05-29,2026-08-27,,{}
94831,64234,2025-04-23,662000,2,No disponible,662,migara979@viajes.cl,Fuengirola,Santa Cruz de Tenerife,30,3713,331000,Nederlandse Sp,2025-06-06,2025-06-08,,{}
146646,,,,,Disponible,0,miguel9141123@viajes.cl,Albacete,Orense,44,657,194000,Megabus,2025-03-11,,,{}
90063,65662,2025-03-09,486000,3,No disponible,486,miánpaar973@viajes.cl,Jaén,Zaragoza,49,1330,162000,EME Bus,2025-09-29,2025-09-29,,{}
145408,,,,,Disponible,0,naalva967@viajes.cl,Palma de Mallorca,Torremolinos,48,4165,103000,Monbus,2025-06-28,,,{}
129396,61307,2025-05-14,750000,3,No disponible,750,ocarsa130@viajes.cl,Tarrasa,Torrevieja,23,2951,250000,ZSSK (Eslovaquia),2026-05-15,2026-05-17,,{}
140013,60999,2025-03-25,1295000,7,No disponible,1295,patricio7879257@viajes.cl,Gerona,Albacete,91,204,185000,Italo,2026-01-25,2026-01-25,,{}
145304,,,,,Disponible,0,pedegu126@viajes.cl,El Ejido,Sabadell,37,3365,196000,Buses Ahumada,2026-01-05,,,{}
149369,,,,,Disponible,0,pilar5469194@viajes.cl,Cartagena,Toledo,,3534,124000,NSB (Noruega),2025-09-28,,,{}
92253,57960,2025-10-24,112000,1,No disponible,112,raesba397@viajes.cl,Castellón de la Plana,Leganés,33,2598,112000,Megabus,2025-12-17,2025-12-18,,{}
96909,58081,2026-01-23,1860000,10,No disponible,1860,raqucr272@viajes.cl,Cádiz,Bilbao,49,3863,186000,NSB (Noruega),2026-07-04,2026-07-06,,{}
107598,63483,2025-05-27,618000,6,No disponible,618,raágoc944@viajes.cl,Molina de Segura,Alcalá de Henares,26,3410,103000,ÖBB (Austria),2025-09-22,2025-09-24,,{}
115407,60746,2025-05-01,996000,6,No disponible,996,raúl1043440@viajes.cl,Zaragoza,Pontevedra,36,2802,166000,Turbus,2026-04-06,2026-04-07,,{}
135751,56465,2025-04-21,1692000,9,No disponible,1692,rosa3149719@viajes.cl,Ponferrada,Lérida,34,1550,188000,,2025-06-01,2025-06-02,,{}
94708,66224,2025-05-27,1379000,7,No disponible,1379,rosa3292475@viajes.cl,Cerdañola del Vallés,Motril,45,715,197000,Alsa,2025-06-11,2025-06-11,,{}
116196,57859,2025-11-04,288000,1,No disponible,288,savaon858@viajes.cl,Rivas-Vaciamadrid,Baracaldo,100,2344,288000,,2025-11-17,2025-11-18,,"{Marbella,Orihuela}"
93068,58619,2025-12-29,355000,5,No disponible,355,silvia4184684@viajes.cl,Santa Coloma de Gramanet,Fuengirola,45,1503,71000,WestJet,2026-02-24,2026-02-25,,{Paterna}
118636,57315,2025-06-10,149000,1,No disponible,149,sonia8445310@viajes.cl,Roquetas de Mar,Torremolinos,5,782,149000,ÖBB (Austria),2026-11-28,2026-11-28,,{}
110467,65705,2025-04-07,592000,8,No disponible,592,sr.1944583@viajes.cl,Almería,Irún,50,1398,74000,NS International,2025-08-23,2025-08-23,,{}
149368,,,,,Disponible,0,sr.2820699@viajes.cl,Barcelona,Málaga,98,1722,174000,ŽFBH (Bosnia y Herzegovina),2025-07-31,2025-10-10,,{}
81185,58891,2025-01-20,918000,9,No disponible,918,sr.3331282@viajes.cl,Valencia,Alcalá de Guadaira,38,2025,102000,JetSur,2025-04-17,2025-04-18,,{}
136783,57903,2025-03-09,987000,7,No disponible,987,sr.7155697@viajes.cl,Alcorcón,Murcia,31,857,141000,,2025-05-11,2025-05-11,,{}
89187,61905,2025-04-24,2502000,6,No disponible,2502,sra.3023927@viajes.cl,Mérida,,30,4055,417000,ŽFBH (Bosnia y Herzegovina),2025-08-07,2025-08-09,,{}
93155,65532,2025-03-25,942000,3,No disponible,942,sra.3036357@viajes.cl,Motril,Cáceres,37,3092,314000,Nederlandse Sp,2025-07-04,2025-07-06,,{}
145242,,,,,Disponible,0,sra.5402172@viajes.cl,Cádiz,Fuengirola,45,884,133000,Alsa,2025-11-03,,,{}
122890,61874,2025-05-23,3177000,9,No disponible,3177,sra.9402989@viajes.cl,Benidorm,Avilés,18,3268,353000,Thalys,2026-03-09,2026-03-11,,{}
139650,63417,2025-01-28,250000,5,No disponible,250,sradgamo870@viajes.cl,Motril,Rivas-Vaciamadrid,38,182,50000,FlixBus,2025-08-22,2025-08-22,,{}
107009,58424,2026-02-09,994000,7,No disponible,994,sranjiqu198@viajes.cl,Vigo,Gerona,100,425,142000,TGV (SNCF),2026-03-02,2026-03-02,,{}
123879,62429,2026-04-30,1752000,6,No disponible,1752,srcébrse308@viajes.cl,Alcoy,Motril,64,3169,292000,Italo,2026-10-19,2026-10-21,,{}
108456,61189,2025-05-15,2720000,8,No disponible,2720,srelabor385@viajes.cl,Coslada,Alcobendas,25,3848,340000,Italo,2026-06-04,2026-06-06,,
81866,59317,2025-01-31,2648000,8,No disponible,2648,srlogaro943@viajes.cl,Elche,Logroño,44,3286,331000,Italo,2025-03-25,2025-03-27,,{}
144650,,,,,Disponible,0,teodoro9438521@viajes.cl,Paterna,Estepona,47,529,144000,Andesmar,2026-09-30,,,{}
104718,58803,2025-03-26,1572000,4,No disponible,1572,srmaeltrca573@viajes.cl,Palencia,Arrecife,60,4311,393000,ZS (Eslovenia),2025-04-07,2025-04-09,,{}
95048,58169,2026-04-05,1080000,10,No disponible,1080,srmapeva595@viajes.cl,Motril,San Sebastián,42,4065,108000,Pullman Bus,2026-08-06,2026-08-08,,{}
146717,,,,,Disponible,0,srsupomu103@viajes.cl,Inca,,,1819,104000,Buses Romani,2025-04-12,,,{}
145644,,,,,Disponible,0,sta.3467980@viajes.cl,Las Palmas de Gran Canaria,Telde,39,2093,141000,FlixBus,2026-01-27,,,{}
134929,61241,2025-08-16,534000,3,No disponible,534,sta.8892184@viajes.cl,Mijas,Alcalá de Henares,30,1189,178000,Alsa,2026-08-27,2026-08-27,,{}
92802,64915,2026-04-27,150000,1,No disponible,150,stjolumaul474@viajes.cl,Zamora,Valladolid,45,1012,150000,Buses Bio Bio,2026-05-18,2026-05-18,,{}
80551,55886,2025-06-16,4320000,9,No disponible,4320,stlumamu560@viajes.cl,El Prat de LLobregat,El Puerto de Santa María,10,3968,480000,HŽ (Croacia),2025-07-04,2025-07-06,,{}
146791,,,,,Disponible,0,stlumogu418@viajes.cl,Irún,Torremolinos,41,1462,66000,ADO,2025-03-02,,,{}
139830,57175,2025-01-11,62000,1,No disponible,62,stsiquho545@viajes.cl,Gandía,Benidorm,35,2576,62000,Condor Bus,2025-01-27,2025-01-28,,
103077,58015,2025-03-31,890000,10,No disponible,890,suhemá328@viajes.cl,Collado Villalba,Alcoy,42,1827,89000,Eurostar,2025-10-16,2025-10-17,,{}
146077,,,,,Disponible,0,tomás2452491@viajes.cl,,Gecho,,3783,108000,ETN Turistar,2026-09-18,,,{}
148854,,,,,Disponible,0,Ignaciopreciado651@viajes.cl,Alcalá de Henares,,18,3163,316000,,2025-01-05,2025-05-16,,{}
117626,57178,2025-09-05,656000,8,No disponible,656,toolac769@viajes.cl,El Prat de LLobregat,Collado Villalba,,2868,82000,Via Bariloche,2025-12-25,2025-12-26,,{}
115906,64869,2025-01-03,405000,3,No disponible,405,verónica1481805@viajes.cl,,Lugo,10,2822,135000,Trenitalia,2026-07-27,2026-07-28,,{}
140451,63757,2025-10-30,780000,4,No disponible,780,vibaga825@viajes.cl,Algeciras,Talavera de la Reina,48,3059,195000,,2025-11-19,2025-11-21,,{}
148800,,,,,Disponible,0,vicente9770936@viajes.cl,Vitoria,Málaga,26,4139,285000,BDZ (Bulgaria),2025-03-01,2025-08-20,,{}
137533,63049,2025-04-20,286000,2,No disponible,286,yoanma528@viajes.cl,San Fernando,Talavera de la Reina,36,703,143000,ÖBB (Austria),2026-08-11,2026-08-11,,{}
99239,62095,2025-01-02,348000,4,No disponible,348,ángama975@viajes.cl,La Coruña,Fuenlabrada,33,3680,87000,Buses Nilahue,2025-03-19,2025-03-21,,{}
98898,61149,2025-03-31,1690000,5,No disponible,1690,Adrianaarevalo161@viajes.cl,La Coruña,Lugo,35,3769,338000,ŽFBH (Bosnia y Herzegovina),2025-08-27,2025-08-29,,{}
146095,,,,,Disponible,0,Adrianapagan314@viajes.cl,Linares,Valdemoro,30,1944,118000,Megabus,2026-02-25,,,{}
96297,55734,2025-02-26,282000,3,No disponible,282,Alejandraquezada149@viajes.cl,Parla,Baracaldo,31,948,94000,Crucero del Norte,2026-01-28,2026-01-28,,{}
145833,,,,,Disponible,0,Aliciabriseño959@viajes.cl,San Fernando,Santa Coloma de Gramanet,35,503,129000,FlixBus,2026-08-31,,,{}
146596,,,,,Disponible,0,Amaliabalderas976@viajes.cl,Benidorm,Coslada,43,2986,177000,Omnibus de México,2025-10-28,,,{}
144887,,,,,Disponible,0,Anaalonzo110@viajes.cl,Palma de Mallorca,Linares,40,1251,156000,Pullman Bus,2025-11-24,,,{}
146007,,,,,Disponible,0,Anapatiño297@viajes.cl,Orense,Cuenta,34,4082,177000,Chevallier,2025-05-11,,,{}
146836,,,,,Disponible,0,Anapizarro552@viajes.cl,Palencia,Badalona,32,2033,171000,Chevallier,2025-12-03,,,{}
136955,60555,2025-06-03,86000,2,No disponible,86,Anarivero619@viajes.cl,Móstoles,León,53,1415,43000,Amtrak,2026-11-24,2026-11-24,,{}
145934,,,,,Disponible,0,Benjamínleón812@viajes.cl,Orense,Valladolid,47,3778,66000,Buses Nilahue,2026-03-01,,,{}
146848,,,,,Disponible,0,Bernardovergara432@viajes.cl,Jerez de la Frontera,Talavera de la Reina,30,962,117000,JetSur,2025-12-14,,,{}
80793,61651,2025-05-07,420000,10,No disponible,420,Carlosabeyta963@viajes.cl,Ávila,Albacete,41,1108,42000,NS International,2025-12-15,2025-12-15,,{}
135421,64852,2025-05-26,450000,6,No disponible,450,Carloshurtado807@viajes.cl,Móstoles,Majadahonda,32,1223,75000,NS International,2025-07-19,2025-07-19,,{}
118907,62189,2025-04-04,2259000,9,No disponible,2259,Catalinavarela631@viajes.cl,Tarragona,Gandía,91,3307,251000,RZD (Rusia),2025-12-23,2025-12-25,,{}
148652,,,,,Disponible,0,Clarasaldaña655@viajes.cl,Cerdañola del Vallés,Telde,62,1724,134000,MÁV (Hungría),2026-11-08,2027-01-18,,{}
145664,,,,,Disponible,0,Concepciónfierro387@viajes.cl,Cuenta,Sanlúcar de Barrameda,39,2438,116000,Buses Ahumada,2026-06-11,,,{}
145983,,,,,Disponible,0,Cristobalaponte610@viajes.cl,Fuengirola,Puertollano,31,2569,125000,Estrella Roja,2026-08-26,,,
132691,57698,2025-10-13,1876000,7,No disponible,1876,Enriquetamez108@viajes.cl,Gecho,Palencia,90,3871,268000,,2026-06-18,2026-06-20,,{}
145160,,,,,Disponible,0,Ernestobarraza502@viajes.cl,La Línea de la Concepción,Fuenlabrada,43,3049,123000,Pullman Bus,2026-07-04,,,{}
146329,,,,,Disponible,0,Ernestonavarro302@viajes.cl,Torrevieja,Linares,40,4189,165000,Avanza,2026-06-03,,,
102039,60097,2025-01-30,180000,5,No disponible,180,Fernandomuñoz208@viajes.cl,Sagunto,,,1280,36000,AVE,2025-05-30,2025-05-30,,{}
144804,,,,,Disponible,0,Gerardobarela578@viajes.cl,Mérida,Bilbao,40,3798,200000,Alsa,2025-04-14,,,{}
133956,61209,2025-01-05,1272000,8,No disponible,1272,Gerardobriseño638@viajes.cl,Guadalajara,Córdoba,31,2403,159000,El Rápido Internacional,2025-02-08,2025-02-09,,{}
144769,,,,,Disponible,0,Gerardomojica966@viajes.cl,Inca,Talavera de la Reina,35,2675,73000,Socibus,2026-10-12,,,{}
90184,57473,2025-12-28,556000,4,No disponible,556,Gilbertoayala702@viajes.cl,Segovia,Mataró,71,3208,139000,Deutsche Bahn (DB),2026-09-07,2026-09-09,,{}
81864,59081,2025-01-24,468000,4,No disponible,468,Gloriaanda368@viajes.cl,Linares,Logroño,38,1344,117000,Estrella Roja,2025-04-22,2025-04-22,,{}
112890,66287,2025-08-14,1024000,8,No disponible,1024,Gloriacotto254@viajes.cl,,Dos Hermanas,37,3505,128000,Buses Romani,2026-08-02,2026-08-04,,{}
109990,64881,2025-03-13,372000,4,No disponible,372,Guillerminavéliz425@viajes.cl,Lugo,Cornellá de Llobregat,50,2055,93000,Plusmar,2025-03-27,2025-03-28,,{}
144616,,,,,Disponible,0,Guillermosaldaña643@viajes.cl,Lérida,Lérida,42,2433,104000,Flecha Bus,2026-05-30,,,{}
143299,66550,2025-04-13,1930000,10,No disponible,1930,Homerocolunga322@viajes.cl,Palma de Mallorca,Getafe,76,2403,193000,RZD (Rusia),2025-09-21,2025-09-22,,{}
148854,,,,,Disponible,0,Ignaciopreciado651@viajes.cl,Alcalá de Henares,,18,3163,316000,,2025-01-05,2025-05-16,,{}
150054,,,,,Disponible,0,Jacobodelgadillo820@viajes.cl,Cuenta,Dos Hermanas,9,592,192000,SBB (Suiza),2025-01-16,2025-02-09,,{}
145736,,,,,Disponible,0,Jaimebermúdez723@viajes.cl,Toledo,Lugo,37,2772,165000,Greyhound,2025-04-30,,,{}
88826,65558,2025-07-04,833000,7,No disponible,833,Jorgecano411@viajes.cl,Estepona,Santa Cruz de Tenerife,90,2504,119000,AVE,2026-01-18,2026-01-19,,{}
108252,60184,2025-04-19,3420000,9,No disponible,3420,Jorgesedillo847@viajes.cl,La Coruña,Marbella,22,3505,380000,CD (República Checa),2026-03-06,2026-03-08,,{}
127706,56043,2025-10-04,385000,5,No disponible,385,Lolacervántez866@viajes.cl,Manresa,La Coruña,21,2104,77000,DSB (Dinamarca),2026-04-28,2026-04-29,,{}
87453,65518,2025-02-03,3030000,10,No disponible,3030,Lucasnazario473@viajes.cl,Ponferrada,Mollet del Vallés,50,3103,303000,ZS (Eslovenia),2025-08-19,2025-08-21,,{}
149002,,,,,Disponible,0,Lucastrejo703@viajes.cl,Málaga,San Fernando,19,424,89000,SBB (Suiza),2026-05-26,2026-06-12,,{}
99025,65066,2025-01-04,1272000,8,No disponible,1272,Marcosperalta478@viajes.cl,Ciudad Real,Zamora,30,2221,159000,Alsa,2026-09-25,2026-09-26,,{}
146130,,,,,Disponible,0,Marianoheredia641@viajes.cl,Ceuta,Lugo,37,1471,180000,Alsa,2026-08-15,,,{}
91021,60114,2025-01-26,1168000,8,No disponible,1168,Marianopérez502@viajes.cl,,Zamora,46,2184,146000,ETN Turistar,2025-02-19,2025-02-20,,{}
148961,,,,,Disponible,0,Marilucarvajal616@viajes.cl,Benalmádena,,67,146,8000,Nederlandse Sp,2026-03-25,2026-03-31,,{}
113812,65696,2025-09-04,903000,7,No disponible,903,Marisolmonroy204@viajes.cl,La Coruña,Tarragona,32,2709,129000,Damas,2025-12-08,2025-12-09,,{}
146703,,,,,Disponible,0,Maríaalonzo778@viajes.cl,Mollet del Vallés,Baracaldo,41,1236,61000,Buses Ahumada,2026-02-04,,,{}
150009,,,,,Disponible,0,Maríadelrío618@viajes.cl,Gijón,Orihuela,86,3780,378000,NSB (Noruega),2026-06-07,2026-11-11,,{}
106477,66082,2025-01-27,798000,7,No disponible,798,Maríalaureano486@viajes.cl,Valladolid,Paterna,62,1441,114000,SNCB (Bélgica),2025-12-03,2025-12-04,,{}
104542,62830,2025-06-17,1456000,8,No disponible,1456,Maríasaldivar717@viajes.cl,Ponferrada,Roquetas de Mar,,2850,182000,DSB (Dinamarca),2026-01-31,2026-02-01,,{}
107995,64659,2025-06-18,2830000,10,No disponible,2830,Mateofarías500@viajes.cl,Zamora,Santa Cruz de Tenerife,75,2879,283000,AVE,2025-08-31,2025-09-01,,{}
107212,58557,2025-02-17,462000,3,No disponible,462,Mercedesalaniz750@viajes.cl,La Línea de la Concepción,Cuenta,32,2967,154000,Damas,2025-02-23,2025-02-25,,{}
144778,,,,,Disponible,0,Nicolássauceda686@viajes.cl,Irún,Benalmádena,41,2425,123000,ADO,2026-01-31,,,
86115,62785,2025-01-12,4570000,10,No disponible,4570,Normaraya573@viajes.cl,Algeciras,León,11,4285,457000,Qatar Airways,2025-01-13,2025-01-15,,"{""Chiclana de la Frontera"",Mataró,""El Puerto de Santa María"",""Talavera de la Reina""}"
114250,57989,2025-03-23,144000,1,No disponible,144,Patricioestévez422@viajes.cl,Castellón de la Plana,Torrelavega,51,2106,144000,ZS (Eslovenia),2026-02-27,2026-02-28,,{}
100232,56273,2025-01-22,522000,2,No disponible,522,Patriciomagaña183@viajes.cl,Torremolinos,Valdemoro,81,3637,261000,Amtrak,2025-03-02,2025-03-04,,{}
149318,,,,,Disponible,0,Patricioolivera472@viajes.cl,Badalona,Cerdañola del Vallés,3,877,44000,Renfe,2026-06-02,2026-07-08,,{}
146765,,,,,Disponible,0,Patriciosoliz754@viajes.cl,Cuenta,Molina de Segura,32,3391,131000,Pullman Bus,2026-08-02,,,{}
137129,65042,2025-02-09,690000,10,No disponible,690,Pedromondragón963@viajes.cl,Torremolinos,Avilés,73,1752,69000,AVE,2025-02-11,2025-02-12,,{}
116039,57977,2025-11-28,399000,7,No disponible,399,Pedroolivárez339@viajes.cl,Badalona,Valladolid,35,405,57000,Buses Nilahue,2025-12-16,2025-12-16,,{}
141368,65989,2025-01-09,688000,4,No disponible,688,Ramiromadrigal438@viajes.cl,Córdoba,Ciudad Real,30,1368,172000,Turbus,2025-07-14,2025-07-14,,{}
115298,61782,2025-06-12,832000,8,No disponible,832,Ramiroorozco712@viajes.cl,Majadahonda,Torrelavega,36,3014,104000,Avanza,2026-04-23,,,{}
149950,,,,,Disponible,0,Raquellira938@viajes.cl,,Almería,38,499,80000,,2025-09-29,2025-10-19,,
102577,59540,2025-02-25,262000,2,No disponible,262,Rodrigosolís188@viajes.cl,Alicante,Lérida,96,3387,131000,Nederlandse Sp,2025-04-27,2025-04-29,,{}
149599,,,,,Disponible,0,Rosaorosco800@viajes.cl,Collado Villalba,Arrecife,60,2094,133000,PKP (Polonia),2025-09-30,,,{}
105115,56546,2025-05-08,124000,2,No disponible,124,Rubéngracia541@viajes.cl,Mollet del Vallés,Motril,39,4200,62000,Buses Nilahue,2025-11-21,2025-11-23,,{}
144455,60955,2025-05-09,420000,3,No disponible,420,Salvadorcarrasco712@viajes.cl,,,47,3429,140000,Damas,2026-02-28,,,{}
149507,,,,,Disponible,0,Sofiaportillo314@viajes.cl,Gijón,Palencia,67,199,29000,TGV (SNCF),2026-07-05,2026-07-13,,{}
116953,57873,2025-01-10,520000,10,No disponible,520,Sr.gómez812@viajes.cl,Elda,El Puerto de Santa María,34,1182,52000,Pullman Bus,2025-06-30,2025-06-30,,{}
97457,58597,2025-04-11,1016000,8,No disponible,1016,Sr.montes861@viajes.cl,Torrelavega,Fuengirola,37,3411,127000,Andesmar,2025-07-10,,,{}
128463,62076,2025-01-01,261000,3,No disponible,261,Sra.abrego176@viajes.cl,Alcalá de Henares,Rubí,44,2144,87000,El Rápido Internacional,2025-01-02,2025-01-03,,
88841,61655,2025-03-25,936000,9,No disponible,936,Sra.alanis701@viajes.cl,El Ejido,Sanlúcar de Barrameda,30,927,104000,Via Bariloche,2026-05-20,2026-05-20,,{}
108037,56587,2025-02-13,412000,2,No disponible,412,Sra.carrera208@viajes.cl,Barcelona,Majadahonda,28,3297,206000,NSB (Noruega),2025-08-08,2025-08-10,,{}
146892,,,,,Disponible,0,Sra.ceballos715@viajes.cl,Lérida,Orense,48,2169,70000,Estrella Roja,2025-05-23,,,{}
107487,64701,2025-05-26,384000,3,No disponible,384,Sra.madrigal710@viajes.cl,Logroño,Burgos,4,2107,128000,CFR (Rumania),2025-06-05,2025-06-06,,{}
97499,56139,2025-01-26,468000,9,No disponible,468,Sra.muñoz859@viajes.cl,Madrid,Getafe,34,1970,52000,Andesmar,2026-05-23,2026-05-24,,{}
144313,62176,2026-07-03,164000,2,No disponible,164,Sra.navarro744@viajes.cl,,Bilbao,37,2159,82000,Primera Plus,2026-09-21,2026-09-22,,{}
142927,62375,2025-03-22,900000,9,No disponible,900,Sra.reyes599@viajes.cl,Granollers,Gecho,93,241,100000,MÁV (Hungría),2025-05-19,2025-05-19,,{}
145182,,,,,Disponible,0,Sra.suárez393@viajes.cl,Albacete,Valencia,48,4082,194000,Estrella Roja,2025-11-01,,,{}
96690,61718,2025-10-05,1504000,8,No disponible,1504,Sra.zapata174@viajes.cl,Motril,Toledo,11,1484,188000,ŽFBH (Bosnia y Herzegovina),2026-02-15,2026-02-16,,{}
131691,63883,2025-02-04,988000,4,No disponible,988,Sta.abrego223@viajes.cl,Las Palmas de Gran Canaria,,76,3595,247000,BDZ (Bulgaria),2025-04-05,2025-04-07,,{}
144735,,,,,Disponible,0,Sta.cotto607@viajes.cl,Inca,Marbella,40,259,68000,EME Bus,2025-03-28,,,{}
125376,62447,2025-06-20,297000,1,No disponible,297,Sta.dávila345@viajes.cl,Badalona,Murcia,6,2351,297000,DSB (Dinamarca),2026-01-08,2026-01-09,,{}
82246,63258,2026-01-08,440000,8,No disponible,440,Sta.galindo664@viajes.cl,Reus,Gijón,32,1223,55000,Chevallier,2026-03-11,2026-03-11,,{}
111621,57776,2025-11-26,483000,3,No disponible,483,Timoteoortega395@viajes.cl,Ponferrada,Baracaldo,85,1872,161000,,2026-09-19,2026-09-20,,{}
149607,,,,,Disponible,0,Tomásvilla256@viajes.cl,Hospitalet de LLobregat,Ávila,67,152,82000,SBB (Suiza),2025-08-20,2025-08-26,,{}
144591,63670,2025-06-23,1008000,9,No disponible,1008,Tomászambrano517@viajes.cl,Alcalá de Guadaira,Ciudad Real,,2370,112000,Aeroméxico,2025-12-26,2025-12-27,Clase ejecutiva,
148630,,,,,Disponible,0,Víctorvillalpando416@viajes.cl,Pozuelo de Alarcón,Benidorm,43,273,30000,Renfe,2026-02-06,,,{}
118690,62634,2025-07-31,994000,7,No disponible,994,advaco685@viajes.cl,Getafe,Bilbao,47,677,142000,Primera Plus,2025-10-22,2025-10-22,,{}
146064,,,,,Disponible,0,agustín4513914@viajes.cl,Alcobendas,Roquetas de Mar,34,2616,97000,Monbus,2025-11-18,,,{}
93715,58522,2025-10-22,994000,7,No disponible,994,alejandra5219541@viajes.cl,Huelva,Linares,47,2760,142000,SNCB (Bélgica),2026-01-23,2026-01-24,,{}
146570,,,,,Disponible,0,alejandra6060515@viajes.cl,Castellón de la Plana,Chiclana de la Frontera,50,816,192000,JetSur,2025-09-09,,,{}
85415,60719,2025-02-09,117000,3,No disponible,117,alejandra6350423@viajes.cl,Granollers,Tarragona,48,434,39000,Primera Plus,2026-11-20,2026-11-20,,{}
137606,66597,2025-08-29,980000,5,No disponible,980,alejandro4663195@viajes.cl,Zamora,Estepona,18,353,196000,CFR (Rumania),2026-10-28,2026-10-28,,{}
107450,59640,2026-08-08,384000,3,No disponible,384,alfredo5112229@viajes.cl,Majadahonda,Alcalá de Henares,78,2558,128000,Delta Air Lines,2026-09-11,2026-09-12,Primera clase,
130651,61651,2025-04-08,595000,5,No disponible,595,almohu846@viajes.cl,Ponferrada,Guadalajara,,2417,119000,ZSSK (Eslovaquia),2026-09-26,2026-09-27,,{}
107007,57791,2025-03-07,1593000,9,No disponible,1593,alveca156@viajes.cl,Elche,Alcoy,30,1226,177000,Via Bariloche,2025-08-08,2025-08-08,,{}
149902,,,,,Disponible,0,amalia8518314@viajes.cl,La Coruña,Palencia,91,4206,195000,HŽ (Croacia),2026-01-29,2026-07-23,,{}
149273,,,,,Disponible,0,amceul498@viajes.cl,Mataró,Arrecife,2,1979,124000,CD (República Checa),2025-06-30,2025-09-20,,{}
89704,58148,2025-01-21,630000,10,No disponible,630,amdeva290@viajes.cl,Motril,Vitoria,39,4122,63000,FlixBus,2025-12-27,2025-12-29,,{}
144604,,,,,Disponible,0,ancaca506@viajes.cl,Gijón,Bilbao,45,1143,108000,Chevallier,2025-01-08,,,{}
145814,,,,,Disponible,0,anmasevi543@viajes.cl,Mataró,Coslada,38,342,72000,Plusmar,2025-06-14,,,{}
95346,65852,2025-05-11,540000,6,No disponible,540,antonio5143423@viajes.cl,Collado Villalba,Móstoles,49,1405,90000,FlixBus,2026-09-17,2026-09-17,,{}
114918,63366,2025-01-24,1057000,7,No disponible,1057,anzama631@viajes.cl,Dos Hermanas,Burgos,35,622,151000,BoltBus,2025-03-05,,,{}
140482,60305,2025-11-01,651000,7,No disponible,651,ariadna2726453@viajes.cl,Burgos,Irún,46,2904,93000,Turbus,2026-02-04,2026-02-06,,{}
111943,60361,2026-01-06,3204000,9,No disponible,3204,arradeje840@viajes.cl,San Cristróbal de la Laguna,Toledo,57,3449,356000,SNCB (Bélgica),2026-06-19,2026-06-21,,{}
130217,55827,2025-05-21,765000,5,No disponible,765,artara334@viajes.cl,Lorca,Gandía,47,1172,153000,Buses Ahumada,2026-03-21,2026-03-21,,{}
146168,,,,,Disponible,0,beatriz4510392@viajes.cl,Mataró,Fuengirola,38,2113,178000,El Rápido Internacional,2026-07-21,,,{}
146082,,,,,Disponible,0,beatriz5107351@viajes.cl,,Lugo,30,1375,109000,Megabus,2025-01-03,,,{}
150061,,,,,Disponible,0,beatriz8478831@viajes.cl,Mérida,Vigo,94,3346,259000,ZS (Eslovenia),2026-05-29,2026-10-15,,{}
120980,63291,2026-03-19,602000,7,No disponible,602,bebece359@viajes.cl,Palencia,Madrid,47,2023,86000,Futura,2026-05-26,2026-05-27,,{}
144759,,,,,Disponible,0,carame562@viajes.cl,Ceuta,Rivas-Vaciamadrid,32,1556,161000,Megabus,2026-02-25,,,{}
130445,60460,2025-09-18,1593000,9,No disponible,1593,carla8513259@viajes.cl,Rubí,Rivas-Vaciamadrid,58,3777,177000,SJ (Suecia),2025-11-01,2025-11-03,,{}
105289,63334,2025-02-08,270000,2,No disponible,270,caruca852@viajes.cl,,Alcorcón,42,3970,135000,Damas,2025-07-04,2025-07-06,,{}
129970,63062,2025-07-09,1200000,4,No disponible,1200,casore427@viajes.cl,Hospitalet de LLobregat,Telde,51,2679,300000,ŽSSK (Eslovaquia),2025-09-01,2025-09-02,,{}
103465,58679,2025-01-14,900000,5,No disponible,900,cazaba427@viajes.cl,Barcelona,Ávila,33,3541,180000,,2025-01-17,2025-01-19,,{}
102856,61034,2025-04-23,99000,1,No disponible,99,clara2103611@viajes.cl,Motril,Badajoz,99,2659,99000,NS International,2025-05-05,2025-05-06,,{}
145041,,,,,Disponible,0,claudio5915903@viajes.cl,Badajoz,Inca,38,315,73000,Buses Ahumada,2025-01-19,,,{}
86231,64354,2026-06-19,888000,6,No disponible,888,clgari266@viajes.cl,,Sevilla,33,2573,148000,El Rápido Internacional,2026-08-04,2026-08-05,,{}
144705,,,,,Disponible,0,cllema523@viajes.cl,Orense,Palencia,41,4025,53000,Pullman Bus,2026-06-07,,,{}
124665,63445,2025-11-25,1215000,9,No disponible,1215,concepción1161816@viajes.cl,Roquetas de Mar,Valladolid,34,1994,135000,Futura,2026-01-25,2026-01-26,,{}
118624,62968,2025-01-12,846000,6,No disponible,846,conchita418950@viajes.cl,Pontevedra,Pozuelo de Alarcón,47,2783,141000,Socibus,2025-07-17,2025-07-18,,{}
127707,66630,2025-07-13,790000,10,No disponible,790,cristobal9956481@viajes.cl,Cáceres,Alcalá de Henares,22,1300,79000,Amtrak,2026-07-21,2026-07-21,,{}
87890,58609,2025-04-15,940000,5,No disponible,940,damotr290@viajes.cl,Torrelavega,Vitoria,63,1518,188000,Eurostar,2025-08-20,2025-08-21,,{}
139706,62564,2025-03-26,246000,2,No disponible,246,diego955510@viajes.cl,Paterna,Rubí,91,2409,123000,HŽ (Croacia),2025-05-27,2025-05-28,,{}
145578,,,,,Disponible,0,dolores8554213@viajes.cl,Chiclana de la Frontera,Estepona,41,3542,187000,BoltBus,2026-05-25,,,{}
145341,,,,,Disponible,0,edcami320@viajes.cl,Gerona,Granada,34,577,108000,EME Bus,2025-11-17,,,{}
146129,,,,,Disponible,0,emilio6174885@viajes.cl,Gecho,San Cristróbal de la Laguna,32,1665,170000,Chevallier,2025-09-01,,,{}
90059,65662,2025-08-30,168000,3,No disponible,168,emilio6756264@viajes.cl,Orihuela,Jaén,41,889,56000,EME Bus,2025-09-26,2025-09-26,,{}
146394,,,,,Disponible,0,encepe820@viajes.cl,Córdoba,Ávila,48,2317,56000,Socibus,2026-07-07,,,{}
148949,,,,,Disponible,0,ernesto9095694@viajes.cl,San Sebastián,Cerdañola del Vallés,5,3221,378000,Italo,2026-07-13,2026-11-24,,{}
115853,64873,2025-04-22,109000,1,No disponible,109,eva5525398@viajes.cl,Ferrol,Granada,44,2798,109000,Futura,2025-12-22,2025-12-23,,{}
145047,,,,,Disponible,0,eva6751759@viajes.cl,Vitoria,Jerez de la Frontera,45,696,136000,ETN Turistar,2025-02-07,,,{}
131616,56746,2025-02-12,1485000,9,No disponible,1485,ferova525@viajes.cl,,Vigo,33,3146,165000,JetSur,2025-10-05,2025-10-07,,{}
146149,,,,,Disponible,0,florencia470272@viajes.cl,Oviedo,Tarragona,45,2429,123000,FlixBus,2025-11-29,,,{}
95331,56450,2025-05-30,973000,7,No disponible,973,gabriela8240729@viajes.cl,Cádiz,,39,2031,139000,Andesmar,2026-08-12,2026-08-13,,{}
123479,56626,2025-01-20,704000,8,No disponible,704,germán782451@viajes.cl,Majadahonda,,46,515,88000,Flecha Bus,2026-02-20,2026-02-20,,{}
95047,58169,2025-09-02,1180000,10,No disponible,1180,gregorio1938243@viajes.cl,Leganés,Motril,50,1671,118000,Buses Nilahue,2026-08-05,,,{}
127763,66338,2025-11-05,425000,5,No disponible,425,guillermina1356638@viajes.cl,Rivas-Vaciamadrid,Santiago de Compostela,88,1345,85000,United Airlines,2026-06-05,2026-06-05,,{}
148964,,,,,Disponible,0,gustavo5004949@viajes.cl,Zaragoza,Cornellá de Llobregat,31,848,145000,ZSSK (Eslovaquia),2025-03-29,2025-05-03,,{}
105884,61513,2026-10-25,1026000,6,No disponible,1026,guvema594@viajes.cl,Alcobendas,,98,3692,171000,SBB (Suiza),2026-11-25,2026-11-27,,{}
142499,60736,2025-04-13,342000,6,No disponible,342,homero1275324@viajes.cl,Sanlúcar de Barrameda,Sabadell,35,1783,57000,,2025-11-22,2025-11-23,,
125206,63355,2025-05-06,1964000,4,No disponible,1964,horacio2597856@viajes.cl,Marbella,Fuenlabrada,38,4043,491000,ZS (Eslovenia),2025-06-13,2025-06-15,,{}
94348,58584,2025-01-10,304000,2,No disponible,304,huesca862@viajes.cl,Leganés,Coslada,37,2143,152000,,2025-03-12,2025-03-13,,{}
125870,57136,2025-03-07,345000,3,No disponible,345,hugo989362@viajes.cl,Toledo,Jaén,67,223,115000,RZD (Rusia),2025-06-04,2025-06-04,,{}
92983,62797,2025-09-06,1182000,6,No disponible,1182,humaba796@viajes.cl,León,Telde,42,3841,197000,Damas,2026-05-18,2026-05-20,,{}
135182,65258,2026-02-13,3144000,8,No disponible,3144,irpipi229@viajes.cl,Fuengirola,Móstoles,11,3616,393000,ZS (Eslovenia),2026-06-17,,,{}
111192,58158,2025-04-21,1785000,7,No disponible,1785,isabne770@viajes.cl,Molina de Segura,Valdemoro,8,3767,255000,HŽ (Croacia),2026-07-02,2026-07-04,,{}
118385,56309,2025-05-23,3129000,7,No disponible,3129,isbubé706@viajes.cl,Segovia,Jaén,27,4242,447000,ÖBB (Austria),2025-08-02,2025-08-04,,{}
126433,60380,2025-02-04,630000,5,No disponible,630,isrelu647@viajes.cl,Reus,Manresa,25,2464,126000,ŽSSK (Eslovaquia),2025-05-03,2025-05-04,,{}
92058,56331,2026-01-02,1300000,5,No disponible,1300,jabaqu694@viajes.cl,Fuengirola,Baracaldo,81,3511,260000,ŽSSK (Eslovaquia),2026-06-15,2026-06-17,,{}
79735,63154,2025-03-11,1660000,5,No disponible,1660,jahemu317@viajes.cl,Málaga,Sabadell,70,3538,332000,Deutsche Bahn (DB),2026-02-15,2026-02-17,,{}
146820,,,,,Disponible,0,javier3481954@viajes.cl,Collado Villalba,El Ejido,40,812,95000,FlixBus,2025-03-21,,,{}
144946,,,,,Disponible,0,javier6694244@viajes.cl,Jaén,Calahorra,30,1206,168000,Greyhound,2025-11-23,,,
117512,58938,2025-05-13,130000,2,No disponible,130,jerónimo5779296@viajes.cl,Gandía,Leganés,40,3030,65000,Flecha Bus,2026-02-16,2026-02-18,,{}
149077,,,,,Disponible,0,jesús102436@viajes.cl,Cáceres,Viladecans,2,2372,285000,ZSSK (Eslovaquia),2025-03-14,2025-06-20,,{}
83847,56341,2025-01-14,1728000,9,No disponible,1728,joemtaig687@viajes.cl,Hospitalet de LLobregat,Orense,,858,192000,Flecha Bus,2025-03-14,2025-03-14,,{}
83442,60669,2025-01-03,936000,8,No disponible,936,johisi671@viajes.cl,Palencia,Leganés,53,2303,117000,Italo,2025-02-28,2025-03-01,,{}
143837,61686,2025-11-19,700000,5,No disponible,700,joluvala897@viajes.cl,Madrid,Pamplona,33,1579,140000,Primera Plus,2026-06-23,2026-06-24,,{}
149877,,,,,Disponible,0,jomaesca675@viajes.cl,Alcoy,Vitoria,95,1616,96000,PKP (Polonia),2025-09-16,2025-11-22,,{}
112589,65994,2025-10-09,480000,5,No disponible,480,jomaraga355@viajes.cl,Salamanca,Ávila,9,776,96000,Nederlandse Sp,2025-11-25,2025-11-25,,{}
133759,61721,2025-11-08,845000,5,No disponible,845,jucécaan587@viajes.cl,Salamanca,Estepona,49,4055,169000,EME Bus,2025-12-20,2025-12-22,,{}
82881,61775,2025-08-24,172000,1,No disponible,172,julio8820307@viajes.cl,Benalmádena,Rivas-Vaciamadrid,,3826,172000,Damas,2026-02-04,2026-02-06,,{}
145187,,,,,Disponible,0,jumoal497@viajes.cl,,Talavera de la Reina,39,3069,128000,Socibus,2025-01-22,,,{}
143923,58714,2025-10-09,1320000,3,No disponible,1320,leticia6431720@viajes.cl,Murcia,Alcobendas,5,3879,440000,Trenitalia,2025-11-22,2025-11-24,,{}
149377,,,,,Disponible,0,loarva272@viajes.cl,Mérida,Cáceres,51,1356,81000,,2025-09-09,2025-11-04,,
113734,58320,2025-01-01,819000,9,No disponible,819,lourdes8108716@viajes.cl,,Cádiz,47,2078,91000,Damas,2025-01-01,2025-01-02,,{}
145139,,,,,Disponible,0,lumirira887@viajes.cl,Santa Coloma de Gramanet,Algeciras,48,499,129000,ADO,2025-09-23,,,{}
122411,61429,2025-10-06,1002000,6,No disponible,1002,lupato375@viajes.cl,Pozuelo de Alarcón,Baracaldo,65,2689,167000,MÁV (Hungría),2025-11-06,2025-11-07,,
146654,,,,,Disponible,0,maacná844@viajes.cl,La Coruña,Rivas-Vaciamadrid,33,609,121000,Greyhound,2025-11-08,,,{}
90089,59200,2025-07-25,917000,7,No disponible,917,macaar807@viajes.cl,Pontevedra,Hospitalet de LLobregat,73,2791,131000,AVE,2025-10-10,,,{}
108903,62358,2025-06-05,846000,6,No disponible,846,macrmu157@viajes.cl,Sabadell,Benidorm,,2450,141000,Alsa,2025-11-23,2025-11-24,,{}
146650,,,,,Disponible,0,macrpaec684@viajes.cl,Badajoz,Valdemoro,30,2006,145000,Condor Bus,2025-09-23,,,{}
79432,63981,2025-05-05,736000,4,No disponible,736,madecamavi101@viajes.cl,Reus,Inca,,308,184000,CD (República Checa),2025-10-07,,,{}
87090,58366,2025-01-16,2500000,10,No disponible,2500,maflji375@viajes.cl,Burgos,Ferrol,98,2599,250000,MÁV (Hungría),2026-03-31,2026-04-01,,{}
108159,58545,2025-05-23,1108000,4,No disponible,1108,magdalena1234556@viajes.cl,Arrecife,Torrelavega,72,2560,277000,,2025-06-03,2025-06-04,,{}
149885,,,,,Disponible,0,manuel2609542@viajes.cl,Palma de Mallorca,Gerona,90,2035,171000,Italo,2025-09-17,2025-12-10,,{}
144971,,,,,Disponible,0,manuel678411@viajes.cl,Las Palmas de Gran Canaria,Palma de Mallorca,39,2126,161000,Megabus,2025-03-10,,,
87598,62145,2025-11-19,1376000,8,No disponible,1376,maricarmen9657233@viajes.cl,Tarrasa,,20,389,172000,AVE,2025-12-30,2025-12-30,,{}
124903,57658,2025-06-11,1295000,7,No disponible,1295,mario3257633@viajes.cl,,Guadalajara,93,419,185000,DSB (Dinamarca),2026-02-13,2026-02-13,,{}
143901,59703,2026-01-28,2870000,10,No disponible,2870,maría165242@viajes.cl,Málaga,,98,3465,287000,Italo,2026-06-15,2026-06-17,,{}
99352,65956,2025-07-10,142000,2,No disponible,142,maría5802899@viajes.cl,Irún,Alcalá de Guadaira,58,488,71000,CFR (Rumania),2025-07-27,2025-07-27,,{}
130144,58947,2025-04-05,580000,5,No disponible,580,maría8941101@viajes.cl,Sagunto,Albacete,41,1558,116000,Socibus,2025-04-20,2025-04-21,,{}
144921,,,,,Disponible,0,matejiba709@viajes.cl,Lorca,Burgos,31,2785,187000,Futura,2026-07-22,,,{}
104782,66541,2025-03-15,428000,4,No disponible,428,mavepa513@viajes.cl,Algeciras,Logroño,62,1023,107000,ZFBH (Bosnia y Herzegovina),2025-11-10,2025-11-10,,{}
149644,,,,,Disponible,0,mazeha128@viajes.cl,,Segovia,96,2180,299000,ZFBH (Bosnia y Herzegovina),2026-05-29,2026-08-27,,{}
94831,64234,2025-04-23,662000,2,No disponible,662,migara979@viajes.cl,Fuengirola,Santa Cruz de Tenerife,30,3713,331000,Nederlandse Sp,2025-06-06,2025-06-08,,{}
146646,,,,,Disponible,0,miguel9141123@viajes.cl,Albacete,Orense,44,657,194000,Megabus,2025-03-11,,,{}
144804,,,,,Disponible,0,Gerardobarela578@viajes.cl,Mérida,Bilbao,40,3798,200000,Alsa,2025-04-14,,,{}
90063,65662,2025-03-09,486000,3,No disponible,486,miánpaar973@viajes.cl,Jaén,Zaragoza,49,1330,162000,EME Bus,2025-09-29,2025-09-29,,{}
145408,,,,,Disponible,0,naalva967@viajes.cl,Palma de Mallorca,Torremolinos,48,4165,103000,Monbus,2025-06-28,,,{}
129396,61307,2025-05-14,750000,3,No disponible,750,ocarsa130@viajes.cl,Tarrasa,Torrevieja,23,2951,250000,ZSSK (Eslovaquia),2026-05-15,2026-05-17,,{}
140013,60999,2025-03-25,1295000,7,No disponible,1295,patricio7879257@viajes.cl,Gerona,Albacete,91,204,185000,Italo,2026-01-25,2026-01-25,,{}
145304,,,,,Disponible,0,pedegu126@viajes.cl,El Ejido,Sabadell,37,3365,196000,Buses Ahumada,2026-01-05,,,{}
149369,,,,,Disponible,0,pilar5469194@viajes.cl,Cartagena,Toledo,,3534,124000,NSB (Noruega),2025-09-28,,,{}
92253,57960,2025-10-24,112000,1,No disponible,112,raesba397@viajes.cl,Castellón de la Plana,Leganés,33,2598,112000,Megabus,2025-12-17,2025-12-18,,{}
96909,58081,2026-01-23,1860000,10,No disponible,1860,raqucr272@viajes.cl,Cádiz,Bilbao,49,3863,186000,NSB (Noruega),2026-07-04,2026-07-06,,{}
107598,63483,2025-05-27,618000,6,No disponible,618,raágoc944@viajes.cl,Molina de Segura,Alcalá de Henares,26,3410,103000,ÖBB (Austria),2025-09-22,2025-09-24,,{}
115407,60746,2025-05-01,996000,6,No disponible,996,raúl1043440@viajes.cl,Zaragoza,Pontevedra,36,2802,166000,Turbus,2026-04-06,2026-04-07,,{}
135751,56465,2025-04-21,1692000,9,No disponible,1692,rosa3149719@viajes.cl,Ponferrada,Lérida,34,1550,188000,,2025-06-01,2025-06-02,,{}
94708,66224,2025-05-27,1379000,7,No disponible,1379,rosa3292475@viajes.cl,Cerdañola del Vallés,Motril,45,715,197000,Alsa,2025-06-11,2025-06-11,,{}
116196,57859,2025-11-04,288000,1,No disponible,288,savaon858@viajes.cl,Rivas-Vaciamadrid,Baracaldo,100,2344,288000,,2025-11-17,2025-11-18,,"{Marbella,Orihuela}"
93068,58619,2025-12-29,355000,5,No disponible,355,silvia4184684@viajes.cl,Santa Coloma de Gramanet,Fuengirola,45,1503,71000,WestJet,2026-02-24,2026-02-25,,{Paterna}
118636,57315,2025-06-10,149000,1,No disponible,149,sonia8445310@viajes.cl,Roquetas de Mar,Torremolinos,5,782,149000,ÖBB (Austria),2026-11-28,2026-11-28,,{}
110467,65705,2025-04-07,592000,8,No disponible,592,sr.1944583@viajes.cl,Almería,Irún,50,1398,74000,NS International,2025-08-23,2025-08-23,,{}
149368,,,,,Disponible,0,sr.2820699@viajes.cl,Barcelona,Málaga,98,1722,174000,ŽFBH (Bosnia y Herzegovina),2025-07-31,2025-10-10,,{}
81185,58891,2025-01-20,918000,9,No disponible,918,sr.3331282@viajes.cl,Valencia,Alcalá de Guadaira,38,2025,102000,JetSur,2025-04-17,2025-04-18,,{}
136783,57903,2025-03-09,987000,7,No disponible,987,sr.7155697@viajes.cl,Alcorcón,Murcia,31,857,141000,,2025-05-11,2025-05-11,,{}
89187,61905,2025-04-24,2502000,6,No disponible,2502,sra.3023927@viajes.cl,Mérida,,30,4055,417000,ŽFBH (Bosnia y Herzegovina),2025-08-07,2025-08-09,,{}
93155,65532,2025-03-25,942000,3,No disponible,942,sra.3036357@viajes.cl,Motril,Cáceres,37,3092,314000,Nederlandse Sp,2025-07-04,2025-07-06,,{}
122890,61874,2025-05-23,3177000,9,No disponible,3177,sra.9402989@viajes.cl,Benidorm,Avilés,18,3268,353000,Thalys,2026-03-09,2026-03-11,,{}
139650,63417,2025-01-28,250000,5,No disponible,250,sradgamo870@viajes.cl,Motril,Rivas-Vaciamadrid,38,182,50000,FlixBus,2025-08-22,2025-08-22,,{}
107009,58424,2026-02-09,994000,7,No disponible,994,sranjiqu198@viajes.cl,Vigo,Gerona,100,425,142000,TGV (SNCF),2026-03-02,2026-03-02,,{}
123879,62429,2026-04-30,1752000,6,No disponible,1752,srcébrse308@viajes.cl,Alcoy,Motril,64,3169,292000,Italo,2026-10-19,2026-10-21,,{}
108456,61189,2025-05-15,2720000,8,No disponible,2720,srelabor385@viajes.cl,Coslada,Alcobendas,25,3848,340000,Italo,2026-06-04,2026-06-06,,
81866,59317,2025-01-31,2648000,8,No disponible,2648,srlogaro943@viajes.cl,Elche,Logroño,44,3286,331000,Italo,2025-03-25,2025-03-27,,{}
104718,58803,2025-03-26,1572000,4,No disponible,1572,srmaeltrca573@viajes.cl,Palencia,Arrecife,60,4311,393000,ZS (Eslovenia),2025-04-07,2025-04-09,,{}
95048,58169,2026-04-05,1080000,10,No disponible,1080,srmapeva595@viajes.cl,Motril,San Sebastián,42,4065,108000,Pullman Bus,2026-08-06,2026-08-08,,{}
146717,,,,,Disponible,0,srsupomu103@viajes.cl,Inca,,,1819,104000,Buses Romani,2025-04-12,,,{}
145644,,,,,Disponible,0,sta.3467980@viajes.cl,Las Palmas de Gran Canaria,Telde,39,2093,141000,FlixBus,2026-01-27,,,{}
134929,61241,2025-08-16,534000,3,No disponible,534,sta.8892184@viajes.cl,Mijas,Alcalá de Henares,30,1189,178000,Alsa,2026-08-27,2026-08-27,,{}
92802,64915,2026-04-27,150000,1,No disponible,150,stjolumaul474@viajes.cl,Zamora,Valladolid,45,1012,150000,Buses Bio Bio,2026-05-18,2026-05-18,,{}
80551,55886,2025-06-16,4320000,9,No disponible,4320,stlumamu560@viajes.cl,El Prat de LLobregat,El Puerto de Santa María,10,3968,480000,HŽ (Croacia),2025-07-04,2025-07-06,,{}
146791,,,,,Disponible,0,stlumogu418@viajes.cl,Irún,Torremolinos,41,1462,66000,ADO,2025-03-02,,,{}
139830,57175,2025-01-11,62000,1,No disponible,62,stsiquho545@viajes.cl,Gandía,Benidorm,35,2576,62000,Condor Bus,2025-01-27,2025-01-28,,
103077,58015,2025-03-31,890000,10,No disponible,890,suhemá328@viajes.cl,Collado Villalba,Alcoy,42,1827,89000,Eurostar,2025-10-16,2025-10-17,,{}
144650,,,,,Disponible,0,teodoro9438521@viajes.cl,Paterna,Estepona,47,529,144000,Andesmar,2026-09-30,,,{}
146077,,,,,Disponible,0,tomás2452491@viajes.cl,,Gecho,,3783,108000,ETN Turistar,2026-09-18,,,{}
117626,57178,2025-09-05,656000,8,No disponible,656,toolac769@viajes.cl,El Prat de LLobregat,Collado Villalba,,2868,82000,Via Bariloche,2025-12-25,2025-12-26,,{}
115906,64869,2025-01-03,405000,3,No disponible,405,verónica1481805@viajes.cl,,Lugo,10,2822,135000,Trenitalia,2026-07-27,2026-07-28,,{}
140451,63757,2025-10-30,780000,4,No disponible,780,vibaga825@viajes.cl,Algeciras,Talavera de la Reina,48,3059,195000,,2025-11-19,2025-11-21,,{}
148800,,,,,Disponible,0,vicente9770936@viajes.cl,Vitoria,Málaga,26,4139,285000,BDZ (Bulgaria),2025-03-01,2025-08-20,,{}
137533,63049,2025-04-20,286000,2,No disponible,286,yoanma528@viajes.cl,San Fernando,Talavera de la Reina,36,703,143000,ÖBB (Austria),2026-08-11,2026-08-11,,{}
99239,62095,2025-01-02,348000,4,No disponible,348,ángama975@viajes.cl,La Coruña,Fuenlabrada,33,3680,87000,Buses Nilahue,2025-03-19,2025-03-21,,{}
98898,61149,2025-03-31,1690000,5,No disponible,1690,Adrianaarevalo161@viajes.cl,La Coruña,Lugo,35,3769,338000,ŽFBH (Bosnia y Herzegovina),2025-08-27,2025-08-29,,{}
146095,,,,,Disponible,0,Adrianapagan314@viajes.cl,Linares,Valdemoro,30,1944,118000,Megabus,2026-02-25,,,{}
96297,55734,2025-02-26,282000,3,No disponible,282,Alejandraquezada149@viajes.cl,Parla,Baracaldo,31,948,94000,Crucero del Norte,2026-01-28,2026-01-28,,{}
145833,,,,,Disponible,0,Aliciabriseño959@viajes.cl,San Fernando,Santa Coloma de Gramanet,35,503,129000,FlixBus,2026-08-31,,,{}
146596,,,,,Disponible,0,Amaliabalderas976@viajes.cl,Benidorm,Coslada,43,2986,177000,Omnibus de México,2025-10-28,,,{}
144887,,,,,Disponible,0,Anaalonzo110@viajes.cl,Palma de Mallorca,Linares,40,1251,156000,Pullman Bus,2025-11-24,,,{}
146007,,,,,Disponible,0,Anapatiño297@viajes.cl,Orense,Cuenta,34,4082,177000,Chevallier,2025-05-11,,,{}
146836,,,,,Disponible,0,Anapizarro552@viajes.cl,Palencia,Badalona,32,2033,171000,Chevallier,2025-12-03,,,{}
136955,60555,2025-06-03,86000,2,No disponible,86,Anarivero619@viajes.cl,Móstoles,León,53,1415,43000,Amtrak,2026-11-24,2026-11-24,,{}
145934,,,,,Disponible,0,Benjamínleón812@viajes.cl,Orense,Valladolid,47,3778,66000,Buses Nilahue,2026-03-01,,,{}
146848,,,,,Disponible,0,Bernardovergara432@viajes.cl,Jerez de la Frontera,Talavera de la Reina,30,962,117000,JetSur,2025-12-14,,,{}
80793,61651,2025-05-07,420000,10,No disponible,420,Carlosabeyta963@viajes.cl,Ávila,Albacete,41,1108,42000,NS International,2025-12-15,2025-12-15,,{}
135421,64852,2025-05-26,450000,6,No disponible,450,Carloshurtado807@viajes.cl,Móstoles,Majadahonda,32,1223,75000,NS International,2025-07-19,2025-07-19,,{}
118907,62189,2025-04-04,2259000,9,No disponible,2259,Catalinavarela631@viajes.cl,Tarragona,Gandía,91,3307,251000,RZD (Rusia),2025-12-23,2025-12-25,,{}
148652,,,,,Disponible,0,Clarasaldaña655@viajes.cl,Cerdañola del Vallés,Telde,62,1724,134000,MÁV (Hungría),2026-11-08,2027-01-18,,{}
145664,,,,,Disponible,0,Concepciónfierro387@viajes.cl,Cuenta,Sanlúcar de Barrameda,39,2438,116000,Buses Ahumada,2026-06-11,,,{}
145983,,,,,Disponible,0,Cristobalaponte610@viajes.cl,Fuengirola,Puertollano,31,2569,125000,Estrella Roja,2026-08-26,,,
132691,57698,2025-10-13,1876000,7,No disponible,1876,Enriquetamez108@viajes.cl,Gecho,Palencia,90,3871,268000,,2026-06-18,2026-06-20,,{}
145160,,,,,Disponible,0,Ernestobarraza502@viajes.cl,La Línea de la Concepción,Fuenlabrada,43,3049,123000,Pullman Bus,2026-07-04,,,{}
146329,,,,,Disponible,0,Ernestonavarro302@viajes.cl,Torrevieja,Linares,40,4189,165000,Avanza,2026-06-03,,,
102039,60097,2025-01-30,180000,5,No disponible,180,Fernandomuñoz208@viajes.cl,Sagunto,,,1280,36000,AVE,2025-05-30,2025-05-30,,{}
133956,61209,2025-01-05,1272000,8,No disponible,1272,Gerardobriseño638@viajes.cl,Guadalajara,Córdoba,31,2403,159000,El Rápido Internacional,2025-02-08,2025-02-09,,{}
144769,,,,,Disponible,0,Gerardomojica966@viajes.cl,Inca,Talavera de la Reina,35,2675,73000,Socibus,2026-10-12,,,{}
90184,57473,2025-12-28,556000,4,No disponible,556,Gilbertoayala702@viajes.cl,Segovia,Mataró,71,3208,139000,Deutsche Bahn (DB),2026-09-07,2026-09-09,,{}
81864,59081,2025-01-24,468000,4,No disponible,468,Gloriaanda368@viajes.cl,Linares,Logroño,38,1344,117000,Estrella Roja,2025-04-22,2025-04-22,,{}
112890,66287,2025-08-14,1024000,8,No disponible,1024,Gloriacotto254@viajes.cl,,Dos Hermanas,37,3505,128000,Buses Romani,2026-08-02,2026-08-04,,{}
109990,64881,2025-03-13,372000,4,No disponible,372,Guillerminavéliz425@viajes.cl,Lugo,Cornellá de Llobregat,50,2055,93000,Plusmar,2025-03-27,2025-03-28,,{}
144616,,,,,Disponible,0,Guillermosaldaña643@viajes.cl,Lérida,Lérida,42,2433,104000,Flecha Bus,2026-05-30,,,{}
143299,66550,2025-04-13,1930000,10,No disponible,1930,Homerocolunga322@viajes.cl,Palma de Mallorca,Getafe,76,2403,193000,RZD (Rusia),2025-09-21,2025-09-22,,{}
150054,,,,,Disponible,0,Jacobodelgadillo820@viajes.cl,Cuenta,Dos Hermanas,9,592,192000,SBB (Suiza),2025-01-16,2025-02-09,,{}
145736,,,,,Disponible,0,Jaimebermúdez723@viajes.cl,Toledo,Lugo,37,2772,165000,Greyhound,2025-04-30,,,{}
88826,65558,2025-07-04,833000,7,No disponible,833,Jorgecano411@viajes.cl,Estepona,Santa Cruz de Tenerife,90,2504,119000,AVE,2026-01-18,2026-01-19,,{}
108252,60184,2025-04-19,3420000,9,No disponible,3420,Jorgesedillo847@viajes.cl,La Coruña,Marbella,22,3505,380000,CD (República Checa),2026-03-06,2026-03-08,,{}
127706,56043,2025-10-04,385000,5,No disponible,385,Lolacervántez866@viajes.cl,Manresa,La Coruña,21,2104,77000,DSB (Dinamarca),2026-04-28,2026-04-29,,{}
87453,65518,2025-02-03,3030000,10,No disponible,3030,Lucasnazario473@viajes.cl,Ponferrada,Mollet del Vallés,50,3103,303000,ZS (Eslovenia),2025-08-19,2025-08-21,,{}
149002,,,,,Disponible,0,Lucastrejo703@viajes.cl,Málaga,San Fernando,19,424,89000,SBB (Suiza),2026-05-26,2026-06-12,,{}
99025,65066,2025-01-04,1272000,8,No disponible,1272,Marcosperalta478@viajes.cl,Ciudad Real,Zamora,30,2221,159000,Alsa,2026-09-25,2026-09-26,,{}
146130,,,,,Disponible,0,Marianoheredia641@viajes.cl,Ceuta,Lugo,37,1471,180000,Alsa,2026-08-15,,,{}
91021,60114,2025-01-26,1168000,8,No disponible,1168,Marianopérez502@viajes.cl,,Zamora,46,2184,146000,ETN Turistar,2025-02-19,2025-02-20,,{}
148961,,,,,Disponible,0,Marilucarvajal616@viajes.cl,Benalmádena,,67,146,8000,Nederlandse Sp,2026-03-25,2026-03-31,,{}
113812,65696,2025-09-04,903000,7,No disponible,903,Marisolmonroy204@viajes.cl,La Coruña,Tarragona,32,2709,129000,Damas,2025-12-08,2025-12-09,,{}
146703,,,,,Disponible,0,Maríaalonzo778@viajes.cl,Mollet del Vallés,Baracaldo,41,1236,61000,Buses Ahumada,2026-02-04,,,{}
150009,,,,,Disponible,0,Maríadelrío618@viajes.cl,Gijón,Orihuela,86,3780,378000,NSB (Noruega),2026-06-07,2026-11-11,,{}
106477,66082,2025-01-27,798000,7,No disponible,798,Maríalaureano486@viajes.cl,Valladolid,Paterna,62,1441,114000,SNCB (Bélgica),2025-12-03,2025-12-04,,{}
104542,62830,2025-06-17,1456000,8,No disponible,1456,Maríasaldivar717@viajes.cl,Ponferrada,Roquetas de Mar,,2850,182000,DSB (Dinamarca),2026-01-31,2026-02-01,,{}
107995,64659,2025-06-18,2830000,10,No disponible,2830,Mateofarías500@viajes.cl,Zamora,Santa Cruz de Tenerife,75,2879,283000,AVE,2025-08-31,2025-09-01,,{}
107212,58557,2025-02-17,462000,3,No disponible,462,Mercedesalaniz750@viajes.cl,La Línea de la Concepción,Cuenta,32,2967,154000,Damas,2025-02-23,2025-02-25,,{}
144778,,,,,Disponible,0,Nicolássauceda686@viajes.cl,Irún,Benalmádena,41,2425,123000,ADO,2026-01-31,,,
86115,62785,2025-01-12,4570000,10,No disponible,4570,Normaraya573@viajes.cl,Algeciras,León,11,4285,457000,Qatar Airways,2025-01-13,2025-01-15,,"{""Chiclana de la Frontera"",Mataró,""El Puerto de Santa María"",""Talavera de la Reina""}"
114250,57989,2025-03-23,144000,1,No disponible,144,Patricioestévez422@viajes.cl,Castellón de la Plana,Torrelavega,51,2106,144000,ZS (Eslovenia),2026-02-27,2026-02-28,,{}
100232,56273,2025-01-22,522000,2,No disponible,522,Patriciomagaña183@viajes.cl,Torremolinos,Valdemoro,81,3637,261000,Amtrak,2025-03-02,2025-03-04,,{}
149318,,,,,Disponible,0,Patricioolivera472@viajes.cl,Badalona,Cerdañola del Vallés,3,877,44000,Renfe,2026-06-02,2026-07-08,,{}
146765,,,,,Disponible,0,Patriciosoliz754@viajes.cl,Cuenta,Molina de Segura,32,3391,131000,Pullman Bus,2026-08-02,,,{}
137129,65042,2025-02-09,690000,10,No disponible,690,Pedromondragón963@viajes.cl,Torremolinos,Avilés,73,1752,69000,AVE,2025-02-11,2025-02-12,,{}
116039,57977,2025-11-28,399000,7,No disponible,399,Pedroolivárez339@viajes.cl,Badalona,Valladolid,35,405,57000,Buses Nilahue,2025-12-16,2025-12-16,,{}
141368,65989,2025-01-09,688000,4,No disponible,688,Ramiromadrigal438@viajes.cl,Córdoba,Ciudad Real,30,1368,172000,Turbus,2025-07-14,2025-07-14,,{}
115298,61782,2025-06-12,832000,8,No disponible,832,Ramiroorozco712@viajes.cl,Majadahonda,Torrelavega,36,3014,104000,Avanza,2026-04-23,,,{}
149950,,,,,Disponible,0,Raquellira938@viajes.cl,,Almería,38,499,80000,,2025-09-29,2025-10-19,,
102577,59540,2025-02-25,262000,2,No disponible,262,Rodrigosolís188@viajes.cl,Alicante,Lérida,96,3387,131000,Nederlandse Sp,2025-04-27,2025-04-29,,{}
149599,,,,,Disponible,0,Rosaorosco800@viajes.cl,Collado Villalba,Arrecife,60,2094,133000,PKP (Polonia),2025-09-30,,,{}
105115,56546,2025-05-08,124000,2,No disponible,124,Rubéngracia541@viajes.cl,Mollet del Vallés,Motril,39,4200,62000,Buses Nilahue,2025-11-21,2025-11-23,,{}
144455,60955,2025-05-09,420000,3,No disponible,420,Salvadorcarrasco712@viajes.cl,,,47,3429,140000,Damas,2026-02-28,,,{}
149507,,,,,Disponible,0,Sofiaportillo314@viajes.cl,Gijón,Palencia,67,199,29000,TGV (SNCF),2026-07-05,2026-07-13,,{}
116953,57873,2025-01-10,520000,10,No disponible,520,Sr.gómez812@viajes.cl,Elda,El Puerto de Santa María,34,1182,52000,Pullman Bus,2025-06-30,2025-06-30,,{}
97457,58597,2025-04-11,1016000,8,No disponible,1016,Sr.montes861@viajes.cl,Torrelavega,Fuengirola,37,3411,127000,Andesmar,2025-07-10,,,{}
128463,62076,2025-01-01,261000,3,No disponible,261,Sra.abrego176@viajes.cl,Alcalá de Henares,Rubí,44,2144,87000,El Rápido Internacional,2025-01-02,2025-01-03,,
88841,61655,2025-03-25,936000,9,No disponible,936,Sra.alanis701@viajes.cl,El Ejido,Sanlúcar de Barrameda,30,927,104000,Via Bariloche,2026-05-20,2026-05-20,,{}
108037,56587,2025-02-13,412000,2,No disponible,412,Sra.carrera208@viajes.cl,Barcelona,Majadahonda,28,3297,206000,NSB (Noruega),2025-08-08,2025-08-10,,{}
146892,,,,,Disponible,0,Sra.ceballos715@viajes.cl,Lérida,Orense,48,2169,70000,Estrella Roja,2025-05-23,,,{}
107487,64701,2025-05-26,384000,3,No disponible,384,Sra.madrigal710@viajes.cl,Logroño,Burgos,4,2107,128000,CFR (Rumania),2025-06-05,2025-06-06,,{}
97499,56139,2025-01-26,468000,9,No disponible,468,Sra.muñoz859@viajes.cl,Madrid,Getafe,34,1970,52000,Andesmar,2026-05-23,2026-05-24,,{}
144313,62176,2026-07-03,164000,2,No disponible,164,Sra.navarro744@viajes.cl,,Bilbao,37,2159,82000,Primera Plus,2026-09-21,2026-09-22,,{}
142927,62375,2025-03-22,900000,9,No disponible,900,Sra.reyes599@viajes.cl,Granollers,Gecho,93,241,100000,MÁV (Hungría),2025-05-19,2025-05-19,,{}
145182,,,,,Disponible,0,Sra.suárez393@viajes.cl,Albacete,Valencia,48,4082,194000,Estrella Roja,2025-11-01,,,{}
96690,61718,2025-10-05,1504000,8,No disponible,1504,Sra.zapata174@viajes.cl,Motril,Toledo,11,1484,188000,ŽFBH (Bosnia y Herzegovina),2026-02-15,2026-02-16,,{}
131691,63883,2025-02-04,988000,4,No disponible,988,Sta.abrego223@viajes.cl,Las Palmas de Gran Canaria,,76,3595,247000,BDZ (Bulgaria),2025-04-05,2025-04-07,,{}
144735,,,,,Disponible,0,Sta.cotto607@viajes.cl,Inca,Marbella,40,259,68000,EME Bus,2025-03-28,,,{}
125376,62447,2025-06-20,297000,1,No disponible,297,Sta.dávila345@viajes.cl,Badalona,Murcia,6,2351,297000,DSB (Dinamarca),2026-01-08,2026-01-09,,{}
82246,63258,2026-01-08,440000,8,No disponible,440,Sta.galindo664@viajes.cl,Reus,Gijón,32,1223,55000,Chevallier,2026-03-11,2026-03-11,,{}
111621,57776,2025-11-26,483000,3,No disponible,483,Timoteoortega395@viajes.cl,Ponferrada,Baracaldo,85,1872,161000,,2026-09-19,2026-09-20,,{}
149607,,,,,Disponible,0,Tomásvilla256@viajes.cl,Hospitalet de LLobregat,Ávila,67,152,82000,SBB (Suiza),2025-08-20,2025-08-26,,{}
144591,63670,2025-06-23,1008000,9,No disponible,1008,Tomászambrano517@viajes.cl,Alcalá de Guadaira,Ciudad Real,,2370,112000,Aeroméxico,2025-12-26,2025-12-27,Clase ejecutiva,
148630,,,,,Disponible,0,Víctorvillalpando416@viajes.cl,Pozuelo de Alarcón,Benidorm,43,273,30000,Renfe,2026-02-06,,,{}
118690,62634,2025-07-31,994000,7,No disponible,994,advaco685@viajes.cl,Getafe,Bilbao,47,677,142000,Primera Plus,2025-10-22,2025-10-22,,{}
146064,,,,,Disponible,0,agustín4513914@viajes.cl,Alcobendas,Roquetas de Mar,34,2616,97000,Monbus,2025-11-18,,,{}
93715,58522,2025-10-22,994000,7,No disponible,994,alejandra5219541@viajes.cl,Huelva,Linares,47,2760,142000,SNCB (Bélgica),2026-01-23,2026-01-24,,{}
146570,,,,,Disponible,0,alejandra6060515@viajes.cl,Castellón de la Plana,Chiclana de la Frontera,50,816,192000,JetSur,2025-09-09,,,{}
85415,60719,2025-02-09,117000,3,No disponible,117,alejandra6350423@viajes.cl,Granollers,Tarragona,48,434,39000,Primera Plus,2026-11-20,2026-11-20,,{}
137606,66597,2025-08-29,980000,5,No disponible,980,alejandro4663195@viajes.cl,Zamora,Estepona,18,353,196000,CFR (Rumania),2026-10-28,2026-10-28,,{}
107450,59640,2026-08-08,384000,3,No disponible,384,alfredo5112229@viajes.cl,Majadahonda,Alcalá de Henares,78,2558,128000,Delta Air Lines,2026-09-11,2026-09-12,Primera clase,
130651,61651,2025-04-08,595000,5,No disponible,595,almohu846@viajes.cl,Ponferrada,Guadalajara,,2417,119000,ZSSK (Eslovaquia),2026-09-26,2026-09-27,,{}
107007,57791,2025-03-07,1593000,9,No disponible,1593,alveca156@viajes.cl,Elche,Alcoy,30,1226,177000,Via Bariloche,2025-08-08,2025-08-08,,{}
149902,,,,,Disponible,0,amalia8518314@viajes.cl,La Coruña,Palencia,91,4206,195000,HŽ (Croacia),2026-01-29,2026-07-23,,{}
149273,,,,,Disponible,0,amceul498@viajes.cl,Mataró,Arrecife,2,1979,124000,CD (República Checa),2025-06-30,2025-09-20,,{}
89704,58148,2025-01-21,630000,10,No disponible,630,amdeva290@viajes.cl,Motril,Vitoria,39,4122,63000,FlixBus,2025-12-27,2025-12-29,,{}
144604,,,,,Disponible,0,ancaca506@viajes.cl,Gijón,Bilbao,45,1143,108000,Chevallier,2025-01-08,,,{}
145814,,,,,Disponible,0,anmasevi543@viajes.cl,Mataró,Coslada,38,342,72000,Plusmar,2025-06-14,,,{}
95346,65852,2025-05-11,540000,6,No disponible,540,antonio5143423@viajes.cl,Collado Villalba,Móstoles,49,1405,90000,FlixBus,2026-09-17,2026-09-17,,{}
114918,63366,2025-01-24,1057000,7,No disponible,1057,anzama631@viajes.cl,Dos Hermanas,Burgos,35,622,151000,BoltBus,2025-03-05,,,{}
140482,60305,2025-11-01,651000,7,No disponible,651,ariadna2726453@viajes.cl,Burgos,Irún,46,2904,93000,Turbus,2026-02-04,2026-02-06,,{}
111943,60361,2026-01-06,3204000,9,No disponible,3204,arradeje840@viajes.cl,San Cristróbal de la Laguna,Toledo,57,3449,356000,SNCB (Bélgica),2026-06-19,2026-06-21,,{}
130217,55827,2025-05-21,765000,5,No disponible,765,artara334@viajes.cl,Lorca,Gandía,47,1172,153000,Buses Ahumada,2026-03-21,2026-03-21,,{}
146168,,,,,Disponible,0,beatriz4510392@viajes.cl,Mataró,Fuengirola,38,2113,178000,El Rápido Internacional,2026-07-21,,,{}
146082,,,,,Disponible,0,beatriz5107351@viajes.cl,,Lugo,30,1375,109000,Megabus,2025-01-03,,,{}
150061,,,,,Disponible,0,beatriz8478831@viajes.cl,Mérida,Vigo,94,3346,259000,ZS (Eslovenia),2026-05-29,2026-10-15,,{}
120980,63291,2026-03-19,602000,7,No disponible,602,bebece359@viajes.cl,Palencia,Madrid,47,2023,86000,Futura,2026-05-26,2026-05-27,,{}
144759,,,,,Disponible,0,carame562@viajes.cl,Ceuta,Rivas-Vaciamadrid,32,1556,161000,Megabus,2026-02-25,,,{}
130445,60460,2025-09-18,1593000,9,No disponible,1593,carla8513259@viajes.cl,Rubí,Rivas-Vaciamadrid,58,3777,177000,SJ (Suecia),2025-11-01,2025-11-03,,{}
105289,63334,2025-02-08,270000,2,No disponible,270,caruca852@viajes.cl,,Alcorcón,42,3970,135000,Damas,2025-07-04,2025-07-06,,{}
129970,63062,2025-07-09,1200000,4,No disponible,1200,casore427@viajes.cl,Hospitalet de LLobregat,Telde,51,2679,300000,ŽSSK (Eslovaquia),2025-09-01,2025-09-02,,{}
103465,58679,2025-01-14,900000,5,No disponible,900,cazaba427@viajes.cl,Barcelona,Ávila,33,3541,180000,,2025-01-17,2025-01-19,,{}
102856,61034,2025-04-23,99000,1,No disponible,99,clara2103611@viajes.cl,Motril,Badajoz,99,2659,99000,NS International,2025-05-05,2025-05-06,,{}
145041,,,,,Disponible,0,claudio5915903@viajes.cl,Badajoz,Inca,38,315,73000,Buses Ahumada,2025-01-19,,,{}
86231,64354,2026-06-19,888000,6,No disponible,888,clgari266@viajes.cl,,Sevilla,33,2573,148000,El Rápido Internacional,2026-08-04,2026-08-05,,{}
144705,,,,,Disponible,0,cllema523@viajes.cl,Orense,Palencia,41,4025,53000,Pullman Bus,2026-06-07,,,{}
124665,63445,2025-11-25,1215000,9,No disponible,1215,concepción1161816@viajes.cl,Roquetas de Mar,Valladolid,34,1994,135000,Futura,2026-01-25,2026-01-26,,{}
118624,62968,2025-01-12,846000,6,No disponible,846,conchita418950@viajes.cl,Pontevedra,Pozuelo de Alarcón,47,2783,141000,Socibus,2025-07-17,2025-07-18,,{}
127707,66630,2025-07-13,790000,10,No disponible,790,cristobal9956481@viajes.cl,Cáceres,Alcalá de Henares,22,1300,79000,Amtrak,2026-07-21,2026-07-21,,{}
87890,58609,2025-04-15,940000,5,No disponible,940,damotr290@viajes.cl,Torrelavega,Vitoria,63,1518,188000,Eurostar,2025-08-20,2025-08-21,,{}
139706,62564,2025-03-26,246000,2,No disponible,246,diego955510@viajes.cl,Paterna,Rubí,91,2409,123000,HŽ (Croacia),2025-05-27,2025-05-28,,{}
145578,,,,,Disponible,0,dolores8554213@viajes.cl,Chiclana de la Frontera,Estepona,41,3542,187000,BoltBus,2026-05-25,,,{}
145341,,,,,Disponible,0,edcami320@viajes.cl,Gerona,Granada,34,577,108000,EME Bus,2025-11-17,,,{}
146129,,,,,Disponible,0,emilio6174885@viajes.cl,Gecho,San Cristróbal de la Laguna,32,1665,170000,Chevallier,2025-09-01,,,{}
90059,65662,2025-08-30,168000,3,No disponible,168,emilio6756264@viajes.cl,Orihuela,Jaén,41,889,56000,EME Bus,2025-09-26,2025-09-26,,{}
146394,,,,,Disponible,0,encepe820@viajes.cl,Córdoba,Ávila,48,2317,56000,Socibus,2026-07-07,,,{}
148949,,,,,Disponible,0,ernesto9095694@viajes.cl,San Sebastián,Cerdañola del Vallés,5,3221,378000,Italo,2026-07-13,2026-11-24,,{}
115853,64873,2025-04-22,109000,1,No disponible,109,eva5525398@viajes.cl,Ferrol,Granada,44,2798,109000,Futura,2025-12-22,2025-12-23,,{}
145047,,,,,Disponible,0,eva6751759@viajes.cl,Vitoria,Jerez de la Frontera,45,696,136000,ETN Turistar,2025-02-07,,,{}
131616,56746,2025-02-12,1485000,9,No disponible,1485,ferova525@viajes.cl,,Vigo,33,3146,165000,JetSur,2025-10-05,2025-10-07,,{}
146149,,,,,Disponible,0,florencia470272@viajes.cl,Oviedo,Tarragona,45,2429,123000,FlixBus,2025-11-29,,,{}
95331,56450,2025-05-30,973000,7,No disponible,973,gabriela8240729@viajes.cl,Cádiz,,39,2031,139000,Andesmar,2026-08-12,2026-08-13,,{}
123479,56626,2025-01-20,704000,8,No disponible,704,germán782451@viajes.cl,Majadahonda,,46,515,88000,Flecha Bus,2026-02-20,2026-02-20,,{}
95047,58169,2025-09-02,1180000,10,No disponible,1180,gregorio1938243@viajes.cl,Leganés,Motril,50,1671,118000,Buses Nilahue,2026-08-05,,,{}
127763,66338,2025-11-05,425000,5,No disponible,425,guillermina1356638@viajes.cl,Rivas-Vaciamadrid,Santiago de Compostela,88,1345,85000,United Airlines,2026-06-05,2026-06-05,,{}
148964,,,,,Disponible,0,gustavo5004949@viajes.cl,Zaragoza,Cornellá de Llobregat,31,848,145000,ZSSK (Eslovaquia),2025-03-29,2025-05-03,,{}
105884,61513,2026-10-25,1026000,6,No disponible,1026,guvema594@viajes.cl,Alcobendas,,98,3692,171000,SBB (Suiza),2026-11-25,2026-11-27,,{}
142499,60736,2025-04-13,342000,6,No disponible,342,homero1275324@viajes.cl,Sanlúcar de Barrameda,Sabadell,35,1783,57000,,2025-11-22,2025-11-23,,
125206,63355,2025-05-06,1964000,4,No disponible,1964,horacio2597856@viajes.cl,Marbella,Fuenlabrada,38,4043,491000,ZS (Eslovenia),2025-06-13,2025-06-15,,{}
94348,58584,2025-01-10,304000,2,No disponible,304,huesca862@viajes.cl,Leganés,Coslada,37,2143,152000,,2025-03-12,2025-03-13,,{}
125870,57136,2025-03-07,345000,3,No disponible,345,hugo989362@viajes.cl,Toledo,Jaén,67,223,115000,RZD (Rusia),2025-06-04,2025-06-04,,{}
92983,62797,2025-09-06,1182000,6,No disponible,1182,humaba796@viajes.cl,León,Telde,42,3841,197000,Damas,2026-05-18,2026-05-20,,{}
135182,65258,2026-02-13,3144000,8,No disponible,3144,irpipi229@viajes.cl,Fuengirola,Móstoles,11,3616,393000,ZS (Eslovenia),2026-06-17,,,{}
111192,58158,2025-04-21,1785000,7,No disponible,1785,isabne770@viajes.cl,Molina de Segura,Valdemoro,8,3767,255000,HŽ (Croacia),2026-07-02,2026-07-04,,{}
118385,56309,2025-05-23,3129000,7,No disponible,3129,isbubé706@viajes.cl,Segovia,Jaén,27,4242,447000,ÖBB (Austria),2025-08-02,2025-08-04,,{}
126433,60380,2025-02-04,630000,5,No disponible,630,isrelu647@viajes.cl,Reus,Manresa,25,2464,126000,ŽSSK (Eslovaquia),2025-05-03,2025-05-04,,{}
92058,56331,2026-01-02,1300000,5,No disponible,1300,jabaqu694@viajes.cl,Fuengirola,Baracaldo,81,3511,260000,ŽSSK (Eslovaquia),2026-06-15,2026-06-17,,{}
79735,63154,2025-03-11,1660000,5,No disponible,1660,jahemu317@viajes.cl,Málaga,Sabadell,70,3538,332000,Deutsche Bahn (DB),2026-02-15,2026-02-17,,{}
146820,,,,,Disponible,0,javier3481954@viajes.cl,Collado Villalba,El Ejido,40,812,95000,FlixBus,2025-03-21,,,{}
144946,,,,,Disponible,0,javier6694244@viajes.cl,Jaén,Calahorra,30,1206,168000,Greyhound,2025-11-23,,,
117512,58938,2025-05-13,130000,2,No disponible,130,jerónimo5779296@viajes.cl,Gandía,Leganés,40,3030,65000,Flecha Bus,2026-02-16,2026-02-18,,{}
149077,,,,,Disponible,0,jesús102436@viajes.cl,Cáceres,Viladecans,2,2372,285000,ZSSK (Eslovaquia),2025-03-14,2025-06-20,,{}
83847,56341,2025-01-14,1728000,9,No disponible,1728,joemtaig687@viajes.cl,Hospitalet de LLobregat,Orense,,858,192000,Flecha Bus,2025-03-14,2025-03-14,,{}
83442,60669,2025-01-03,936000,8,No disponible,936,johisi671@viajes.cl,Palencia,Leganés,53,2303,117000,Italo,2025-02-28,2025-03-01,,{}
143837,61686,2025-11-19,700000,5,No disponible,700,joluvala897@viajes.cl,Madrid,Pamplona,33,1579,140000,Primera Plus,2026-06-23,2026-06-24,,{}
149877,,,,,Disponible,0,jomaesca675@viajes.cl,Alcoy,Vitoria,95,1616,96000,PKP (Polonia),2025-09-16,2025-11-22,,{}
112589,65994,2025-10-09,480000,5,No disponible,480,jomaraga355@viajes.cl,Salamanca,Ávila,9,776,96000,Nederlandse Sp,2025-11-25,2025-11-25,,{}
133759,61721,2025-11-08,845000,5,No disponible,845,jucécaan587@viajes.cl,Salamanca,Estepona,49,4055,169000,EME Bus,2025-12-20,2025-12-22,,{}
82881,61775,2025-08-24,172000,1,No disponible,172,julio8820307@viajes.cl,Benalmádena,Rivas-Vaciamadrid,,3826,172000,Damas,2026-02-04,2026-02-06,,{}
145187,,,,,Disponible,0,jumoal497@viajes.cl,,Talavera de la Reina,39,3069,128000,Socibus,2025-01-22,,,{}
143923,58714,2025-10-09,1320000,3,No disponible,1320,leticia6431720@viajes.cl,Murcia,Alcobendas,5,3879,440000,Trenitalia,2025-11-22,2025-11-24,,{}
149377,,,,,Disponible,0,loarva272@viajes.cl,Mérida,Cáceres,51,1356,81000,,2025-09-09,2025-11-04,,
113734,58320,2025-01-01,819000,9,No disponible,819,lourdes8108716@viajes.cl,,Cádiz,47,2078,91000,Damas,2025-01-01,2025-01-02,,{}
145139,,,,,Disponible,0,lumirira887@viajes.cl,Santa Coloma de Gramanet,Algeciras,48,499,129000,ADO,2025-09-23,,,{}
122411,61429,2025-10-06,1002000,6,No disponible,1002,lupato375@viajes.cl,Pozuelo de Alarcón,Baracaldo,65,2689,167000,MÁV (Hungría),2025-11-06,2025-11-07,,
146654,,,,,Disponible,0,maacná844@viajes.cl,La Coruña,Rivas-Vaciamadrid,33,609,121000,Greyhound,2025-11-08,,,{}
90089,59200,2025-07-25,917000,7,No disponible,917,macaar807@viajes.cl,Pontevedra,Hospitalet de LLobregat,73,2791,131000,AVE,2025-10-10,,,{}
108903,62358,2025-06-05,846000,6,No disponible,846,macrmu157@viajes.cl,Sabadell,Benidorm,,2450,141000,Alsa,2025-11-23,2025-11-24,,{}
146650,,,,,Disponible,0,macrpaec684@viajes.cl,Badajoz,Valdemoro,30,2006,145000,Condor Bus,2025-09-23,,,{}
79432,63981,2025-05-05,736000,4,No disponible,736,madecamavi101@viajes.cl,Reus,Inca,,308,184000,CD (República Checa),2025-10-07,,,{}
87090,58366,2025-01-16,2500000,10,No disponible,2500,maflji375@viajes.cl,Burgos,Ferrol,98,2599,250000,MÁV (Hungría),2026-03-31,2026-04-01,,{}
108159,58545,2025-05-23,1108000,4,No disponible,1108,magdalena1234556@viajes.cl,Arrecife,Torrelavega,72,2560,277000,,2025-06-03,2025-06-04,,{}
149885,,,,,Disponible,0,manuel2609542@viajes.cl,Palma de Mallorca,Gerona,90,2035,171000,Italo,2025-09-17,2025-12-10,,{}
144971,,,,,Disponible,0,manuel678411@viajes.cl,Las Palmas de Gran Canaria,Palma de Mallorca,39,2126,161000,Megabus,2025-03-10,,,
87598,62145,2025-11-19,1376000,8,No disponible,1376,maricarmen9657233@viajes.cl,Tarrasa,,20,389,172000,AVE,2025-12-30,2025-12-30,,{}
124903,57658,2025-06-11,1295000,7,No disponible,1295,mario3257633@viajes.cl,,Guadalajara,93,419,185000,DSB (Dinamarca),2026-02-13,2026-02-13,,{}
143901,59703,2026-01-28,2870000,10,No disponible,2870,maría165242@viajes.cl,Málaga,,98,3465,287000,Italo,2026-06-15,2026-06-17,,{}
99352,65956,2025-07-10,142000,2,No disponible,142,maría5802899@viajes.cl,Irún,Alcalá de Guadaira,58,488,71000,CFR (Rumania),2025-07-27,2025-07-27,,{}
130144,58947,2025-04-05,580000,5,No disponible,580,maría8941101@viajes.cl,Sagunto,Albacete,41,1558,116000,Socibus,2025-04-20,2025-04-21,,{}
144921,,,,,Disponible,0,matejiba709@viajes.cl,Lorca,Burgos,31,2785,187000,Futura,2026-07-22,,,{}
104782,66541,2025-03-15,428000,4,No disponible,428,mavepa513@viajes.cl,Algeciras,Logroño,62,1023,107000,ZFBH (Bosnia y Herzegovina),2025-11-10,2025-11-10,,{}
149644,,,,,Disponible,0,mazeha128@viajes.cl,,Segovia,96,2180,299000,ZFBH (Bosnia y Herzegovina),2026-05-29,2026-08-27,,{}
94831,64234,2025-04-23,662000,2,No disponible,662,migara979@viajes.cl,Fuengirola,Santa Cruz de Tenerife,30,3713,331000,Nederlandse Sp,2025-06-06,2025-06-08,,{}
146646,,,,,Disponible,0,miguel9141123@viajes.cl,Albacete,Orense,44,657,194000,Megabus,2025-03-11,,,{}
90063,65662,2025-03-09,486000,3,No disponible,486,miánpaar973@viajes.cl,Jaén,Zaragoza,49,1330,162000,EME Bus,2025-09-29,2025-09-29,,{}
145408,,,,,Disponible,0,naalva967@viajes.cl,Palma de Mallorca,Torremolinos,48,4165,103000,Monbus,2025-06-28,,,{}
129396,61307,2025-05-14,750000,3,No disponible,750,ocarsa130@viajes.cl,Tarrasa,Torrevieja,23,2951,250000,ZSSK (Eslovaquia),2026-05-15,2026-05-17,,{}
140013,60999,2025-03-25,1295000,7,No disponible,1295,patricio7879257@viajes.cl,Gerona,Albacete,91,204,185000,Italo,2026-01-25,2026-01-25,,{}
145304,,,,,Disponible,0,pedegu126@viajes.cl,El Ejido,Sabadell,37,3365,196000,Buses Ahumada,2026-01-05,,,{}
149369,,,,,Disponible,0,pilar5469194@viajes.cl,Cartagena,Toledo,,3534,124000,NSB (Noruega),2025-09-28,,,{}
92253,57960,2025-10-24,112000,1,No disponible,112,raesba397@viajes.cl,Castellón de la Plana,Leganés,33,2598,112000,Megabus,2025-12-17,2025-12-18,,{}
96909,58081,2026-01-23,1860000,10,No disponible,1860,raqucr272@viajes.cl,Cádiz,Bilbao,49,3863,186000,NSB (Noruega),2026-07-04,2026-07-06,,{}
107598,63483,2025-05-27,618000,6,No disponible,618,raágoc944@viajes.cl,Molina de Segura,Alcalá de Henares,26,3410,103000,ÖBB (Austria),2025-09-22,2025-09-24,,{}
115407,60746,2025-05-01,996000,6,No disponible,996,raúl1043440@viajes.cl,Zaragoza,Pontevedra,36,2802,166000,Turbus,2026-04-06,2026-04-07,,{}
135751,56465,2025-04-21,1692000,9,No disponible,1692,rosa3149719@viajes.cl,Ponferrada,Lérida,34,1550,188000,,2025-06-01,2025-06-02,,{}
94708,66224,2025-05-27,1379000,7,No disponible,1379,rosa3292475@viajes.cl,Cerdañola del Vallés,Motril,45,715,197000,Alsa,2025-06-11,2025-06-11,,{}
116196,57859,2025-11-04,288000,1,No disponible,288,savaon858@viajes.cl,Rivas-Vaciamadrid,Baracaldo,100,2344,288000,,2025-11-17,2025-11-18,,"{Marbella,Orihuela}"
93068,58619,2025-12-29,355000,5,No disponible,355,silvia4184684@viajes.cl,Santa Coloma de Gramanet,Fuengirola,45,1503,71000,WestJet,2026-02-24,2026-02-25,,{Paterna}
118636,57315,2025-06-10,149000,1,No disponible,149,sonia8445310@viajes.cl,Roquetas de Mar,Torremolinos,5,782,149000,ÖBB (Austria),2026-11-28,2026-11-28,,{}
110467,65705,2025-04-07,592000,8,No disponible,592,sr.1944583@viajes.cl,Almería,Irún,50,1398,74000,NS International,2025-08-23,2025-08-23,,{}
149368,,,,,Disponible,0,sr.2820699@viajes.cl,Barcelona,Málaga,98,1722,174000,ŽFBH (Bosnia y Herzegovina),2025-07-31,2025-10-10,,{}
81185,58891,2025-01-20,918000,9,No disponible,918,sr.3331282@viajes.cl,Valencia,Alcalá de Guadaira,38,2025,102000,JetSur,2025-04-17,2025-04-18,,{}
136783,57903,2025-03-09,987000,7,No disponible,987,sr.7155697@viajes.cl,Alcorcón,Murcia,31,857,141000,,2025-05-11,2025-05-11,,{}
89187,61905,2025-04-24,2502000,6,No disponible,2502,sra.3023927@viajes.cl,Mérida,,30,4055,417000,ŽFBH (Bosnia y Herzegovina),2025-08-07,2025-08-09,,{}
93155,65532,2025-03-25,942000,3,No disponible,942,sra.3036357@viajes.cl,Motril,Cáceres,37,3092,314000,Nederlandse Sp,2025-07-04,2025-07-06,,{}
145242,,,,,Disponible,0,sra.5402172@viajes.cl,Cádiz,Fuengirola,45,884,133000,Alsa,2025-11-03,,,{}
122890,61874,2025-05-23,3177000,9,No disponible,3177,sra.9402989@viajes.cl,Benidorm,Avilés,18,3268,353000,Thalys,2026-03-09,2026-03-11,,{}
139650,63417,2025-01-28,250000,5,No disponible,250,sradgamo870@viajes.cl,Motril,Rivas-Vaciamadrid,38,182,50000,FlixBus,2025-08-22,2025-08-22,,{}
107009,58424,2026-02-09,994000,7,No disponible,994,sranjiqu198@viajes.cl,Vigo,Gerona,100,425,142000,TGV (SNCF),2026-03-02,2026-03-02,,{}
123879,62429,2026-04-30,1752000,6,No disponible,1752,srcébrse308@viajes.cl,Alcoy,Motril,64,3169,292000,Italo,2026-10-19,2026-10-21,,{}
108456,61189,2025-05-15,2720000,8,No disponible,2720,srelabor385@viajes.cl,Coslada,Alcobendas,25,3848,340000,Italo,2026-06-04,2026-06-06,,
81866,59317,2025-01-31,2648000,8,No disponible,2648,srlogaro943@viajes.cl,Elche,Logroño,44,3286,331000,Italo,2025-03-25,2025-03-27,,{}
104718,58803,2025-03-26,1572000,4,No disponible,1572,srmaeltrca573@viajes.cl,Palencia,Arrecife,60,4311,393000,ZS (Eslovenia),2025-04-07,2025-04-09,,{}
95048,58169,2026-04-05,1080000,10,No disponible,1080,srmapeva595@viajes.cl,Motril,San Sebastián,42,4065,108000,Pullman Bus,2026-08-06,2026-08-08,,{}
146717,,,,,Disponible,0,srsupomu103@viajes.cl,Inca,,,1819,104000,Buses Romani,2025-04-12,,,{}
145644,,,,,Disponible,0,sta.3467980@viajes.cl,Las Palmas de Gran Canaria,Telde,39,2093,141000,FlixBus,2026-01-27,,,{}
134929,61241,2025-08-16,534000,3,No disponible,534,sta.8892184@viajes.cl,Mijas,Alcalá de Henares,30,1189,178000,Alsa,2026-08-27,2026-08-27,,{}
92802,64915,2026-04-27,150000,1,No disponible,150,stjolumaul474@viajes.cl,Zamora,Valladolid,45,1012,150000,Buses Bio Bio,2026-05-18,2026-05-18,,{}
80551,55886,2025-06-16,4320000,9,No disponible,4320,stlumamu560@viajes.cl,El Prat de LLobregat,El Puerto de Santa María,10,3968,480000,HŽ (Croacia),2025-07-04,2025-07-06,,{}
146791,,,,,Disponible,0,stlumogu418@viajes.cl,Irún,Torremolinos,41,1462,66000,ADO,2025-03-02,,,{}
139830,57175,2025-01-11,62000,1,No disponible,62,stsiquho545@viajes.cl,Gandía,Benidorm,35,2576,62000,Condor Bus,2025-01-27,2025-01-28,,
103077,58015,2025-03-31,890000,10,No disponible,890,suhemá328@viajes.cl,Collado Villalba,Alcoy,42,1827,89000,Eurostar,2025-10-16,2025-10-17,,{}
144650,,,,,Disponible,0,teodoro9438521@viajes.cl,Paterna,Estepona,47,529,144000,Andesmar,2026-09-30,,,{}
146077,,,,,Disponible,0,tomás2452491@viajes.cl,,Gecho,,3783,108000,ETN Turistar,2026-09-18,,,{}
117626,57178,2025-09-05,656000,8,No disponible,656,toolac769@viajes.cl,El Prat de LLobregat,Collado Villalba,,2868,82000,Via Bariloche,2025-12-25,2025-12-26,,{}
115906,64869,2025-01-03,405000,3,No disponible,405,verónica1481805@viajes.cl,,Lugo,10,2822,135000,Trenitalia,2026-07-27,2026-07-28,,{}
140451,63757,2025-10-30,780000,4,No disponible,780,vibaga825@viajes.cl,Algeciras,Talavera de la Reina,48,3059,195000,,2025-11-19,2025-11-21,,{}
148800,,,,,Disponible,0,vicente9770936@viajes.cl,Vitoria,Málaga,26,4139,285000,BDZ (Bulgaria),2025-03-01,2025-08-20,,{}
137533,63049,2025-04-20,286000,2,No disponible,286,yoanma528@viajes.cl,San Fernando,Talavera de la Reina,36,703,143000,ÖBB (Austria),2026-08-11,2026-08-11,,{}
99239,62095,2025-01-02,348000,4,No disponible,348,ángama975@viajes.cl,La Coruña,Fuenlabrada,33,3680,87000,Buses Nilahue,2025-03-19,2025-03-21,,{}
146095,,,,,Disponible,0,Adrianapagan314@viajes.cl,Linares,Valdemoro,30,1944,118000,Megabus,2026-02-25,,,{}
96297,55734,2025-02-26,282000,3,No disponible,282,Alejandraquezada149@viajes.cl,Parla,Baracaldo,31,948,94000,Crucero del Norte,2026-01-28,2026-01-28,,{}
145833,,,,,Disponible,0,Aliciabriseño959@viajes.cl,San Fernando,Santa Coloma de Gramanet,35,503,129000,FlixBus,2026-08-31,,,{}
146596,,,,,Disponible,0,Amaliabalderas976@viajes.cl,Benidorm,Coslada,43,2986,177000,Omnibus de México,2025-10-28,,,{}
144887,,,,,Disponible,0,Anaalonzo110@viajes.cl,Palma de Mallorca,Linares,40,1251,156000,Pullman Bus,2025-11-24,,,{}
146007,,,,,Disponible,0,Anapatiño297@viajes.cl,Orense,Cuenta,34,4082,177000,Chevallier,2025-05-11,,,{}
146836,,,,,Disponible,0,Anapizarro552@viajes.cl,Palencia,Badalona,32,2033,171000,Chevallier,2025-12-03,,,{}
145934,,,,,Disponible,0,Benjamínleón812@viajes.cl,Orense,Valladolid,47,3778,66000,Buses Nilahue,2026-03-01,,,{}
146848,,,,,Disponible,0,Bernardovergara432@viajes.cl,Jerez de la Frontera,Talavera de la Reina,30,962,117000,JetSur,2025-12-14,,,{}
145664,,,,,Disponible,0,Concepciónfierro387@viajes.cl,Cuenta,Sanlúcar de Barrameda,39,2438,116000,Buses Ahumada,2026-06-11,,,{}
145983,,,,,Disponible,0,Cristobalaponte610@viajes.cl,Fuengirola,Puertollano,31,2569,125000,Estrella Roja,2026-08-26,,,
145160,,,,,Disponible,0,Ernestobarraza502@viajes.cl,La Línea de la Concepción,Fuenlabrada,43,3049,123000,Pullman Bus,2026-07-04,,,{}
146329,,,,,Disponible,0,Ernestonavarro302@viajes.cl,Torrevieja,Linares,40,4189,165000,Avanza,2026-06-03,,,
144804,,,,,Disponible,0,Gerardobarela578@viajes.cl,Mérida,Bilbao,40,3798,200000,Alsa,2025-04-14,,,{}
133956,61209,2025-01-05,1272000,8,No disponible,1272,Gerardobriseño638@viajes.cl,Guadalajara,Córdoba,31,2403,159000,El Rápido Internacional,2025-02-08,2025-02-09,,{}
144769,,,,,Disponible,0,Gerardomojica966@viajes.cl,Inca,Talavera de la Reina,35,2675,73000,Socibus,2026-10-12,,,{}
81864,59081,2025-01-24,468000,4,No disponible,468,Gloriaanda368@viajes.cl,Linares,Logroño,38,1344,117000,Estrella Roja,2025-04-22,2025-04-22,,{}
112890,66287,2025-08-14,1024000,8,No disponible,1024,Gloriacotto254@viajes.cl,,Dos Hermanas,37,3505,128000,Buses Romani,2026-08-02,2026-08-04,,{}
109990,64881,2025-03-13,372000,4,No disponible,372,Guillerminavéliz425@viajes.cl,Lugo,Cornellá de Llobregat,50,2055,93000,Plusmar,2025-03-27,2025-03-28,,{}
144616,,,,,Disponible,0,Guillermosaldaña643@viajes.cl,Lérida,Lérida,42,2433,104000,Flecha Bus,2026-05-30,,,{}
145736,,,,,Disponible,0,Jaimebermúdez723@viajes.cl,Toledo,Lugo,37,2772,165000,Greyhound,2025-04-30,,,{}
114558,62289,2026-08-05,644000,4,No disponible,644,Julioprieto485@viajes.cl,Gerona,Badalona,42,1792,161000,Condor Bus,2026-11-11,2026-11-12,,{}
99025,65066,2025-01-04,1272000,8,No disponible,1272,Marcosperalta478@viajes.cl,Ciudad Real,Zamora,30,2221,159000,Alsa,2026-09-25,2026-09-26,,{}
91021,60114,2025-01-26,1168000,8,No disponible,1168,Marianopérez502@viajes.cl,,Zamora,46,2184,146000,ETN Turistar,2025-02-19,2025-02-20,,{}
146703,,,,,Disponible,0,Maríaalonzo778@viajes.cl,Mollet del Vallés,Baracaldo,41,1236,61000,Buses Ahumada,2026-02-04,,,{}
144778,,,,,Disponible,0,Nicolássauceda686@viajes.cl,Irún,Benalmádena,41,2425,123000,ADO,2026-01-31,,,
146765,,,,,Disponible,0,Patriciosoliz754@viajes.cl,Cuenta,Molina de Segura,32,3391,131000,Pullman Bus,2026-08-02,,,{}
116039,57977,2025-11-28,399000,7,No disponible,399,Pedroolivárez339@viajes.cl,Badalona,Valladolid,35,405,57000,Buses Nilahue,2025-12-16,2025-12-16,,{}
141368,65989,2025-01-09,688000,4,No disponible,688,Ramiromadrigal438@viajes.cl,Córdoba,Ciudad Real,30,1368,172000,Turbus,2025-07-14,2025-07-14,,{}
115298,61782,2025-06-12,832000,8,No disponible,832,Ramiroorozco712@viajes.cl,Majadahonda,Torrelavega,36,3014,104000,Avanza,2026-04-23,,,{}
94419,62052,2026-05-05,920000,8,No disponible,920,Raúlcorrales716@viajes.cl,Oviedo,San Cristróbal de la Laguna,45,2583,115000,Turbus,2026-08-12,2026-08-13,,{}
144455,60955,2025-05-09,420000,3,No disponible,420,Salvadorcarrasco712@viajes.cl,,,47,3429,140000,Damas,2026-02-28,,,{}
116953,57873,2025-01-10,520000,10,No disponible,520,Sr.gómez812@viajes.cl,Elda,El Puerto de Santa María,34,1182,52000,Pullman Bus,2025-06-30,2025-06-30,,{}
97457,58597,2025-04-11,1016000,8,No disponible,1016,Sr.montes861@viajes.cl,Torrelavega,Fuengirola,37,3411,127000,Andesmar,2025-07-10,,,{}
128463,62076,2025-01-01,261000,3,No disponible,261,Sra.abrego176@viajes.cl,Alcalá de Henares,Rubí,44,2144,87000,El Rápido Internacional,2025-01-02,2025-01-03,,
88841,61655,2025-03-25,936000,9,No disponible,936,Sra.alanis701@viajes.cl,El Ejido,Sanlúcar de Barrameda,30,927,104000,Via Bariloche,2026-05-20,2026-05-20,,{}
146892,,,,,Disponible,0,Sra.ceballos715@viajes.cl,Lérida,Orense,48,2169,70000,Estrella Roja,2025-05-23,,,{}
97499,56139,2025-01-26,468000,9,No disponible,468,Sra.muñoz859@viajes.cl,Madrid,Getafe,34,1970,52000,Andesmar,2026-05-23,2026-05-24,,{}
144313,62176,2026-07-03,164000,2,No disponible,164,Sra.navarro744@viajes.cl,,Bilbao,37,2159,82000,Primera Plus,2026-09-21,2026-09-22,,{}
133324,61233,2025-08-12,392000,2,No disponible,392,Sra.porras732@viajes.cl,Sanlúcar de Barrameda,,43,2795,196000,Turbus,2026-09-01,2026-09-02,,{}
145182,,,,,Disponible,0,Sra.suárez393@viajes.cl,Albacete,Valencia,48,4082,194000,Estrella Roja,2025-11-01,,,{}
144735,,,,,Disponible,0,Sta.cotto607@viajes.cl,Inca,Marbella,40,259,68000,EME Bus,2025-03-28,,,{}
82246,63258,2026-01-08,440000,8,No disponible,440,Sta.galindo664@viajes.cl,Reus,Gijón,32,1223,55000,Chevallier,2026-03-11,2026-03-11,,{}
118690,62634,2025-07-31,994000,7,No disponible,994,advaco685@viajes.cl,Getafe,Bilbao,47,677,142000,Primera Plus,2025-10-22,2025-10-22,,{}
145806,,,,,Disponible,0,adán8981286@viajes.cl,Granollers,Orense,32,3175,132000,ADO,2026-04-24,,,{}
146064,,,,,Disponible,0,agustín4513914@viajes.cl,Alcobendas,Roquetas de Mar,34,2616,97000,Monbus,2025-11-18,,,{}
146570,,,,,Disponible,0,alejandra6060515@viajes.cl,Castellón de la Plana,Chiclana de la Frontera,50,816,192000,JetSur,2025-09-09,,,{}
85415,60719,2025-02-09,117000,3,No disponible,117,alejandra6350423@viajes.cl,Granollers,Tarragona,48,434,39000,Primera Plus,2026-11-20,2026-11-20,,{}
107007,57791,2025-03-07,1593000,9,No disponible,1593,alveca156@viajes.cl,Elche,Alcoy,30,1226,177000,Via Bariloche,2025-08-08,2025-08-08,,{}
89704,58148,2025-01-21,630000,10,No disponible,630,amdeva290@viajes.cl,Motril,Vitoria,39,4122,63000,FlixBus,2025-12-27,2025-12-29,,{}
144604,,,,,Disponible,0,ancaca506@viajes.cl,Gijón,Bilbao,45,1143,108000,Chevallier,2025-01-08,,,{}
145814,,,,,Disponible,0,anmasevi543@viajes.cl,Mataró,Coslada,38,342,72000,Plusmar,2025-06-14,,,{}
95346,65852,2025-05-11,540000,6,No disponible,540,antonio5143423@viajes.cl,Collado Villalba,Móstoles,49,1405,90000,FlixBus,2026-09-17,2026-09-17,,{}
130217,55827,2025-05-21,765000,5,No disponible,765,artara334@viajes.cl,Lorca,Gandía,47,1172,153000,Buses Ahumada,2026-03-21,2026-03-21,,{}
146168,,,,,Disponible,0,beatriz4510392@viajes.cl,Mataró,Fuengirola,38,2113,178000,El Rápido Internacional,2026-07-21,,,{}
146082,,,,,Disponible,0,beatriz5107351@viajes.cl,,Lugo,30,1375,109000,Megabus,2025-01-03,,,{}
120980,63291,2026-03-19,602000,7,No disponible,602,bebece359@viajes.cl,Palencia,Madrid,47,2023,86000,Futura,2026-05-26,2026-05-27,,{}
144759,,,,,Disponible,0,carame562@viajes.cl,Ceuta,Rivas-Vaciamadrid,32,1556,161000,Megabus,2026-02-25,,,{}
105289,63334,2025-02-08,270000,2,No disponible,270,caruca852@viajes.cl,,Alcorcón,42,3970,135000,Damas,2025-07-04,2025-07-06,,{}
145041,,,,,Disponible,0,claudio5915903@viajes.cl,Badajoz,Inca,38,315,73000,Buses Ahumada,2025-01-19,,,{}
86231,64354,2026-06-19,888000,6,No disponible,888,clgari266@viajes.cl,,Sevilla,33,2573,148000,El Rápido Internacional,2026-08-04,2026-08-05,,{}
144705,,,,,Disponible,0,cllema523@viajes.cl,Orense,Palencia,41,4025,53000,Pullman Bus,2026-06-07,,,{}
124665,63445,2025-11-25,1215000,9,No disponible,1215,concepción1161816@viajes.cl,Roquetas de Mar,Valladolid,34,1994,135000,Futura,2026-01-25,2026-01-26,,{}
118624,62968,2025-01-12,846000,6,No disponible,846,conchita418950@viajes.cl,Pontevedra,Pozuelo de Alarcón,47,2783,141000,Socibus,2025-07-17,2025-07-18,,{}
126142,61908,2026-03-18,1080000,8,No disponible,1080,cristina9421356@viajes.cl,,,45,981,135000,Monbus,2026-09-30,2026-09-30,,{}
145578,,,,,Disponible,0,dolores8554213@viajes.cl,Chiclana de la Frontera,Estepona,41,3542,187000,BoltBus,2026-05-25,,,{}
145341,,,,,Disponible,0,edcami320@viajes.cl,Gerona,Granada,34,577,108000,EME Bus,2025-11-17,,,{}
146129,,,,,Disponible,0,emilio6174885@viajes.cl,Gecho,San Cristróbal de la Laguna,32,1665,170000,Chevallier,2025-09-01,,,{}
90059,65662,2025-08-30,168000,3,No disponible,168,emilio6756264@viajes.cl,Orihuela,Jaén,41,889,56000,EME Bus,2025-09-26,2025-09-26,,{}
146394,,,,,Disponible,0,encepe820@viajes.cl,Córdoba,Ávila,48,2317,56000,Socibus,2026-07-07,,,{}
115853,64873,2025-04-22,109000,1,No disponible,109,eva5525398@viajes.cl,Ferrol,Granada,44,2798,109000,Futura,2025-12-22,2025-12-23,,{}
145047,,,,,Disponible,0,eva6751759@viajes.cl,Vitoria,Jerez de la Frontera,45,696,136000,ETN Turistar,2025-02-07,,,{}
146149,,,,,Disponible,0,florencia470272@viajes.cl,Oviedo,Tarragona,45,2429,123000,FlixBus,2025-11-29,,,{}
125859,58818,2025-01-02,725000,5,No disponible,725,gabriel9153539@viajes.cl,Tarragona,Arrecife,49,2377,145000,Greyhound,2025-01-11,2025-01-12,,{}
95331,56450,2025-05-30,973000,7,No disponible,973,gabriela8240729@viajes.cl,Cádiz,,39,2031,139000,Andesmar,2026-08-12,2026-08-13,,{}
95047,58169,2025-09-02,1180000,10,No disponible,1180,gregorio1938243@viajes.cl,Leganés,Motril,50,1671,118000,Buses Nilahue,2026-08-05,,,{}
142499,60736,2025-04-13,342000,6,No disponible,342,homero1275324@viajes.cl,Sanlúcar de Barrameda,Sabadell,35,1783,57000,,2025-11-22,2025-11-23,,
92983,62797,2025-09-06,1182000,6,No disponible,1182,humaba796@viajes.cl,León,Telde,42,3841,197000,Damas,2026-05-18,2026-05-20,,{}
146820,,,,,Disponible,0,javier3481954@viajes.cl,Collado Villalba,El Ejido,40,812,95000,FlixBus,2025-03-21,,,{}
144946,,,,,Disponible,0,javier6694244@viajes.cl,Jaén,Calahorra,30,1206,168000,Greyhound,2025-11-23,,,
117512,58938,2025-05-13,130000,2,No disponible,130,jerónimo5779296@viajes.cl,Gandía,Leganés,40,3030,65000,Flecha Bus,2026-02-16,2026-02-18,,{}
83847,56341,2025-01-14,1728000,9,No disponible,1728,joemtaig687@viajes.cl,Hospitalet de LLobregat,Orense,,858,192000,Flecha Bus,2025-03-14,2025-03-14,,{}
143837,61686,2025-11-19,700000,5,No disponible,700,joluvala897@viajes.cl,Madrid,Pamplona,33,1579,140000,Primera Plus,2026-06-23,2026-06-24,,{}
133759,61721,2025-11-08,845000,5,No disponible,845,jucécaan587@viajes.cl,Salamanca,Estepona,49,4055,169000,EME Bus,2025-12-20,2025-12-22,,{}
82881,61775,2025-08-24,172000,1,No disponible,172,julio8820307@viajes.cl,Benalmádena,Rivas-Vaciamadrid,,3826,172000,Damas,2026-02-04,2026-02-06,,{}
145187,,,,,Disponible,0,jumoal497@viajes.cl,,Talavera de la Reina,39,3069,128000,Socibus,2025-01-22,,,{}
122932,60280,2025-05-17,1476000,9,No disponible,1476,lijáca667@viajes.cl,Puertollano,Zaragoza,49,4196,164000,Damas,2025-11-07,2025-11-09,,{}
113734,58320,2025-01-01,819000,9,No disponible,819,lourdes8108716@viajes.cl,,Cádiz,47,2078,91000,Damas,2025-01-01,2025-01-02,,{}
146654,,,,,Disponible,0,maacná844@viajes.cl,La Coruña,Rivas-Vaciamadrid,33,609,121000,Greyhound,2025-11-08,,,{}
108903,62358,2025-06-05,846000,6,No disponible,846,macrmu157@viajes.cl,Sabadell,Benidorm,,2450,141000,Alsa,2025-11-23,2025-11-24,,{}
146650,,,,,Disponible,0,macrpaec684@viajes.cl,Badajoz,Valdemoro,30,2006,145000,Condor Bus,2025-09-23,,,{}
144971,,,,,Disponible,0,manuel678411@viajes.cl,Las Palmas de Gran Canaria,Palma de Mallorca,39,2126,161000,Megabus,2025-03-10,,,
130144,58947,2025-04-05,580000,5,No disponible,580,maría8941101@viajes.cl,Sagunto,Albacete,41,1558,116000,Socibus,2025-04-20,2025-04-21,,{}
144921,,,,,Disponible,0,matejiba709@viajes.cl,Lorca,Burgos,31,2785,187000,Futura,2026-07-22,,,{}
146646,,,,,Disponible,0,miguel9141123@viajes.cl,Albacete,Orense,44,657,194000,Megabus,2025-03-11,,,{}
90063,65662,2025-03-09,486000,3,No disponible,486,miánpaar973@viajes.cl,Jaén,Zaragoza,49,1330,162000,EME Bus,2025-09-29,2025-09-29,,{}
145408,,,,,Disponible,0,naalva967@viajes.cl,Palma de Mallorca,Torremolinos,48,4165,103000,Monbus,2025-06-28,,,{}
145304,,,,,Disponible,0,pedegu126@viajes.cl,El Ejido,Sabadell,37,3365,196000,Buses Ahumada,2026-01-05,,,{}
92253,57960,2025-10-24,112000,1,No disponible,112,raesba397@viajes.cl,Castellón de la Plana,Leganés,33,2598,112000,Megabus,2025-12-17,2025-12-18,,{}
115407,60746,2025-05-01,996000,6,No disponible,996,raúl1043440@viajes.cl,Zaragoza,Pontevedra,36,2802,166000,Turbus,2026-04-06,2026-04-07,,{}
135751,56465,2025-04-21,1692000,9,No disponible,1692,rosa3149719@viajes.cl,Ponferrada,Lérida,34,1550,188000,,2025-06-01,2025-06-02,,{}
94708,66224,2025-05-27,1379000,7,No disponible,1379,rosa3292475@viajes.cl,Cerdañola del Vallés,Motril,45,715,197000,Alsa,2025-06-11,2025-06-11,,{}
81185,58891,2025-01-20,918000,9,No disponible,918,sr.3331282@viajes.cl,Valencia,Alcalá de Guadaira,38,2025,102000,JetSur,2025-04-17,2025-04-18,,{}
145242,,,,,Disponible,0,sra.5402172@viajes.cl,Cádiz,Fuengirola,45,884,133000,Alsa,2025-11-03,,,{}
105580,63355,2025-03-25,705000,5,No disponible,705,sra.8023957@viajes.cl,Elda,Mérida,40,779,141000,Monbus,2025-07-05,2025-07-05,,
139650,63417,2025-01-28,250000,5,No disponible,250,sradgamo870@viajes.cl,Motril,Rivas-Vaciamadrid,38,182,50000,FlixBus,2025-08-22,2025-08-22,,{}
95048,58169,2026-04-05,1080000,10,No disponible,1080,srmapeva595@viajes.cl,Motril,San Sebastián,42,4065,108000,Pullman Bus,2026-08-06,2026-08-08,,{}
146717,,,,,Disponible,0,srsupomu103@viajes.cl,Inca,,,1819,104000,Buses Romani,2025-04-12,,,{}
134929,61241,2025-08-16,534000,3,No disponible,534,sta.8892184@viajes.cl,Mijas,Alcalá de Henares,30,1189,178000,Alsa,2026-08-27,2026-08-27,,{}
92802,64915,2026-04-27,150000,1,No disponible,150,stjolumaul474@viajes.cl,Zamora,Valladolid,45,1012,150000,Buses Bio Bio,2026-05-18,2026-05-18,,{}
146791,,,,,Disponible,0,stlumogu418@viajes.cl,Irún,Torremolinos,41,1462,66000,ADO,2025-03-02,,,{}
144650,,,,,Disponible,0,teodoro9438521@viajes.cl,Paterna,Estepona,47,529,144000,Andesmar,2026-09-30,,,{}
146077,,,,,Disponible,0,tomás2452491@viajes.cl,,Gecho,,3783,108000,ETN Turistar,2026-09-18,,,{}
140451,63757,2025-10-30,780000,4,No disponible,780,vibaga825@viajes.cl,Algeciras,Talavera de la Reina,48,3059,195000,,2025-11-19,2025-11-21,,{}
144650,,,,,Disponible,0,teodoro9438521@viajes.cl,Paterna,Estepona,47,529,144000,Andesmar,2026-09-30,,,{}
99239,62095,2025-01-02,348000,4,No disponible,348,ángama975@viajes.cl,La Coruña,Fuenlabrada,33,3680,87000,Buses Nilahue,2025-03-19,2025-03-21,,{}
146095,,,,,Disponible,0,Adrianapagan314@viajes.cl,Linares,Valdemoro,30,1944,118000,Megabus,2026-02-25,,,{}
96297,55734,2025-02-26,282000,3,No disponible,282,Alejandraquezada149@viajes.cl,Parla,Baracaldo,31,948,94000,Crucero del Norte,2026-01-28,2026-01-28,,{}
145833,,,,,Disponible,0,Aliciabriseño959@viajes.cl,San Fernando,Santa Coloma de Gramanet,35,503,129000,FlixBus,2026-08-31,,,{}
146596,,,,,Disponible,0,Amaliabalderas976@viajes.cl,Benidorm,Coslada,43,2986,177000,Omnibus de México,2025-10-28,,,{}
144887,,,,,Disponible,0,Anaalonzo110@viajes.cl,Palma de Mallorca,Linares,40,1251,156000,Pullman Bus,2025-11-24,,,{}
146007,,,,,Disponible,0,Anapatiño297@viajes.cl,Orense,Cuenta,34,4082,177000,Chevallier,2025-05-11,,,{}
146836,,,,,Disponible,0,Anapizarro552@viajes.cl,Palencia,Badalona,32,2033,171000,Chevallier,2025-12-03,,,{}
145934,,,,,Disponible,0,Benjamínleón812@viajes.cl,Orense,Valladolid,47,3778,66000,Buses Nilahue,2026-03-01,,,{}
146848,,,,,Disponible,0,Bernardovergara432@viajes.cl,Jerez de la Frontera,Talavera de la Reina,30,962,117000,JetSur,2025-12-14,,,{}
145664,,,,,Disponible,0,Concepciónfierro387@viajes.cl,Cuenta,Sanlúcar de Barrameda,39,2438,116000,Buses Ahumada,2026-06-11,,,{}
145983,,,,,Disponible,0,Cristobalaponte610@viajes.cl,Fuengirola,Puertollano,31,2569,125000,Estrella Roja,2026-08-26,,,
145983,,,,,Disponible,0,Cristobalaponte610@viajes.cl,Fuengirola,Puertollano,31,2569,125000,Estrella Roja,2026-08-26,,,
145160,,,,,Disponible,0,Ernestobarraza502@viajes.cl,La Línea de la Concepción,Fuenlabrada,43,3049,123000,Pullman Bus,2026-07-04,,,{}
146329,,,,,Disponible,0,Ernestonavarro302@viajes.cl,Torrevieja,Linares,40,4189,165000,Avanza,2026-06-03,,,
144804,,,,,Disponible,0,Gerardobarela578@viajes.cl,Mérida,Bilbao,40,3798,200000,Alsa,2025-04-14,,,{}
133956,61209,2025-01-05,1272000,8,No disponible,1272,Gerardobriseño638@viajes.cl,Guadalajara,Córdoba,31,2403,159000,El Rápido Internacional,2025-02-08,2025-02-09,,{}
144769,,,,,Disponible,0,Gerardomojica966@viajes.cl,Inca,Talavera de la Reina,35,2675,73000,Socibus,2026-10-12,,,{}
81864,59081,2025-01-24,468000,4,No disponible,468,Gloriaanda368@viajes.cl,Linares,Logroño,38,1344,117000,Estrella Roja,2025-04-22,2025-04-22,,{}
112890,66287,2025-08-14,1024000,8,No disponible,1024,Gloriacotto254@viajes.cl,,Dos Hermanas,37,3505,128000,Buses Romani,2026-08-02,2026-08-04,,{}
109990,64881,2025-03-13,372000,4,No disponible,372,Guillerminavéliz425@viajes.cl,Lugo,Cornellá de Llobregat,50,2055,93000,Plusmar,2025-03-27,2025-03-28,,{}
144616,,,,,Disponible,0,Guillermosaldaña643@viajes.cl,Lérida,Lérida,42,2433,104000,Flecha Bus,2026-05-30,,,{}
145736,,,,,Disponible,0,Jaimebermúdez723@viajes.cl,Toledo,Lugo,37,2772,165000,Greyhound,2025-04-30,,,{}
114558,62289,2026-08-05,644000,4,No disponible,644,Julioprieto485@viajes.cl,Gerona,Badalona,42,1792,161000,Condor Bus,2026-11-11,2026-11-12,,{}
99025,65066,2025-01-04,1272000,8,No disponible,1272,Marcosperalta478@viajes.cl,Ciudad Real,Zamora,30,2221,159000,Alsa,2026-09-25,2026-09-26,,{}
91021,60114,2025-01-26,1168000,8,No disponible,1168,Marianopérez502@viajes.cl,,Zamora,46,2184,146000,ETN Turistar,2025-02-19,2025-02-20,,{}
146703,,,,,Disponible,0,Maríaalonzo778@viajes.cl,Mollet del Vallés,Baracaldo,41,1236,61000,Buses Ahumada,2026-02-04,,,{}
144778,,,,,Disponible,0,Nicolássauceda686@viajes.cl,Irún,Benalmádena,41,2425,123000,ADO,2026-01-31,,,
146765,,,,,Disponible,0,Patriciosoliz754@viajes.cl,Cuenta,Molina de Segura,32,3391,131000,Pullman Bus,2026-08-02,,,{}
116039,57977,2025-11-28,399000,7,No disponible,399,Pedroolivárez339@viajes.cl,Badalona,Valladolid,35,405,57000,Buses Nilahue,2025-12-16,2025-12-16,,{}
141368,65989,2025-01-09,688000,4,No disponible,688,Ramiromadrigal438@viajes.cl,Córdoba,Ciudad Real,30,1368,172000,Turbus,2025-07-14,2025-07-14,,{}
115298,61782,2025-06-12,832000,8,No disponible,832,Ramiroorozco712@viajes.cl,Majadahonda,Torrelavega,36,3014,104000,Avanza,2026-04-23,,,{}
94419,62052,2026-05-05,920000,8,No disponible,920,Raúlcorrales716@viajes.cl,Oviedo,San Cristróbal de la Laguna,45,2583,115000,Turbus,2026-08-12,2026-08-13,,{}
144455,60955,2025-05-09,420000,3,No disponible,420,Salvadorcarrasco712@viajes.cl,,,47,3429,140000,Damas,2026-02-28,,,{}
116953,57873,2025-01-10,520000,10,No disponible,520,Sr.gómez812@viajes.cl,Elda,El Puerto de Santa María,34,1182,52000,Pullman Bus,2025-06-30,2025-06-30,,{}
97457,58597,2025-04-11,1016000,8,No disponible,1016,Sr.montes861@viajes.cl,Torrelavega,Fuengirola,37,3411,127000,Andesmar,2025-07-10,,,{}
128463,62076,2025-01-01,261000,3,No disponible,261,Sra.abrego176@viajes.cl,Alcalá de Henares,Rubí,44,2144,87000,El Rápido Internacional,2025-01-02,2025-01-03,,
88841,61655,2025-03-25,936000,9,No disponible,936,Sra.alanis701@viajes.cl,El Ejido,Sanlúcar de Barrameda,30,927,104000,Via Bariloche,2026-05-20,2026-05-20,,{}
146892,,,,,Disponible,0,Sra.ceballos715@viajes.cl,Lérida,Orense,48,2169,70000,Estrella Roja,2025-05-23,,,{}
97499,56139,2025-01-26,468000,9,No disponible,468,Sra.muñoz859@viajes.cl,Madrid,Getafe,34,1970,52000,Andesmar,2026-05-23,2026-05-24,,{}
144313,62176,2026-07-03,164000,2,No disponible,164,Sra.navarro744@viajes.cl,,Bilbao,37,2159,82000,Primera Plus,2026-09-21,2026-09-22,,{}
133324,61233,2025-08-12,392000,2,No disponible,392,Sra.porras732@viajes.cl,Sanlúcar de Barrameda,,43,2795,196000,Turbus,2026-09-01,2026-09-02,,{}
145182,,,,,Disponible,0,Sra.suárez393@viajes.cl,Albacete,Valencia,48,4082,194000,Estrella Roja,2025-11-01,,,{}
144735,,,,,Disponible,0,Sta.cotto607@viajes.cl,Inca,Marbella,40,259,68000,EME Bus,2025-03-28,,,{}
82246,63258,2026-01-08,440000,8,No disponible,440,Sta.galindo664@viajes.cl,Reus,Gijón,32,1223,55000,Chevallier,2026-03-11,2026-03-11,,{}
118690,62634,2025-07-31,994000,7,No disponible,994,advaco685@viajes.cl,Getafe,Bilbao,47,677,142000,Primera Plus,2025-10-22,2025-10-22,,{}
145806,,,,,Disponible,0,adán8981286@viajes.cl,Granollers,Orense,32,3175,132000,ADO,2026-04-24,,,{}
146064,,,,,Disponible,0,agustín4513914@viajes.cl,Alcobendas,Roquetas de Mar,34,2616,97000,Monbus,2025-11-18,,,{}
146570,,,,,Disponible,0,alejandra6060515@viajes.cl,Castellón de la Plana,Chiclana de la Frontera,50,816,192000,JetSur,2025-09-09,,,{}
85415,60719,2025-02-09,117000,3,No disponible,117,alejandra6350423@viajes.cl,Granollers,Tarragona,48,434,39000,Primera Plus,2026-11-20,2026-11-20,,{}
107007,57791,2025-03-07,1593000,9,No disponible,1593,alveca156@viajes.cl,Elche,Alcoy,30,1226,177000,Via Bariloche,2025-08-08,2025-08-08,,{}
89704,58148,2025-01-21,630000,10,No disponible,630,amdeva290@viajes.cl,Motril,Vitoria,39,4122,63000,FlixBus,2025-12-27,2025-12-29,,{}
144604,,,,,Disponible,0,ancaca506@viajes.cl,Gijón,Bilbao,45,1143,108000,Chevallier,2025-01-08,,,{}
145814,,,,,Disponible,0,anmasevi543@viajes.cl,Mataró,Coslada,38,342,72000,Plusmar,2025-06-14,,,{}
95346,65852,2025-05-11,540000,6,No disponible,540,antonio5143423@viajes.cl,Collado Villalba,Móstoles,49,1405,90000,FlixBus,2026-09-17,2026-09-17,,{}
130217,55827,2025-05-21,765000,5,No disponible,765,artara334@viajes.cl,Lorca,Gandía,47,1172,153000,Buses Ahumada,2026-03-21,2026-03-21,,{}
146168,,,,,Disponible,0,beatriz4510392@viajes.cl,Mataró,Fuengirola,38,2113,178000,El Rápido Internacional,2026-07-21,,,{}
146082,,,,,Disponible,0,beatriz5107351@viajes.cl,,Lugo,30,1375,109000,Megabus,2025-01-03,,,{}
120980,63291,2026-03-19,602000,7,No disponible,602,bebece359@viajes.cl,Palencia,Madrid,47,2023,86000,Futura,2026-05-26,2026-05-27,,{}
144759,,,,,Disponible,0,carame562@viajes.cl,Ceuta,Rivas-Vaciamadrid,32,1556,161000,Megabus,2026-02-25,,,{}
105289,63334,2025-02-08,270000,2,No disponible,270,caruca852@viajes.cl,,Alcorcón,42,3970,135000,Damas,2025-07-04,2025-07-06,,{}
145041,,,,,Disponible,0,claudio5915903@viajes.cl,Badajoz,Inca,38,315,73000,Buses Ahumada,2025-01-19,,,{}
86231,64354,2026-06-19,888000,6,No disponible,888,clgari266@viajes.cl,,Sevilla,33,2573,148000,El Rápido Internacional,2026-08-04,2026-08-05,,{}
144705,,,,,Disponible,0,cllema523@viajes.cl,Orense,Palencia,41,4025,53000,Pullman Bus,2026-06-07,,,{}
124665,63445,2025-11-25,1215000,9,No disponible,1215,concepción1161816@viajes.cl,Roquetas de Mar,Valladolid,34,1994,135000,Futura,2026-01-25,2026-01-26,,{}
118624,62968,2025-01-12,846000,6,No disponible,846,conchita418950@viajes.cl,Pontevedra,Pozuelo de Alarcón,47,2783,141000,Socibus,2025-07-17,2025-07-18,,{}
126142,61908,2026-03-18,1080000,8,No disponible,1080,cristina9421356@viajes.cl,,,45,981,135000,Monbus,2026-09-30,2026-09-30,,{}
145578,,,,,Disponible,0,dolores8554213@viajes.cl,Chiclana de la Frontera,Estepona,41,3542,187000,BoltBus,2026-05-25,,,{}
145341,,,,,Disponible,0,edcami320@viajes.cl,Gerona,Granada,34,577,108000,EME Bus,2025-11-17,,,{}
146129,,,,,Disponible,0,emilio6174885@viajes.cl,Gecho,San Cristróbal de la Laguna,32,1665,170000,Chevallier,2025-09-01,,,{}
90059,65662,2025-08-30,168000,3,No disponible,168,emilio6756264@viajes.cl,Orihuela,Jaén,41,889,56000,EME Bus,2025-09-26,2025-09-26,,{}
146394,,,,,Disponible,0,encepe820@viajes.cl,Córdoba,Ávila,48,2317,56000,Socibus,2026-07-07,,,{}
115853,64873,2025-04-22,109000,1,No disponible,109,eva5525398@viajes.cl,Ferrol,Granada,44,2798,109000,Futura,2025-12-22,2025-12-23,,{}
145047,,,,,Disponible,0,eva6751759@viajes.cl,Vitoria,Jerez de la Frontera,45,696,136000,ETN Turistar,2025-02-07,,,{}
146149,,,,,Disponible,0,florencia470272@viajes.cl,Oviedo,Tarragona,45,2429,123000,FlixBus,2025-11-29,,,{}
125859,58818,2025-01-02,725000,5,No disponible,725,gabriel9153539@viajes.cl,Tarragona,Arrecife,49,2377,145000,Greyhound,2025-01-11,2025-01-12,,{}
95331,56450,2025-05-30,973000,7,No disponible,973,gabriela8240729@viajes.cl,Cádiz,,39,2031,139000,Andesmar,2026-08-12,2026-08-13,,{}
95047,58169,2025-09-02,1180000,10,No disponible,1180,gregorio1938243@viajes.cl,Leganés,Motril,50,1671,118000,Buses Nilahue,2026-08-05,,,{}
142499,60736,2025-04-13,342000,6,No disponible,342,homero1275324@viajes.cl,Sanlúcar de Barrameda,Sabadell,35,1783,57000,,2025-11-22,2025-11-23,,
92983,62797,2025-09-06,1182000,6,No disponible,1182,humaba796@viajes.cl,León,Telde,42,3841,197000,Damas,2026-05-18,2026-05-20,,{}
146820,,,,,Disponible,0,javier3481954@viajes.cl,Collado Villalba,El Ejido,40,812,95000,FlixBus,2025-03-21,,,{}
144946,,,,,Disponible,0,javier6694244@viajes.cl,Jaén,Calahorra,30,1206,168000,Greyhound,2025-11-23,,,
117512,58938,2025-05-13,130000,2,No disponible,130,jerónimo5779296@viajes.cl,Gandía,Leganés,40,3030,65000,Flecha Bus,2026-02-16,2026-02-18,,{}
83847,56341,2025-01-14,1728000,9,No disponible,1728,joemtaig687@viajes.cl,Hospitalet de LLobregat,Orense,,858,192000,Flecha Bus,2025-03-14,2025-03-14,,{}
143837,61686,2025-11-19,700000,5,No disponible,700,joluvala897@viajes.cl,Madrid,Pamplona,33,1579,140000,Primera Plus,2026-06-23,2026-06-24,,{}
133759,61721,2025-11-08,845000,5,No disponible,845,jucécaan587@viajes.cl,Salamanca,Estepona,49,4055,169000,EME Bus,2025-12-20,2025-12-22,,{}
82881,61775,2025-08-24,172000,1,No disponible,172,julio8820307@viajes.cl,Benalmádena,Rivas-Vaciamadrid,,3826,172000,Damas,2026-02-04,2026-02-06,,{}
145187,,,,,Disponible,0,jumoal497@viajes.cl,,Talavera de la Reina,39,3069,128000,Socibus,2025-01-22,,,{}
122932,60280,2025-05-17,1476000,9,No disponible,1476,lijáca667@viajes.cl,Puertollano,Zaragoza,49,4196,164000,Damas,2025-11-07,2025-11-09,,{}
113734,58320,2025-01-01,819000,9,No disponible,819,lourdes8108716@viajes.cl,,Cádiz,47,2078,91000,Damas,2025-01-01,2025-01-02,,{}
146654,,,,,Disponible,0,maacná844@viajes.cl,La Coruña,Rivas-Vaciamadrid,33,609,121000,Greyhound,2025-11-08,,,{}
108903,62358,2025-06-05,846000,6,No disponible,846,macrmu157@viajes.cl,Sabadell,Benidorm,,2450,141000,Alsa,2025-11-23,2025-11-24,,{}
146650,,,,,Disponible,0,macrpaec684@viajes.cl,Badajoz,Valdemoro,30,2006,145000,Condor Bus,2025-09-23,,,{}
144971,,,,,Disponible,0,manuel678411@viajes.cl,Las Palmas de Gran Canaria,Palma de Mallorca,39,2126,161000,Megabus,2025-03-10,,,
130144,58947,2025-04-05,580000,5,No disponible,580,maría8941101@viajes.cl,Sagunto,Albacete,41,1558,116000,Socibus,2025-04-20,2025-04-21,,{}
144921,,,,,Disponible,0,matejiba709@viajes.cl,Lorca,Burgos,31,2785,187000,Futura,2026-07-22,,,{}
146646,,,,,Disponible,0,miguel9141123@viajes.cl,Albacete,Orense,44,657,194000,Megabus,2025-03-11,,,{}
90063,65662,2025-03-09,486000,3,No disponible,486,miánpaar973@viajes.cl,Jaén,Zaragoza,49,1330,162000,EME Bus,2025-09-29,2025-09-29,,{}
145408,,,,,Disponible,0,naalva967@viajes.cl,Palma de Mallorca,Torremolinos,48,4165,103000,Monbus,2025-06-28,,,{}
145304,,,,,Disponible,0,pedegu126@viajes.cl,El Ejido,Sabadell,37,3365,196000,Buses Ahumada,2026-01-05,,,{}
92253,57960,2025-10-24,112000,1,No disponible,112,raesba397@viajes.cl,Castellón de la Plana,Leganés,33,2598,112000,Megabus,2025-12-17,2025-12-18,,{}
115407,60746,2025-05-01,996000,6,No disponible,996,raúl1043440@viajes.cl,Zaragoza,Pontevedra,36,2802,166000,Turbus,2026-04-06,2026-04-07,,{}
135751,56465,2025-04-21,1692000,9,No disponible,1692,rosa3149719@viajes.cl,Ponferrada,Lérida,34,1550,188000,,2025-06-01,2025-06-02,,{}
94708,66224,2025-05-27,1379000,7,No disponible,1379,rosa3292475@viajes.cl,Cerdañola del Vallés,Motril,45,715,197000,Alsa,2025-06-11,2025-06-11,,{}
81185,58891,2025-01-20,918000,9,No disponible,918,sr.3331282@viajes.cl,Valencia,Alcalá de Guadaira,38,2025,102000,JetSur,2025-04-17,2025-04-18,,{}
145242,,,,,Disponible,0,sra.5402172@viajes.cl,Cádiz,Fuengirola,45,884,133000,Alsa,2025-11-03,,,{}
105580,63355,2025-03-25,705000,5,No disponible,705,sra.8023957@viajes.cl,Elda,Mérida,40,779,141000,Monbus,2025-07-05,2025-07-05,,
139650,63417,2025-01-28,250000,5,No disponible,250,sradgamo870@viajes.cl,Motril,Rivas-Vaciamadrid,38,182,50000,FlixBus,2025-08-22,2025-08-22,,{}
95048,58169,2026-04-05,1080000,10,No disponible,1080,srmapeva595@viajes.cl,Motril,San Sebastián,42,4065,108000,Pullman Bus,2026-08-06,2026-08-08,,{}
146717,,,,,Disponible,0,srsupomu103@viajes.cl,Inca,,,1819,104000,Buses Romani,2025-04-12,,,{}
134929,61241,2025-08-16,534000,3,No disponible,534,sta.8892184@viajes.cl,Mijas,Alcalá de Henares,30,1189,178000,Alsa,2026-08-27,2026-08-27,,{}
92802,64915,2026-04-27,150000,1,No disponible,150,stjolumaul474@viajes.cl,Zamora,Valladolid,45,1012,150000,Buses Bio Bio,2026-05-18,2026-05-18,,{}
146791,,,,,Disponible,0,stlumogu418@viajes.cl,Irún,Torremolinos,41,1462,66000,ADO,2025-03-02,,,{}
146077,,,,,Disponible,0,tomás2452491@viajes.cl,,Gecho,,3783,108000,ETN Turistar,2026-09-18,,,{}
140451,63757,2025-10-30,780000,4,No disponible,780,vibaga825@viajes.cl,Algeciras,Talavera de la Reina,48,3059,195000,,2025-11-19,2025-11-21,,{}
99239,62095,2025-01-02,348000,4,No disponible,348,ángama975@viajes.cl,La Coruña,Fuenlabrada,33,3680,87000,Buses Nilahue,2025-03-19,2025-03-21,,{}
146095,,,,,Disponible,0,Adrianapagan314@viajes.cl,Linares,Valdemoro,30,1944,118000,Megabus,2026-02-25,,,{}
146077,,,,,Disponible,0,tomás2452491@viajes.cl,,Gecho,,3783,108000,ETN Turistar,2026-09-18,,,{}
96297,55734,2025-02-26,282000,3,No disponible,282,Alejandraquezada149@viajes.cl,Parla,Baracaldo,31,948,94000,Crucero del Norte,2026-01-28,2026-01-28,,{}
145833,,,,,Disponible,0,Aliciabriseño959@viajes.cl,San Fernando,Santa Coloma de Gramanet,35,503,129000,FlixBus,2026-08-31,,,{}
146596,,,,,Disponible,0,Amaliabalderas976@viajes.cl,Benidorm,Coslada,43,2986,177000,Omnibus de México,2025-10-28,,,{}
144887,,,,,Disponible,0,Anaalonzo110@viajes.cl,Palma de Mallorca,Linares,40,1251,156000,Pullman Bus,2025-11-24,,,{}
146007,,,,,Disponible,0,Anapatiño297@viajes.cl,Orense,Cuenta,34,4082,177000,Chevallier,2025-05-11,,,{}
146836,,,,,Disponible,0,Anapizarro552@viajes.cl,Palencia,Badalona,32,2033,171000,Chevallier,2025-12-03,,,{}
145934,,,,,Disponible,0,Benjamínleón812@viajes.cl,Orense,Valladolid,47,3778,66000,Buses Nilahue,2026-03-01,,,{}
146848,,,,,Disponible,0,Bernardovergara432@viajes.cl,Jerez de la Frontera,Talavera de la Reina,30,962,117000,JetSur,2025-12-14,,,{}
145664,,,,,Disponible,0,Concepciónfierro387@viajes.cl,Cuenta,Sanlúcar de Barrameda,39,2438,116000,Buses Ahumada,2026-06-11,,,{}
145160,,,,,Disponible,0,Ernestobarraza502@viajes.cl,La Línea de la Concepción,Fuenlabrada,43,3049,123000,Pullman Bus,2026-07-04,,,{}
146329,,,,,Disponible,0,Ernestonavarro302@viajes.cl,Torrevieja,Linares,40,4189,165000,Avanza,2026-06-03,,,
144804,,,,,Disponible,0,Gerardobarela578@viajes.cl,Mérida,Bilbao,40,3798,200000,Alsa,2025-04-14,,,{}
133956,61209,2025-01-05,1272000,8,No disponible,1272,Gerardobriseño638@viajes.cl,Guadalajara,Córdoba,31,2403,159000,El Rápido Internacional,2025-02-08,2025-02-09,,{}
144769,,,,,Disponible,0,Gerardomojica966@viajes.cl,Inca,Talavera de la Reina,35,2675,73000,Socibus,2026-10-12,,,{}
81864,59081,2025-01-24,468000,4,No disponible,468,Gloriaanda368@viajes.cl,Linares,Logroño,38,1344,117000,Estrella Roja,2025-04-22,2025-04-22,,{}
112890,66287,2025-08-14,1024000,8,No disponible,1024,Gloriacotto254@viajes.cl,,Dos Hermanas,37,3505,128000,Buses Romani,2026-08-02,2026-08-04,,{}
109990,64881,2025-03-13,372000,4,No disponible,372,Guillerminavéliz425@viajes.cl,Lugo,Cornellá de Llobregat,50,2055,93000,Plusmar,2025-03-27,2025-03-28,,{}
144616,,,,,Disponible,0,Guillermosaldaña643@viajes.cl,Lérida,Lérida,42,2433,104000,Flecha Bus,2026-05-30,,,{}
145736,,,,,Disponible,0,Jaimebermúdez723@viajes.cl,Toledo,Lugo,37,2772,165000,Greyhound,2025-04-30,,,{}
114558,62289,2026-08-05,644000,4,No disponible,644,Julioprieto485@viajes.cl,Gerona,Badalona,42,1792,161000,Condor Bus,2026-11-11,2026-11-12,,{}
99025,65066,2025-01-04,1272000,8,No disponible,1272,Marcosperalta478@viajes.cl,Ciudad Real,Zamora,30,2221,159000,Alsa,2026-09-25,2026-09-26,,{}
91021,60114,2025-01-26,1168000,8,No disponible,1168,Marianopérez502@viajes.cl,,Zamora,46,2184,146000,ETN Turistar,2025-02-19,2025-02-20,,{}
146703,,,,,Disponible,0,Maríaalonzo778@viajes.cl,Mollet del Vallés,Baracaldo,41,1236,61000,Buses Ahumada,2026-02-04,,,{}
144778,,,,,Disponible,0,Nicolássauceda686@viajes.cl,Irún,Benalmádena,41,2425,123000,ADO,2026-01-31,,,
146765,,,,,Disponible,0,Patriciosoliz754@viajes.cl,Cuenta,Molina de Segura,32,3391,131000,Pullman Bus,2026-08-02,,,{}
116039,57977,2025-11-28,399000,7,No disponible,399,Pedroolivárez339@viajes.cl,Badalona,Valladolid,35,405,57000,Buses Nilahue,2025-12-16,2025-12-16,,{}
141368,65989,2025-01-09,688000,4,No disponible,688,Ramiromadrigal438@viajes.cl,Córdoba,Ciudad Real,30,1368,172000,Turbus,2025-07-14,2025-07-14,,{}
115298,61782,2025-06-12,832000,8,No disponible,832,Ramiroorozco712@viajes.cl,Majadahonda,Torrelavega,36,3014,104000,Avanza,2026-04-23,,,{}
94419,62052,2026-05-05,920000,8,No disponible,920,Raúlcorrales716@viajes.cl,Oviedo,San Cristróbal de la Laguna,45,2583,115000,Turbus,2026-08-12,2026-08-13,,{}
144455,60955,2025-05-09,420000,3,No disponible,420,Salvadorcarrasco712@viajes.cl,,,47,3429,140000,Damas,2026-02-28,,,{}
116953,57873,2025-01-10,520000,10,No disponible,520,Sr.gómez812@viajes.cl,Elda,El Puerto de Santa María,34,1182,52000,Pullman Bus,2025-06-30,2025-06-30,,{}
97457,58597,2025-04-11,1016000,8,No disponible,1016,Sr.montes861@viajes.cl,Torrelavega,Fuengirola,37,3411,127000,Andesmar,2025-07-10,,,{}
128463,62076,2025-01-01,261000,3,No disponible,261,Sra.abrego176@viajes.cl,Alcalá de Henares,Rubí,44,2144,87000,El Rápido Internacional,2025-01-02,2025-01-03,,
88841,61655,2025-03-25,936000,9,No disponible,936,Sra.alanis701@viajes.cl,El Ejido,Sanlúcar de Barrameda,30,927,104000,Via Bariloche,2026-05-20,2026-05-20,,{}
146892,,,,,Disponible,0,Sra.ceballos715@viajes.cl,Lérida,Orense,48,2169,70000,Estrella Roja,2025-05-23,,,{}
97499,56139,2025-01-26,468000,9,No disponible,468,Sra.muñoz859@viajes.cl,Madrid,Getafe,34,1970,52000,Andesmar,2026-05-23,2026-05-24,,{}
144313,62176,2026-07-03,164000,2,No disponible,164,Sra.navarro744@viajes.cl,,Bilbao,37,2159,82000,Primera Plus,2026-09-21,2026-09-22,,{}
133324,61233,2025-08-12,392000,2,No disponible,392,Sra.porras732@viajes.cl,Sanlúcar de Barrameda,,43,2795,196000,Turbus,2026-09-01,2026-09-02,,{}
145182,,,,,Disponible,0,Sra.suárez393@viajes.cl,Albacete,Valencia,48,4082,194000,Estrella Roja,2025-11-01,,,{}
144735,,,,,Disponible,0,Sta.cotto607@viajes.cl,Inca,Marbella,40,259,68000,EME Bus,2025-03-28,,,{}
82246,63258,2026-01-08,440000,8,No disponible,440,Sta.galindo664@viajes.cl,Reus,Gijón,32,1223,55000,Chevallier,2026-03-11,2026-03-11,,{}
118690,62634,2025-07-31,994000,7,No disponible,994,advaco685@viajes.cl,Getafe,Bilbao,47,677,142000,Primera Plus,2025-10-22,2025-10-22,,{}
145806,,,,,Disponible,0,adán8981286@viajes.cl,Granollers,Orense,32,3175,132000,ADO,2026-04-24,,,{}
146064,,,,,Disponible,0,agustín4513914@viajes.cl,Alcobendas,Roquetas de Mar,34,2616,97000,Monbus,2025-11-18,,,{}
146570,,,,,Disponible,0,alejandra6060515@viajes.cl,Castellón de la Plana,Chiclana de la Frontera,50,816,192000,JetSur,2025-09-09,,,{}
85415,60719,2025-02-09,117000,3,No disponible,117,alejandra6350423@viajes.cl,Granollers,Tarragona,48,434,39000,Primera Plus,2026-11-20,2026-11-20,,{}
107007,57791,2025-03-07,1593000,9,No disponible,1593,alveca156@viajes.cl,Elche,Alcoy,30,1226,177000,Via Bariloche,2025-08-08,2025-08-08,,{}
89704,58148,2025-01-21,630000,10,No disponible,630,amdeva290@viajes.cl,Motril,Vitoria,39,4122,63000,FlixBus,2025-12-27,2025-12-29,,{}
144604,,,,,Disponible,0,ancaca506@viajes.cl,Gijón,Bilbao,45,1143,108000,Chevallier,2025-01-08,,,{}
145814,,,,,Disponible,0,anmasevi543@viajes.cl,Mataró,Coslada,38,342,72000,Plusmar,2025-06-14,,,{}
95346,65852,2025-05-11,540000,6,No disponible,540,antonio5143423@viajes.cl,Collado Villalba,Móstoles,49,1405,90000,FlixBus,2026-09-17,2026-09-17,,{}
130217,55827,2025-05-21,765000,5,No disponible,765,artara334@viajes.cl,Lorca,Gandía,47,1172,153000,Buses Ahumada,2026-03-21,2026-03-21,,{}
146168,,,,,Disponible,0,beatriz4510392@viajes.cl,Mataró,Fuengirola,38,2113,178000,El Rápido Internacional,2026-07-21,,,{}
146082,,,,,Disponible,0,beatriz5107351@viajes.cl,,Lugo,30,1375,109000,Megabus,2025-01-03,,,{}
120980,63291,2026-03-19,602000,7,No disponible,602,bebece359@viajes.cl,Palencia,Madrid,47,2023,86000,Futura,2026-05-26,2026-05-27,,{}
144759,,,,,Disponible,0,carame562@viajes.cl,Ceuta,Rivas-Vaciamadrid,32,1556,161000,Megabus,2026-02-25,,,{}
105289,63334,2025-02-08,270000,2,No disponible,270,caruca852@viajes.cl,,Alcorcón,42,3970,135000,Damas,2025-07-04,2025-07-06,,{}
145041,,,,,Disponible,0,claudio5915903@viajes.cl,Badajoz,Inca,38,315,73000,Buses Ahumada,2025-01-19,,,{}
86231,64354,2026-06-19,888000,6,No disponible,888,clgari266@viajes.cl,,Sevilla,33,2573,148000,El Rápido Internacional,2026-08-04,2026-08-05,,{}
144705,,,,,Disponible,0,cllema523@viajes.cl,Orense,Palencia,41,4025,53000,Pullman Bus,2026-06-07,,,{}
124665,63445,2025-11-25,1215000,9,No disponible,1215,concepción1161816@viajes.cl,Roquetas de Mar,Valladolid,34,1994,135000,Futura,2026-01-25,2026-01-26,,{}
118624,62968,2025-01-12,846000,6,No disponible,846,conchita418950@viajes.cl,Pontevedra,Pozuelo de Alarcón,47,2783,141000,Socibus,2025-07-17,2025-07-18,,{}
126142,61908,2026-03-18,1080000,8,No disponible,1080,cristina9421356@viajes.cl,,,45,981,135000,Monbus,2026-09-30,2026-09-30,,{}
145578,,,,,Disponible,0,dolores8554213@viajes.cl,Chiclana de la Frontera,Estepona,41,3542,187000,BoltBus,2026-05-25,,,{}
145341,,,,,Disponible,0,edcami320@viajes.cl,Gerona,Granada,34,577,108000,EME Bus,2025-11-17,,,{}
146129,,,,,Disponible,0,emilio6174885@viajes.cl,Gecho,San Cristróbal de la Laguna,32,1665,170000,Chevallier,2025-09-01,,,{}
90059,65662,2025-08-30,168000,3,No disponible,168,emilio6756264@viajes.cl,Orihuela,Jaén,41,889,56000,EME Bus,2025-09-26,2025-09-26,,{}
146394,,,,,Disponible,0,encepe820@viajes.cl,Córdoba,Ávila,48,2317,56000,Socibus,2026-07-07,,,{}
115853,64873,2025-04-22,109000,1,No disponible,109,eva5525398@viajes.cl,Ferrol,Granada,44,2798,109000,Futura,2025-12-22,2025-12-23,,{}
145047,,,,,Disponible,0,eva6751759@viajes.cl,Vitoria,Jerez de la Frontera,45,696,136000,ETN Turistar,2025-02-07,,,{}
146149,,,,,Disponible,0,florencia470272@viajes.cl,Oviedo,Tarragona,45,2429,123000,FlixBus,2025-11-29,,,{}
125859,58818,2025-01-02,725000,5,No disponible,725,gabriel9153539@viajes.cl,Tarragona,Arrecife,49,2377,145000,Greyhound,2025-01-11,2025-01-12,,{}
95331,56450,2025-05-30,973000,7,No disponible,973,gabriela8240729@viajes.cl,Cádiz,,39,2031,139000,Andesmar,2026-08-12,2026-08-13,,{}
95047,58169,2025-09-02,1180000,10,No disponible,1180,gregorio1938243@viajes.cl,Leganés,Motril,50,1671,118000,Buses Nilahue,2026-08-05,,,{}
142499,60736,2025-04-13,342000,6,No disponible,342,homero1275324@viajes.cl,Sanlúcar de Barrameda,Sabadell,35,1783,57000,,2025-11-22,2025-11-23,,
92983,62797,2025-09-06,1182000,6,No disponible,1182,humaba796@viajes.cl,León,Telde,42,3841,197000,Damas,2026-05-18,2026-05-20,,{}
146820,,,,,Disponible,0,javier3481954@viajes.cl,Collado Villalba,El Ejido,40,812,95000,FlixBus,2025-03-21,,,{}
144946,,,,,Disponible,0,javier6694244@viajes.cl,Jaén,Calahorra,30,1206,168000,Greyhound,2025-11-23,,,
117512,58938,2025-05-13,130000,2,No disponible,130,jerónimo5779296@viajes.cl,Gandía,Leganés,40,3030,65000,Flecha Bus,2026-02-16,2026-02-18,,{}
83847,56341,2025-01-14,1728000,9,No disponible,1728,joemtaig687@viajes.cl,Hospitalet de LLobregat,Orense,,858,192000,Flecha Bus,2025-03-14,2025-03-14,,{}
143837,61686,2025-11-19,700000,5,No disponible,700,joluvala897@viajes.cl,Madrid,Pamplona,33,1579,140000,Primera Plus,2026-06-23,2026-06-24,,{}
133759,61721,2025-11-08,845000,5,No disponible,845,jucécaan587@viajes.cl,Salamanca,Estepona,49,4055,169000,EME Bus,2025-12-20,2025-12-22,,{}
82881,61775,2025-08-24,172000,1,No disponible,172,julio8820307@viajes.cl,Benalmádena,Rivas-Vaciamadrid,,3826,172000,Damas,2026-02-04,2026-02-06,,{}
145187,,,,,Disponible,0,jumoal497@viajes.cl,,Talavera de la Reina,39,3069,128000,Socibus,2025-01-22,,,{}
122932,60280,2025-05-17,1476000,9,No disponible,1476,lijáca667@viajes.cl,Puertollano,Zaragoza,49,4196,164000,Damas,2025-11-07,2025-11-09,,{}
113734,58320,2025-01-01,819000,9,No disponible,819,lourdes8108716@viajes.cl,,Cádiz,47,2078,91000,Damas,2025-01-01,2025-01-02,,{}
146654,,,,,Disponible,0,maacná844@viajes.cl,La Coruña,Rivas-Vaciamadrid,33,609,121000,Greyhound,2025-11-08,,,{}
108903,62358,2025-06-05,846000,6,No disponible,846,macrmu157@viajes.cl,Sabadell,Benidorm,,2450,141000,Alsa,2025-11-23,2025-11-24,,{}
146650,,,,,Disponible,0,macrpaec684@viajes.cl,Badajoz,Valdemoro,30,2006,145000,Condor Bus,2025-09-23,,,{}
144971,,,,,Disponible,0,manuel678411@viajes.cl,Las Palmas de Gran Canaria,Palma de Mallorca,39,2126,161000,Megabus,2025-03-10,,,
130144,58947,2025-04-05,580000,5,No disponible,580,maría8941101@viajes.cl,Sagunto,Albacete,41,1558,116000,Socibus,2025-04-20,2025-04-21,,{}
144921,,,,,Disponible,0,matejiba709@viajes.cl,Lorca,Burgos,31,2785,187000,Futura,2026-07-22,,,{}
146646,,,,,Disponible,0,miguel9141123@viajes.cl,Albacete,Orense,44,657,194000,Megabus,2025-03-11,,,{}
90063,65662,2025-03-09,486000,3,No disponible,486,miánpaar973@viajes.cl,Jaén,Zaragoza,49,1330,162000,EME Bus,2025-09-29,2025-09-29,,{}
145408,,,,,Disponible,0,naalva967@viajes.cl,Palma de Mallorca,Torremolinos,48,4165,103000,Monbus,2025-06-28,,,{}
145304,,,,,Disponible,0,pedegu126@viajes.cl,El Ejido,Sabadell,37,3365,196000,Buses Ahumada,2026-01-05,,,{}
92253,57960,2025-10-24,112000,1,No disponible,112,raesba397@viajes.cl,Castellón de la Plana,Leganés,33,2598,112000,Megabus,2025-12-17,2025-12-18,,{}
115407,60746,2025-05-01,996000,6,No disponible,996,raúl1043440@viajes.cl,Zaragoza,Pontevedra,36,2802,166000,Turbus,2026-04-06,2026-04-07,,{}
135751,56465,2025-04-21,1692000,9,No disponible,1692,rosa3149719@viajes.cl,Ponferrada,Lérida,34,1550,188000,,2025-06-01,2025-06-02,,{}
94708,66224,2025-05-27,1379000,7,No disponible,1379,rosa3292475@viajes.cl,Cerdañola del Vallés,Motril,45,715,197000,Alsa,2025-06-11,2025-06-11,,{}
81185,58891,2025-01-20,918000,9,No disponible,918,sr.3331282@viajes.cl,Valencia,Alcalá de Guadaira,38,2025,102000,JetSur,2025-04-17,2025-04-18,,{}
145242,,,,,Disponible,0,sra.5402172@viajes.cl,Cádiz,Fuengirola,45,884,133000,Alsa,2025-11-03,,,{}
105580,63355,2025-03-25,705000,5,No disponible,705,sra.8023957@viajes.cl,Elda,Mérida,40,779,141000,Monbus,2025-07-05,2025-07-05,,
139650,63417,2025-01-28,250000,5,No disponible,250,sradgamo870@viajes.cl,Motril,Rivas-Vaciamadrid,38,182,50000,FlixBus,2025-08-22,2025-08-22,,{}
95048,58169,2026-04-05,1080000,10,No disponible,1080,srmapeva595@viajes.cl,Motril,San Sebastián,42,4065,108000,Pullman Bus,2026-08-06,2026-08-08,,{}
146717,,,,,Disponible,0,srsupomu103@viajes.cl,Inca,,,1819,104000,Buses Romani,2025-04-12,,,{}
134929,61241,2025-08-16,534000,3,No disponible,534,sta.8892184@viajes.cl,Mijas,Alcalá de Henares,30,1189,178000,Alsa,2026-08-27,2026-08-27,,{}
92802,64915,2026-04-27,150000,1,No disponible,150,stjolumaul474@viajes.cl,Zamora,Valladolid,45,1012,150000,Buses Bio Bio,2026-05-18,2026-05-18,,{}
146791,,,,,Disponible,0,stlumogu418@viajes.cl,Irún,Torremolinos,41,1462,66000,ADO,2025-03-02,,,{}
144650,,,,,Disponible,0,teodoro9438521@viajes.cl,Paterna,Estepona,47,529,144000,Andesmar,2026-09-30,,,{}
140451,63757,2025-10-30,780000,4,No disponible,780,vibaga825@viajes.cl,Algeciras,Talavera de la Reina,48,3059,195000,,2025-11-19,2025-11-21,,{}
99239,62095,2025-01-02,348000,4,No disponible,348,ángama975@viajes.cl,La Coruña,Fuenlabrada,33,3680,87000,Buses Nilahue,2025-03-19,2025-03-21,,{}
134928,61241,2026-04-27,597000,3,No disponible,597,Alejandromolina571@viajes.cl,Guadalajara,Mijas,49,2325,199000,Futura,2026-08-26,2026-08-27,,
88354,57771,2025-01-26,490000,5,No disponible,490,Alejandroserrato929@viajes.cl,Salamanca,Lérida,72,2657,98000,ZFBH (Bosnia y Herzegovina),2025-06-14,2025-06-15,,{}
81239,61734,2025-07-17,1010000,5,No disponible,1010,Alfredobenavídez720@viajes.cl,Arrecife,Orihuela,18,2647,202000,Thalys,2025-08-27,2025-08-28,,{}
112707,61370,2026-08-17,316000,2,No disponible,316,Amaliaadame525@viajes.cl,Roquetas de Mar,,19,2821,158000,HŽ (Croacia),2026-09-10,,,{}
116254,55785,2025-02-23,254000,2,No disponible,254,Amaliaquintana437@viajes.cl,Sagunto,Guadalajara,35,2250,127000,Andesmar,2025-11-03,2025-11-04,,{}
117933,64156,2025-01-07,819000,7,No disponible,819,Andreatrujillo333@viajes.cl,Sabadell,Collado Villalba,27,452,117000,ÖBB (Austria),2025-05-07,,,{}
148828,,,,,Disponible,0,Benitocardona170@viajes.cl,Fuenlabrada,,81,2649,145000,SBB (Suiza),2026-09-26,2027-01-14,,{}
91619,66121,2025-04-30,102000,1,No disponible,102,Benitoterán216@viajes.cl,Palma de Mallorca,Cartagena,62,1882,102000,ZSSK (Eslovaquia),2025-06-08,2025-06-09,,{}
144936,,,,,Disponible,0,Benjamínloya261@viajes.cl,San Cristróbal de la Laguna,Gandía,39,3298,120000,BoltBus,2026-04-30,,,
113994,62047,2025-08-06,35000,1,No disponible,35,Bernardoelizondo645@viajes.cl,,Cartagena,21,310,35000,CP (Portugal),2025-08-11,2025-08-11,,{}
96400,63183,2025-02-05,1602000,9,No disponible,1602,Bertaolivares743@viajes.cl,Santiago de Compostela,Sagunto,32,3791,178000,ETN Turistar,2025-04-19,2025-04-21,,{}
142011,64267,2025-01-15,588000,7,No disponible,588,Carlavega155@viajes.cl,Tarrasa,Mérida,49,785,84000,ÖBB (Austria),2025-02-23,2025-02-23,,{}
103144,63675,2025-03-29,864000,8,No disponible,864,Carlosrosales796@viajes.cl,Alcalá de Guadaira,Linares,98,1973,108000,ŽFBH (Bosnia y Herzegovina),2025-12-30,2025-12-31,,
145153,,,,,Disponible,0,Catalinasalcido382@viajes.cl,León,Sanlúcar de Barrameda,38,2552,180000,Futura,2026-03-15,,,{}
103821,59201,2025-03-30,1768000,8,No disponible,1768,Clarasalas217@viajes.cl,Santa Lucía de Tirajana,,80,2803,221000,Renfe,2025-07-15,2025-07-16,,{}
149894,,,,,Disponible,0,Clementedelacrúz671@viajes.cl,Majadahonda,Zamora,67,2314,191000,NSB (Noruega),2026-02-21,2026-05-28,,{}
142131,63280,2025-08-03,1008000,8,No disponible,1008,Concepcióncabrera224@viajes.cl,Granollers,Viladecans,48,757,126000,JetSur,2026-08-14,2026-08-14,,{}
144841,,,,,Disponible,0,Danielacandelaria184@viajes.cl,Getafe,Pamplona,37,2999,130000,Buses Ahumada,2025-07-11,,,{}
149303,,,,,Disponible,0,Dianamontero898@viajes.cl,Pamplona,Arrecife,1,3582,309000,Amtrak,2025-07-04,2025-11-30,,{}
115918,55813,2025-02-21,837000,9,No disponible,837,Déboraduran581@viajes.cl,Orihuela,Paterna,31,2560,93000,Socibus,2025-02-23,2025-02-24,,{}
136324,57622,2026-02-23,568000,4,No disponible,568,Elisarobles267@viajes.cl,Santa Lucía de Tirajana,Avilés,40,3955,142000,ETN Turistar,2026-10-12,2026-10-14,,{}
83944,59252,2025-09-13,732000,4,No disponible,732,Enriqueochoa292@viajes.cl,Rubí,Málaga,17,2568,183000,NSB (Noruega),2026-05-21,2026-05-22,,{}
100182,62819,2025-12-03,219000,3,No disponible,219,Esperanzacandelaria990@viajes.cl,La Línea de la Concepción,San Sebastián,50,3377,73000,Andesmar,2026-03-19,2026-03-21,,{}
102742,55806,2025-06-14,582000,6,No disponible,582,Esperanzapacheco849@viajes.cl,Madrid,Almería,41,4099,97000,Primera Plus,2025-12-08,2025-12-10,,{}
142862,66278,2025-01-17,234000,2,No disponible,234,Esperanzasegura621@viajes.cl,Mollet del Vallés,Viladecans,32,2141,117000,BoltBus,2025-05-03,2025-05-04,,{}
79203,60119,2025-02-02,721000,7,No disponible,721,Estelasauceda957@viajes.cl,Cáceres,Cuenta,44,2332,103000,ETN Turistar,2026-04-11,2026-04-12,,{}
148717,,,,,Disponible,0,Estermares578@viajes.cl,El Puerto de Santa María,Paterna,57,3149,376000,Deutsche Bahn (DB),2025-06-26,2025-11-04,,{}
88038,65690,2025-06-21,513000,9,No disponible,513,Fernandodelao340@viajes.cl,Ponferrada,Alcoy,92,600,57000,CP (Portugal),2025-12-08,2025-12-08,,{}
146853,,,,,Disponible,0,Florenciaestrada212@viajes.cl,Marbella,Arrecife,38,2265,197000,BoltBus,2025-07-15,,,{}
111755,55573,2026-06-05,160000,2,No disponible,160,Franciscaabeyta645@viajes.cl,Ávila,Las Palmas de Gran Canaria,,1985,80000,RZD (Rusia),2026-11-27,2026-11-28,,{}
86348,62038,2025-04-22,1328000,8,No disponible,1328,Franciscocorrales261@viajes.cl,Inca,San Cristróbal de la Laguna,42,3820,166000,Plusmar,2026-07-01,2026-07-03,,
114651,64183,2025-01-16,2196000,9,No disponible,2196,Franciscogranado910@viajes.cl,Guadalajara,Toledo,70,2449,244000,NS International,2025-03-23,2025-03-24,,{}
139254,61962,2025-04-15,112000,8,No disponible,112,Germánsuárez277@viajes.cl,Las Palmas de Gran Canaria,Jerez de la Frontera,45,205,14000,Greyhound,2025-11-17,2025-11-17,,{}
148817,,,,,Disponible,0,Gilbertoramón421@viajes.cl,Orense,Santiago de Compostela,76,4319,229000,Nederlandse Sp,2026-07-31,2027-01-26,,{}
105611,58787,2025-02-01,234000,3,No disponible,234,Horaciomondragón671@viajes.cl,Ferrol,Gandía,38,316,78000,El Rápido Internacional,2025-02-13,2025-02-13,,{}
117179,59784,2025-04-21,1242000,9,No disponible,1242,Hugoballesteros708@viajes.cl,Sevilla,Jerez de la Frontera,31,2756,138000,,2025-05-11,2025-05-12,,
149739,,,,,Disponible,0,Ignacioordóñez826@viajes.cl,Logroño,Salamanca,61,2876,140000,Eurostar,2026-09-04,2027-01-01,,{}
84530,59697,2026-03-18,906000,6,No disponible,906,Isabelabarrera904@viajes.cl,Badalona,Badalona,5,3352,151000,SNCB (Bélgica),2026-08-30,,,{}
93518,59538,2025-05-02,1085000,5,No disponible,1085,Javiergodínez122@viajes.cl,Torrejón de Ardoz,Rubí,13,2240,217000,ŽSSK (Eslovaquia),2025-08-26,2025-08-27,,{}
97483,61666,2025-04-06,567000,9,No disponible,567,Jerónimocorrales854@viajes.cl,Orihuela,Hospitalet de LLobregat,50,2588,63000,Socibus,2026-07-10,2026-07-11,,{}
88083,58740,2026-01-10,540000,10,No disponible,540,Jerónimolara380@viajes.cl,Gandía,Zaragoza,48,3178,54000,Alsa,2026-07-02,2026-07-04,,{}
108809,65286,2025-01-25,720000,6,No disponible,720,Josefinabarrios725@viajes.cl,,,35,571,120000,Flecha Bus,2026-02-22,2026-02-22,,{}
149024,,,,,Disponible,0,Juliaruelas849@viajes.cl,Arrecife,Sanlúcar de Barrameda,96,149,87000,Thalys,2025-07-02,2025-07-08,,{}
145895,,,,,Disponible,0,Lauraguillen164@viajes.cl,Logroño,Sagunto,35,943,94000,Condor Bus,2025-10-28,,,{}
145591,,,,,Disponible,0,Lucastrujillo461@viajes.cl,Valdemoro,Ferrol,31,3926,57000,Via Bariloche,2026-09-27,,,{}
126875,59078,2025-11-13,282000,1,No disponible,282,Magdalenabrito986@viajes.cl,Cartagena,Fuenlabrada,49,3578,282000,ŽFBH (Bosnia y Herzegovina),2026-07-04,2026-07-06,,{}
126873,65216,2025-10-19,792000,8,No disponible,792,Marcelajaimes783@viajes.cl,Arrecife,Sabadell,41,1822,99000,Condor Bus,2026-02-17,2026-02-18,,{}
110238,64920,2026-01-16,153000,1,No disponible,153,Marianozelaya465@viajes.cl,Zamora,,7,425,153000,Nederlandse Sp,2026-04-10,2026-04-10,,{}
132761,65567,2025-01-02,822000,2,No disponible,822,Mariluvaldez369@viajes.cl,Jerez de la Frontera,La Coruña,85,4224,411000,AVE,2025-01-29,2025-01-31,,{}
107168,55812,2025-02-01,131000,1,No disponible,131,Maríabecerra494@viajes.cl,La Coruña,Barcelona,1,3075,131000,SJ (Suecia),2026-03-26,2026-03-28,,{}
143692,56836,2025-03-08,895000,5,No disponible,895,Maríadelvalle249@viajes.cl,Paterna,Estepona,42,1764,179000,ZS (Eslovenia),2025-03-16,2025-03-17,,{}
103626,66624,2025-02-06,846000,9,No disponible,846,Maríadomínguez453@viajes.cl,Santa Coloma de Gramanet,León,33,748,94000,Chevallier,2026-09-23,2026-09-23,,{}
116234,57997,2025-07-19,440000,5,No disponible,440,Ramirocontreras288@viajes.cl,Guadalajara,,5,1615,88000,Amtrak,2026-08-09,2026-08-10,,{}
148962,,,,,Disponible,0,Ramonaacevedo828@viajes.cl,Castellón de la Plana,Pamplona,78,1799,130000,MÁV (Hungría),2026-05-14,2026-07-27,,{}
110152,64468,2025-12-21,300000,3,No disponible,300,Ramónabeyta326@viajes.cl,Dos Hermanas,Lorca,,3344,100000,Chevallier,2026-10-12,2026-10-14,,{}
134524,66485,2025-01-09,329000,7,No disponible,329,Ramóncedillo274@viajes.cl,Burgos,Madrid,44,421,47000,Plusmar,2025-01-15,,,
135162,64443,2025-02-02,1624000,8,No disponible,1624,Robertobarragán763@viajes.cl,Coslada,,73,4065,203000,SBB (Suiza),2025-03-31,2025-04-02,,{}
144615,,,,,Disponible,0,Rociogrijalva411@viajes.cl,Sevilla,Alcalá de Guadaira,47,1062,97000,Buses Bio Bio,2026-07-02,,,{}
92671,56790,2025-07-18,414000,3,No disponible,414,Rosaceballos545@viajes.cl,Logroño,,65,2277,138000,PKP (Polonia),2026-05-13,2026-05-14,,{}
134850,56918,2025-12-18,711000,9,No disponible,711,Salvadornevárez763@viajes.cl,Pamplona,Cáceres,50,3435,79000,El Rápido Internacional,2026-10-05,2026-10-07,,{}
145271,,,,,Disponible,0,Salvadorrael871@viajes.cl,Ponferrada,Gandía,49,3769,177000,Flecha Bus,2025-12-06,,,{}
118018,60246,2025-08-12,560000,10,No disponible,560,Silviaarreola496@viajes.cl,Santa Lucía de Tirajana,Oviedo,83,417,56000,ŽFBH (Bosnia y Herzegovina),2026-08-19,2026-08-19,,{}
131725,60855,2025-05-16,234000,2,No disponible,234,Soniaquesada509@viajes.cl,San Sebastián,Paterna,38,1836,117000,Socibus,2025-11-02,2025-11-03,,{}
138937,64071,2025-01-01,994000,7,No disponible,994,Sr.márquez121@viajes.cl,Collado Villalba,Algeciras,47,4264,142000,Flecha Bus,2025-02-16,2025-02-18,,{}
81723,61555,2025-01-05,1110000,10,No disponible,1110,Sr.ontiveros442@viajes.cl,Cáceres,Barcelona,,1126,111000,ETN Turistar,2025-03-26,2025-03-26,,{}
108453,57898,2025-02-28,167000,1,No disponible,167,Sr.orta582@viajes.cl,,Elche,43,4038,167000,Primera Plus,2025-03-12,2025-03-14,,{}
104737,59573,2025-04-03,560000,8,No disponible,560,Sr.reynoso806@viajes.cl,Parla,León,9,1008,70000,Nederlandse Sp,2025-04-11,2025-04-11,,{}
120934,56341,2025-04-29,168000,1,No disponible,168,Sr.tovar378@viajes.cl,Sagunto,Cádiz,40,2925,168000,Avanza,2026-02-16,2026-02-18,,{}
81381,56166,2025-03-05,280000,5,No disponible,280,Sra.banda816@viajes.cl,Benalmádena,Córdoba,35,1203,56000,RZD (Rusia),2025-10-25,2025-10-25,,{}
139863,63265,2025-06-21,1184000,8,No disponible,1184,Sra.girón712@viajes.cl,Gerona,El Ejido,57,3349,148000,Thalys,2026-08-18,2026-08-20,,{}
88578,63314,2025-09-04,465000,5,No disponible,465,Sra.gómez556@viajes.cl,Alcoy,Alicante,33,2623,93000,JetSur,2026-09-06,2026-09-07,,{}
79652,56145,2025-03-01,348000,4,No disponible,348,Sra.lozano349@viajes.cl,Cáceres,Jerez de la Frontera,34,4166,87000,FlixBus,2025-12-21,2025-12-23,,{}
148463,,,,,Disponible,0,Sra.munguía627@viajes.cl,Getafe,Ciudad Real,92,2170,248000,Singapore Airlines,2025-03-31,2025-06-29,,"{Avilés,Parla,Ponferrada,Calahorra,Zaragoza}"
145440,,,,,Disponible,0,Sra.toro255@viajes.cl,Fuenlabrada,Torrevieja,33,2001,75000,,2025-10-21,,,{}
123976,63579,2025-07-06,1395000,9,No disponible,1395,Sta.garibay963@viajes.cl,Cerdañola del Vallés,Sanlúcar de Barrameda,34,3925,155000,Estrella Roja,2026-02-17,,,{}
135351,57529,2025-01-19,175000,1,No disponible,175,Sta.quintanilla829@viajes.cl,Granada,Granollers,36,3670,175000,Socibus,2025-12-26,2025-12-28,,{}
112567,63462,2025-07-04,428000,2,No disponible,428,Teresagálvez741@viajes.cl,Gandía,El Ejido,82,2636,214000,VRZ (Croacia),2025-10-02,,,{}
141706,64376,2025-03-19,432000,8,No disponible,432,Timoteoorellana761@viajes.cl,Viladecans,Orihuela,34,4164,54000,Turbus,2025-04-29,2025-05-01,,{}
123615,57720,2025-01-17,195000,3,No disponible,195,Vicenteangulo491@viajes.cl,Málaga,Getafe,34,324,65000,Turbus,2025-02-10,2025-02-10,,{}
90852,58421,2025-06-25,960000,5,No disponible,960,adbebé714@viajes.cl,Torrelavega,Pozuelo de Alarcón,48,1314,192000,Crucero del Norte,2025-09-17,2025-09-17,,{}
79306,66471,2025-04-27,3015000,9,No disponible,3015,agvaro886@viajes.cl,Puertollano,Badalona,4,3621,335000,ZFBH (Bosnia y Herzegovina),2026-09-01,2026-09-03,,{}
102704,55784,2025-06-29,1070000,10,No disponible,1070,alejandra1046907@viajes.cl,Alcorcón,Oviedo,71,2880,107000,,2025-07-13,2025-07-15,,{}
136973,56259,2025-01-31,1134000,9,No disponible,1134,alejandra9343406@viajes.cl,Orihuela,Dos Hermanas,5,2711,126000,ŽSSK (Eslovaquia),2025-02-27,2025-02-28,,{}
96814,60861,2026-02-15,1134000,6,No disponible,1134,alejandro3541653@viajes.cl,Zaragoza,Alcobendas,21,4208,189000,PKP (Polonia),2026-04-02,2026-04-04,,{}
114469,58163,2025-09-22,286000,2,No disponible,286,alicia3200638@viajes.cl,,Sagunto,91,1597,143000,BDZ (Bulgaria),2026-11-26,2026-11-27,,{}
144323,59801,2025-08-17,1413000,9,No disponible,1413,alirsa833@viajes.cl,Pamplona,León,45,2973,157000,Pullman Bus,2026-09-28,2026-09-30,,
113053,62459,2025-06-22,981000,9,No disponible,981,altare803@viajes.cl,Leganés,Majadahonda,44,499,109000,Estrella Roja,2026-04-28,,,{}
138387,62236,2026-02-26,764000,4,No disponible,764,amalqu651@viajes.cl,Molina de Segura,Chiclana de la Frontera,76,1634,191000,VRZ (Croacia),2026-06-02,2026-06-03,,{}
126491,58294,2025-01-11,183000,3,No disponible,183,ana1243422@viajes.cl,Valladolid,Burgos,45,1258,61000,Megabus,2026-06-03,2026-06-03,,{}
98768,60347,2026-05-10,1521000,9,No disponible,1521,ana6425378@viajes.cl,Mérida,Fuenlabrada,46,3225,169000,AVE,2026-06-18,2026-06-20,,{}
78989,59953,2025-04-20,255000,3,No disponible,255,anpubl651@viajes.cl,Sevilla,Lugo,88,2791,85000,ŽSSK (Eslovaquia),2025-04-27,2025-04-28,,{}
82241,63258,2025-02-11,936000,8,No disponible,936,anrove982@viajes.cl,Castellón de la Plana,,39,2293,117000,Primera Plus,2026-03-06,2026-03-07,,{}
126913,62411,2025-01-17,2272000,8,No disponible,2272,antonia3604496@viajes.cl,Palencia,Zamora,34,3386,284000,ZSSK (Eslovaquia),2025-02-24,2025-02-26,,{}
83773,56330,2026-03-12,400000,10,No disponible,400,arbagu510@viajes.cl,Ferrol,Cádiz,8,837,40000,Deutsche Bahn (DB),2026-04-19,2026-04-19,,{}
129871,59965,2026-02-19,238000,2,No disponible,238,baabpa755@viajes.cl,Santander,Jaén,50,3704,119000,FlixBus,2026-07-07,2026-07-09,,{}
149682,,,,,Disponible,0,bebofa924@viajes.cl,Fuenlabrada,Pontevedra,64,1104,126000,ŽSSK (Eslovaquia),2026-02-23,2026-04-10,,{}
99717,65848,2025-02-27,1472000,8,No disponible,1472,benjamín9439784@viajes.cl,Córdoba,Benalmádena,34,3803,184000,BoltBus,2025-08-28,2025-08-30,,{}
80610,60566,2026-03-12,176000,2,No disponible,176,cariec163@viajes.cl,Benalmádena,Talavera de la Reina,39,1026,88000,Plusmar,2026-05-18,2026-05-18,,{}
85073,62952,2025-05-21,354000,3,No disponible,354,carmen8365423@viajes.cl,Huelva,Inca,34,1832,118000,Buses Nilahue,2025-07-14,2025-07-15,,{}
136380,61337,2025-10-17,1062000,9,No disponible,1062,caulbe408@viajes.cl,El Ejido,Molina de Segura,14,737,118000,Deutsche Bahn (DB),2025-10-25,,,{}
105351,58584,2025-04-20,1134000,9,No disponible,1134,clara7771923@viajes.cl,Gecho,Granollers,41,1755,126000,Qantas,2026-02-02,2026-02-03,Clase ejecutiva,
101849,65934,2025-02-05,426000,2,No disponible,426,claudio6619751@viajes.cl,Sevilla,Mijas,74,3911,213000,ŽFBH (Bosnia y Herzegovina),2025-11-10,2025-11-12,,{}
149807,,,,,Disponible,0,clcava986@viajes.cl,,Telde,97,238,77000,HŽ (Croacia),2026-08-27,2026-09-05,,{}
135645,64522,2025-02-10,1580000,10,No disponible,1580,clgues154@viajes.cl,,Badalona,46,4307,158000,Alsa,2026-05-02,2026-05-04,,{}
119920,58844,2025-01-01,984000,6,No disponible,984,coheca878@viajes.cl,Albacete,Orense,68,1918,164000,Thalys,2025-04-12,,,{}
146509,,,,,Disponible,0,cristian8155942@viajes.cl,Santa Lucía de Tirajana,Reus,35,1474,76000,EME Bus,2026-09-30,,,{}
80056,56366,2025-03-17,3101000,7,No disponible,3101,crnách772@viajes.cl,San Sebastián,Fuenlabrada,96,4052,443000,CP (Portugal),2025-04-16,2025-04-18,,{}
145359,,,,,Disponible,0,cébahu990@viajes.cl,Torrejón de Ardoz,Santa Cruz de Tenerife,34,4033,83000,Buses Bio Bio,2026-04-04,,,{}
92384,62963,2026-04-20,834000,6,No disponible,834,daabca985@viajes.cl,Sagunto,Gecho,,3266,139000,ETN Turistar,2026-10-10,2026-10-12,,{}
136460,57941,2026-02-10,250000,5,No disponible,250,dapicó253@viajes.cl,Tarrasa,Collado Villalba,35,4116,50000,Buses Romani,2026-06-20,2026-06-22,,{}
94437,63977,2025-07-10,2682000,9,No disponible,2682,david6622548@viajes.cl,,Sanlúcar de Barrameda,99,2557,298000,Italo,2026-03-02,2026-03-03,,{}
81176,63161,2025-03-31,655000,5,No disponible,655,docafr798@viajes.cl,Badalona,,29,1756,131000,Renfe,2025-10-18,2025-10-19,,{}
145672,,,,,Disponible,0,edpame371@viajes.cl,Algeciras,San Cristróbal de la Laguna,,1169,189000,Megabus,2026-08-14,,,{}
149307,,,,,Disponible,0,elanpu412@viajes.cl,Badajoz,Zaragoza,90,3337,299000,NS International,2025-05-23,2025-10-09,,{}
103521,59538,2025-02-20,1590000,10,No disponible,1590,elbáro341@viajes.cl,Tarrasa,Málaga,49,1447,159000,Primera Plus,2025-05-14,2025-05-15,,
89857,56509,2025-01-07,310000,5,No disponible,310,elhuna946@viajes.cl,Granada,Palma de Mallorca,37,2469,62000,Futura,2026-01-24,2026-01-25,,{}
99180,61299,2025-01-01,6000,1,No disponible,6,elrofl393@viajes.cl,Toledo,Lugo,40,361,6000,SBB (Suiza),2025-01-12,2025-01-12,,{}
134667,63839,2025-11-04,900000,10,No disponible,900,elsaam871@viajes.cl,Molina de Segura,Torrejón de Ardoz,8,1820,90000,Emirates,2026-01-09,2026-01-10,Clase ejecutiva,
103957,61682,2025-03-27,270000,3,No disponible,270,esguol423@viajes.cl,San Sebastían de los Reyes,San Sebastián,38,3933,90000,Socibus,2026-05-30,2026-06-01,,{}
146076,,,,,Disponible,0,esorru560@viajes.cl,Fuenlabrada,Alcobendas,50,1156,193000,Buses Ahumada,2026-03-03,,,{}
136881,61098,2025-01-20,100000,1,No disponible,100,esteban6674342@viajes.cl,Santa Coloma de Gramanet,Gerona,44,2798,100000,Buses Ahumada,2026-08-09,,,{}
144671,,,,,Disponible,0,estela3886133@viajes.cl,Torrejón de Ardoz,Ceuta,39,2009,119000,Monbus,2026-05-09,,,{}
79515,65191,2025-03-14,2160000,6,No disponible,2160,fedosá946@viajes.cl,Estepona,Estepona,75,2904,360000,SJ (Suecia),2026-06-07,2026-06-09,,{}
104998,60627,2025-05-16,810000,6,No disponible,810,francisca1691995@viajes.cl,Valencia,Reus,34,539,135000,EME Bus,2026-04-13,2026-04-13,,{}
95658,66147,2025-03-22,1190000,7,No disponible,1190,frbuco604@viajes.cl,,Majadahonda,,1907,170000,Pullman Bus,2026-05-02,2026-05-03,,{}
146519,,,,,Disponible,0,frpuos409@viajes.cl,Bilbao,Fuenlabrada,39,3867,147000,Monbus,2025-05-18,,,{}
105652,60395,2025-01-24,544000,4,No disponible,544,gajire460@viajes.cl,Talavera de la Reina,Santander,47,1033,136000,Condor Bus,2025-05-04,2025-05-04,,{}
92745,65157,2025-07-11,485000,5,No disponible,485,gepare579@viajes.cl,Rivas-Vaciamadrid,Segovia,32,458,97000,ETN Turistar,2025-09-29,2025-09-29,,{}
115468,55855,2025-10-06,298000,2,No disponible,298,germán9564186@viajes.cl,Santander,Cádiz,31,1240,149000,Alsa,2026-05-29,2026-05-29,,{}
146323,,,,,Disponible,0,goheho609@viajes.cl,Alcobendas,Ponferrada,46,2321,147000,Damas,2025-12-08,,,{}
124339,56418,2026-03-02,285000,1,No disponible,285,gopemo896@viajes.cl,Badajoz,Santa Cruz de Tenerife,55,4172,285000,,2026-04-12,2026-04-14,,{}
88001,62419,2025-07-15,1169000,7,No disponible,1169,guriba604@viajes.cl,Gijón,,34,3499,167000,BoltBus,2025-11-15,2025-11-17,,{}
144830,,,,,Disponible,0,gustavo8952191@viajes.cl,Zamora,Gecho,35,740,177000,,2025-03-26,,,{}
148044,,,,,Disponible,0,gutosa423@viajes.cl,Lugo,Córdoba,51,4309,338000,Southwest Airlines,2025-03-05,2025-08-31,Primera clase,
137396,59792,2025-10-05,816000,6,No disponible,816,heguca871@viajes.cl,Rivas-Vaciamadrid,Mérida,56,3074,136000,Trenitalia,2026-09-21,2026-09-23,,{}
139898,57318,2026-04-23,830000,10,No disponible,830,hernán5508876@viajes.cl,Leganés,Pamplona,49,4109,83000,ADO,2026-08-12,2026-08-14,,{}
97842,65249,2025-01-23,29000,1,No disponible,29,humaca291@viajes.cl,,Parla,45,221,29000,Estrella Roja,2025-02-09,2025-02-09,,{}
129171,61441,2025-01-26,1845000,9,No disponible,1845,incava830@viajes.cl,Salamanca,Inca,21,4017,205000,CFR (Rumania),2025-03-09,2025-03-11,,{}
144623,,,,,Disponible,0,irsico133@viajes.cl,Santiago de Compostela,San Fernando,30,2776,138000,Pullman Bus,2025-08-31,,,{}
94816,55947,2025-08-27,180000,2,No disponible,180,iscamo647@viajes.cl,Zaragoza,Toledo,56,1801,90000,HŽ (Croacia),2025-11-21,2025-11-22,,{}
132329,63585,2025-04-28,704000,8,No disponible,704,jaime4680549@viajes.cl,Logroño,Pontevedra,,2283,88000,Buses Ahumada,2025-05-01,2025-05-02,,{}
147379,,,,,Disponible,0,jaime9567571@viajes.cl,Parla,Alicante,24,2190,141000,Qatar Airways,2025-11-25,2026-02-24,Primera clase,
99593,66038,2025-12-10,306000,6,No disponible,306,jamaur759@viajes.cl,Alcalá de Henares,Sagunto,40,1677,51000,Avanza,2026-08-24,2026-08-25,,{}
85570,57288,2025-10-02,408000,8,No disponible,408,japame454@viajes.cl,Gecho,Málaga,39,2737,51000,,2026-11-11,2026-11-12,,{}
139362,63068,2025-03-14,940000,10,No disponible,940,javier5533113@viajes.cl,Valdemoro,Alcorcón,93,1440,94000,Nederlandse Sp,2026-04-18,2026-04-19,,{}
113979,63660,2025-04-16,354000,6,No disponible,354,joacto132@viajes.cl,Mataró,León,35,1816,59000,Buses Nilahue,2026-01-20,,,{}
146247,,,,,Disponible,0,joedtémo768@viajes.cl,Torrevieja,Guadalajara,50,4254,121000,Condor Bus,2026-09-15,,,{}
100766,66512,2025-02-04,1197000,7,No disponible,1197,jolucamu889@viajes.cl,,Valdemoro,46,3903,171000,Crucero del Norte,2025-08-16,2025-08-18,,{}
114486,59675,2025-02-24,1410000,10,No disponible,1410,jomaalma170@viajes.cl,Ferrol,El Ejido,95,1349,141000,,2026-06-06,2026-06-06,,{}
121336,65369,2025-05-21,125000,1,No disponible,125,jorge5266606@viajes.cl,Benalmádena,Benalmádena,53,451,125000,Thalys,2025-12-27,2025-12-27,,{}
132489,58135,2025-02-09,1176000,8,No disponible,1176,josé1349818@viajes.cl,Puertollano,Baracaldo,47,3626,147000,,2025-05-03,2025-05-05,,{}
103985,61140,2025-07-10,1160000,8,No disponible,1160,josé7880619@viajes.cl,Palma de Mallorca,Marbella,72,1180,145000,CD (República Checa),2026-04-07,2026-04-07,,{}
146519,,,,,Disponible,0,frpuos409@viajes.cl,Bilbao,Fuenlabrada,39,3867,147000,Monbus,2025-05-18,,,{}
108924,64571,2025-09-01,180000,2,No disponible,180,jucénate198@viajes.cl,Toledo,San Sebastián,33,3343,90000,,2025-10-13,2025-10-15,,{}
92815,64271,2025-01-17,486000,9,No disponible,486,julio6915188@viajes.cl,Algeciras,Santa Cruz de Tenerife,44,3357,54000,ADO,2026-08-04,2026-08-06,,{}
139808,65666,2025-05-14,550000,5,No disponible,550,jupuma342@viajes.cl,San Sebastián,Barcelona,50,1750,110000,Megabus,2026-10-04,2026-10-05,,{}
149274,,,,,Disponible,0,leonor6713388@viajes.cl,Madrid,Cornellá de Llobregat,13,2372,225000,HŽ (Croacia),2025-10-28,2026-02-03,,{}
95079,58383,2026-02-18,620000,5,No disponible,620,lilia8931915@viajes.cl,Zamora,Alicante,82,994,124000,NSB (Noruega),2026-03-18,2026-03-18,,{}
109332,60033,2025-07-06,2862000,9,No disponible,2862,locaji731@viajes.cl,,Telde,99,3813,318000,Italo,2025-09-25,2025-09-27,,{}
119123,59554,2025-02-26,424000,8,No disponible,424,lodope981@viajes.cl,Logroño,Málaga,75,327,53000,Deutsche Bahn (DB),2025-09-06,2025-09-06,,{}
79224,55943,2025-11-30,1140000,5,No disponible,1140,lola7104104@viajes.cl,Leganés,Vitoria,71,2462,228000,Amtrak,2026-05-13,2026-05-14,,{}
88118,55876,2025-01-22,208000,2,No disponible,208,lorena3513609@viajes.cl,Cádiz,Irún,74,491,104000,Italo,2025-02-22,,,{}
132498,56787,2026-03-17,1512000,7,No disponible,1512,losema775@viajes.cl,Huelva,Guadalajara,75,2789,216000,VR (Finlandia),2026-03-22,2026-03-23,,{}
138030,59363,2025-01-09,158000,1,No disponible,158,lucia7493903@viajes.cl,Santander,Benalmádena,47,3105,158000,Avanza,2025-02-13,2025-02-15,,{}
114081,55756,2025-10-20,516000,4,No disponible,516,luis7215383@viajes.cl,Córdoba,Huelva,36,3821,129000,Pullman Bus,2026-04-20,2026-04-22,,{}
145238,,,,,Disponible,0,lumigadu309@viajes.cl,Alcalá de Henares,Telde,32,1499,60000,Andesmar,2026-01-26,,,{}
80627,61908,2025-06-08,164000,2,No disponible,164,maabma639@viajes.cl,Oviedo,La Coruña,48,1448,82000,FlixBus,2025-11-01,2025-11-02,,{}
149823,,,,,Disponible,0,mababa273@viajes.cl,Gijón,Tarrasa,4,1399,68000,CFR (Rumania),2026-06-27,2026-08-24,,{}
143906,59703,2026-02-04,2280000,10,No disponible,2280,mabepa708@viajes.cl,Ávila,Pontevedra,43,3995,228000,Italo,2026-06-21,2026-06-23,,{}
145567,,,,,Disponible,0,maelpehe495@viajes.cl,Cerdañola del Vallés,,38,3336,172000,Via Bariloche,2026-11-22,,,{}
106611,62805,2025-07-18,264000,3,No disponible,264,maeurobo361@viajes.cl,Rubí,Barcelona,23,726,88000,ŽFBH (Bosnia y Herzegovina),2025-11-24,2025-11-24,,{}
149714,,,,,Disponible,0,manuel2099816@viajes.cl,Collado Villalba,Alcorcón,5,1530,141000,DSB (Dinamarca),2025-09-18,2025-11-20,,{}
98731,57519,2025-06-14,858000,6,No disponible,858,marcela1063339@viajes.cl,Valencia,Estepona,26,2363,143000,SNCB (Bélgica),2026-02-22,2026-02-23,,{}
96655,66416,2025-01-18,2520000,9,No disponible,2520,marco9528241@viajes.cl,Collado Villalba,Elda,89,2934,280000,ZS (Eslovenia),2025-03-12,2025-03-14,,{}
146395,,,,,Disponible,0,marcos890811@viajes.cl,Ponferrada,Gerona,41,1573,74000,Estrella Roja,2025-07-29,,,{}
146317,,,,,Disponible,0,marilu8903173@viajes.cl,,Alcalá de Guadaira,37,2484,111000,Chevallier,2026-08-18,,,{}
79766,62948,2025-08-16,2187000,9,No disponible,2187,maría1288820@viajes.cl,Puertollano,Badajoz,10,3692,243000,Eurostar,2025-12-31,2026-01-02,,
97854,56579,2025-03-09,302000,2,No disponible,302,maría4032410@viajes.cl,Cáceres,Gandía,79,3453,151000,CFR (Rumania),2025-04-19,2025-04-21,,{}
88734,65573,2025-02-05,1145000,5,No disponible,1145,maría4547699@viajes.cl,Torrejón de Ardoz,Majadahonda,39,3666,229000,Emirates,2026-06-08,2026-06-10,,"{""La Coruña"",Fuengirola,Alcorcón,Lérida,""Santa Cruz de Tenerife""}"
149575,,,,,Disponible,0,maría6926441@viajes.cl,Murcia,Castellón de la Plana,90,3626,219000,Italo,2025-12-26,2026-05-26,,{}
143767,58610,2025-04-08,610000,5,No disponible,610,maría911594@viajes.cl,,Getafe,39,792,122000,Omnibus de México,2025-04-13,2025-04-13,,{}
82972,63326,2025-06-16,1190000,7,No disponible,1190,masovama326@viajes.cl,Pamplona,La Línea de la Concepción,77,2257,170000,Nederlandse Sp,2025-06-19,2025-06-20,,{}
79231,55943,2025-01-31,1425000,5,No disponible,1425,mavega737@viajes.cl,Vitoria,San Fernando,26,3974,285000,Eurostar,2026-05-20,2026-05-22,,{}
96215,63716,2025-03-15,1176000,4,No disponible,1176,micaela3633872@viajes.cl,Zamora,Manresa,74,3260,294000,Amtrak,2025-08-05,2025-08-07,,{}
148811,,,,,Disponible,0,miguel1703488@viajes.cl,Santander,San Cristróbal de la Laguna,32,4028,322000,ZS (Eslovenia),2025-05-27,2025-11-10,,{}
136880,61098,2026-05-19,147000,1,No disponible,147,miguel8080812@viajes.cl,Madrid,Santa Coloma de Gramanet,36,946,147000,ADO,2026-08-09,2026-08-09,,{}
145707,,,,,Disponible,0,mimade747@viajes.cl,Las Palmas de Gran Canaria,San Fernando,47,3025,193000,JetSur,2025-01-30,,,{}
120009,56558,2025-03-02,192000,1,No disponible,192,misivi873@viajes.cl,Guadalajara,Getafe,30,1804,192000,,2025-08-18,2025-08-19,,{}
139969,58992,2025-05-02,36000,3,No disponible,36,miántial875@viajes.cl,Santiago de Compostela,Madrid,37,562,12000,Deutsche Bahn (DB),2025-08-25,2025-08-25,,{}
98501,56548,2025-01-06,432000,4,No disponible,432,mózaco269@viajes.cl,Lorca,Santa Lucía de Tirajana,45,1431,108000,Flecha Bus,2025-05-29,2025-05-29,,{}
140435,55691,2026-04-01,194000,2,No disponible,194,nopeal105@viajes.cl,Alcalá de Guadaira,Majadahonda,50,455,97000,Turbus,2026-08-03,2026-08-03,,{}
104340,59107,2025-02-03,560000,10,No disponible,560,norma6125104@viajes.cl,Ferrol,Pamplona,81,619,56000,Renfe,2025-02-05,2025-02-05,,{}
91829,58679,2025-05-22,268000,4,No disponible,268,pablo1161196@viajes.cl,Fuenlabrada,Lérida,30,2535,67000,Buses Bio Bio,2026-08-10,2026-08-11,,{}
143234,62809,2025-03-08,912000,8,No disponible,912,paroga838@viajes.cl,Torrevieja,Algeciras,47,371,114000,DSB (Dinamarca),2025-10-14,2025-10-14,,{}
97069,56588,2025-01-20,1188000,6,No disponible,1188,pavaar863@viajes.cl,Orense,Mataró,30,872,198000,Chevallier,2025-04-22,2025-04-22,,{}
145617,,,,,Disponible,0,piabmo168@viajes.cl,Móstoles,Molina de Segura,49,3974,85000,Socibus,2025-11-11,,,{}
86542,61411,2026-06-06,813000,3,No disponible,813,raacde153@viajes.cl,Ferrol,Sanlúcar de Barrameda,70,3104,271000,ZS (Eslovenia),2026-08-02,2026-08-04,,{}
149358,,,,,Disponible,0,racofl956@viajes.cl,La Coruña,Cartagena,41,3406,333000,SBB (Suiza),2025-04-13,2025-09-01,,{}
140154,64643,2026-02-18,303000,1,No disponible,303,racolo733@viajes.cl,Hospitalet de LLobregat,Zamora,8,3035,303000,ŽSSK (Eslovaquia),2026-02-23,2026-02-25,,{}
127521,62536,2025-01-16,480000,5,No disponible,480,ramona1701167@viajes.cl,Chiclana de la Frontera,Collado Villalba,40,372,96000,Flecha Bus,2025-04-28,2025-04-28,,{}
146448,,,,,Disponible,0,ramona5399102@viajes.cl,La Línea de la Concepción,Elda,41,3814,79000,Chevallier,2025-12-18,,,{}
84518,62448,2025-05-21,414000,3,No disponible,414,ramuga474@viajes.cl,Mérida,Avilés,47,2773,138000,Pullman Bus,2026-04-04,2026-04-05,,{}
128700,55880,2025-01-03,915000,5,No disponible,915,ramón7363256@viajes.cl,Collado Villalba,Elche,50,3460,183000,Flecha Bus,2025-01-06,2025-01-08,,{}
100077,55804,2025-05-02,904000,8,No disponible,904,raquel519176@viajes.cl,Castellón de la Plana,Murcia,31,875,113000,Buses Bio Bio,2025-07-04,2025-07-04,,{}
119313,66366,2025-03-24,1269000,9,No disponible,1269,ravime379@viajes.cl,Pozuelo de Alarcón,Lorca,32,491,141000,Damas,2025-10-18,2025-10-18,,{}
104498,58014,2025-12-15,1432000,8,No disponible,1432,raúl9381742@viajes.cl,Oviedo,Burgos,49,2754,179000,Avanza,2026-01-14,2026-01-15,,{}
144817,,,,,Disponible,0,rimech251@viajes.cl,Valdemoro,San Sebastián,48,3740,165000,Damas,2025-12-26,,,{}
117562,64282,2025-02-15,570000,10,No disponible,570,roberto9744305@viajes.cl,Torrejón de Ardoz,Cornellá de Llobregat,33,1604,57000,ETN Turistar,2025-03-16,2025-03-17,,{}
146488,,,,,Disponible,0,sagoni828@viajes.cl,Segovia,El Prat de LLobregat,48,4201,172000,Pullman Bus,2026-10-05,,,{}
134546,59264,2025-01-02,130000,1,No disponible,130,sagrca240@viajes.cl,Palma de Mallorca,Telde,94,1074,130000,Amtrak,2025-01-31,2025-01-31,,{}
123970,63597,2026-04-25,78000,1,No disponible,78,sara600324@viajes.cl,San Sebastián,Torremolinos,31,325,78000,Damas,2026-07-24,2026-07-24,,{}
145928,,,,,Disponible,0,semazú292@viajes.cl,Marbella,Alcalá de Guadaira,48,2634,122000,Alsa,2025-12-06,,,{}
119542,66042,2025-04-29,1800000,9,No disponible,1800,siurga784@viajes.cl,Córdoba,Cádiz,14,4278,200000,RZD (Rusia),2025-06-29,2025-07-01,,{}
116912,65352,2025-01-01,399000,1,No disponible,399,sr.1328517@viajes.cl,Santiago de Compostela,Ceuta,15,3872,399000,AVE,2025-06-27,2025-06-29,,{}
149120,,,,,Disponible,0,sr.3951766@viajes.cl,León,,9,4144,263000,Eurostar,2026-09-17,2027-03-08,,{}
82681,57879,2025-04-17,1125000,9,No disponible,1125,sr.4903927@viajes.cl,Santa Coloma de Gramanet,Benalmádena,89,1332,125000,,2026-03-08,,,{}
107747,66441,2025-04-01,3090000,10,No disponible,3090,sr.5449968@viajes.cl,Vitoria,Badajoz,89,3259,309000,NSB (Noruega),2025-04-03,,,{}
127594,65331,2025-02-03,2190000,10,No disponible,2190,sr.7819604@viajes.cl,Jerez de la Frontera,Tarrasa,73,3474,219000,DSB (Dinamarca),2026-07-17,2026-07-19,,{}
149991,,,,,Disponible,0,sra.1459233@viajes.cl,Parla,Almería,100,404,194000,SBB (Suiza),2025-01-06,2025-01-22,,{}
144894,,,,,Disponible,0,sra.1795408@viajes.cl,San Sebastían de los Reyes,Bilbao,47,205,13000,Buses Bio Bio,2025-07-30,,,{}
99189,55842,2025-01-25,1368000,8,No disponible,1368,sra.4101767@viajes.cl,Barcelona,Valencia,48,4138,171000,RZD (Rusia),2025-05-08,2025-05-10,,{}
81806,66496,2025-06-24,735000,7,No disponible,735,sra.6232546@viajes.cl,El Ejido,Marbella,34,1379,105000,Via Bariloche,2025-09-17,2025-09-17,,{}
127149,60007,2025-04-03,106000,1,No disponible,106,sra.9489774@viajes.cl,Benalmádena,Viladecans,,678,106000,CD (República Checa),2025-08-29,2025-08-29,,{}
81241,61734,2025-04-12,770000,5,No disponible,770,sradcatr480@viajes.cl,Orihuela,Tarrasa,78,3205,154000,Renfe,2025-08-29,,,{}
96802,60032,2025-01-27,1494000,9,No disponible,1494,srcotepe595@viajes.cl,Puertollano,Cerdañola del Vallés,82,452,166000,SNCB (Bélgica),2025-03-08,2025-03-08,,{}
112621,66317,2025-07-03,532000,4,No disponible,532,srjolumupe583@viajes.cl,Linares,Benalmádena,62,129,133000,NSB (Noruega),2026-01-01,2026-01-01,,{}
149211,,,,,Disponible,0,srjugáce908@viajes.cl,Alcobendas,Lugo,99,204,64000,Italo,2026-11-18,2026-11-26,,{}
149994,,,,,Disponible,0,srmavime606@viajes.cl,Mérida,Chiclana de la Frontera,55,3258,186000,CP (Portugal),2025-08-04,2025-12-17,,{}
140285,64850,2025-05-02,1350000,9,No disponible,1350,srpaquna207@viajes.cl,Oviedo,Telde,42,1322,150000,ADO,2026-11-06,2026-11-06,,{}
94024,60807,2025-02-05,936000,8,No disponible,936,srromesa573@viajes.cl,Ponferrada,Rubí,22,1824,117000,,2026-07-03,2026-07-04,,{}
81842,58918,2025-09-23,2316000,6,No disponible,2316,srsigagr821@viajes.cl,Torremolinos,El Ejido,44,4232,386000,Italo,2025-10-10,2025-10-12,,{}
138133,61262,2026-04-19,447000,3,No disponible,447,srsolues399@viajes.cl,Getafe,Móstoles,41,4142,149000,ADO,2026-06-20,2026-06-22,,{}
128530,65187,2025-03-16,121000,1,No disponible,121,sta.1321289@viajes.cl,Orense,San Sebastián,45,3284,121000,El Rápido Internacional,2025-05-08,2025-05-10,,{}
99967,60834,2026-01-09,2198000,7,No disponible,2198,sta.4160875@viajes.cl,Albacete,Cáceres,99,3668,314000,HŽ (Croacia),2026-09-27,2026-09-29,,{}
148472,,,,,Disponible,0,sta.4185906@viajes.cl,Huelva,Majadahonda,40,3655,186000,Turkish Airlines,2026-07-17,2026-12-16,Primera clase,
141211,62504,2025-08-30,133000,1,No disponible,133,sta.4527340@viajes.cl,Inca,Burgos,39,4286,133000,Buses Romani,2026-05-07,2026-05-09,,{}
121014,63714,2025-11-17,676000,4,No disponible,676,sta.4757439@viajes.cl,El Prat de LLobregat,Paterna,95,3665,169000,Renfe,2026-09-06,2026-09-08,,
106904,60657,2025-02-06,78000,2,No disponible,78,sta.6273940@viajes.cl,Dos Hermanas,Rivas-Vaciamadrid,36,363,39000,Alsa,2026-09-10,2026-09-10,,{}
137642,65403,2025-06-18,333000,3,No disponible,333,sta.6665708@viajes.cl,Córdoba,Barcelona,83,742,111000,American Airlines,2025-12-22,2025-12-22,,{Albacete}
120737,62963,2025-05-19,678000,6,No disponible,678,sta.6708100@viajes.cl,Torrejón de Ardoz,,50,513,113000,Damas,2026-11-29,2026-11-29,,{}
130605,59339,2025-10-28,212000,4,No disponible,212,sta.9844799@viajes.cl,Zamora,Majadahonda,47,296,53000,FlixBus,2026-01-06,2026-01-06,,{}
90434,61560,2025-02-14,144000,1,No disponible,144,stfrlega769@viajes.cl,Gijón,El Prat de LLobregat,30,1917,144000,,2025-10-30,2025-10-31,,{}
149481,,,,,Disponible,0,sthemagi384@viajes.cl,Hospitalet de LLobregat,Salamanca,56,2566,292000,Deutsche Bahn (DB),2026-05-28,2026-09-11,,{}
144975,,,,,Disponible,0,sthoraga190@viajes.cl,Murcia,Valencia,48,1933,112000,FlixBus,2026-02-16,,,{}
99813,63999,2025-02-24,790000,10,No disponible,790,stjarabe770@viajes.cl,Santander,Benidorm,19,1400,79000,VR (Finlandia),2025-09-14,2025-09-14,,{}
100769,59153,2025-04-25,2106000,6,No disponible,2106,stjopoal797@viajes.cl,Cornellá de Llobregat,,30,2971,351000,CP (Portugal),2026-08-12,2026-08-14,,{}
130300,59031,2025-06-04,280000,5,No disponible,280,stmiarze996@viajes.cl,Valladolid,Oviedo,40,2425,56000,Buses Ahumada,2026-01-01,2026-01-02,,{}
149431,,,,,Disponible,0,stroseal875@viajes.cl,San Sebastían de los Reyes,Ferrol,2,2387,250000,SBB (Suiza),2025-08-10,2025-11-17,,{}
131833,56391,2025-05-08,1068000,6,No disponible,1068,teodoro2026565@viajes.cl,Gandía,La Línea de la Concepción,39,3484,178000,Greyhound,2025-06-21,2025-06-23,,{}
97642,61339,2025-09-14,796000,4,No disponible,796,teodoro6192309@viajes.cl,,Pamplona,,3936,199000,Alsa,2025-10-10,2025-10-12,,{}
148834,,,,,Disponible,0,teveba618@viajes.cl,,Toledo,20,336,16000,VRZ (Croacia),2026-09-19,2026-10-03,,{}
100758,66512,2025-04-25,1064000,7,No disponible,1064,timoteo6843858@viajes.cl,Hospitalet de LLobregat,Arrecife,42,1322,152000,Flecha Bus,2025-08-09,2025-08-09,,{}
100286,61770,2025-02-09,436000,4,No disponible,436,veorpa980@viajes.cl,Bilbao,Lugo,30,1419,109000,Alsa,2025-08-05,2025-08-05,,{}
149502,,,,,Disponible,0,viresa520@viajes.cl,Vitoria,Marbella,80,1648,94000,Eurostar,2025-03-27,2025-06-03,,{}
149421,,,,,Disponible,0,vivimi661@viajes.cl,Sagunto,El Puerto de Santa María,64,3973,333000,Trenitalia,2026-03-06,2026-08-18,,{}
146319,,,,,Disponible,0,vípama583@viajes.cl,Hospitalet de LLobregat,,37,2552,178000,Buses Bio Bio,2026-11-18,,,{}
130485,62710,2026-04-11,132000,1,No disponible,132,óscar5982119@viajes.cl,Alcalá de Henares,Viladecans,38,950,132000,Condor Bus,2026-09-03,2026-09-03,,{}
108397,65111,2025-06-17,585000,9,No disponible,585,óscar9962637@viajes.cl,Lugo,Paterna,7,1234,65000,Emirates,2025-08-01,2025-08-01,,
129022,60252,2025-07-14,325000,5,No disponible,325,ósheza630@viajes.cl,Bilbao,Gijón,60,1975,65000,Italo,2025-10-28,2025-10-29,,{}
134928,61241,2026-04-27,597000,3,No disponible,597,Alejandromolina571@viajes.cl,Guadalajara,Mijas,49,2325,199000,Futura,2026-08-26,2026-08-27,,
88354,57771,2025-01-26,490000,5,No disponible,490,Alejandroserrato929@viajes.cl,Salamanca,Lérida,72,2657,98000,ZFBH (Bosnia y Herzegovina),2025-06-14,2025-06-15,,{}
81239,61734,2025-07-17,1010000,5,No disponible,1010,Alfredobenavídez720@viajes.cl,Arrecife,Orihuela,18,2647,202000,Thalys,2025-08-27,2025-08-28,,{}
112707,61370,2026-08-17,316000,2,No disponible,316,Amaliaadame525@viajes.cl,Roquetas de Mar,,19,2821,158000,HŽ (Croacia),2026-09-10,,,{}
116254,55785,2025-02-23,254000,2,No disponible,254,Amaliaquintana437@viajes.cl,Sagunto,Guadalajara,35,2250,127000,Andesmar,2025-11-03,2025-11-04,,{}
117933,64156,2025-01-07,819000,7,No disponible,819,Andreatrujillo333@viajes.cl,Sabadell,Collado Villalba,27,452,117000,ÖBB (Austria),2025-05-07,,,{}
148828,,,,,Disponible,0,Benitocardona170@viajes.cl,Fuenlabrada,,81,2649,145000,SBB (Suiza),2026-09-26,2027-01-14,,{}
91619,66121,2025-04-30,102000,1,No disponible,102,Benitoterán216@viajes.cl,Palma de Mallorca,Cartagena,62,1882,102000,ZSSK (Eslovaquia),2025-06-08,2025-06-09,,{}
144936,,,,,Disponible,0,Benjamínloya261@viajes.cl,San Cristróbal de la Laguna,Gandía,39,3298,120000,BoltBus,2026-04-30,,,
113994,62047,2025-08-06,35000,1,No disponible,35,Bernardoelizondo645@viajes.cl,,Cartagena,21,310,35000,CP (Portugal),2025-08-11,2025-08-11,,{}
96400,63183,2025-02-05,1602000,9,No disponible,1602,Bertaolivares743@viajes.cl,Santiago de Compostela,Sagunto,32,3791,178000,ETN Turistar,2025-04-19,2025-04-21,,{}
142011,64267,2025-01-15,588000,7,No disponible,588,Carlavega155@viajes.cl,Tarrasa,Mérida,49,785,84000,ÖBB (Austria),2025-02-23,2025-02-23,,{}
103144,63675,2025-03-29,864000,8,No disponible,864,Carlosrosales796@viajes.cl,Alcalá de Guadaira,Linares,98,1973,108000,ŽFBH (Bosnia y Herzegovina),2025-12-30,2025-12-31,,
145153,,,,,Disponible,0,Catalinasalcido382@viajes.cl,León,Sanlúcar de Barrameda,38,2552,180000,Futura,2026-03-15,,,{}
103821,59201,2025-03-30,1768000,8,No disponible,1768,Clarasalas217@viajes.cl,Santa Lucía de Tirajana,,80,2803,221000,Renfe,2025-07-15,2025-07-16,,{}
149894,,,,,Disponible,0,Clementedelacrúz671@viajes.cl,Majadahonda,Zamora,67,2314,191000,NSB (Noruega),2026-02-21,2026-05-28,,{}
142131,63280,2025-08-03,1008000,8,No disponible,1008,Concepcióncabrera224@viajes.cl,Granollers,Viladecans,48,757,126000,JetSur,2026-08-14,2026-08-14,,{}
144841,,,,,Disponible,0,Danielacandelaria184@viajes.cl,Getafe,Pamplona,37,2999,130000,Buses Ahumada,2025-07-11,,,{}
149303,,,,,Disponible,0,Dianamontero898@viajes.cl,Pamplona,Arrecife,1,3582,309000,Amtrak,2025-07-04,2025-11-30,,{}
115918,55813,2025-02-21,837000,9,No disponible,837,Déboraduran581@viajes.cl,Orihuela,Paterna,31,2560,93000,Socibus,2025-02-23,2025-02-24,,{}
136324,57622,2026-02-23,568000,4,No disponible,568,Elisarobles267@viajes.cl,Santa Lucía de Tirajana,Avilés,40,3955,142000,ETN Turistar,2026-10-12,2026-10-14,,{}
83944,59252,2025-09-13,732000,4,No disponible,732,Enriqueochoa292@viajes.cl,Rubí,Málaga,17,2568,183000,NSB (Noruega),2026-05-21,2026-05-22,,{}
100182,62819,2025-12-03,219000,3,No disponible,219,Esperanzacandelaria990@viajes.cl,La Línea de la Concepción,San Sebastián,50,3377,73000,Andesmar,2026-03-19,2026-03-21,,{}
102742,55806,2025-06-14,582000,6,No disponible,582,Esperanzapacheco849@viajes.cl,Madrid,Almería,41,4099,97000,Primera Plus,2025-12-08,2025-12-10,,{}
142862,66278,2025-01-17,234000,2,No disponible,234,Esperanzasegura621@viajes.cl,Mollet del Vallés,Viladecans,32,2141,117000,BoltBus,2025-05-03,2025-05-04,,{}
79203,60119,2025-02-02,721000,7,No disponible,721,Estelasauceda957@viajes.cl,Cáceres,Cuenta,44,2332,103000,ETN Turistar,2026-04-11,2026-04-12,,{}
88038,65690,2025-06-21,513000,9,No disponible,513,Fernandodelao340@viajes.cl,Ponferrada,Alcoy,92,600,57000,CP (Portugal),2025-12-08,2025-12-08,,{}
146853,,,,,Disponible,0,Florenciaestrada212@viajes.cl,Marbella,Arrecife,38,2265,197000,BoltBus,2025-07-15,,,{}
111755,55573,2026-06-05,160000,2,No disponible,160,Franciscaabeyta645@viajes.cl,Ávila,Las Palmas de Gran Canaria,,1985,80000,RZD (Rusia),2026-11-27,2026-11-28,,{}
86348,62038,2025-04-22,1328000,8,No disponible,1328,Franciscocorrales261@viajes.cl,Inca,San Cristróbal de la Laguna,42,3820,166000,Plusmar,2026-07-01,2026-07-03,,
114651,64183,2025-01-16,2196000,9,No disponible,2196,Franciscogranado910@viajes.cl,Guadalajara,Toledo,70,2449,244000,NS International,2025-03-23,2025-03-24,,{}
139254,61962,2025-04-15,112000,8,No disponible,112,Germánsuárez277@viajes.cl,Las Palmas de Gran Canaria,Jerez de la Frontera,45,205,14000,Greyhound,2025-11-17,2025-11-17,,{}
148817,,,,,Disponible,0,Gilbertoramón421@viajes.cl,Orense,Santiago de Compostela,76,4319,229000,Nederlandse Sp,2026-07-31,2027-01-26,,{}
105611,58787,2025-02-01,234000,3,No disponible,234,Horaciomondragón671@viajes.cl,Ferrol,Gandía,38,316,78000,El Rápido Internacional,2025-02-13,2025-02-13,,{}
117179,59784,2025-04-21,1242000,9,No disponible,1242,Hugoballesteros708@viajes.cl,Sevilla,Jerez de la Frontera,31,2756,138000,,2025-05-11,2025-05-12,,
149739,,,,,Disponible,0,Ignacioordóñez826@viajes.cl,Logroño,Salamanca,61,2876,140000,Eurostar,2026-09-04,2027-01-01,,{}
84530,59697,2026-03-18,906000,6,No disponible,906,Isabelabarrera904@viajes.cl,Badalona,Badalona,5,3352,151000,SNCB (Bélgica),2026-08-30,,,{}
93518,59538,2025-05-02,1085000,5,No disponible,1085,Javiergodínez122@viajes.cl,Torrejón de Ardoz,Rubí,13,2240,217000,ŽSSK (Eslovaquia),2025-08-26,2025-08-27,,{}
97483,61666,2025-04-06,567000,9,No disponible,567,Jerónimocorrales854@viajes.cl,Orihuela,Hospitalet de LLobregat,50,2588,63000,Socibus,2026-07-10,2026-07-11,,{}
108809,65286,2025-01-25,720000,6,No disponible,720,Josefinabarrios725@viajes.cl,,,35,571,120000,Flecha Bus,2026-02-22,2026-02-22,,{}
145895,,,,,Disponible,0,Lauraguillen164@viajes.cl,Logroño,Sagunto,35,943,94000,Condor Bus,2025-10-28,,,{}
145591,,,,,Disponible,0,Lucastrujillo461@viajes.cl,Valdemoro,Ferrol,31,3926,57000,Via Bariloche,2026-09-27,,,{}
126875,59078,2025-11-13,282000,1,No disponible,282,Magdalenabrito986@viajes.cl,Cartagena,Fuenlabrada,49,3578,282000,ŽFBH (Bosnia y Herzegovina),2026-07-04,2026-07-06,,{}
126873,65216,2025-10-19,792000,8,No disponible,792,Marcelajaimes783@viajes.cl,Arrecife,Sabadell,41,1822,99000,Condor Bus,2026-02-17,2026-02-18,,{}
110238,64920,2026-01-16,153000,1,No disponible,153,Marianozelaya465@viajes.cl,Zamora,,7,425,153000,Nederlandse Sp,2026-04-10,2026-04-10,,{}
132761,65567,2025-01-02,822000,2,No disponible,822,Mariluvaldez369@viajes.cl,Jerez de la Frontera,La Coruña,85,4224,411000,AVE,2025-01-29,2025-01-31,,{}
107168,55812,2025-02-01,131000,1,No disponible,131,Maríabecerra494@viajes.cl,La Coruña,Barcelona,1,3075,131000,SJ (Suecia),2026-03-26,2026-03-28,,{}
143692,56836,2025-03-08,895000,5,No disponible,895,Maríadelvalle249@viajes.cl,Paterna,Estepona,42,1764,179000,ZS (Eslovenia),2025-03-16,2025-03-17,,{}
103626,66624,2025-02-06,846000,9,No disponible,846,Maríadomínguez453@viajes.cl,Santa Coloma de Gramanet,León,33,748,94000,Chevallier,2026-09-23,2026-09-23,,{}
116234,57997,2025-07-19,440000,5,No disponible,440,Ramirocontreras288@viajes.cl,Guadalajara,,5,1615,88000,Amtrak,2026-08-09,2026-08-10,,{}
148962,,,,,Disponible,0,Ramonaacevedo828@viajes.cl,Castellón de la Plana,Pamplona,78,1799,130000,MÁV (Hungría),2026-05-14,2026-07-27,,{}
110152,64468,2025-12-21,300000,3,No disponible,300,Ramónabeyta326@viajes.cl,Dos Hermanas,Lorca,,3344,100000,Chevallier,2026-10-12,2026-10-14,,{}
134524,66485,2025-01-09,329000,7,No disponible,329,Ramóncedillo274@viajes.cl,Burgos,Madrid,44,421,47000,Plusmar,2025-01-15,,,
135162,64443,2025-02-02,1624000,8,No disponible,1624,Robertobarragán763@viajes.cl,Coslada,,73,4065,203000,SBB (Suiza),2025-03-31,2025-04-02,,{}
144615,,,,,Disponible,0,Rociogrijalva411@viajes.cl,Sevilla,Alcalá de Guadaira,47,1062,97000,Buses Bio Bio,2026-07-02,,,{}
92671,56790,2025-07-18,414000,3,No disponible,414,Rosaceballos545@viajes.cl,Logroño,,65,2277,138000,PKP (Polonia),2026-05-13,2026-05-14,,{}
134850,56918,2025-12-18,711000,9,No disponible,711,Salvadornevárez763@viajes.cl,Pamplona,Cáceres,50,3435,79000,El Rápido Internacional,2026-10-05,2026-10-07,,{}
145271,,,,,Disponible,0,Salvadorrael871@viajes.cl,Ponferrada,Gandía,49,3769,177000,Flecha Bus,2025-12-06,,,{}
118018,60246,2025-08-12,560000,10,No disponible,560,Silviaarreola496@viajes.cl,Santa Lucía de Tirajana,Oviedo,83,417,56000,ŽFBH (Bosnia y Herzegovina),2026-08-19,2026-08-19,,{}
131725,60855,2025-05-16,234000,2,No disponible,234,Soniaquesada509@viajes.cl,San Sebastián,Paterna,38,1836,117000,Socibus,2025-11-02,2025-11-03,,{}
138937,64071,2025-01-01,994000,7,No disponible,994,Sr.márquez121@viajes.cl,Collado Villalba,Algeciras,47,4264,142000,Flecha Bus,2025-02-16,2025-02-18,,{}
81723,61555,2025-01-05,1110000,10,No disponible,1110,Sr.ontiveros442@viajes.cl,Cáceres,Barcelona,,1126,111000,ETN Turistar,2025-03-26,2025-03-26,,{}
108453,57898,2025-02-28,167000,1,No disponible,167,Sr.orta582@viajes.cl,,Elche,43,4038,167000,Primera Plus,2025-03-12,2025-03-14,,{}
104737,59573,2025-04-03,560000,8,No disponible,560,Sr.reynoso806@viajes.cl,Parla,León,9,1008,70000,Nederlandse Sp,2025-04-11,2025-04-11,,{}
120934,56341,2025-04-29,168000,1,No disponible,168,Sr.tovar378@viajes.cl,Sagunto,Cádiz,40,2925,168000,Avanza,2026-02-16,2026-02-18,,{}
81381,56166,2025-03-05,280000,5,No disponible,280,Sra.banda816@viajes.cl,Benalmádena,Córdoba,35,1203,56000,RZD (Rusia),2025-10-25,2025-10-25,,{}
139863,63265,2025-06-21,1184000,8,No disponible,1184,Sra.girón712@viajes.cl,Gerona,El Ejido,57,3349,148000,Thalys,2026-08-18,2026-08-20,,{}
88578,63314,2025-09-04,465000,5,No disponible,465,Sra.gómez556@viajes.cl,Alcoy,Alicante,33,2623,93000,JetSur,2026-09-06,2026-09-07,,{}
79652,56145,2025-03-01,348000,4,No disponible,348,Sra.lozano349@viajes.cl,Cáceres,Jerez de la Frontera,34,4166,87000,FlixBus,2025-12-21,2025-12-23,,{}
148463,,,,,Disponible,0,Sra.munguía627@viajes.cl,Getafe,Ciudad Real,92,2170,248000,Singapore Airlines,2025-03-31,2025-06-29,,"{Avilés,Parla,Ponferrada,Calahorra,Zaragoza}"
145440,,,,,Disponible,0,Sra.toro255@viajes.cl,Fuenlabrada,Torrevieja,33,2001,75000,,2025-10-21,,,{}
123976,63579,2025-07-06,1395000,9,No disponible,1395,Sta.garibay963@viajes.cl,Cerdañola del Vallés,Sanlúcar de Barrameda,34,3925,155000,Estrella Roja,2026-02-17,,,{}
135351,57529,2025-01-19,175000,1,No disponible,175,Sta.quintanilla829@viajes.cl,Granada,Granollers,36,3670,175000,Socibus,2025-12-26,2025-12-28,,{}
112567,63462,2025-07-04,428000,2,No disponible,428,Teresagálvez741@viajes.cl,Gandía,El Ejido,82,2636,214000,VRZ (Croacia),2025-10-02,,,{}
141706,64376,2025-03-19,432000,8,No disponible,432,Timoteoorellana761@viajes.cl,Viladecans,Orihuela,34,4164,54000,Turbus,2025-04-29,2025-05-01,,{}
90852,58421,2025-06-25,960000,5,No disponible,960,adbebé714@viajes.cl,Torrelavega,Pozuelo de Alarcón,48,1314,192000,Crucero del Norte,2025-09-17,2025-09-17,,{}
79306,66471,2025-04-27,3015000,9,No disponible,3015,agvaro886@viajes.cl,Puertollano,Badalona,4,3621,335000,ZFBH (Bosnia y Herzegovina),2026-09-01,2026-09-03,,{}
102704,55784,2025-06-29,1070000,10,No disponible,1070,alejandra1046907@viajes.cl,Alcorcón,Oviedo,71,2880,107000,,2025-07-13,2025-07-15,,{}
136973,56259,2025-01-31,1134000,9,No disponible,1134,alejandra9343406@viajes.cl,Orihuela,Dos Hermanas,5,2711,126000,ŽSSK (Eslovaquia),2025-02-27,2025-02-28,,{}
114469,58163,2025-09-22,286000,2,No disponible,286,alicia3200638@viajes.cl,,Sagunto,91,1597,143000,BDZ (Bulgaria),2026-11-26,2026-11-27,,{}
113053,62459,2025-06-22,981000,9,No disponible,981,altare803@viajes.cl,Leganés,Majadahonda,44,499,109000,Estrella Roja,2026-04-28,,,{}
138387,62236,2026-02-26,764000,4,No disponible,764,amalqu651@viajes.cl,Molina de Segura,Chiclana de la Frontera,76,1634,191000,VRZ (Croacia),2026-06-02,2026-06-03,,{}
126491,58294,2025-01-11,183000,3,No disponible,183,ana1243422@viajes.cl,Valladolid,Burgos,45,1258,61000,Megabus,2026-06-03,2026-06-03,,{}
98768,60347,2026-05-10,1521000,9,No disponible,1521,ana6425378@viajes.cl,Mérida,Fuenlabrada,46,3225,169000,AVE,2026-06-18,2026-06-20,,{}
78989,59953,2025-04-20,255000,3,No disponible,255,anpubl651@viajes.cl,Sevilla,Lugo,88,2791,85000,ŽSSK (Eslovaquia),2025-04-27,2025-04-28,,{}
82241,63258,2025-02-11,936000,8,No disponible,936,anrove982@viajes.cl,Castellón de la Plana,,39,2293,117000,Primera Plus,2026-03-06,2026-03-07,,{}
126913,62411,2025-01-17,2272000,8,No disponible,2272,antonia3604496@viajes.cl,Palencia,Zamora,34,3386,284000,ZSSK (Eslovaquia),2025-02-24,2025-02-26,,{}
83773,56330,2026-03-12,400000,10,No disponible,400,arbagu510@viajes.cl,Ferrol,Cádiz,8,837,40000,Deutsche Bahn (DB),2026-04-19,2026-04-19,,{}
129871,59965,2026-02-19,238000,2,No disponible,238,baabpa755@viajes.cl,Santander,Jaén,50,3704,119000,FlixBus,2026-07-07,2026-07-09,,{}
149682,,,,,Disponible,0,bebofa924@viajes.cl,Fuenlabrada,Pontevedra,64,1104,126000,ŽSSK (Eslovaquia),2026-02-23,2026-04-10,,{}
80610,60566,2026-03-12,176000,2,No disponible,176,cariec163@viajes.cl,Benalmádena,Talavera de la Reina,39,1026,88000,Plusmar,2026-05-18,2026-05-18,,{}
85073,62952,2025-05-21,354000,3,No disponible,354,carmen8365423@viajes.cl,Huelva,Inca,34,1832,118000,Buses Nilahue,2025-07-14,2025-07-15,,{}
136380,61337,2025-10-17,1062000,9,No disponible,1062,caulbe408@viajes.cl,El Ejido,Molina de Segura,14,737,118000,Deutsche Bahn (DB),2025-10-25,,,{}
105351,58584,2025-04-20,1134000,9,No disponible,1134,clara7771923@viajes.cl,Gecho,Granollers,41,1755,126000,Qantas,2026-02-02,2026-02-03,Clase ejecutiva,
101849,65934,2025-02-05,426000,2,No disponible,426,claudio6619751@viajes.cl,Sevilla,Mijas,74,3911,213000,ŽFBH (Bosnia y Herzegovina),2025-11-10,2025-11-12,,{}
149807,,,,,Disponible,0,clcava986@viajes.cl,,Telde,97,238,77000,HŽ (Croacia),2026-08-27,2026-09-05,,{}
135645,64522,2025-02-10,1580000,10,No disponible,1580,clgues154@viajes.cl,,Badalona,46,4307,158000,Alsa,2026-05-02,2026-05-04,,{}
119920,58844,2025-01-01,984000,6,No disponible,984,coheca878@viajes.cl,Albacete,Orense,68,1918,164000,Thalys,2025-04-12,,,{}
80056,56366,2025-03-17,3101000,7,No disponible,3101,crnách772@viajes.cl,San Sebastián,Fuenlabrada,96,4052,443000,CP (Portugal),2025-04-16,2025-04-18,,{}
145359,,,,,Disponible,0,cébahu990@viajes.cl,Torrejón de Ardoz,Santa Cruz de Tenerife,34,4033,83000,Buses Bio Bio,2026-04-04,,,{}
92384,62963,2026-04-20,834000,6,No disponible,834,daabca985@viajes.cl,Sagunto,Gecho,,3266,139000,ETN Turistar,2026-10-10,2026-10-12,,{}
136460,57941,2026-02-10,250000,5,No disponible,250,dapicó253@viajes.cl,Tarrasa,Collado Villalba,35,4116,50000,Buses Romani,2026-06-20,2026-06-22,,{}
94437,63977,2025-07-10,2682000,9,No disponible,2682,david6622548@viajes.cl,,Sanlúcar de Barrameda,99,2557,298000,Italo,2026-03-02,2026-03-03,,{}
81176,63161,2025-03-31,655000,5,No disponible,655,docafr798@viajes.cl,Badalona,,29,1756,131000,Renfe,2025-10-18,2025-10-19,,{}
145672,,,,,Disponible,0,edpame371@viajes.cl,Algeciras,San Cristróbal de la Laguna,,1169,189000,Megabus,2026-08-14,,,{}
149307,,,,,Disponible,0,elanpu412@viajes.cl,Badajoz,Zaragoza,90,3337,299000,NS International,2025-05-23,2025-10-09,,{}
103521,59538,2025-02-20,1590000,10,No disponible,1590,elbáro341@viajes.cl,Tarrasa,Málaga,49,1447,159000,Primera Plus,2025-05-14,2025-05-15,,
89857,56509,2025-01-07,310000,5,No disponible,310,elhuna946@viajes.cl,Granada,Palma de Mallorca,37,2469,62000,Futura,2026-01-24,2026-01-25,,{}
99180,61299,2025-01-01,6000,1,No disponible,6,elrofl393@viajes.cl,Toledo,Lugo,40,361,6000,SBB (Suiza),2025-01-12,2025-01-12,,{}
134667,63839,2025-11-04,900000,10,No disponible,900,elsaam871@viajes.cl,Molina de Segura,Torrejón de Ardoz,8,1820,90000,Emirates,2026-01-09,2026-01-10,Clase ejecutiva,
103957,61682,2025-03-27,270000,3,No disponible,270,esguol423@viajes.cl,San Sebastían de los Reyes,San Sebastián,38,3933,90000,Socibus,2026-05-30,2026-06-01,,{}
146076,,,,,Disponible,0,esorru560@viajes.cl,Fuenlabrada,Alcobendas,50,1156,193000,Buses Ahumada,2026-03-03,,,{}
136881,61098,2025-01-20,100000,1,No disponible,100,esteban6674342@viajes.cl,Santa Coloma de Gramanet,Gerona,44,2798,100000,Buses Ahumada,2026-08-09,,,{}
144671,,,,,Disponible,0,estela3886133@viajes.cl,Torrejón de Ardoz,Ceuta,39,2009,119000,Monbus,2026-05-09,,,{}
79515,65191,2025-03-14,2160000,6,No disponible,2160,fedosá946@viajes.cl,Estepona,Estepona,75,2904,360000,SJ (Suecia),2026-06-07,2026-06-09,,{}
104998,60627,2025-05-16,810000,6,No disponible,810,francisca1691995@viajes.cl,Valencia,Reus,34,539,135000,EME Bus,2026-04-13,2026-04-13,,{}
95658,66147,2025-03-22,1190000,7,No disponible,1190,frbuco604@viajes.cl,,Majadahonda,,1907,170000,Pullman Bus,2026-05-02,2026-05-03,,{}
146519,,,,,Disponible,0,frpuos409@viajes.cl,Bilbao,Fuenlabrada,39,3867,147000,Monbus,2025-05-18,,,{}
105652,60395,2025-01-24,544000,4,No disponible,544,gajire460@viajes.cl,Talavera de la Reina,Santander,47,1033,136000,Condor Bus,2025-05-04,2025-05-04,,{}
92745,65157,2025-07-11,485000,5,No disponible,485,gepare579@viajes.cl,Rivas-Vaciamadrid,Segovia,32,458,97000,ETN Turistar,2025-09-29,2025-09-29,,{}
115468,55855,2025-10-06,298000,2,No disponible,298,germán9564186@viajes.cl,Santander,Cádiz,31,1240,149000,Alsa,2026-05-29,2026-05-29,,{}
146323,,,,,Disponible,0,goheho609@viajes.cl,Alcobendas,Ponferrada,46,2321,147000,Damas,2025-12-08,,,{}
124339,56418,2026-03-02,285000,1,No disponible,285,gopemo896@viajes.cl,Badajoz,Santa Cruz de Tenerife,55,4172,285000,,2026-04-12,2026-04-14,,{}
88001,62419,2025-07-15,1169000,7,No disponible,1169,guriba604@viajes.cl,Gijón,,34,3499,167000,BoltBus,2025-11-15,2025-11-17,,{}
144830,,,,,Disponible,0,gustavo8952191@viajes.cl,Zamora,Gecho,35,740,177000,,2025-03-26,,,{}
148044,,,,,Disponible,0,gutosa423@viajes.cl,Lugo,Córdoba,51,4309,338000,Southwest Airlines,2025-03-05,2025-08-31,Primera clase,
137396,59792,2025-10-05,816000,6,No disponible,816,heguca871@viajes.cl,Rivas-Vaciamadrid,Mérida,56,3074,136000,Trenitalia,2026-09-21,2026-09-23,,{}
139898,57318,2026-04-23,830000,10,No disponible,830,hernán5508876@viajes.cl,Leganés,Pamplona,49,4109,83000,ADO,2026-08-12,2026-08-14,,{}
97842,65249,2025-01-23,29000,1,No disponible,29,humaca291@viajes.cl,,Parla,45,221,29000,Estrella Roja,2025-02-09,2025-02-09,,{}
129171,61441,2025-01-26,1845000,9,No disponible,1845,incava830@viajes.cl,Salamanca,Inca,21,4017,205000,CFR (Rumania),2025-03-09,2025-03-11,,{}
144623,,,,,Disponible,0,irsico133@viajes.cl,Santiago de Compostela,San Fernando,30,2776,138000,Pullman Bus,2025-08-31,,,{}
132329,63585,2025-04-28,704000,8,No disponible,704,jaime4680549@viajes.cl,Logroño,Pontevedra,,2283,88000,Buses Ahumada,2025-05-01,2025-05-02,,{}
147379,,,,,Disponible,0,jaime9567571@viajes.cl,Parla,Alicante,24,2190,141000,Qatar Airways,2025-11-25,2026-02-24,Primera clase,
99593,66038,2025-12-10,306000,6,No disponible,306,jamaur759@viajes.cl,Alcalá de Henares,Sagunto,40,1677,51000,Avanza,2026-08-24,2026-08-25,,{}
85570,57288,2025-10-02,408000,8,No disponible,408,japame454@viajes.cl,Gecho,Málaga,39,2737,51000,,2026-11-11,2026-11-12,,{}
139362,63068,2025-03-14,940000,10,No disponible,940,javier5533113@viajes.cl,Valdemoro,Alcorcón,93,1440,94000,Nederlandse Sp,2026-04-18,2026-04-19,,{}
113979,63660,2025-04-16,354000,6,No disponible,354,joacto132@viajes.cl,Mataró,León,35,1816,59000,Buses Nilahue,2026-01-20,,,{}
146247,,,,,Disponible,0,joedtémo768@viajes.cl,Torrevieja,Guadalajara,50,4254,121000,Condor Bus,2026-09-15,,,{}
100766,66512,2025-02-04,1197000,7,No disponible,1197,jolucamu889@viajes.cl,,Valdemoro,46,3903,171000,Crucero del Norte,2025-08-16,2025-08-18,,{}
114486,59675,2025-02-24,1410000,10,No disponible,1410,jomaalma170@viajes.cl,Ferrol,El Ejido,95,1349,141000,,2026-06-06,2026-06-06,,{}
121336,65369,2025-05-21,125000,1,No disponible,125,jorge5266606@viajes.cl,Benalmádena,Benalmádena,53,451,125000,Thalys,2025-12-27,2025-12-27,,{}
132489,58135,2025-02-09,1176000,8,No disponible,1176,josé1349818@viajes.cl,Puertollano,Baracaldo,47,3626,147000,,2025-05-03,2025-05-05,,{}
103985,61140,2025-07-10,1160000,8,No disponible,1160,josé7880619@viajes.cl,Palma de Mallorca,Marbella,72,1180,145000,CD (República Checa),2026-04-07,2026-04-07,,{}
108924,64571,2025-09-01,180000,2,No disponible,180,jucénate198@viajes.cl,Toledo,San Sebastián,33,3343,90000,,2025-10-13,2025-10-15,,{}
92815,64271,2025-01-17,486000,9,No disponible,486,julio6915188@viajes.cl,Algeciras,Santa Cruz de Tenerife,44,3357,54000,ADO,2026-08-04,2026-08-06,,{}
139808,65666,2025-05-14,550000,5,No disponible,550,jupuma342@viajes.cl,San Sebastián,Barcelona,50,1750,110000,Megabus,2026-10-04,2026-10-05,,{}
149274,,,,,Disponible,0,leonor6713388@viajes.cl,Madrid,Cornellá de Llobregat,13,2372,225000,HŽ (Croacia),2025-10-28,2026-02-03,,{}
95079,58383,2026-02-18,620000,5,No disponible,620,lilia8931915@viajes.cl,Zamora,Alicante,82,994,124000,NSB (Noruega),2026-03-18,2026-03-18,,{}
109332,60033,2025-07-06,2862000,9,No disponible,2862,locaji731@viajes.cl,,Telde,99,3813,318000,Italo,2025-09-25,2025-09-27,,{}
119123,59554,2025-02-26,424000,8,No disponible,424,lodope981@viajes.cl,Logroño,Málaga,75,327,53000,Deutsche Bahn (DB),2025-09-06,2025-09-06,,{}
79224,55943,2025-11-30,1140000,5,No disponible,1140,lola7104104@viajes.cl,Leganés,Vitoria,71,2462,228000,Amtrak,2026-05-13,2026-05-14,,{}
88118,55876,2025-01-22,208000,2,No disponible,208,lorena3513609@viajes.cl,Cádiz,Irún,74,491,104000,Italo,2025-02-22,,,{}
138030,59363,2025-01-09,158000,1,No disponible,158,lucia7493903@viajes.cl,Santander,Benalmádena,47,3105,158000,Avanza,2025-02-13,2025-02-15,,{}
114081,55756,2025-10-20,516000,4,No disponible,516,luis7215383@viajes.cl,Córdoba,Huelva,36,3821,129000,Pullman Bus,2026-04-20,2026-04-22,,{}
145238,,,,,Disponible,0,lumigadu309@viajes.cl,Alcalá de Henares,Telde,32,1499,60000,Andesmar,2026-01-26,,,{}
80627,61908,2025-06-08,164000,2,No disponible,164,maabma639@viajes.cl,Oviedo,La Coruña,48,1448,82000,FlixBus,2025-11-01,2025-11-02,,{}
149823,,,,,Disponible,0,mababa273@viajes.cl,Gijón,Tarrasa,4,1399,68000,CFR (Rumania),2026-06-27,2026-08-24,,{}
143906,59703,2026-02-04,2280000,10,No disponible,2280,mabepa708@viajes.cl,Ávila,Pontevedra,43,3995,228000,Italo,2026-06-21,2026-06-23,,{}
145567,,,,,Disponible,0,maelpehe495@viajes.cl,Cerdañola del Vallés,,38,3336,172000,Via Bariloche,2026-11-22,,,{}
106611,62805,2025-07-18,264000,3,No disponible,264,maeurobo361@viajes.cl,Rubí,Barcelona,23,726,88000,ŽFBH (Bosnia y Herzegovina),2025-11-24,2025-11-24,,{}
98731,57519,2025-06-14,858000,6,No disponible,858,marcela1063339@viajes.cl,Valencia,Estepona,26,2363,143000,SNCB (Bélgica),2026-02-22,2026-02-23,,{}
96655,66416,2025-01-18,2520000,9,No disponible,2520,marco9528241@viajes.cl,Collado Villalba,Elda,89,2934,280000,ZS (Eslovenia),2025-03-12,2025-03-14,,{}
146395,,,,,Disponible,0,marcos890811@viajes.cl,Ponferrada,Gerona,41,1573,74000,Estrella Roja,2025-07-29,,,{}
146317,,,,,Disponible,0,marilu8903173@viajes.cl,,Alcalá de Guadaira,37,2484,111000,Chevallier,2026-08-18,,,{}
120009,56558,2025-03-02,192000,1,No disponible,192,misivi873@viajes.cl,Guadalajara,Getafe,30,1804,192000,,2025-08-18,2025-08-19,,{}
79766,62948,2025-08-16,2187000,9,No disponible,2187,maría1288820@viajes.cl,Puertollano,Badajoz,10,3692,243000,Eurostar,2025-12-31,2026-01-02,,
97854,56579,2025-03-09,302000,2,No disponible,302,maría4032410@viajes.cl,Cáceres,Gandía,79,3453,151000,CFR (Rumania),2025-04-19,2025-04-21,,{}
88734,65573,2025-02-05,1145000,5,No disponible,1145,maría4547699@viajes.cl,Torrejón de Ardoz,Majadahonda,39,3666,229000,Emirates,2026-06-08,2026-06-10,,"{""La Coruña"",Fuengirola,Alcorcón,Lérida,""Santa Cruz de Tenerife""}"
149575,,,,,Disponible,0,maría6926441@viajes.cl,Murcia,Castellón de la Plana,90,3626,219000,Italo,2025-12-26,2026-05-26,,{}
143767,58610,2025-04-08,610000,5,No disponible,610,maría911594@viajes.cl,,Getafe,39,792,122000,Omnibus de México,2025-04-13,2025-04-13,,{}
82972,63326,2025-06-16,1190000,7,No disponible,1190,masovama326@viajes.cl,Pamplona,La Línea de la Concepción,77,2257,170000,Nederlandse Sp,2025-06-19,2025-06-20,,{}
79231,55943,2025-01-31,1425000,5,No disponible,1425,mavega737@viajes.cl,Vitoria,San Fernando,26,3974,285000,Eurostar,2026-05-20,2026-05-22,,{}
96215,63716,2025-03-15,1176000,4,No disponible,1176,micaela3633872@viajes.cl,Zamora,Manresa,74,3260,294000,Amtrak,2025-08-05,2025-08-07,,{}
148811,,,,,Disponible,0,miguel1703488@viajes.cl,Santander,San Cristróbal de la Laguna,32,4028,322000,ZS (Eslovenia),2025-05-27,2025-11-10,,{}
136880,61098,2026-05-19,147000,1,No disponible,147,miguel8080812@viajes.cl,Madrid,Santa Coloma de Gramanet,36,946,147000,ADO,2026-08-09,2026-08-09,,{}
145707,,,,,Disponible,0,mimade747@viajes.cl,Las Palmas de Gran Canaria,San Fernando,47,3025,193000,JetSur,2025-01-30,,,{}
139969,58992,2025-05-02,36000,3,No disponible,36,miántial875@viajes.cl,Santiago de Compostela,Madrid,37,562,12000,Deutsche Bahn (DB),2025-08-25,2025-08-25,,{}
98501,56548,2025-01-06,432000,4,No disponible,432,mózaco269@viajes.cl,Lorca,Santa Lucía de Tirajana,45,1431,108000,Flecha Bus,2025-05-29,2025-05-29,,{}
140435,55691,2026-04-01,194000,2,No disponible,194,nopeal105@viajes.cl,Alcalá de Guadaira,Majadahonda,50,455,97000,Turbus,2026-08-03,2026-08-03,,{}
104340,59107,2025-02-03,560000,10,No disponible,560,norma6125104@viajes.cl,Ferrol,Pamplona,81,619,56000,Renfe,2025-02-05,2025-02-05,,{}
91829,58679,2025-05-22,268000,4,No disponible,268,pablo1161196@viajes.cl,Fuenlabrada,Lérida,30,2535,67000,Buses Bio Bio,2026-08-10,2026-08-11,,{}
143234,62809,2025-03-08,912000,8,No disponible,912,paroga838@viajes.cl,Torrevieja,Algeciras,47,371,114000,DSB (Dinamarca),2025-10-14,2025-10-14,,{}
97069,56588,2025-01-20,1188000,6,No disponible,1188,pavaar863@viajes.cl,Orense,Mataró,30,872,198000,Chevallier,2025-04-22,2025-04-22,,{}
145617,,,,,Disponible,0,piabmo168@viajes.cl,Móstoles,Molina de Segura,49,3974,85000,Socibus,2025-11-11,,,{}
86542,61411,2026-06-06,813000,3,No disponible,813,raacde153@viajes.cl,Ferrol,Sanlúcar de Barrameda,70,3104,271000,ZS (Eslovenia),2026-08-02,2026-08-04,,{}
149358,,,,,Disponible,0,racofl956@viajes.cl,La Coruña,Cartagena,41,3406,333000,SBB (Suiza),2025-04-13,2025-09-01,,{}
140154,64643,2026-02-18,303000,1,No disponible,303,racolo733@viajes.cl,Hospitalet de LLobregat,Zamora,8,3035,303000,ŽSSK (Eslovaquia),2026-02-23,2026-02-25,,{}
146448,,,,,Disponible,0,ramona5399102@viajes.cl,La Línea de la Concepción,Elda,41,3814,79000,Chevallier,2025-12-18,,,{}
84518,62448,2025-05-21,414000,3,No disponible,414,ramuga474@viajes.cl,Mérida,Avilés,47,2773,138000,Pullman Bus,2026-04-04,2026-04-05,,{}
100077,55804,2025-05-02,904000,8,No disponible,904,raquel519176@viajes.cl,Castellón de la Plana,Murcia,31,875,113000,Buses Bio Bio,2025-07-04,2025-07-04,,{}
144817,,,,,Disponible,0,rimech251@viajes.cl,Valdemoro,San Sebastián,48,3740,165000,Damas,2025-12-26,,,{}
117562,64282,2025-02-15,570000,10,No disponible,570,roberto9744305@viajes.cl,Torrejón de Ardoz,Cornellá de Llobregat,33,1604,57000,ETN Turistar,2025-03-16,2025-03-17,,{}
146488,,,,,Disponible,0,sagoni828@viajes.cl,Segovia,El Prat de LLobregat,48,4201,172000,Pullman Bus,2026-10-05,,,{}
134546,59264,2025-01-02,130000,1,No disponible,130,sagrca240@viajes.cl,Palma de Mallorca,Telde,94,1074,130000,Amtrak,2025-01-31,2025-01-31,,{}
123970,63597,2026-04-25,78000,1,No disponible,78,sara600324@viajes.cl,San Sebastián,Torremolinos,31,325,78000,Damas,2026-07-24,2026-07-24,,{}
145928,,,,,Disponible,0,semazú292@viajes.cl,Marbella,Alcalá de Guadaira,48,2634,122000,Alsa,2025-12-06,,,{}
119542,66042,2025-04-29,1800000,9,No disponible,1800,siurga784@viajes.cl,Córdoba,Cádiz,14,4278,200000,RZD (Rusia),2025-06-29,2025-07-01,,{}
116912,65352,2025-01-01,399000,1,No disponible,399,sr.1328517@viajes.cl,Santiago de Compostela,Ceuta,15,3872,399000,AVE,2025-06-27,2025-06-29,,{}
149120,,,,,Disponible,0,sr.3951766@viajes.cl,León,,9,4144,263000,Eurostar,2026-09-17,2027-03-08,,{}
82681,57879,2025-04-17,1125000,9,No disponible,1125,sr.4903927@viajes.cl,Santa Coloma de Gramanet,Benalmádena,89,1332,125000,,2026-03-08,,,{}
107747,66441,2025-04-01,3090000,10,No disponible,3090,sr.5449968@viajes.cl,Vitoria,Badajoz,89,3259,309000,NSB (Noruega),2025-04-03,,,{}
127594,65331,2025-02-03,2190000,10,No disponible,2190,sr.7819604@viajes.cl,Jerez de la Frontera,Tarrasa,73,3474,219000,DSB (Dinamarca),2026-07-17,2026-07-19,,{}
149991,,,,,Disponible,0,sra.1459233@viajes.cl,Parla,Almería,100,404,194000,SBB (Suiza),2025-01-06,2025-01-22,,{}
144894,,,,,Disponible,0,sra.1795408@viajes.cl,San Sebastían de los Reyes,Bilbao,47,205,13000,Buses Bio Bio,2025-07-30,,,{}
99189,55842,2025-01-25,1368000,8,No disponible,1368,sra.4101767@viajes.cl,Barcelona,Valencia,48,4138,171000,RZD (Rusia),2025-05-08,2025-05-10,,{}
81806,66496,2025-06-24,735000,7,No disponible,735,sra.6232546@viajes.cl,El Ejido,Marbella,34,1379,105000,Via Bariloche,2025-09-17,2025-09-17,,{}
127149,60007,2025-04-03,106000,1,No disponible,106,sra.9489774@viajes.cl,Benalmádena,Viladecans,,678,106000,CD (República Checa),2025-08-29,2025-08-29,,{}
81241,61734,2025-04-12,770000,5,No disponible,770,sradcatr480@viajes.cl,Orihuela,Tarrasa,78,3205,154000,Renfe,2025-08-29,,,{}
96802,60032,2025-01-27,1494000,9,No disponible,1494,srcotepe595@viajes.cl,Puertollano,Cerdañola del Vallés,82,452,166000,SNCB (Bélgica),2025-03-08,2025-03-08,,{}
112621,66317,2025-07-03,532000,4,No disponible,532,srjolumupe583@viajes.cl,Linares,Benalmádena,62,129,133000,NSB (Noruega),2026-01-01,2026-01-01,,{}
149211,,,,,Disponible,0,srjugáce908@viajes.cl,Alcobendas,Lugo,99,204,64000,Italo,2026-11-18,2026-11-26,,{}
149994,,,,,Disponible,0,srmavime606@viajes.cl,Mérida,Chiclana de la Frontera,55,3258,186000,CP (Portugal),2025-08-04,2025-12-17,,{}
140285,64850,2025-05-02,1350000,9,No disponible,1350,srpaquna207@viajes.cl,Oviedo,Telde,42,1322,150000,ADO,2026-11-06,2026-11-06,,{}
94024,60807,2025-02-05,936000,8,No disponible,936,srromesa573@viajes.cl,Ponferrada,Rubí,22,1824,117000,,2026-07-03,2026-07-04,,{}
81842,58918,2025-09-23,2316000,6,No disponible,2316,srsigagr821@viajes.cl,Torremolinos,El Ejido,44,4232,386000,Italo,2025-10-10,2025-10-12,,{}
138133,61262,2026-04-19,447000,3,No disponible,447,srsolues399@viajes.cl,Getafe,Móstoles,41,4142,149000,ADO,2026-06-20,2026-06-22,,{}
128530,65187,2025-03-16,121000,1,No disponible,121,sta.1321289@viajes.cl,Orense,San Sebastián,45,3284,121000,El Rápido Internacional,2025-05-08,2025-05-10,,{}
99967,60834,2026-01-09,2198000,7,No disponible,2198,sta.4160875@viajes.cl,Albacete,Cáceres,99,3668,314000,HŽ (Croacia),2026-09-27,2026-09-29,,{}
148472,,,,,Disponible,0,sta.4185906@viajes.cl,Huelva,Majadahonda,40,3655,186000,Turkish Airlines,2026-07-17,2026-12-16,Primera clase,
121014,63714,2025-11-17,676000,4,No disponible,676,sta.4757439@viajes.cl,El Prat de LLobregat,Paterna,95,3665,169000,Renfe,2026-09-06,2026-09-08,,
106904,60657,2025-02-06,78000,2,No disponible,78,sta.6273940@viajes.cl,Dos Hermanas,Rivas-Vaciamadrid,36,363,39000,Alsa,2026-09-10,2026-09-10,,{}
137642,65403,2025-06-18,333000,3,No disponible,333,sta.6665708@viajes.cl,Córdoba,Barcelona,83,742,111000,American Airlines,2025-12-22,2025-12-22,,{Albacete}
120737,62963,2025-05-19,678000,6,No disponible,678,sta.6708100@viajes.cl,Torrejón de Ardoz,,50,513,113000,Damas,2026-11-29,2026-11-29,,{}
130605,59339,2025-10-28,212000,4,No disponible,212,sta.9844799@viajes.cl,Zamora,Majadahonda,47,296,53000,FlixBus,2026-01-06,2026-01-06,,{}
90434,61560,2025-02-14,144000,1,No disponible,144,stfrlega769@viajes.cl,Gijón,El Prat de LLobregat,30,1917,144000,,2025-10-30,2025-10-31,,{}
149481,,,,,Disponible,0,sthemagi384@viajes.cl,Hospitalet de LLobregat,Salamanca,56,2566,292000,Deutsche Bahn (DB),2026-05-28,2026-09-11,,{}
144975,,,,,Disponible,0,sthoraga190@viajes.cl,Murcia,Valencia,48,1933,112000,FlixBus,2026-02-16,,,{}
99813,63999,2025-02-24,790000,10,No disponible,790,stjarabe770@viajes.cl,Santander,Benidorm,19,1400,79000,VR (Finlandia),2025-09-14,2025-09-14,,{}
100769,59153,2025-04-25,2106000,6,No disponible,2106,stjopoal797@viajes.cl,Cornellá de Llobregat,,30,2971,351000,CP (Portugal),2026-08-12,2026-08-14,,{}
130300,59031,2025-06-04,280000,5,No disponible,280,stmiarze996@viajes.cl,Valladolid,Oviedo,40,2425,56000,Buses Ahumada,2026-01-01,2026-01-02,,{}
149431,,,,,Disponible,0,stroseal875@viajes.cl,San Sebastían de los Reyes,Ferrol,2,2387,250000,SBB (Suiza),2025-08-10,2025-11-17,,{}
131833,56391,2025-05-08,1068000,6,No disponible,1068,teodoro2026565@viajes.cl,Gandía,La Línea de la Concepción,39,3484,178000,Greyhound,2025-06-21,2025-06-23,,{}
97642,61339,2025-09-14,796000,4,No disponible,796,teodoro6192309@viajes.cl,,Pamplona,,3936,199000,Alsa,2025-10-10,2025-10-12,,{}
148834,,,,,Disponible,0,teveba618@viajes.cl,,Toledo,20,336,16000,VRZ (Croacia),2026-09-19,2026-10-03,,{}
100758,66512,2025-04-25,1064000,7,No disponible,1064,timoteo6843858@viajes.cl,Hospitalet de LLobregat,Arrecife,42,1322,152000,Flecha Bus,2025-08-09,2025-08-09,,{}
100286,61770,2025-02-09,436000,4,No disponible,436,veorpa980@viajes.cl,Bilbao,Lugo,30,1419,109000,Alsa,2025-08-05,2025-08-05,,{}
149502,,,,,Disponible,0,viresa520@viajes.cl,Vitoria,Marbella,80,1648,94000,Eurostar,2025-03-27,2025-06-03,,{}
149421,,,,,Disponible,0,vivimi661@viajes.cl,Sagunto,El Puerto de Santa María,64,3973,333000,Trenitalia,2026-03-06,2026-08-18,,{}
146319,,,,,Disponible,0,vípama583@viajes.cl,Hospitalet de LLobregat,,37,2552,178000,Buses Bio Bio,2026-11-18,,,{}
130485,62710,2026-04-11,132000,1,No disponible,132,óscar5982119@viajes.cl,Alcalá de Henares,Viladecans,38,950,132000,Condor Bus,2026-09-03,2026-09-03,,{}
108397,65111,2025-06-17,585000,9,No disponible,585,óscar9962637@viajes.cl,Lugo,Paterna,7,1234,65000,Emirates,2025-08-01,2025-08-01,,
129022,60252,2025-07-14,325000,5,No disponible,325,ósheza630@viajes.cl,Bilbao,Gijón,60,1975,65000,Italo,2025-10-28,2025-10-29,,{}
134928,61241,2026-04-27,597000,3,No disponible,597,Alejandromolina571@viajes.cl,Guadalajara,Mijas,49,2325,199000,Futura,2026-08-26,2026-08-27,,
88354,57771,2025-01-26,490000,5,No disponible,490,Alejandroserrato929@viajes.cl,Salamanca,Lérida,72,2657,98000,ZFBH (Bosnia y Herzegovina),2025-06-14,2025-06-15,,{}
81239,61734,2025-07-17,1010000,5,No disponible,1010,Alfredobenavídez720@viajes.cl,Arrecife,Orihuela,18,2647,202000,Thalys,2025-08-27,2025-08-28,,{}
112707,61370,2026-08-17,316000,2,No disponible,316,Amaliaadame525@viajes.cl,Roquetas de Mar,,19,2821,158000,HŽ (Croacia),2026-09-10,,,{}
116254,55785,2025-02-23,254000,2,No disponible,254,Amaliaquintana437@viajes.cl,Sagunto,Guadalajara,35,2250,127000,Andesmar,2025-11-03,2025-11-04,,{}
117933,64156,2025-01-07,819000,7,No disponible,819,Andreatrujillo333@viajes.cl,Sabadell,Collado Villalba,27,452,117000,ÖBB (Austria),2025-05-07,,,{}
148828,,,,,Disponible,0,Benitocardona170@viajes.cl,Fuenlabrada,,81,2649,145000,SBB (Suiza),2026-09-26,2027-01-14,,{}
91619,66121,2025-04-30,102000,1,No disponible,102,Benitoterán216@viajes.cl,Palma de Mallorca,Cartagena,62,1882,102000,ZSSK (Eslovaquia),2025-06-08,2025-06-09,,{}
144936,,,,,Disponible,0,Benjamínloya261@viajes.cl,San Cristróbal de la Laguna,Gandía,39,3298,120000,BoltBus,2026-04-30,,,
113994,62047,2025-08-06,35000,1,No disponible,35,Bernardoelizondo645@viajes.cl,,Cartagena,21,310,35000,CP (Portugal),2025-08-11,2025-08-11,,{}
96400,63183,2025-02-05,1602000,9,No disponible,1602,Bertaolivares743@viajes.cl,Santiago de Compostela,Sagunto,32,3791,178000,ETN Turistar,2025-04-19,2025-04-21,,{}
142011,64267,2025-01-15,588000,7,No disponible,588,Carlavega155@viajes.cl,Tarrasa,Mérida,49,785,84000,ÖBB (Austria),2025-02-23,2025-02-23,,{}
103144,63675,2025-03-29,864000,8,No disponible,864,Carlosrosales796@viajes.cl,Alcalá de Guadaira,Linares,98,1973,108000,ŽFBH (Bosnia y Herzegovina),2025-12-30,2025-12-31,,
145153,,,,,Disponible,0,Catalinasalcido382@viajes.cl,León,Sanlúcar de Barrameda,38,2552,180000,Futura,2026-03-15,,,{}
103821,59201,2025-03-30,1768000,8,No disponible,1768,Clarasalas217@viajes.cl,Santa Lucía de Tirajana,,80,2803,221000,Renfe,2025-07-15,2025-07-16,,{}
149894,,,,,Disponible,0,Clementedelacrúz671@viajes.cl,Majadahonda,Zamora,67,2314,191000,NSB (Noruega),2026-02-21,2026-05-28,,{}
142131,63280,2025-08-03,1008000,8,No disponible,1008,Concepcióncabrera224@viajes.cl,Granollers,Viladecans,48,757,126000,JetSur,2026-08-14,2026-08-14,,{}
144841,,,,,Disponible,0,Danielacandelaria184@viajes.cl,Getafe,Pamplona,37,2999,130000,Buses Ahumada,2025-07-11,,,{}
149303,,,,,Disponible,0,Dianamontero898@viajes.cl,Pamplona,Arrecife,1,3582,309000,Amtrak,2025-07-04,2025-11-30,,{}
115918,55813,2025-02-21,837000,9,No disponible,837,Déboraduran581@viajes.cl,Orihuela,Paterna,31,2560,93000,Socibus,2025-02-23,2025-02-24,,{}
136324,57622,2026-02-23,568000,4,No disponible,568,Elisarobles267@viajes.cl,Santa Lucía de Tirajana,Avilés,40,3955,142000,ETN Turistar,2026-10-12,2026-10-14,,{}
83944,59252,2025-09-13,732000,4,No disponible,732,Enriqueochoa292@viajes.cl,Rubí,Málaga,17,2568,183000,NSB (Noruega),2026-05-21,2026-05-22,,{}
100182,62819,2025-12-03,219000,3,No disponible,219,Esperanzacandelaria990@viajes.cl,La Línea de la Concepción,San Sebastián,50,3377,73000,Andesmar,2026-03-19,2026-03-21,,{}
102742,55806,2025-06-14,582000,6,No disponible,582,Esperanzapacheco849@viajes.cl,Madrid,Almería,41,4099,97000,Primera Plus,2025-12-08,2025-12-10,,{}
142862,66278,2025-01-17,234000,2,No disponible,234,Esperanzasegura621@viajes.cl,Mollet del Vallés,Viladecans,32,2141,117000,BoltBus,2025-05-03,2025-05-04,,{}
79203,60119,2025-02-02,721000,7,No disponible,721,Estelasauceda957@viajes.cl,Cáceres,Cuenta,44,2332,103000,ETN Turistar,2026-04-11,2026-04-12,,{}
88038,65690,2025-06-21,513000,9,No disponible,513,Fernandodelao340@viajes.cl,Ponferrada,Alcoy,92,600,57000,CP (Portugal),2025-12-08,2025-12-08,,{}
146853,,,,,Disponible,0,Florenciaestrada212@viajes.cl,Marbella,Arrecife,38,2265,197000,BoltBus,2025-07-15,,,{}
111755,55573,2026-06-05,160000,2,No disponible,160,Franciscaabeyta645@viajes.cl,Ávila,Las Palmas de Gran Canaria,,1985,80000,RZD (Rusia),2026-11-27,2026-11-28,,{}
86348,62038,2025-04-22,1328000,8,No disponible,1328,Franciscocorrales261@viajes.cl,Inca,San Cristróbal de la Laguna,42,3820,166000,Plusmar,2026-07-01,2026-07-03,,
114651,64183,2025-01-16,2196000,9,No disponible,2196,Franciscogranado910@viajes.cl,Guadalajara,Toledo,70,2449,244000,NS International,2025-03-23,2025-03-24,,{}
139254,61962,2025-04-15,112000,8,No disponible,112,Germánsuárez277@viajes.cl,Las Palmas de Gran Canaria,Jerez de la Frontera,45,205,14000,Greyhound,2025-11-17,2025-11-17,,{}
148817,,,,,Disponible,0,Gilbertoramón421@viajes.cl,Orense,Santiago de Compostela,76,4319,229000,Nederlandse Sp,2026-07-31,2027-01-26,,{}
105611,58787,2025-02-01,234000,3,No disponible,234,Horaciomondragón671@viajes.cl,Ferrol,Gandía,38,316,78000,El Rápido Internacional,2025-02-13,2025-02-13,,{}
117179,59784,2025-04-21,1242000,9,No disponible,1242,Hugoballesteros708@viajes.cl,Sevilla,Jerez de la Frontera,31,2756,138000,,2025-05-11,2025-05-12,,
149739,,,,,Disponible,0,Ignacioordóñez826@viajes.cl,Logroño,Salamanca,61,2876,140000,Eurostar,2026-09-04,2027-01-01,,{}
84530,59697,2026-03-18,906000,6,No disponible,906,Isabelabarrera904@viajes.cl,Badalona,Badalona,5,3352,151000,SNCB (Bélgica),2026-08-30,,,{}
93518,59538,2025-05-02,1085000,5,No disponible,1085,Javiergodínez122@viajes.cl,Torrejón de Ardoz,Rubí,13,2240,217000,ŽSSK (Eslovaquia),2025-08-26,2025-08-27,,{}
97483,61666,2025-04-06,567000,9,No disponible,567,Jerónimocorrales854@viajes.cl,Orihuela,Hospitalet de LLobregat,50,2588,63000,Socibus,2026-07-10,2026-07-11,,{}
108809,65286,2025-01-25,720000,6,No disponible,720,Josefinabarrios725@viajes.cl,,,35,571,120000,Flecha Bus,2026-02-22,2026-02-22,,{}
145895,,,,,Disponible,0,Lauraguillen164@viajes.cl,Logroño,Sagunto,35,943,94000,Condor Bus,2025-10-28,,,{}
145591,,,,,Disponible,0,Lucastrujillo461@viajes.cl,Valdemoro,Ferrol,31,3926,57000,Via Bariloche,2026-09-27,,,{}
126875,59078,2025-11-13,282000,1,No disponible,282,Magdalenabrito986@viajes.cl,Cartagena,Fuenlabrada,49,3578,282000,ŽFBH (Bosnia y Herzegovina),2026-07-04,2026-07-06,,{}
126873,65216,2025-10-19,792000,8,No disponible,792,Marcelajaimes783@viajes.cl,Arrecife,Sabadell,41,1822,99000,Condor Bus,2026-02-17,2026-02-18,,{}
110238,64920,2026-01-16,153000,1,No disponible,153,Marianozelaya465@viajes.cl,Zamora,,7,425,153000,Nederlandse Sp,2026-04-10,2026-04-10,,{}
132761,65567,2025-01-02,822000,2,No disponible,822,Mariluvaldez369@viajes.cl,Jerez de la Frontera,La Coruña,85,4224,411000,AVE,2025-01-29,2025-01-31,,{}
107168,55812,2025-02-01,131000,1,No disponible,131,Maríabecerra494@viajes.cl,La Coruña,Barcelona,1,3075,131000,SJ (Suecia),2026-03-26,2026-03-28,,{}
143692,56836,2025-03-08,895000,5,No disponible,895,Maríadelvalle249@viajes.cl,Paterna,Estepona,42,1764,179000,ZS (Eslovenia),2025-03-16,2025-03-17,,{}
103626,66624,2025-02-06,846000,9,No disponible,846,Maríadomínguez453@viajes.cl,Santa Coloma de Gramanet,León,33,748,94000,Chevallier,2026-09-23,2026-09-23,,{}
145271,,,,,Disponible,0,Salvadorrael871@viajes.cl,Ponferrada,Gandía,49,3769,177000,Flecha Bus,2025-12-06,,,{}
116234,57997,2025-07-19,440000,5,No disponible,440,Ramirocontreras288@viajes.cl,Guadalajara,,5,1615,88000,Amtrak,2026-08-09,2026-08-10,,{}
148962,,,,,Disponible,0,Ramonaacevedo828@viajes.cl,Castellón de la Plana,Pamplona,78,1799,130000,MÁV (Hungría),2026-05-14,2026-07-27,,{}
110152,64468,2025-12-21,300000,3,No disponible,300,Ramónabeyta326@viajes.cl,Dos Hermanas,Lorca,,3344,100000,Chevallier,2026-10-12,2026-10-14,,{}
134524,66485,2025-01-09,329000,7,No disponible,329,Ramóncedillo274@viajes.cl,Burgos,Madrid,44,421,47000,Plusmar,2025-01-15,,,
135162,64443,2025-02-02,1624000,8,No disponible,1624,Robertobarragán763@viajes.cl,Coslada,,73,4065,203000,SBB (Suiza),2025-03-31,2025-04-02,,{}
144615,,,,,Disponible,0,Rociogrijalva411@viajes.cl,Sevilla,Alcalá de Guadaira,47,1062,97000,Buses Bio Bio,2026-07-02,,,{}
92671,56790,2025-07-18,414000,3,No disponible,414,Rosaceballos545@viajes.cl,Logroño,,65,2277,138000,PKP (Polonia),2026-05-13,2026-05-14,,{}
134850,56918,2025-12-18,711000,9,No disponible,711,Salvadornevárez763@viajes.cl,Pamplona,Cáceres,50,3435,79000,El Rápido Internacional,2026-10-05,2026-10-07,,{}
118018,60246,2025-08-12,560000,10,No disponible,560,Silviaarreola496@viajes.cl,Santa Lucía de Tirajana,Oviedo,83,417,56000,ŽFBH (Bosnia y Herzegovina),2026-08-19,2026-08-19,,{}
131725,60855,2025-05-16,234000,2,No disponible,234,Soniaquesada509@viajes.cl,San Sebastián,Paterna,38,1836,117000,Socibus,2025-11-02,2025-11-03,,{}
138937,64071,2025-01-01,994000,7,No disponible,994,Sr.márquez121@viajes.cl,Collado Villalba,Algeciras,47,4264,142000,Flecha Bus,2025-02-16,2025-02-18,,{}
81723,61555,2025-01-05,1110000,10,No disponible,1110,Sr.ontiveros442@viajes.cl,Cáceres,Barcelona,,1126,111000,ETN Turistar,2025-03-26,2025-03-26,,{}
108453,57898,2025-02-28,167000,1,No disponible,167,Sr.orta582@viajes.cl,,Elche,43,4038,167000,Primera Plus,2025-03-12,2025-03-14,,{}
104737,59573,2025-04-03,560000,8,No disponible,560,Sr.reynoso806@viajes.cl,Parla,León,9,1008,70000,Nederlandse Sp,2025-04-11,2025-04-11,,{}
120934,56341,2025-04-29,168000,1,No disponible,168,Sr.tovar378@viajes.cl,Sagunto,Cádiz,40,2925,168000,Avanza,2026-02-16,2026-02-18,,{}
81381,56166,2025-03-05,280000,5,No disponible,280,Sra.banda816@viajes.cl,Benalmádena,Córdoba,35,1203,56000,RZD (Rusia),2025-10-25,2025-10-25,,{}
139863,63265,2025-06-21,1184000,8,No disponible,1184,Sra.girón712@viajes.cl,Gerona,El Ejido,57,3349,148000,Thalys,2026-08-18,2026-08-20,,{}
88578,63314,2025-09-04,465000,5,No disponible,465,Sra.gómez556@viajes.cl,Alcoy,Alicante,33,2623,93000,JetSur,2026-09-06,2026-09-07,,{}
79652,56145,2025-03-01,348000,4,No disponible,348,Sra.lozano349@viajes.cl,Cáceres,Jerez de la Frontera,34,4166,87000,FlixBus,2025-12-21,2025-12-23,,{}
148463,,,,,Disponible,0,Sra.munguía627@viajes.cl,Getafe,Ciudad Real,92,2170,248000,Singapore Airlines,2025-03-31,2025-06-29,,"{Avilés,Parla,Ponferrada,Calahorra,Zaragoza}"
145440,,,,,Disponible,0,Sra.toro255@viajes.cl,Fuenlabrada,Torrevieja,33,2001,75000,,2025-10-21,,,{}
123976,63579,2025-07-06,1395000,9,No disponible,1395,Sta.garibay963@viajes.cl,Cerdañola del Vallés,Sanlúcar de Barrameda,34,3925,155000,Estrella Roja,2026-02-17,,,{}
135351,57529,2025-01-19,175000,1,No disponible,175,Sta.quintanilla829@viajes.cl,Granada,Granollers,36,3670,175000,Socibus,2025-12-26,2025-12-28,,{}
112567,63462,2025-07-04,428000,2,No disponible,428,Teresagálvez741@viajes.cl,Gandía,El Ejido,82,2636,214000,VRZ (Croacia),2025-10-02,,,{}
141706,64376,2025-03-19,432000,8,No disponible,432,Timoteoorellana761@viajes.cl,Viladecans,Orihuela,34,4164,54000,Turbus,2025-04-29,2025-05-01,,{}
90852,58421,2025-06-25,960000,5,No disponible,960,adbebé714@viajes.cl,Torrelavega,Pozuelo de Alarcón,48,1314,192000,Crucero del Norte,2025-09-17,2025-09-17,,{}
79306,66471,2025-04-27,3015000,9,No disponible,3015,agvaro886@viajes.cl,Puertollano,Badalona,4,3621,335000,ZFBH (Bosnia y Herzegovina),2026-09-01,2026-09-03,,{}
102704,55784,2025-06-29,1070000,10,No disponible,1070,alejandra1046907@viajes.cl,Alcorcón,Oviedo,71,2880,107000,,2025-07-13,2025-07-15,,{}
136973,56259,2025-01-31,1134000,9,No disponible,1134,alejandra9343406@viajes.cl,Orihuela,Dos Hermanas,5,2711,126000,ŽSSK (Eslovaquia),2025-02-27,2025-02-28,,{}
114469,58163,2025-09-22,286000,2,No disponible,286,alicia3200638@viajes.cl,,Sagunto,91,1597,143000,BDZ (Bulgaria),2026-11-26,2026-11-27,,{}
113053,62459,2025-06-22,981000,9,No disponible,981,altare803@viajes.cl,Leganés,Majadahonda,44,499,109000,Estrella Roja,2026-04-28,,,{}
138387,62236,2026-02-26,764000,4,No disponible,764,amalqu651@viajes.cl,Molina de Segura,Chiclana de la Frontera,76,1634,191000,VRZ (Croacia),2026-06-02,2026-06-03,,{}
126491,58294,2025-01-11,183000,3,No disponible,183,ana1243422@viajes.cl,Valladolid,Burgos,45,1258,61000,Megabus,2026-06-03,2026-06-03,,{}
98768,60347,2026-05-10,1521000,9,No disponible,1521,ana6425378@viajes.cl,Mérida,Fuenlabrada,46,3225,169000,AVE,2026-06-18,2026-06-20,,{}
78989,59953,2025-04-20,255000,3,No disponible,255,anpubl651@viajes.cl,Sevilla,Lugo,88,2791,85000,ŽSSK (Eslovaquia),2025-04-27,2025-04-28,,{}
82241,63258,2025-02-11,936000,8,No disponible,936,anrove982@viajes.cl,Castellón de la Plana,,39,2293,117000,Primera Plus,2026-03-06,2026-03-07,,{}
126913,62411,2025-01-17,2272000,8,No disponible,2272,antonia3604496@viajes.cl,Palencia,Zamora,34,3386,284000,ZSSK (Eslovaquia),2025-02-24,2025-02-26,,{}
83773,56330,2026-03-12,400000,10,No disponible,400,arbagu510@viajes.cl,Ferrol,Cádiz,8,837,40000,Deutsche Bahn (DB),2026-04-19,2026-04-19,,{}
129871,59965,2026-02-19,238000,2,No disponible,238,baabpa755@viajes.cl,Santander,Jaén,50,3704,119000,FlixBus,2026-07-07,2026-07-09,,{}
149682,,,,,Disponible,0,bebofa924@viajes.cl,Fuenlabrada,Pontevedra,64,1104,126000,ŽSSK (Eslovaquia),2026-02-23,2026-04-10,,{}
80610,60566,2026-03-12,176000,2,No disponible,176,cariec163@viajes.cl,Benalmádena,Talavera de la Reina,39,1026,88000,Plusmar,2026-05-18,2026-05-18,,{}
85073,62952,2025-05-21,354000,3,No disponible,354,carmen8365423@viajes.cl,Huelva,Inca,34,1832,118000,Buses Nilahue,2025-07-14,2025-07-15,,{}
136380,61337,2025-10-17,1062000,9,No disponible,1062,caulbe408@viajes.cl,El Ejido,Molina de Segura,14,737,118000,Deutsche Bahn (DB),2025-10-25,,,{}
105351,58584,2025-04-20,1134000,9,No disponible,1134,clara7771923@viajes.cl,Gecho,Granollers,41,1755,126000,Qantas,2026-02-02,2026-02-03,Clase ejecutiva,
101849,65934,2025-02-05,426000,2,No disponible,426,claudio6619751@viajes.cl,Sevilla,Mijas,74,3911,213000,ŽFBH (Bosnia y Herzegovina),2025-11-10,2025-11-12,,{}
149807,,,,,Disponible,0,clcava986@viajes.cl,,Telde,97,238,77000,HŽ (Croacia),2026-08-27,2026-09-05,,{}
135645,64522,2025-02-10,1580000,10,No disponible,1580,clgues154@viajes.cl,,Badalona,46,4307,158000,Alsa,2026-05-02,2026-05-04,,{}
119920,58844,2025-01-01,984000,6,No disponible,984,coheca878@viajes.cl,Albacete,Orense,68,1918,164000,Thalys,2025-04-12,,,{}
80056,56366,2025-03-17,3101000,7,No disponible,3101,crnách772@viajes.cl,San Sebastián,Fuenlabrada,96,4052,443000,CP (Portugal),2025-04-16,2025-04-18,,{}
145359,,,,,Disponible,0,cébahu990@viajes.cl,Torrejón de Ardoz,Santa Cruz de Tenerife,34,4033,83000,Buses Bio Bio,2026-04-04,,,{}
92384,62963,2026-04-20,834000,6,No disponible,834,daabca985@viajes.cl,Sagunto,Gecho,,3266,139000,ETN Turistar,2026-10-10,2026-10-12,,{}
136460,57941,2026-02-10,250000,5,No disponible,250,dapicó253@viajes.cl,Tarrasa,Collado Villalba,35,4116,50000,Buses Romani,2026-06-20,2026-06-22,,{}
94437,63977,2025-07-10,2682000,9,No disponible,2682,david6622548@viajes.cl,,Sanlúcar de Barrameda,99,2557,298000,Italo,2026-03-02,2026-03-03,,{}
81176,63161,2025-03-31,655000,5,No disponible,655,docafr798@viajes.cl,Badalona,,29,1756,131000,Renfe,2025-10-18,2025-10-19,,{}
145672,,,,,Disponible,0,edpame371@viajes.cl,Algeciras,San Cristróbal de la Laguna,,1169,189000,Megabus,2026-08-14,,,{}
149307,,,,,Disponible,0,elanpu412@viajes.cl,Badajoz,Zaragoza,90,3337,299000,NS International,2025-05-23,2025-10-09,,{}
103521,59538,2025-02-20,1590000,10,No disponible,1590,elbáro341@viajes.cl,Tarrasa,Málaga,49,1447,159000,Primera Plus,2025-05-14,2025-05-15,,
89857,56509,2025-01-07,310000,5,No disponible,310,elhuna946@viajes.cl,Granada,Palma de Mallorca,37,2469,62000,Futura,2026-01-24,2026-01-25,,{}
99180,61299,2025-01-01,6000,1,No disponible,6,elrofl393@viajes.cl,Toledo,Lugo,40,361,6000,SBB (Suiza),2025-01-12,2025-01-12,,{}
134667,63839,2025-11-04,900000,10,No disponible,900,elsaam871@viajes.cl,Molina de Segura,Torrejón de Ardoz,8,1820,90000,Emirates,2026-01-09,2026-01-10,Clase ejecutiva,
103957,61682,2025-03-27,270000,3,No disponible,270,esguol423@viajes.cl,San Sebastían de los Reyes,San Sebastián,38,3933,90000,Socibus,2026-05-30,2026-06-01,,{}
146076,,,,,Disponible,0,esorru560@viajes.cl,Fuenlabrada,Alcobendas,50,1156,193000,Buses Ahumada,2026-03-03,,,{}
136881,61098,2025-01-20,100000,1,No disponible,100,esteban6674342@viajes.cl,Santa Coloma de Gramanet,Gerona,44,2798,100000,Buses Ahumada,2026-08-09,,,{}
144671,,,,,Disponible,0,estela3886133@viajes.cl,Torrejón de Ardoz,Ceuta,39,2009,119000,Monbus,2026-05-09,,,{}
79515,65191,2025-03-14,2160000,6,No disponible,2160,fedosá946@viajes.cl,Estepona,Estepona,75,2904,360000,SJ (Suecia),2026-06-07,2026-06-09,,{}
104998,60627,2025-05-16,810000,6,No disponible,810,francisca1691995@viajes.cl,Valencia,Reus,34,539,135000,EME Bus,2026-04-13,2026-04-13,,{}
95658,66147,2025-03-22,1190000,7,No disponible,1190,frbuco604@viajes.cl,,Majadahonda,,1907,170000,Pullman Bus,2026-05-02,2026-05-03,,{}
105652,60395,2025-01-24,544000,4,No disponible,544,gajire460@viajes.cl,Talavera de la Reina,Santander,47,1033,136000,Condor Bus,2025-05-04,2025-05-04,,{}
92745,65157,2025-07-11,485000,5,No disponible,485,gepare579@viajes.cl,Rivas-Vaciamadrid,Segovia,32,458,97000,ETN Turistar,2025-09-29,2025-09-29,,{}
115468,55855,2025-10-06,298000,2,No disponible,298,germán9564186@viajes.cl,Santander,Cádiz,31,1240,149000,Alsa,2026-05-29,2026-05-29,,{}
146323,,,,,Disponible,0,goheho609@viajes.cl,Alcobendas,Ponferrada,46,2321,147000,Damas,2025-12-08,,,{}
124339,56418,2026-03-02,285000,1,No disponible,285,gopemo896@viajes.cl,Badajoz,Santa Cruz de Tenerife,55,4172,285000,,2026-04-12,2026-04-14,,{}
88001,62419,2025-07-15,1169000,7,No disponible,1169,guriba604@viajes.cl,Gijón,,34,3499,167000,BoltBus,2025-11-15,2025-11-17,,{}
144830,,,,,Disponible,0,gustavo8952191@viajes.cl,Zamora,Gecho,35,740,177000,,2025-03-26,,,{}
148044,,,,,Disponible,0,gutosa423@viajes.cl,Lugo,Córdoba,51,4309,338000,Southwest Airlines,2025-03-05,2025-08-31,Primera clase,
137396,59792,2025-10-05,816000,6,No disponible,816,heguca871@viajes.cl,Rivas-Vaciamadrid,Mérida,56,3074,136000,Trenitalia,2026-09-21,2026-09-23,,{}
139898,57318,2026-04-23,830000,10,No disponible,830,hernán5508876@viajes.cl,Leganés,Pamplona,49,4109,83000,ADO,2026-08-12,2026-08-14,,{}
97842,65249,2025-01-23,29000,1,No disponible,29,humaca291@viajes.cl,,Parla,45,221,29000,Estrella Roja,2025-02-09,2025-02-09,,{}
129171,61441,2025-01-26,1845000,9,No disponible,1845,incava830@viajes.cl,Salamanca,Inca,21,4017,205000,CFR (Rumania),2025-03-09,2025-03-11,,{}
144623,,,,,Disponible,0,irsico133@viajes.cl,Santiago de Compostela,San Fernando,30,2776,138000,Pullman Bus,2025-08-31,,,{}
132329,63585,2025-04-28,704000,8,No disponible,704,jaime4680549@viajes.cl,Logroño,Pontevedra,,2283,88000,Buses Ahumada,2025-05-01,2025-05-02,,{}
147379,,,,,Disponible,0,jaime9567571@viajes.cl,Parla,Alicante,24,2190,141000,Qatar Airways,2025-11-25,2026-02-24,Primera clase,
99593,66038,2025-12-10,306000,6,No disponible,306,jamaur759@viajes.cl,Alcalá de Henares,Sagunto,40,1677,51000,Avanza,2026-08-24,2026-08-25,,{}
85570,57288,2025-10-02,408000,8,No disponible,408,japame454@viajes.cl,Gecho,Málaga,39,2737,51000,,2026-11-11,2026-11-12,,{}
139362,63068,2025-03-14,940000,10,No disponible,940,javier5533113@viajes.cl,Valdemoro,Alcorcón,93,1440,94000,Nederlandse Sp,2026-04-18,2026-04-19,,{}
113979,63660,2025-04-16,354000,6,No disponible,354,joacto132@viajes.cl,Mataró,León,35,1816,59000,Buses Nilahue,2026-01-20,,,{}
146247,,,,,Disponible,0,joedtémo768@viajes.cl,Torrevieja,Guadalajara,50,4254,121000,Condor Bus,2026-09-15,,,{}
100766,66512,2025-02-04,1197000,7,No disponible,1197,jolucamu889@viajes.cl,,Valdemoro,46,3903,171000,Crucero del Norte,2025-08-16,2025-08-18,,{}
114486,59675,2025-02-24,1410000,10,No disponible,1410,jomaalma170@viajes.cl,Ferrol,El Ejido,95,1349,141000,,2026-06-06,2026-06-06,,{}
121336,65369,2025-05-21,125000,1,No disponible,125,jorge5266606@viajes.cl,Benalmádena,Benalmádena,53,451,125000,Thalys,2025-12-27,2025-12-27,,{}
132489,58135,2025-02-09,1176000,8,No disponible,1176,josé1349818@viajes.cl,Puertollano,Baracaldo,47,3626,147000,,2025-05-03,2025-05-05,,{}
103985,61140,2025-07-10,1160000,8,No disponible,1160,josé7880619@viajes.cl,Palma de Mallorca,Marbella,72,1180,145000,CD (República Checa),2026-04-07,2026-04-07,,{}
108924,64571,2025-09-01,180000,2,No disponible,180,jucénate198@viajes.cl,Toledo,San Sebastián,33,3343,90000,,2025-10-13,2025-10-15,,{}
92815,64271,2025-01-17,486000,9,No disponible,486,julio6915188@viajes.cl,Algeciras,Santa Cruz de Tenerife,44,3357,54000,ADO,2026-08-04,2026-08-06,,{}
139808,65666,2025-05-14,550000,5,No disponible,550,jupuma342@viajes.cl,San Sebastián,Barcelona,50,1750,110000,Megabus,2026-10-04,2026-10-05,,{}
149274,,,,,Disponible,0,leonor6713388@viajes.cl,Madrid,Cornellá de Llobregat,13,2372,225000,HŽ (Croacia),2025-10-28,2026-02-03,,{}
95079,58383,2026-02-18,620000,5,No disponible,620,lilia8931915@viajes.cl,Zamora,Alicante,82,994,124000,NSB (Noruega),2026-03-18,2026-03-18,,{}
109332,60033,2025-07-06,2862000,9,No disponible,2862,locaji731@viajes.cl,,Telde,99,3813,318000,Italo,2025-09-25,2025-09-27,,{}
119123,59554,2025-02-26,424000,8,No disponible,424,lodope981@viajes.cl,Logroño,Málaga,75,327,53000,Deutsche Bahn (DB),2025-09-06,2025-09-06,,{}
79224,55943,2025-11-30,1140000,5,No disponible,1140,lola7104104@viajes.cl,Leganés,Vitoria,71,2462,228000,Amtrak,2026-05-13,2026-05-14,,{}
88118,55876,2025-01-22,208000,2,No disponible,208,lorena3513609@viajes.cl,Cádiz,Irún,74,491,104000,Italo,2025-02-22,,,{}
138030,59363,2025-01-09,158000,1,No disponible,158,lucia7493903@viajes.cl,Santander,Benalmádena,47,3105,158000,Avanza,2025-02-13,2025-02-15,,{}
114081,55756,2025-10-20,516000,4,No disponible,516,luis7215383@viajes.cl,Córdoba,Huelva,36,3821,129000,Pullman Bus,2026-04-20,2026-04-22,,{}
145238,,,,,Disponible,0,lumigadu309@viajes.cl,Alcalá de Henares,Telde,32,1499,60000,Andesmar,2026-01-26,,,{}
80627,61908,2025-06-08,164000,2,No disponible,164,maabma639@viajes.cl,Oviedo,La Coruña,48,1448,82000,FlixBus,2025-11-01,2025-11-02,,{}
149823,,,,,Disponible,0,mababa273@viajes.cl,Gijón,Tarrasa,4,1399,68000,CFR (Rumania),2026-06-27,2026-08-24,,{}
143906,59703,2026-02-04,2280000,10,No disponible,2280,mabepa708@viajes.cl,Ávila,Pontevedra,43,3995,228000,Italo,2026-06-21,2026-06-23,,{}
145567,,,,,Disponible,0,maelpehe495@viajes.cl,Cerdañola del Vallés,,38,3336,172000,Via Bariloche,2026-11-22,,,{}
106611,62805,2025-07-18,264000,3,No disponible,264,maeurobo361@viajes.cl,Rubí,Barcelona,23,726,88000,ŽFBH (Bosnia y Herzegovina),2025-11-24,2025-11-24,,{}
98731,57519,2025-06-14,858000,6,No disponible,858,marcela1063339@viajes.cl,Valencia,Estepona,26,2363,143000,SNCB (Bélgica),2026-02-22,2026-02-23,,{}
96655,66416,2025-01-18,2520000,9,No disponible,2520,marco9528241@viajes.cl,Collado Villalba,Elda,89,2934,280000,ZS (Eslovenia),2025-03-12,2025-03-14,,{}
146395,,,,,Disponible,0,marcos890811@viajes.cl,Ponferrada,Gerona,41,1573,74000,Estrella Roja,2025-07-29,,,{}
146317,,,,,Disponible,0,marilu8903173@viajes.cl,,Alcalá de Guadaira,37,2484,111000,Chevallier,2026-08-18,,,{}
79766,62948,2025-08-16,2187000,9,No disponible,2187,maría1288820@viajes.cl,Puertollano,Badajoz,10,3692,243000,Eurostar,2025-12-31,2026-01-02,,
97854,56579,2025-03-09,302000,2,No disponible,302,maría4032410@viajes.cl,Cáceres,Gandía,79,3453,151000,CFR (Rumania),2025-04-19,2025-04-21,,{}
88734,65573,2025-02-05,1145000,5,No disponible,1145,maría4547699@viajes.cl,Torrejón de Ardoz,Majadahonda,39,3666,229000,Emirates,2026-06-08,2026-06-10,,"{""La Coruña"",Fuengirola,Alcorcón,Lérida,""Santa Cruz de Tenerife""}"
149575,,,,,Disponible,0,maría6926441@viajes.cl,Murcia,Castellón de la Plana,90,3626,219000,Italo,2025-12-26,2026-05-26,,{}
143767,58610,2025-04-08,610000,5,No disponible,610,maría911594@viajes.cl,,Getafe,39,792,122000,Omnibus de México,2025-04-13,2025-04-13,,{}
82972,63326,2025-06-16,1190000,7,No disponible,1190,masovama326@viajes.cl,Pamplona,La Línea de la Concepción,77,2257,170000,Nederlandse Sp,2025-06-19,2025-06-20,,{}
79231,55943,2025-01-31,1425000,5,No disponible,1425,mavega737@viajes.cl,Vitoria,San Fernando,26,3974,285000,Eurostar,2026-05-20,2026-05-22,,{}
96215,63716,2025-03-15,1176000,4,No disponible,1176,micaela3633872@viajes.cl,Zamora,Manresa,74,3260,294000,Amtrak,2025-08-05,2025-08-07,,{}
148811,,,,,Disponible,0,miguel1703488@viajes.cl,Santander,San Cristróbal de la Laguna,32,4028,322000,ZS (Eslovenia),2025-05-27,2025-11-10,,{}
136880,61098,2026-05-19,147000,1,No disponible,147,miguel8080812@viajes.cl,Madrid,Santa Coloma de Gramanet,36,946,147000,ADO,2026-08-09,2026-08-09,,{}
145707,,,,,Disponible,0,mimade747@viajes.cl,Las Palmas de Gran Canaria,San Fernando,47,3025,193000,JetSur,2025-01-30,,,{}
120009,56558,2025-03-02,192000,1,No disponible,192,misivi873@viajes.cl,Guadalajara,Getafe,30,1804,192000,,2025-08-18,2025-08-19,,{}
139969,58992,2025-05-02,36000,3,No disponible,36,miántial875@viajes.cl,Santiago de Compostela,Madrid,37,562,12000,Deutsche Bahn (DB),2025-08-25,2025-08-25,,{}
98501,56548,2025-01-06,432000,4,No disponible,432,mózaco269@viajes.cl,Lorca,Santa Lucía de Tirajana,45,1431,108000,Flecha Bus,2025-05-29,2025-05-29,,{}
140435,55691,2026-04-01,194000,2,No disponible,194,nopeal105@viajes.cl,Alcalá de Guadaira,Majadahonda,50,455,97000,Turbus,2026-08-03,2026-08-03,,{}
104340,59107,2025-02-03,560000,10,No disponible,560,norma6125104@viajes.cl,Ferrol,Pamplona,81,619,56000,Renfe,2025-02-05,2025-02-05,,{}
91829,58679,2025-05-22,268000,4,No disponible,268,pablo1161196@viajes.cl,Fuenlabrada,Lérida,30,2535,67000,Buses Bio Bio,2026-08-10,2026-08-11,,{}
143234,62809,2025-03-08,912000,8,No disponible,912,paroga838@viajes.cl,Torrevieja,Algeciras,47,371,114000,DSB (Dinamarca),2025-10-14,2025-10-14,,{}
97069,56588,2025-01-20,1188000,6,No disponible,1188,pavaar863@viajes.cl,Orense,Mataró,30,872,198000,Chevallier,2025-04-22,2025-04-22,,{}
145617,,,,,Disponible,0,piabmo168@viajes.cl,Móstoles,Molina de Segura,49,3974,85000,Socibus,2025-11-11,,,{}
86542,61411,2026-06-06,813000,3,No disponible,813,raacde153@viajes.cl,Ferrol,Sanlúcar de Barrameda,70,3104,271000,ZS (Eslovenia),2026-08-02,2026-08-04,,{}
149358,,,,,Disponible,0,racofl956@viajes.cl,La Coruña,Cartagena,41,3406,333000,SBB (Suiza),2025-04-13,2025-09-01,,{}
140154,64643,2026-02-18,303000,1,No disponible,303,racolo733@viajes.cl,Hospitalet de LLobregat,Zamora,8,3035,303000,ŽSSK (Eslovaquia),2026-02-23,2026-02-25,,{}
146448,,,,,Disponible,0,ramona5399102@viajes.cl,La Línea de la Concepción,Elda,41,3814,79000,Chevallier,2025-12-18,,,{}
84518,62448,2025-05-21,414000,3,No disponible,414,ramuga474@viajes.cl,Mérida,Avilés,47,2773,138000,Pullman Bus,2026-04-04,2026-04-05,,{}
100077,55804,2025-05-02,904000,8,No disponible,904,raquel519176@viajes.cl,Castellón de la Plana,Murcia,31,875,113000,Buses Bio Bio,2025-07-04,2025-07-04,,{}
144817,,,,,Disponible,0,rimech251@viajes.cl,Valdemoro,San Sebastián,48,3740,165000,Damas,2025-12-26,,,{}
117562,64282,2025-02-15,570000,10,No disponible,570,roberto9744305@viajes.cl,Torrejón de Ardoz,Cornellá de Llobregat,33,1604,57000,ETN Turistar,2025-03-16,2025-03-17,,{}
146488,,,,,Disponible,0,sagoni828@viajes.cl,Segovia,El Prat de LLobregat,48,4201,172000,Pullman Bus,2026-10-05,,,{}
134546,59264,2025-01-02,130000,1,No disponible,130,sagrca240@viajes.cl,Palma de Mallorca,Telde,94,1074,130000,Amtrak,2025-01-31,2025-01-31,,{}
123970,63597,2026-04-25,78000,1,No disponible,78,sara600324@viajes.cl,San Sebastián,Torremolinos,31,325,78000,Damas,2026-07-24,2026-07-24,,{}
145928,,,,,Disponible,0,semazú292@viajes.cl,Marbella,Alcalá de Guadaira,48,2634,122000,Alsa,2025-12-06,,,{}
119542,66042,2025-04-29,1800000,9,No disponible,1800,siurga784@viajes.cl,Córdoba,Cádiz,14,4278,200000,RZD (Rusia),2025-06-29,2025-07-01,,{}
116912,65352,2025-01-01,399000,1,No disponible,399,sr.1328517@viajes.cl,Santiago de Compostela,Ceuta,15,3872,399000,AVE,2025-06-27,2025-06-29,,{}
149120,,,,,Disponible,0,sr.3951766@viajes.cl,León,,9,4144,263000,Eurostar,2026-09-17,2027-03-08,,{}
82681,57879,2025-04-17,1125000,9,No disponible,1125,sr.4903927@viajes.cl,Santa Coloma de Gramanet,Benalmádena,89,1332,125000,,2026-03-08,,,{}
107747,66441,2025-04-01,3090000,10,No disponible,3090,sr.5449968@viajes.cl,Vitoria,Badajoz,89,3259,309000,NSB (Noruega),2025-04-03,,,{}
127594,65331,2025-02-03,2190000,10,No disponible,2190,sr.7819604@viajes.cl,Jerez de la Frontera,Tarrasa,73,3474,219000,DSB (Dinamarca),2026-07-17,2026-07-19,,{}
149991,,,,,Disponible,0,sra.1459233@viajes.cl,Parla,Almería,100,404,194000,SBB (Suiza),2025-01-06,2025-01-22,,{}
144894,,,,,Disponible,0,sra.1795408@viajes.cl,San Sebastían de los Reyes,Bilbao,47,205,13000,Buses Bio Bio,2025-07-30,,,{}
99189,55842,2025-01-25,1368000,8,No disponible,1368,sra.4101767@viajes.cl,Barcelona,Valencia,48,4138,171000,RZD (Rusia),2025-05-08,2025-05-10,,{}
81806,66496,2025-06-24,735000,7,No disponible,735,sra.6232546@viajes.cl,El Ejido,Marbella,34,1379,105000,Via Bariloche,2025-09-17,2025-09-17,,{}
127149,60007,2025-04-03,106000,1,No disponible,106,sra.9489774@viajes.cl,Benalmádena,Viladecans,,678,106000,CD (República Checa),2025-08-29,2025-08-29,,{}
81241,61734,2025-04-12,770000,5,No disponible,770,sradcatr480@viajes.cl,Orihuela,Tarrasa,78,3205,154000,Renfe,2025-08-29,,,{}
96802,60032,2025-01-27,1494000,9,No disponible,1494,srcotepe595@viajes.cl,Puertollano,Cerdañola del Vallés,82,452,166000,SNCB (Bélgica),2025-03-08,2025-03-08,,{}
112621,66317,2025-07-03,532000,4,No disponible,532,srjolumupe583@viajes.cl,Linares,Benalmádena,62,129,133000,NSB (Noruega),2026-01-01,2026-01-01,,{}
149211,,,,,Disponible,0,srjugáce908@viajes.cl,Alcobendas,Lugo,99,204,64000,Italo,2026-11-18,2026-11-26,,{}
149994,,,,,Disponible,0,srmavime606@viajes.cl,Mérida,Chiclana de la Frontera,55,3258,186000,CP (Portugal),2025-08-04,2025-12-17,,{}
140285,64850,2025-05-02,1350000,9,No disponible,1350,srpaquna207@viajes.cl,Oviedo,Telde,42,1322,150000,ADO,2026-11-06,2026-11-06,,{}
94024,60807,2025-02-05,936000,8,No disponible,936,srromesa573@viajes.cl,Ponferrada,Rubí,22,1824,117000,,2026-07-03,2026-07-04,,{}
81842,58918,2025-09-23,2316000,6,No disponible,2316,srsigagr821@viajes.cl,Torremolinos,El Ejido,44,4232,386000,Italo,2025-10-10,2025-10-12,,{}
138133,61262,2026-04-19,447000,3,No disponible,447,srsolues399@viajes.cl,Getafe,Móstoles,41,4142,149000,ADO,2026-06-20,2026-06-22,,{}
128530,65187,2025-03-16,121000,1,No disponible,121,sta.1321289@viajes.cl,Orense,San Sebastián,45,3284,121000,El Rápido Internacional,2025-05-08,2025-05-10,,{}
99967,60834,2026-01-09,2198000,7,No disponible,2198,sta.4160875@viajes.cl,Albacete,Cáceres,99,3668,314000,HŽ (Croacia),2026-09-27,2026-09-29,,{}
148472,,,,,Disponible,0,sta.4185906@viajes.cl,Huelva,Majadahonda,40,3655,186000,Turkish Airlines,2026-07-17,2026-12-16,Primera clase,
121014,63714,2025-11-17,676000,4,No disponible,676,sta.4757439@viajes.cl,El Prat de LLobregat,Paterna,95,3665,169000,Renfe,2026-09-06,2026-09-08,,
106904,60657,2025-02-06,78000,2,No disponible,78,sta.6273940@viajes.cl,Dos Hermanas,Rivas-Vaciamadrid,36,363,39000,Alsa,2026-09-10,2026-09-10,,{}
137642,65403,2025-06-18,333000,3,No disponible,333,sta.6665708@viajes.cl,Córdoba,Barcelona,83,742,111000,American Airlines,2025-12-22,2025-12-22,,{Albacete}
120737,62963,2025-05-19,678000,6,No disponible,678,sta.6708100@viajes.cl,Torrejón de Ardoz,,50,513,113000,Damas,2026-11-29,2026-11-29,,{}
130605,59339,2025-10-28,212000,4,No disponible,212,sta.9844799@viajes.cl,Zamora,Majadahonda,47,296,53000,FlixBus,2026-01-06,2026-01-06,,{}
90434,61560,2025-02-14,144000,1,No disponible,144,stfrlega769@viajes.cl,Gijón,El Prat de LLobregat,30,1917,144000,,2025-10-30,2025-10-31,,{}
149481,,,,,Disponible,0,sthemagi384@viajes.cl,Hospitalet de LLobregat,Salamanca,56,2566,292000,Deutsche Bahn (DB),2026-05-28,2026-09-11,,{}
144975,,,,,Disponible,0,sthoraga190@viajes.cl,Murcia,Valencia,48,1933,112000,FlixBus,2026-02-16,,,{}
99813,63999,2025-02-24,790000,10,No disponible,790,stjarabe770@viajes.cl,Santander,Benidorm,19,1400,79000,VR (Finlandia),2025-09-14,2025-09-14,,{}
100769,59153,2025-04-25,2106000,6,No disponible,2106,stjopoal797@viajes.cl,Cornellá de Llobregat,,30,2971,351000,CP (Portugal),2026-08-12,2026-08-14,,{}
130300,59031,2025-06-04,280000,5,No disponible,280,stmiarze996@viajes.cl,Valladolid,Oviedo,40,2425,56000,Buses Ahumada,2026-01-01,2026-01-02,,{}
149431,,,,,Disponible,0,stroseal875@viajes.cl,San Sebastían de los Reyes,Ferrol,2,2387,250000,SBB (Suiza),2025-08-10,2025-11-17,,{}
131833,56391,2025-05-08,1068000,6,No disponible,1068,teodoro2026565@viajes.cl,Gandía,La Línea de la Concepción,39,3484,178000,Greyhound,2025-06-21,2025-06-23,,{}
97642,61339,2025-09-14,796000,4,No disponible,796,teodoro6192309@viajes.cl,,Pamplona,,3936,199000,Alsa,2025-10-10,2025-10-12,,{}
148834,,,,,Disponible,0,teveba618@viajes.cl,,Toledo,20,336,16000,VRZ (Croacia),2026-09-19,2026-10-03,,{}
100758,66512,2025-04-25,1064000,7,No disponible,1064,timoteo6843858@viajes.cl,Hospitalet de LLobregat,Arrecife,42,1322,152000,Flecha Bus,2025-08-09,2025-08-09,,{}
100286,61770,2025-02-09,436000,4,No disponible,436,veorpa980@viajes.cl,Bilbao,Lugo,30,1419,109000,Alsa,2025-08-05,2025-08-05,,{}
149502,,,,,Disponible,0,viresa520@viajes.cl,Vitoria,Marbella,80,1648,94000,Eurostar,2025-03-27,2025-06-03,,{}
149421,,,,,Disponible,0,vivimi661@viajes.cl,Sagunto,El Puerto de Santa María,64,3973,333000,Trenitalia,2026-03-06,2026-08-18,,{}
146319,,,,,Disponible,0,vípama583@viajes.cl,Hospitalet de LLobregat,,37,2552,178000,Buses Bio Bio,2026-11-18,,,{}
130485,62710,2026-04-11,132000,1,No disponible,132,óscar5982119@viajes.cl,Alcalá de Henares,Viladecans,38,950,132000,Condor Bus,2026-09-03,2026-09-03,,{}
108397,65111,2025-06-17,585000,9,No disponible,585,óscar9962637@viajes.cl,Lugo,Paterna,7,1234,65000,Emirates,2025-08-01,2025-08-01,,
129022,60252,2025-07-14,325000,5,No disponible,325,ósheza630@viajes.cl,Bilbao,Gijón,60,1975,65000,Italo,2025-10-28,2025-10-29,,{}
134928,61241,2026-04-27,597000,3,No disponible,597,Alejandromolina571@viajes.cl,Guadalajara,Mijas,49,2325,199000,Futura,2026-08-26,2026-08-27,,
88354,57771,2025-01-26,490000,5,No disponible,490,Alejandroserrato929@viajes.cl,Salamanca,Lérida,72,2657,98000,ZFBH (Bosnia y Herzegovina),2025-06-14,2025-06-15,,{}
81239,61734,2025-07-17,1010000,5,No disponible,1010,Alfredobenavídez720@viajes.cl,Arrecife,Orihuela,18,2647,202000,Thalys,2025-08-27,2025-08-28,,{}
112707,61370,2026-08-17,316000,2,No disponible,316,Amaliaadame525@viajes.cl,Roquetas de Mar,,19,2821,158000,HŽ (Croacia),2026-09-10,,,{}
116254,55785,2025-02-23,254000,2,No disponible,254,Amaliaquintana437@viajes.cl,Sagunto,Guadalajara,35,2250,127000,Andesmar,2025-11-03,2025-11-04,,{}
117933,64156,2025-01-07,819000,7,No disponible,819,Andreatrujillo333@viajes.cl,Sabadell,Collado Villalba,27,452,117000,ÖBB (Austria),2025-05-07,,,{}
148828,,,,,Disponible,0,Benitocardona170@viajes.cl,Fuenlabrada,,81,2649,145000,SBB (Suiza),2026-09-26,2027-01-14,,{}
91619,66121,2025-04-30,102000,1,No disponible,102,Benitoterán216@viajes.cl,Palma de Mallorca,Cartagena,62,1882,102000,ZSSK (Eslovaquia),2025-06-08,2025-06-09,,{}
144936,,,,,Disponible,0,Benjamínloya261@viajes.cl,San Cristróbal de la Laguna,Gandía,39,3298,120000,BoltBus,2026-04-30,,,
113994,62047,2025-08-06,35000,1,No disponible,35,Bernardoelizondo645@viajes.cl,,Cartagena,21,310,35000,CP (Portugal),2025-08-11,2025-08-11,,{}
96400,63183,2025-02-05,1602000,9,No disponible,1602,Bertaolivares743@viajes.cl,Santiago de Compostela,Sagunto,32,3791,178000,ETN Turistar,2025-04-19,2025-04-21,,{}
142011,64267,2025-01-15,588000,7,No disponible,588,Carlavega155@viajes.cl,Tarrasa,Mérida,49,785,84000,ÖBB (Austria),2025-02-23,2025-02-23,,{}
103144,63675,2025-03-29,864000,8,No disponible,864,Carlosrosales796@viajes.cl,Alcalá de Guadaira,Linares,98,1973,108000,ŽFBH (Bosnia y Herzegovina),2025-12-30,2025-12-31,,
145153,,,,,Disponible,0,Catalinasalcido382@viajes.cl,León,Sanlúcar de Barrameda,38,2552,180000,Futura,2026-03-15,,,{}
103821,59201,2025-03-30,1768000,8,No disponible,1768,Clarasalas217@viajes.cl,Santa Lucía de Tirajana,,80,2803,221000,Renfe,2025-07-15,2025-07-16,,{}
149894,,,,,Disponible,0,Clementedelacrúz671@viajes.cl,Majadahonda,Zamora,67,2314,191000,NSB (Noruega),2026-02-21,2026-05-28,,{}
142131,63280,2025-08-03,1008000,8,No disponible,1008,Concepcióncabrera224@viajes.cl,Granollers,Viladecans,48,757,126000,JetSur,2026-08-14,2026-08-14,,{}
144841,,,,,Disponible,0,Danielacandelaria184@viajes.cl,Getafe,Pamplona,37,2999,130000,Buses Ahumada,2025-07-11,,,{}
149303,,,,,Disponible,0,Dianamontero898@viajes.cl,Pamplona,Arrecife,1,3582,309000,Amtrak,2025-07-04,2025-11-30,,{}
115918,55813,2025-02-21,837000,9,No disponible,837,Déboraduran581@viajes.cl,Orihuela,Paterna,31,2560,93000,Socibus,2025-02-23,2025-02-24,,{}
136324,57622,2026-02-23,568000,4,No disponible,568,Elisarobles267@viajes.cl,Santa Lucía de Tirajana,Avilés,40,3955,142000,ETN Turistar,2026-10-12,2026-10-14,,{}
83944,59252,2025-09-13,732000,4,No disponible,732,Enriqueochoa292@viajes.cl,Rubí,Málaga,17,2568,183000,NSB (Noruega),2026-05-21,2026-05-22,,{}
100182,62819,2025-12-03,219000,3,No disponible,219,Esperanzacandelaria990@viajes.cl,La Línea de la Concepción,San Sebastián,50,3377,73000,Andesmar,2026-03-19,2026-03-21,,{}
102742,55806,2025-06-14,582000,6,No disponible,582,Esperanzapacheco849@viajes.cl,Madrid,Almería,41,4099,97000,Primera Plus,2025-12-08,2025-12-10,,{}
142862,66278,2025-01-17,234000,2,No disponible,234,Esperanzasegura621@viajes.cl,Mollet del Vallés,Viladecans,32,2141,117000,BoltBus,2025-05-03,2025-05-04,,{}
79203,60119,2025-02-02,721000,7,No disponible,721,Estelasauceda957@viajes.cl,Cáceres,Cuenta,44,2332,103000,ETN Turistar,2026-04-11,2026-04-12,,{}
88038,65690,2025-06-21,513000,9,No disponible,513,Fernandodelao340@viajes.cl,Ponferrada,Alcoy,92,600,57000,CP (Portugal),2025-12-08,2025-12-08,,{}
146853,,,,,Disponible,0,Florenciaestrada212@viajes.cl,Marbella,Arrecife,38,2265,197000,BoltBus,2025-07-15,,,{}
111755,55573,2026-06-05,160000,2,No disponible,160,Franciscaabeyta645@viajes.cl,Ávila,Las Palmas de Gran Canaria,,1985,80000,RZD (Rusia),2026-11-27,2026-11-28,,{}
86348,62038,2025-04-22,1328000,8,No disponible,1328,Franciscocorrales261@viajes.cl,Inca,San Cristróbal de la Laguna,42,3820,166000,Plusmar,2026-07-01,2026-07-03,,
114651,64183,2025-01-16,2196000,9,No disponible,2196,Franciscogranado910@viajes.cl,Guadalajara,Toledo,70,2449,244000,NS International,2025-03-23,2025-03-24,,{}
139254,61962,2025-04-15,112000,8,No disponible,112,Germánsuárez277@viajes.cl,Las Palmas de Gran Canaria,Jerez de la Frontera,45,205,14000,Greyhound,2025-11-17,2025-11-17,,{}
148817,,,,,Disponible,0,Gilbertoramón421@viajes.cl,Orense,Santiago de Compostela,76,4319,229000,Nederlandse Sp,2026-07-31,2027-01-26,,{}
105611,58787,2025-02-01,234000,3,No disponible,234,Horaciomondragón671@viajes.cl,Ferrol,Gandía,38,316,78000,El Rápido Internacional,2025-02-13,2025-02-13,,{}
117179,59784,2025-04-21,1242000,9,No disponible,1242,Hugoballesteros708@viajes.cl,Sevilla,Jerez de la Frontera,31,2756,138000,,2025-05-11,2025-05-12,,
149739,,,,,Disponible,0,Ignacioordóñez826@viajes.cl,Logroño,Salamanca,61,2876,140000,Eurostar,2026-09-04,2027-01-01,,{}
84530,59697,2026-03-18,906000,6,No disponible,906,Isabelabarrera904@viajes.cl,Badalona,Badalona,5,3352,151000,SNCB (Bélgica),2026-08-30,,,{}
93518,59538,2025-05-02,1085000,5,No disponible,1085,Javiergodínez122@viajes.cl,Torrejón de Ardoz,Rubí,13,2240,217000,ŽSSK (Eslovaquia),2025-08-26,2025-08-27,,{}
97483,61666,2025-04-06,567000,9,No disponible,567,Jerónimocorrales854@viajes.cl,Orihuela,Hospitalet de LLobregat,50,2588,63000,Socibus,2026-07-10,2026-07-11,,{}
108809,65286,2025-01-25,720000,6,No disponible,720,Josefinabarrios725@viajes.cl,,,35,571,120000,Flecha Bus,2026-02-22,2026-02-22,,{}
145895,,,,,Disponible,0,Lauraguillen164@viajes.cl,Logroño,Sagunto,35,943,94000,Condor Bus,2025-10-28,,,{}
145591,,,,,Disponible,0,Lucastrujillo461@viajes.cl,Valdemoro,Ferrol,31,3926,57000,Via Bariloche,2026-09-27,,,{}
126875,59078,2025-11-13,282000,1,No disponible,282,Magdalenabrito986@viajes.cl,Cartagena,Fuenlabrada,49,3578,282000,ŽFBH (Bosnia y Herzegovina),2026-07-04,2026-07-06,,{}
126873,65216,2025-10-19,792000,8,No disponible,792,Marcelajaimes783@viajes.cl,Arrecife,Sabadell,41,1822,99000,Condor Bus,2026-02-17,2026-02-18,,{}
110238,64920,2026-01-16,153000,1,No disponible,153,Marianozelaya465@viajes.cl,Zamora,,7,425,153000,Nederlandse Sp,2026-04-10,2026-04-10,,{}
132761,65567,2025-01-02,822000,2,No disponible,822,Mariluvaldez369@viajes.cl,Jerez de la Frontera,La Coruña,85,4224,411000,AVE,2025-01-29,2025-01-31,,{}
107168,55812,2025-02-01,131000,1,No disponible,131,Maríabecerra494@viajes.cl,La Coruña,Barcelona,1,3075,131000,SJ (Suecia),2026-03-26,2026-03-28,,{}
143692,56836,2025-03-08,895000,5,No disponible,895,Maríadelvalle249@viajes.cl,Paterna,Estepona,42,1764,179000,ZS (Eslovenia),2025-03-16,2025-03-17,,{}
103626,66624,2025-02-06,846000,9,No disponible,846,Maríadomínguez453@viajes.cl,Santa Coloma de Gramanet,León,33,748,94000,Chevallier,2026-09-23,2026-09-23,,{}
116234,57997,2025-07-19,440000,5,No disponible,440,Ramirocontreras288@viajes.cl,Guadalajara,,5,1615,88000,Amtrak,2026-08-09,2026-08-10,,{}
148962,,,,,Disponible,0,Ramonaacevedo828@viajes.cl,Castellón de la Plana,Pamplona,78,1799,130000,MÁV (Hungría),2026-05-14,2026-07-27,,{}
110152,64468,2025-12-21,300000,3,No disponible,300,Ramónabeyta326@viajes.cl,Dos Hermanas,Lorca,,3344,100000,Chevallier,2026-10-12,2026-10-14,,{}
134524,66485,2025-01-09,329000,7,No disponible,329,Ramóncedillo274@viajes.cl,Burgos,Madrid,44,421,47000,Plusmar,2025-01-15,,,
135162,64443,2025-02-02,1624000,8,No disponible,1624,Robertobarragán763@viajes.cl,Coslada,,73,4065,203000,SBB (Suiza),2025-03-31,2025-04-02,,{}
144615,,,,,Disponible,0,Rociogrijalva411@viajes.cl,Sevilla,Alcalá de Guadaira,47,1062,97000,Buses Bio Bio,2026-07-02,,,{}
92671,56790,2025-07-18,414000,3,No disponible,414,Rosaceballos545@viajes.cl,Logroño,,65,2277,138000,PKP (Polonia),2026-05-13,2026-05-14,,{}
134850,56918,2025-12-18,711000,9,No disponible,711,Salvadornevárez763@viajes.cl,Pamplona,Cáceres,50,3435,79000,El Rápido Internacional,2026-10-05,2026-10-07,,{}
145271,,,,,Disponible,0,Salvadorrael871@viajes.cl,Ponferrada,Gandía,49,3769,177000,Flecha Bus,2025-12-06,,,{}
118018,60246,2025-08-12,560000,10,No disponible,560,Silviaarreola496@viajes.cl,Santa Lucía de Tirajana,Oviedo,83,417,56000,ŽFBH (Bosnia y Herzegovina),2026-08-19,2026-08-19,,{}
131725,60855,2025-05-16,234000,2,No disponible,234,Soniaquesada509@viajes.cl,San Sebastián,Paterna,38,1836,117000,Socibus,2025-11-02,2025-11-03,,{}
138937,64071,2025-01-01,994000,7,No disponible,994,Sr.márquez121@viajes.cl,Collado Villalba,Algeciras,47,4264,142000,Flecha Bus,2025-02-16,2025-02-18,,{}
81723,61555,2025-01-05,1110000,10,No disponible,1110,Sr.ontiveros442@viajes.cl,Cáceres,Barcelona,,1126,111000,ETN Turistar,2025-03-26,2025-03-26,,{}
108453,57898,2025-02-28,167000,1,No disponible,167,Sr.orta582@viajes.cl,,Elche,43,4038,167000,Primera Plus,2025-03-12,2025-03-14,,{}
104737,59573,2025-04-03,560000,8,No disponible,560,Sr.reynoso806@viajes.cl,Parla,León,9,1008,70000,Nederlandse Sp,2025-04-11,2025-04-11,,{}
120934,56341,2025-04-29,168000,1,No disponible,168,Sr.tovar378@viajes.cl,Sagunto,Cádiz,40,2925,168000,Avanza,2026-02-16,2026-02-18,,{}
81381,56166,2025-03-05,280000,5,No disponible,280,Sra.banda816@viajes.cl,Benalmádena,Córdoba,35,1203,56000,RZD (Rusia),2025-10-25,2025-10-25,,{}
139863,63265,2025-06-21,1184000,8,No disponible,1184,Sra.girón712@viajes.cl,Gerona,El Ejido,57,3349,148000,Thalys,2026-08-18,2026-08-20,,{}
88578,63314,2025-09-04,465000,5,No disponible,465,Sra.gómez556@viajes.cl,Alcoy,Alicante,33,2623,93000,JetSur,2026-09-06,2026-09-07,,{}
79652,56145,2025-03-01,348000,4,No disponible,348,Sra.lozano349@viajes.cl,Cáceres,Jerez de la Frontera,34,4166,87000,FlixBus,2025-12-21,2025-12-23,,{}
148463,,,,,Disponible,0,Sra.munguía627@viajes.cl,Getafe,Ciudad Real,92,2170,248000,Singapore Airlines,2025-03-31,2025-06-29,,"{Avilés,Parla,Ponferrada,Calahorra,Zaragoza}"
145440,,,,,Disponible,0,Sra.toro255@viajes.cl,Fuenlabrada,Torrevieja,33,2001,75000,,2025-10-21,,,{}
123976,63579,2025-07-06,1395000,9,No disponible,1395,Sta.garibay963@viajes.cl,Cerdañola del Vallés,Sanlúcar de Barrameda,34,3925,155000,Estrella Roja,2026-02-17,,,{}
135351,57529,2025-01-19,175000,1,No disponible,175,Sta.quintanilla829@viajes.cl,Granada,Granollers,36,3670,175000,Socibus,2025-12-26,2025-12-28,,{}
112567,63462,2025-07-04,428000,2,No disponible,428,Teresagálvez741@viajes.cl,Gandía,El Ejido,82,2636,214000,VRZ (Croacia),2025-10-02,,,{}
141706,64376,2025-03-19,432000,8,No disponible,432,Timoteoorellana761@viajes.cl,Viladecans,Orihuela,34,4164,54000,Turbus,2025-04-29,2025-05-01,,{}
90852,58421,2025-06-25,960000,5,No disponible,960,adbebé714@viajes.cl,Torrelavega,Pozuelo de Alarcón,48,1314,192000,Crucero del Norte,2025-09-17,2025-09-17,,{}
79306,66471,2025-04-27,3015000,9,No disponible,3015,agvaro886@viajes.cl,Puertollano,Badalona,4,3621,335000,ZFBH (Bosnia y Herzegovina),2026-09-01,2026-09-03,,{}
102704,55784,2025-06-29,1070000,10,No disponible,1070,alejandra1046907@viajes.cl,Alcorcón,Oviedo,71,2880,107000,,2025-07-13,2025-07-15,,{}
136973,56259,2025-01-31,1134000,9,No disponible,1134,alejandra9343406@viajes.cl,Orihuela,Dos Hermanas,5,2711,126000,ŽSSK (Eslovaquia),2025-02-27,2025-02-28,,{}
114469,58163,2025-09-22,286000,2,No disponible,286,alicia3200638@viajes.cl,,Sagunto,91,1597,143000,BDZ (Bulgaria),2026-11-26,2026-11-27,,{}
113053,62459,2025-06-22,981000,9,No disponible,981,altare803@viajes.cl,Leganés,Majadahonda,44,499,109000,Estrella Roja,2026-04-28,,,{}
138387,62236,2026-02-26,764000,4,No disponible,764,amalqu651@viajes.cl,Molina de Segura,Chiclana de la Frontera,76,1634,191000,VRZ (Croacia),2026-06-02,2026-06-03,,{}
126491,58294,2025-01-11,183000,3,No disponible,183,ana1243422@viajes.cl,Valladolid,Burgos,45,1258,61000,Megabus,2026-06-03,2026-06-03,,{}
98768,60347,2026-05-10,1521000,9,No disponible,1521,ana6425378@viajes.cl,Mérida,Fuenlabrada,46,3225,169000,AVE,2026-06-18,2026-06-20,,{}
78989,59953,2025-04-20,255000,3,No disponible,255,anpubl651@viajes.cl,Sevilla,Lugo,88,2791,85000,ŽSSK (Eslovaquia),2025-04-27,2025-04-28,,{}
82241,63258,2025-02-11,936000,8,No disponible,936,anrove982@viajes.cl,Castellón de la Plana,,39,2293,117000,Primera Plus,2026-03-06,2026-03-07,,{}
126913,62411,2025-01-17,2272000,8,No disponible,2272,antonia3604496@viajes.cl,Palencia,Zamora,34,3386,284000,ZSSK (Eslovaquia),2025-02-24,2025-02-26,,{}
83773,56330,2026-03-12,400000,10,No disponible,400,arbagu510@viajes.cl,Ferrol,Cádiz,8,837,40000,Deutsche Bahn (DB),2026-04-19,2026-04-19,,{}
129871,59965,2026-02-19,238000,2,No disponible,238,baabpa755@viajes.cl,Santander,Jaén,50,3704,119000,FlixBus,2026-07-07,2026-07-09,,{}
149682,,,,,Disponible,0,bebofa924@viajes.cl,Fuenlabrada,Pontevedra,64,1104,126000,ŽSSK (Eslovaquia),2026-02-23,2026-04-10,,{}
80610,60566,2026-03-12,176000,2,No disponible,176,cariec163@viajes.cl,Benalmádena,Talavera de la Reina,39,1026,88000,Plusmar,2026-05-18,2026-05-18,,{}
85073,62952,2025-05-21,354000,3,No disponible,354,carmen8365423@viajes.cl,Huelva,Inca,34,1832,118000,Buses Nilahue,2025-07-14,2025-07-15,,{}
136380,61337,2025-10-17,1062000,9,No disponible,1062,caulbe408@viajes.cl,El Ejido,Molina de Segura,14,737,118000,Deutsche Bahn (DB),2025-10-25,,,{}
105351,58584,2025-04-20,1134000,9,No disponible,1134,clara7771923@viajes.cl,Gecho,Granollers,41,1755,126000,Qantas,2026-02-02,2026-02-03,Clase ejecutiva,
101849,65934,2025-02-05,426000,2,No disponible,426,claudio6619751@viajes.cl,Sevilla,Mijas,74,3911,213000,ŽFBH (Bosnia y Herzegovina),2025-11-10,2025-11-12,,{}
149807,,,,,Disponible,0,clcava986@viajes.cl,,Telde,97,238,77000,HŽ (Croacia),2026-08-27,2026-09-05,,{}
135645,64522,2025-02-10,1580000,10,No disponible,1580,clgues154@viajes.cl,,Badalona,46,4307,158000,Alsa,2026-05-02,2026-05-04,,{}
119920,58844,2025-01-01,984000,6,No disponible,984,coheca878@viajes.cl,Albacete,Orense,68,1918,164000,Thalys,2025-04-12,,,{}
80056,56366,2025-03-17,3101000,7,No disponible,3101,crnách772@viajes.cl,San Sebastián,Fuenlabrada,96,4052,443000,CP (Portugal),2025-04-16,2025-04-18,,{}
145359,,,,,Disponible,0,cébahu990@viajes.cl,Torrejón de Ardoz,Santa Cruz de Tenerife,34,4033,83000,Buses Bio Bio,2026-04-04,,,{}
92384,62963,2026-04-20,834000,6,No disponible,834,daabca985@viajes.cl,Sagunto,Gecho,,3266,139000,ETN Turistar,2026-10-10,2026-10-12,,{}
136460,57941,2026-02-10,250000,5,No disponible,250,dapicó253@viajes.cl,Tarrasa,Collado Villalba,35,4116,50000,Buses Romani,2026-06-20,2026-06-22,,{}
94437,63977,2025-07-10,2682000,9,No disponible,2682,david6622548@viajes.cl,,Sanlúcar de Barrameda,99,2557,298000,Italo,2026-03-02,2026-03-03,,{}
81176,63161,2025-03-31,655000,5,No disponible,655,docafr798@viajes.cl,Badalona,,29,1756,131000,Renfe,2025-10-18,2025-10-19,,{}
145672,,,,,Disponible,0,edpame371@viajes.cl,Algeciras,San Cristróbal de la Laguna,,1169,189000,Megabus,2026-08-14,,,{}
149307,,,,,Disponible,0,elanpu412@viajes.cl,Badajoz,Zaragoza,90,3337,299000,NS International,2025-05-23,2025-10-09,,{}
103521,59538,2025-02-20,1590000,10,No disponible,1590,elbáro341@viajes.cl,Tarrasa,Málaga,49,1447,159000,Primera Plus,2025-05-14,2025-05-15,,
89857,56509,2025-01-07,310000,5,No disponible,310,elhuna946@viajes.cl,Granada,Palma de Mallorca,37,2469,62000,Futura,2026-01-24,2026-01-25,,{}
99180,61299,2025-01-01,6000,1,No disponible,6,elrofl393@viajes.cl,Toledo,Lugo,40,361,6000,SBB (Suiza),2025-01-12,2025-01-12,,{}
134667,63839,2025-11-04,900000,10,No disponible,900,elsaam871@viajes.cl,Molina de Segura,Torrejón de Ardoz,8,1820,90000,Emirates,2026-01-09,2026-01-10,Clase ejecutiva,
103957,61682,2025-03-27,270000,3,No disponible,270,esguol423@viajes.cl,San Sebastían de los Reyes,San Sebastián,38,3933,90000,Socibus,2026-05-30,2026-06-01,,{}
146076,,,,,Disponible,0,esorru560@viajes.cl,Fuenlabrada,Alcobendas,50,1156,193000,Buses Ahumada,2026-03-03,,,{}
136881,61098,2025-01-20,100000,1,No disponible,100,esteban6674342@viajes.cl,Santa Coloma de Gramanet,Gerona,44,2798,100000,Buses Ahumada,2026-08-09,,,{}
144671,,,,,Disponible,0,estela3886133@viajes.cl,Torrejón de Ardoz,Ceuta,39,2009,119000,Monbus,2026-05-09,,,{}
79515,65191,2025-03-14,2160000,6,No disponible,2160,fedosá946@viajes.cl,Estepona,Estepona,75,2904,360000,SJ (Suecia),2026-06-07,2026-06-09,,{}
104998,60627,2025-05-16,810000,6,No disponible,810,francisca1691995@viajes.cl,Valencia,Reus,34,539,135000,EME Bus,2026-04-13,2026-04-13,,{}
95658,66147,2025-03-22,1190000,7,No disponible,1190,frbuco604@viajes.cl,,Majadahonda,,1907,170000,Pullman Bus,2026-05-02,2026-05-03,,{}
146519,,,,,Disponible,0,frpuos409@viajes.cl,Bilbao,Fuenlabrada,39,3867,147000,Monbus,2025-05-18,,,{}
105652,60395,2025-01-24,544000,4,No disponible,544,gajire460@viajes.cl,Talavera de la Reina,Santander,47,1033,136000,Condor Bus,2025-05-04,2025-05-04,,{}
92745,65157,2025-07-11,485000,5,No disponible,485,gepare579@viajes.cl,Rivas-Vaciamadrid,Segovia,32,458,97000,ETN Turistar,2025-09-29,2025-09-29,,{}
115468,55855,2025-10-06,298000,2,No disponible,298,germán9564186@viajes.cl,Santander,Cádiz,31,1240,149000,Alsa,2026-05-29,2026-05-29,,{}
146323,,,,,Disponible,0,goheho609@viajes.cl,Alcobendas,Ponferrada,46,2321,147000,Damas,2025-12-08,,,{}
124339,56418,2026-03-02,285000,1,No disponible,285,gopemo896@viajes.cl,Badajoz,Santa Cruz de Tenerife,55,4172,285000,,2026-04-12,2026-04-14,,{}
88001,62419,2025-07-15,1169000,7,No disponible,1169,guriba604@viajes.cl,Gijón,,34,3499,167000,BoltBus,2025-11-15,2025-11-17,,{}
144830,,,,,Disponible,0,gustavo8952191@viajes.cl,Zamora,Gecho,35,740,177000,,2025-03-26,,,{}
148044,,,,,Disponible,0,gutosa423@viajes.cl,Lugo,Córdoba,51,4309,338000,Southwest Airlines,2025-03-05,2025-08-31,Primera clase,
137396,59792,2025-10-05,816000,6,No disponible,816,heguca871@viajes.cl,Rivas-Vaciamadrid,Mérida,56,3074,136000,Trenitalia,2026-09-21,2026-09-23,,{}
139898,57318,2026-04-23,830000,10,No disponible,830,hernán5508876@viajes.cl,Leganés,Pamplona,49,4109,83000,ADO,2026-08-12,2026-08-14,,{}
97842,65249,2025-01-23,29000,1,No disponible,29,humaca291@viajes.cl,,Parla,45,221,29000,Estrella Roja,2025-02-09,2025-02-09,,{}
129171,61441,2025-01-26,1845000,9,No disponible,1845,incava830@viajes.cl,Salamanca,Inca,21,4017,205000,CFR (Rumania),2025-03-09,2025-03-11,,{}
144623,,,,,Disponible,0,irsico133@viajes.cl,Santiago de Compostela,San Fernando,30,2776,138000,Pullman Bus,2025-08-31,,,{}
132329,63585,2025-04-28,704000,8,No disponible,704,jaime4680549@viajes.cl,Logroño,Pontevedra,,2283,88000,Buses Ahumada,2025-05-01,2025-05-02,,{}
147379,,,,,Disponible,0,jaime9567571@viajes.cl,Parla,Alicante,24,2190,141000,Qatar Airways,2025-11-25,2026-02-24,Primera clase,
99593,66038,2025-12-10,306000,6,No disponible,306,jamaur759@viajes.cl,Alcalá de Henares,Sagunto,40,1677,51000,Avanza,2026-08-24,2026-08-25,,{}
85570,57288,2025-10-02,408000,8,No disponible,408,japame454@viajes.cl,Gecho,Málaga,39,2737,51000,,2026-11-11,2026-11-12,,{}
139362,63068,2025-03-14,940000,10,No disponible,940,javier5533113@viajes.cl,Valdemoro,Alcorcón,93,1440,94000,Nederlandse Sp,2026-04-18,2026-04-19,,{}
113979,63660,2025-04-16,354000,6,No disponible,354,joacto132@viajes.cl,Mataró,León,35,1816,59000,Buses Nilahue,2026-01-20,,,{}
146247,,,,,Disponible,0,joedtémo768@viajes.cl,Torrevieja,Guadalajara,50,4254,121000,Condor Bus,2026-09-15,,,{}
100766,66512,2025-02-04,1197000,7,No disponible,1197,jolucamu889@viajes.cl,,Valdemoro,46,3903,171000,Crucero del Norte,2025-08-16,2025-08-18,,{}
114486,59675,2025-02-24,1410000,10,No disponible,1410,jomaalma170@viajes.cl,Ferrol,El Ejido,95,1349,141000,,2026-06-06,2026-06-06,,{}
121336,65369,2025-05-21,125000,1,No disponible,125,jorge5266606@viajes.cl,Benalmádena,Benalmádena,53,451,125000,Thalys,2025-12-27,2025-12-27,,{}
132489,58135,2025-02-09,1176000,8,No disponible,1176,josé1349818@viajes.cl,Puertollano,Baracaldo,47,3626,147000,,2025-05-03,2025-05-05,,{}
103985,61140,2025-07-10,1160000,8,No disponible,1160,josé7880619@viajes.cl,Palma de Mallorca,Marbella,72,1180,145000,CD (República Checa),2026-04-07,2026-04-07,,{}
108924,64571,2025-09-01,180000,2,No disponible,180,jucénate198@viajes.cl,Toledo,San Sebastián,33,3343,90000,,2025-10-13,2025-10-15,,{}
92815,64271,2025-01-17,486000,9,No disponible,486,julio6915188@viajes.cl,Algeciras,Santa Cruz de Tenerife,44,3357,54000,ADO,2026-08-04,2026-08-06,,{}
139808,65666,2025-05-14,550000,5,No disponible,550,jupuma342@viajes.cl,San Sebastián,Barcelona,50,1750,110000,Megabus,2026-10-04,2026-10-05,,{}
149274,,,,,Disponible,0,leonor6713388@viajes.cl,Madrid,Cornellá de Llobregat,13,2372,225000,HŽ (Croacia),2025-10-28,2026-02-03,,{}
95079,58383,2026-02-18,620000,5,No disponible,620,lilia8931915@viajes.cl,Zamora,Alicante,82,994,124000,NSB (Noruega),2026-03-18,2026-03-18,,{}
109332,60033,2025-07-06,2862000,9,No disponible,2862,locaji731@viajes.cl,,Telde,99,3813,318000,Italo,2025-09-25,2025-09-27,,{}
119123,59554,2025-02-26,424000,8,No disponible,424,lodope981@viajes.cl,Logroño,Málaga,75,327,53000,Deutsche Bahn (DB),2025-09-06,2025-09-06,,{}
79224,55943,2025-11-30,1140000,5,No disponible,1140,lola7104104@viajes.cl,Leganés,Vitoria,71,2462,228000,Amtrak,2026-05-13,2026-05-14,,{}
88118,55876,2025-01-22,208000,2,No disponible,208,lorena3513609@viajes.cl,Cádiz,Irún,74,491,104000,Italo,2025-02-22,,,{}
138030,59363,2025-01-09,158000,1,No disponible,158,lucia7493903@viajes.cl,Santander,Benalmádena,47,3105,158000,Avanza,2025-02-13,2025-02-15,,{}
114081,55756,2025-10-20,516000,4,No disponible,516,luis7215383@viajes.cl,Córdoba,Huelva,36,3821,129000,Pullman Bus,2026-04-20,2026-04-22,,{}
145238,,,,,Disponible,0,lumigadu309@viajes.cl,Alcalá de Henares,Telde,32,1499,60000,Andesmar,2026-01-26,,,{}
80627,61908,2025-06-08,164000,2,No disponible,164,maabma639@viajes.cl,Oviedo,La Coruña,48,1448,82000,FlixBus,2025-11-01,2025-11-02,,{}
149823,,,,,Disponible,0,mababa273@viajes.cl,Gijón,Tarrasa,4,1399,68000,CFR (Rumania),2026-06-27,2026-08-24,,{}
143906,59703,2026-02-04,2280000,10,No disponible,2280,mabepa708@viajes.cl,Ávila,Pontevedra,43,3995,228000,Italo,2026-06-21,2026-06-23,,{}
145567,,,,,Disponible,0,maelpehe495@viajes.cl,Cerdañola del Vallés,,38,3336,172000,Via Bariloche,2026-11-22,,,{}
106611,62805,2025-07-18,264000,3,No disponible,264,maeurobo361@viajes.cl,Rubí,Barcelona,23,726,88000,ŽFBH (Bosnia y Herzegovina),2025-11-24,2025-11-24,,{}
98731,57519,2025-06-14,858000,6,No disponible,858,marcela1063339@viajes.cl,Valencia,Estepona,26,2363,143000,SNCB (Bélgica),2026-02-22,2026-02-23,,{}
96655,66416,2025-01-18,2520000,9,No disponible,2520,marco9528241@viajes.cl,Collado Villalba,Elda,89,2934,280000,ZS (Eslovenia),2025-03-12,2025-03-14,,{}
146395,,,,,Disponible,0,marcos890811@viajes.cl,Ponferrada,Gerona,41,1573,74000,Estrella Roja,2025-07-29,,,{}
146317,,,,,Disponible,0,marilu8903173@viajes.cl,,Alcalá de Guadaira,37,2484,111000,Chevallier,2026-08-18,,,{}
79766,62948,2025-08-16,2187000,9,No disponible,2187,maría1288820@viajes.cl,Puertollano,Badajoz,10,3692,243000,Eurostar,2025-12-31,2026-01-02,,
97854,56579,2025-03-09,302000,2,No disponible,302,maría4032410@viajes.cl,Cáceres,Gandía,79,3453,151000,CFR (Rumania),2025-04-19,2025-04-21,,{}
88734,65573,2025-02-05,1145000,5,No disponible,1145,maría4547699@viajes.cl,Torrejón de Ardoz,Majadahonda,39,3666,229000,Emirates,2026-06-08,2026-06-10,,"{""La Coruña"",Fuengirola,Alcorcón,Lérida,""Santa Cruz de Tenerife""}"
149575,,,,,Disponible,0,maría6926441@viajes.cl,Murcia,Castellón de la Plana,90,3626,219000,Italo,2025-12-26,2026-05-26,,{}
143767,58610,2025-04-08,610000,5,No disponible,610,maría911594@viajes.cl,,Getafe,39,792,122000,Omnibus de México,2025-04-13,2025-04-13,,{}
82972,63326,2025-06-16,1190000,7,No disponible,1190,masovama326@viajes.cl,Pamplona,La Línea de la Concepción,77,2257,170000,Nederlandse Sp,2025-06-19,2025-06-20,,{}
79231,55943,2025-01-31,1425000,5,No disponible,1425,mavega737@viajes.cl,Vitoria,San Fernando,26,3974,285000,Eurostar,2026-05-20,2026-05-22,,{}
96215,63716,2025-03-15,1176000,4,No disponible,1176,micaela3633872@viajes.cl,Zamora,Manresa,74,3260,294000,Amtrak,2025-08-05,2025-08-07,,{}
148811,,,,,Disponible,0,miguel1703488@viajes.cl,Santander,San Cristróbal de la Laguna,32,4028,322000,ZS (Eslovenia),2025-05-27,2025-11-10,,{}
136880,61098,2026-05-19,147000,1,No disponible,147,miguel8080812@viajes.cl,Madrid,Santa Coloma de Gramanet,36,946,147000,ADO,2026-08-09,2026-08-09,,{}
145707,,,,,Disponible,0,mimade747@viajes.cl,Las Palmas de Gran Canaria,San Fernando,47,3025,193000,JetSur,2025-01-30,,,{}
120009,56558,2025-03-02,192000,1,No disponible,192,misivi873@viajes.cl,Guadalajara,Getafe,30,1804,192000,,2025-08-18,2025-08-19,,{}
139969,58992,2025-05-02,36000,3,No disponible,36,miántial875@viajes.cl,Santiago de Compostela,Madrid,37,562,12000,Deutsche Bahn (DB),2025-08-25,2025-08-25,,{}
98501,56548,2025-01-06,432000,4,No disponible,432,mózaco269@viajes.cl,Lorca,Santa Lucía de Tirajana,45,1431,108000,Flecha Bus,2025-05-29,2025-05-29,,{}
140435,55691,2026-04-01,194000,2,No disponible,194,nopeal105@viajes.cl,Alcalá de Guadaira,Majadahonda,50,455,97000,Turbus,2026-08-03,2026-08-03,,{}
104340,59107,2025-02-03,560000,10,No disponible,560,norma6125104@viajes.cl,Ferrol,Pamplona,81,619,56000,Renfe,2025-02-05,2025-02-05,,{}
91829,58679,2025-05-22,268000,4,No disponible,268,pablo1161196@viajes.cl,Fuenlabrada,Lérida,30,2535,67000,Buses Bio Bio,2026-08-10,2026-08-11,,{}
143234,62809,2025-03-08,912000,8,No disponible,912,paroga838@viajes.cl,Torrevieja,Algeciras,47,371,114000,DSB (Dinamarca),2025-10-14,2025-10-14,,{}
97069,56588,2025-01-20,1188000,6,No disponible,1188,pavaar863@viajes.cl,Orense,Mataró,30,872,198000,Chevallier,2025-04-22,2025-04-22,,{}
145617,,,,,Disponible,0,piabmo168@viajes.cl,Móstoles,Molina de Segura,49,3974,85000,Socibus,2025-11-11,,,{}
86542,61411,2026-06-06,813000,3,No disponible,813,raacde153@viajes.cl,Ferrol,Sanlúcar de Barrameda,70,3104,271000,ZS (Eslovenia),2026-08-02,2026-08-04,,{}
149358,,,,,Disponible,0,racofl956@viajes.cl,La Coruña,Cartagena,41,3406,333000,SBB (Suiza),2025-04-13,2025-09-01,,{}
140154,64643,2026-02-18,303000,1,No disponible,303,racolo733@viajes.cl,Hospitalet de LLobregat,Zamora,8,3035,303000,ŽSSK (Eslovaquia),2026-02-23,2026-02-25,,{}
146448,,,,,Disponible,0,ramona5399102@viajes.cl,La Línea de la Concepción,Elda,41,3814,79000,Chevallier,2025-12-18,,,{}
84518,62448,2025-05-21,414000,3,No disponible,414,ramuga474@viajes.cl,Mérida,Avilés,47,2773,138000,Pullman Bus,2026-04-04,2026-04-05,,{}
100077,55804,2025-05-02,904000,8,No disponible,904,raquel519176@viajes.cl,Castellón de la Plana,Murcia,31,875,113000,Buses Bio Bio,2025-07-04,2025-07-04,,{}
144817,,,,,Disponible,0,rimech251@viajes.cl,Valdemoro,San Sebastián,48,3740,165000,Damas,2025-12-26,,,{}
117562,64282,2025-02-15,570000,10,No disponible,570,roberto9744305@viajes.cl,Torrejón de Ardoz,Cornellá de Llobregat,33,1604,57000,ETN Turistar,2025-03-16,2025-03-17,,{}
146488,,,,,Disponible,0,sagoni828@viajes.cl,Segovia,El Prat de LLobregat,48,4201,172000,Pullman Bus,2026-10-05,,,{}
134546,59264,2025-01-02,130000,1,No disponible,130,sagrca240@viajes.cl,Palma de Mallorca,Telde,94,1074,130000,Amtrak,2025-01-31,2025-01-31,,{}
123970,63597,2026-04-25,78000,1,No disponible,78,sara600324@viajes.cl,San Sebastián,Torremolinos,31,325,78000,Damas,2026-07-24,2026-07-24,,{}
145928,,,,,Disponible,0,semazú292@viajes.cl,Marbella,Alcalá de Guadaira,48,2634,122000,Alsa,2025-12-06,,,{}
119542,66042,2025-04-29,1800000,9,No disponible,1800,siurga784@viajes.cl,Córdoba,Cádiz,14,4278,200000,RZD (Rusia),2025-06-29,2025-07-01,,{}
116912,65352,2025-01-01,399000,1,No disponible,399,sr.1328517@viajes.cl,Santiago de Compostela,Ceuta,15,3872,399000,AVE,2025-06-27,2025-06-29,,{}
149120,,,,,Disponible,0,sr.3951766@viajes.cl,León,,9,4144,263000,Eurostar,2026-09-17,2027-03-08,,{}
82681,57879,2025-04-17,1125000,9,No disponible,1125,sr.4903927@viajes.cl,Santa Coloma de Gramanet,Benalmádena,89,1332,125000,,2026-03-08,,,{}
107747,66441,2025-04-01,3090000,10,No disponible,3090,sr.5449968@viajes.cl,Vitoria,Badajoz,89,3259,309000,NSB (Noruega),2025-04-03,,,{}
127594,65331,2025-02-03,2190000,10,No disponible,2190,sr.7819604@viajes.cl,Jerez de la Frontera,Tarrasa,73,3474,219000,DSB (Dinamarca),2026-07-17,2026-07-19,,{}
149991,,,,,Disponible,0,sra.1459233@viajes.cl,Parla,Almería,100,404,194000,SBB (Suiza),2025-01-06,2025-01-22,,{}
144894,,,,,Disponible,0,sra.1795408@viajes.cl,San Sebastían de los Reyes,Bilbao,47,205,13000,Buses Bio Bio,2025-07-30,,,{}
99189,55842,2025-01-25,1368000,8,No disponible,1368,sra.4101767@viajes.cl,Barcelona,Valencia,48,4138,171000,RZD (Rusia),2025-05-08,2025-05-10,,{}
81806,66496,2025-06-24,735000,7,No disponible,735,sra.6232546@viajes.cl,El Ejido,Marbella,34,1379,105000,Via Bariloche,2025-09-17,2025-09-17,,{}
127149,60007,2025-04-03,106000,1,No disponible,106,sra.9489774@viajes.cl,Benalmádena,Viladecans,,678,106000,CD (República Checa),2025-08-29,2025-08-29,,{}
81241,61734,2025-04-12,770000,5,No disponible,770,sradcatr480@viajes.cl,Orihuela,Tarrasa,78,3205,154000,Renfe,2025-08-29,,,{}
96802,60032,2025-01-27,1494000,9,No disponible,1494,srcotepe595@viajes.cl,Puertollano,Cerdañola del Vallés,82,452,166000,SNCB (Bélgica),2025-03-08,2025-03-08,,{}
112621,66317,2025-07-03,532000,4,No disponible,532,srjolumupe583@viajes.cl,Linares,Benalmádena,62,129,133000,NSB (Noruega),2026-01-01,2026-01-01,,{}
149211,,,,,Disponible,0,srjugáce908@viajes.cl,Alcobendas,Lugo,99,204,64000,Italo,2026-11-18,2026-11-26,,{}
149994,,,,,Disponible,0,srmavime606@viajes.cl,Mérida,Chiclana de la Frontera,55,3258,186000,CP (Portugal),2025-08-04,2025-12-17,,{}
140285,64850,2025-05-02,1350000,9,No disponible,1350,srpaquna207@viajes.cl,Oviedo,Telde,42,1322,150000,ADO,2026-11-06,2026-11-06,,{}
94024,60807,2025-02-05,936000,8,No disponible,936,srromesa573@viajes.cl,Ponferrada,Rubí,22,1824,117000,,2026-07-03,2026-07-04,,{}
81842,58918,2025-09-23,2316000,6,No disponible,2316,srsigagr821@viajes.cl,Torremolinos,El Ejido,44,4232,386000,Italo,2025-10-10,2025-10-12,,{}
138133,61262,2026-04-19,447000,3,No disponible,447,srsolues399@viajes.cl,Getafe,Móstoles,41,4142,149000,ADO,2026-06-20,2026-06-22,,{}
128530,65187,2025-03-16,121000,1,No disponible,121,sta.1321289@viajes.cl,Orense,San Sebastián,45,3284,121000,El Rápido Internacional,2025-05-08,2025-05-10,,{}
99967,60834,2026-01-09,2198000,7,No disponible,2198,sta.4160875@viajes.cl,Albacete,Cáceres,99,3668,314000,HŽ (Croacia),2026-09-27,2026-09-29,,{}
148472,,,,,Disponible,0,sta.4185906@viajes.cl,Huelva,Majadahonda,40,3655,186000,Turkish Airlines,2026-07-17,2026-12-16,Primera clase,
121014,63714,2025-11-17,676000,4,No disponible,676,sta.4757439@viajes.cl,El Prat de LLobregat,Paterna,95,3665,169000,Renfe,2026-09-06,2026-09-08,,
106904,60657,2025-02-06,78000,2,No disponible,78,sta.6273940@viajes.cl,Dos Hermanas,Rivas-Vaciamadrid,36,363,39000,Alsa,2026-09-10,2026-09-10,,{}
137642,65403,2025-06-18,333000,3,No disponible,333,sta.6665708@viajes.cl,Córdoba,Barcelona,83,742,111000,American Airlines,2025-12-22,2025-12-22,,{Albacete}
120737,62963,2025-05-19,678000,6,No disponible,678,sta.6708100@viajes.cl,Torrejón de Ardoz,,50,513,113000,Damas,2026-11-29,2026-11-29,,{}
130605,59339,2025-10-28,212000,4,No disponible,212,sta.9844799@viajes.cl,Zamora,Majadahonda,47,296,53000,FlixBus,2026-01-06,2026-01-06,,{}
90434,61560,2025-02-14,144000,1,No disponible,144,stfrlega769@viajes.cl,Gijón,El Prat de LLobregat,30,1917,144000,,2025-10-30,2025-10-31,,{}
149481,,,,,Disponible,0,sthemagi384@viajes.cl,Hospitalet de LLobregat,Salamanca,56,2566,292000,Deutsche Bahn (DB),2026-05-28,2026-09-11,,{}
144975,,,,,Disponible,0,sthoraga190@viajes.cl,Murcia,Valencia,48,1933,112000,FlixBus,2026-02-16,,,{}
99813,63999,2025-02-24,790000,10,No disponible,790,stjarabe770@viajes.cl,Santander,Benidorm,19,1400,79000,VR (Finlandia),2025-09-14,2025-09-14,,{}
100769,59153,2025-04-25,2106000,6,No disponible,2106,stjopoal797@viajes.cl,Cornellá de Llobregat,,30,2971,351000,CP (Portugal),2026-08-12,2026-08-14,,{}
130300,59031,2025-06-04,280000,5,No disponible,280,stmiarze996@viajes.cl,Valladolid,Oviedo,40,2425,56000,Buses Ahumada,2026-01-01,2026-01-02,,{}
149431,,,,,Disponible,0,stroseal875@viajes.cl,San Sebastían de los Reyes,Ferrol,2,2387,250000,SBB (Suiza),2025-08-10,2025-11-17,,{}
131833,56391,2025-05-08,1068000,6,No disponible,1068,teodoro2026565@viajes.cl,Gandía,La Línea de la Concepción,39,3484,178000,Greyhound,2025-06-21,2025-06-23,,{}
97642,61339,2025-09-14,796000,4,No disponible,796,teodoro6192309@viajes.cl,,Pamplona,,3936,199000,Alsa,2025-10-10,2025-10-12,,{}
148834,,,,,Disponible,0,teveba618@viajes.cl,,Toledo,20,336,16000,VRZ (Croacia),2026-09-19,2026-10-03,,{}
100758,66512,2025-04-25,1064000,7,No disponible,1064,timoteo6843858@viajes.cl,Hospitalet de LLobregat,Arrecife,42,1322,152000,Flecha Bus,2025-08-09,2025-08-09,,{}
100286,61770,2025-02-09,436000,4,No disponible,436,veorpa980@viajes.cl,Bilbao,Lugo,30,1419,109000,Alsa,2025-08-05,2025-08-05,,{}
149502,,,,,Disponible,0,viresa520@viajes.cl,Vitoria,Marbella,80,1648,94000,Eurostar,2025-03-27,2025-06-03,,{}
149421,,,,,Disponible,0,vivimi661@viajes.cl,Sagunto,El Puerto de Santa María,64,3973,333000,Trenitalia,2026-03-06,2026-08-18,,{}
146319,,,,,Disponible,0,vípama583@viajes.cl,Hospitalet de LLobregat,,37,2552,178000,Buses Bio Bio,2026-11-18,,,{}
130485,62710,2026-04-11,132000,1,No disponible,132,óscar5982119@viajes.cl,Alcalá de Henares,Viladecans,38,950,132000,Condor Bus,2026-09-03,2026-09-03,,{}
108397,65111,2025-06-17,585000,9,No disponible,585,óscar9962637@viajes.cl,Lugo,Paterna,7,1234,65000,Emirates,2025-08-01,2025-08-01,,
129022,60252,2025-07-14,325000,5,No disponible,325,ósheza630@viajes.cl,Bilbao,Gijón,60,1975,65000,Italo,2025-10-28,2025-10-29,,{}
134928,61241,2026-04-27,597000,3,No disponible,597,Alejandromolina571@viajes.cl,Guadalajara,Mijas,49,2325,199000,Futura,2026-08-26,2026-08-27,,
116254,55785,2025-02-23,254000,2,No disponible,254,Amaliaquintana437@viajes.cl,Sagunto,Guadalajara,35,2250,127000,Andesmar,2025-11-03,2025-11-04,,{}
96400,63183,2025-02-05,1602000,9,No disponible,1602,Bertaolivares743@viajes.cl,Santiago de Compostela,Sagunto,32,3791,178000,ETN Turistar,2025-04-19,2025-04-21,,{}
145153,,,,,Disponible,0,Catalinasalcido382@viajes.cl,León,Sanlúcar de Barrameda,38,2552,180000,Futura,2026-03-15,,,{}
142131,63280,2025-08-03,1008000,8,No disponible,1008,Concepcióncabrera224@viajes.cl,Granollers,Viladecans,48,757,126000,JetSur,2026-08-14,2026-08-14,,{}
144841,,,,,Disponible,0,Danielacandelaria184@viajes.cl,Getafe,Pamplona,37,2999,130000,Buses Ahumada,2025-07-11,,,{}
115918,55813,2025-02-21,837000,9,No disponible,837,Déboraduran581@viajes.cl,Orihuela,Paterna,31,2560,93000,Socibus,2025-02-23,2025-02-24,,{}
136324,57622,2026-02-23,568000,4,No disponible,568,Elisarobles267@viajes.cl,Santa Lucía de Tirajana,Avilés,40,3955,142000,ETN Turistar,2026-10-12,2026-10-14,,{}
102742,55806,2025-06-14,582000,6,No disponible,582,Esperanzapacheco849@viajes.cl,Madrid,Almería,41,4099,97000,Primera Plus,2025-12-08,2025-12-10,,{}
142862,66278,2025-01-17,234000,2,No disponible,234,Esperanzasegura621@viajes.cl,Mollet del Vallés,Viladecans,32,2141,117000,BoltBus,2025-05-03,2025-05-04,,{}
79203,60119,2025-02-02,721000,7,No disponible,721,Estelasauceda957@viajes.cl,Cáceres,Cuenta,44,2332,103000,ETN Turistar,2026-04-11,2026-04-12,,{}
146853,,,,,Disponible,0,Florenciaestrada212@viajes.cl,Marbella,Arrecife,38,2265,197000,BoltBus,2025-07-15,,,{}
86348,62038,2025-04-22,1328000,8,No disponible,1328,Franciscocorrales261@viajes.cl,Inca,San Cristróbal de la Laguna,42,3820,166000,Plusmar,2026-07-01,2026-07-03,,
139254,61962,2025-04-15,112000,8,No disponible,112,Germánsuárez277@viajes.cl,Las Palmas de Gran Canaria,Jerez de la Frontera,45,205,14000,Greyhound,2025-11-17,2025-11-17,,{}
105611,58787,2025-02-01,234000,3,No disponible,234,Horaciomondragón671@viajes.cl,Ferrol,Gandía,38,316,78000,El Rápido Internacional,2025-02-13,2025-02-13,,{}
117179,59784,2025-04-21,1242000,9,No disponible,1242,Hugoballesteros708@viajes.cl,Sevilla,Jerez de la Frontera,31,2756,138000,,2025-05-11,2025-05-12,,
97483,61666,2025-04-06,567000,9,No disponible,567,Jerónimocorrales854@viajes.cl,Orihuela,Hospitalet de LLobregat,50,2588,63000,Socibus,2026-07-10,2026-07-11,,{}
88083,58740,2026-01-10,540000,10,No disponible,540,Jerónimolara380@viajes.cl,Gandía,Zaragoza,48,3178,54000,Alsa,2026-07-02,2026-07-04,,{}
108809,65286,2025-01-25,720000,6,No disponible,720,Josefinabarrios725@viajes.cl,,,35,571,120000,Flecha Bus,2026-02-22,2026-02-22,,{}
145895,,,,,Disponible,0,Lauraguillen164@viajes.cl,Logroño,Sagunto,35,943,94000,Condor Bus,2025-10-28,,,{}
145591,,,,,Disponible,0,Lucastrujillo461@viajes.cl,Valdemoro,Ferrol,31,3926,57000,Via Bariloche,2026-09-27,,,{}
126873,65216,2025-10-19,792000,8,No disponible,792,Marcelajaimes783@viajes.cl,Arrecife,Sabadell,41,1822,99000,Condor Bus,2026-02-17,2026-02-18,,{}
103626,66624,2025-02-06,846000,9,No disponible,846,Maríadomínguez453@viajes.cl,Santa Coloma de Gramanet,León,33,748,94000,Chevallier,2026-09-23,2026-09-23,,{}
110152,64468,2025-12-21,300000,3,No disponible,300,Ramónabeyta326@viajes.cl,Dos Hermanas,Lorca,,3344,100000,Chevallier,2026-10-12,2026-10-14,,{}
134524,66485,2025-01-09,329000,7,No disponible,329,Ramóncedillo274@viajes.cl,Burgos,Madrid,44,421,47000,Plusmar,2025-01-15,,,
144615,,,,,Disponible,0,Rociogrijalva411@viajes.cl,Sevilla,Alcalá de Guadaira,47,1062,97000,Buses Bio Bio,2026-07-02,,,{}
134850,56918,2025-12-18,711000,9,No disponible,711,Salvadornevárez763@viajes.cl,Pamplona,Cáceres,50,3435,79000,El Rápido Internacional,2026-10-05,2026-10-07,,{}
145271,,,,,Disponible,0,Salvadorrael871@viajes.cl,Ponferrada,Gandía,49,3769,177000,Flecha Bus,2025-12-06,,,{}
131725,60855,2025-05-16,234000,2,No disponible,234,Soniaquesada509@viajes.cl,San Sebastián,Paterna,38,1836,117000,Socibus,2025-11-02,2025-11-03,,{}
138937,64071,2025-01-01,994000,7,No disponible,994,Sr.márquez121@viajes.cl,Collado Villalba,Algeciras,47,4264,142000,Flecha Bus,2025-02-16,2025-02-18,,{}
81723,61555,2025-01-05,1110000,10,No disponible,1110,Sr.ontiveros442@viajes.cl,Cáceres,Barcelona,,1126,111000,ETN Turistar,2025-03-26,2025-03-26,,{}
108453,57898,2025-02-28,167000,1,No disponible,167,Sr.orta582@viajes.cl,,Elche,43,4038,167000,Primera Plus,2025-03-12,2025-03-14,,{}
120934,56341,2025-04-29,168000,1,No disponible,168,Sr.tovar378@viajes.cl,Sagunto,Cádiz,40,2925,168000,Avanza,2026-02-16,2026-02-18,,{}
88578,63314,2025-09-04,465000,5,No disponible,465,Sra.gómez556@viajes.cl,Alcoy,Alicante,33,2623,93000,JetSur,2026-09-06,2026-09-07,,{}
79652,56145,2025-03-01,348000,4,No disponible,348,Sra.lozano349@viajes.cl,Cáceres,Jerez de la Frontera,34,4166,87000,FlixBus,2025-12-21,2025-12-23,,{}
123976,63579,2025-07-06,1395000,9,No disponible,1395,Sta.garibay963@viajes.cl,Cerdañola del Vallés,Sanlúcar de Barrameda,34,3925,155000,Estrella Roja,2026-02-17,,,{}
135351,57529,2025-01-19,175000,1,No disponible,175,Sta.quintanilla829@viajes.cl,Granada,Granollers,36,3670,175000,Socibus,2025-12-26,2025-12-28,,{}
141706,64376,2025-03-19,432000,8,No disponible,432,Timoteoorellana761@viajes.cl,Viladecans,Orihuela,34,4164,54000,Turbus,2025-04-29,2025-05-01,,{}
123615,57720,2025-01-17,195000,3,No disponible,195,Vicenteangulo491@viajes.cl,Málaga,Getafe,34,324,65000,Turbus,2025-02-10,2025-02-10,,{}
144323,59801,2025-08-17,1413000,9,No disponible,1413,alirsa833@viajes.cl,Pamplona,León,45,2973,157000,Pullman Bus,2026-09-28,2026-09-30,,
113053,62459,2025-06-22,981000,9,No disponible,981,altare803@viajes.cl,Leganés,Majadahonda,44,499,109000,Estrella Roja,2026-04-28,,,{}
126491,58294,2025-01-11,183000,3,No disponible,183,ana1243422@viajes.cl,Valladolid,Burgos,45,1258,61000,Megabus,2026-06-03,2026-06-03,,{}
129871,59965,2026-02-19,238000,2,No disponible,238,baabpa755@viajes.cl,Santander,Jaén,50,3704,119000,FlixBus,2026-07-07,2026-07-09,,{}
99717,65848,2025-02-27,1472000,8,No disponible,1472,benjamín9439784@viajes.cl,Córdoba,Benalmádena,34,3803,184000,BoltBus,2025-08-28,2025-08-30,,{}
80610,60566,2026-03-12,176000,2,No disponible,176,cariec163@viajes.cl,Benalmádena,Talavera de la Reina,39,1026,88000,Plusmar,2026-05-18,2026-05-18,,{}
85073,62952,2025-05-21,354000,3,No disponible,354,carmen8365423@viajes.cl,Huelva,Inca,34,1832,118000,Buses Nilahue,2025-07-14,2025-07-15,,{}
135645,64522,2025-02-10,1580000,10,No disponible,1580,clgues154@viajes.cl,,Badalona,46,4307,158000,Alsa,2026-05-02,2026-05-04,,{}
146509,,,,,Disponible,0,cristian8155942@viajes.cl,Santa Lucía de Tirajana,Reus,35,1474,76000,EME Bus,2026-09-30,,,{}
92384,62963,2026-04-20,834000,6,No disponible,834,daabca985@viajes.cl,Sagunto,Gecho,,3266,139000,ETN Turistar,2026-10-10,2026-10-12,,{}
136460,57941,2026-02-10,250000,5,No disponible,250,dapicó253@viajes.cl,Tarrasa,Collado Villalba,35,4116,50000,Buses Romani,2026-06-20,2026-06-22,,{}
145672,,,,,Disponible,0,edpame371@viajes.cl,Algeciras,San Cristróbal de la Laguna,,1169,189000,Megabus,2026-08-14,,,{}
103521,59538,2025-02-20,1590000,10,No disponible,1590,elbáro341@viajes.cl,Tarrasa,Málaga,49,1447,159000,Primera Plus,2025-05-14,2025-05-15,,
89857,56509,2025-01-07,310000,5,No disponible,310,elhuna946@viajes.cl,Granada,Palma de Mallorca,37,2469,62000,Futura,2026-01-24,2026-01-25,,{}
103957,61682,2025-03-27,270000,3,No disponible,270,esguol423@viajes.cl,San Sebastían de los Reyes,San Sebastián,38,3933,90000,Socibus,2026-05-30,2026-06-01,,{}
146076,,,,,Disponible,0,esorru560@viajes.cl,Fuenlabrada,Alcobendas,50,1156,193000,Buses Ahumada,2026-03-03,,,{}
136881,61098,2025-01-20,100000,1,No disponible,100,esteban6674342@viajes.cl,Santa Coloma de Gramanet,Gerona,44,2798,100000,Buses Ahumada,2026-08-09,,,{}
144671,,,,,Disponible,0,estela3886133@viajes.cl,Torrejón de Ardoz,Ceuta,39,2009,119000,Monbus,2026-05-09,,,{}
104998,60627,2025-05-16,810000,6,No disponible,810,francisca1691995@viajes.cl,Valencia,Reus,34,539,135000,EME Bus,2026-04-13,2026-04-13,,{}
95658,66147,2025-03-22,1190000,7,No disponible,1190,frbuco604@viajes.cl,,Majadahonda,,1907,170000,Pullman Bus,2026-05-02,2026-05-03,,{}
146519,,,,,Disponible,0,frpuos409@viajes.cl,Bilbao,Fuenlabrada,39,3867,147000,Monbus,2025-05-18,,,{}
105652,60395,2025-01-24,544000,4,No disponible,544,gajire460@viajes.cl,Talavera de la Reina,Santander,47,1033,136000,Condor Bus,2025-05-04,2025-05-04,,{}
92745,65157,2025-07-11,485000,5,No disponible,485,gepare579@viajes.cl,Rivas-Vaciamadrid,Segovia,32,458,97000,ETN Turistar,2025-09-29,2025-09-29,,{}
115468,55855,2025-10-06,298000,2,No disponible,298,germán9564186@viajes.cl,Santander,Cádiz,31,1240,149000,Alsa,2026-05-29,2026-05-29,,{}
146323,,,,,Disponible,0,goheho609@viajes.cl,Alcobendas,Ponferrada,46,2321,147000,Damas,2025-12-08,,,{}
88001,62419,2025-07-15,1169000,7,No disponible,1169,guriba604@viajes.cl,Gijón,,34,3499,167000,BoltBus,2025-11-15,2025-11-17,,{}
144830,,,,,Disponible,0,gustavo8952191@viajes.cl,Zamora,Gecho,35,740,177000,,2025-03-26,,,{}
139898,57318,2026-04-23,830000,10,No disponible,830,hernán5508876@viajes.cl,Leganés,Pamplona,49,4109,83000,ADO,2026-08-12,2026-08-14,,{}
97842,65249,2025-01-23,29000,1,No disponible,29,humaca291@viajes.cl,,Parla,45,221,29000,Estrella Roja,2025-02-09,2025-02-09,,{}
144623,,,,,Disponible,0,irsico133@viajes.cl,Santiago de Compostela,San Fernando,30,2776,138000,Pullman Bus,2025-08-31,,,{}
132329,63585,2025-04-28,704000,8,No disponible,704,jaime4680549@viajes.cl,Logroño,Pontevedra,,2283,88000,Buses Ahumada,2025-05-01,2025-05-02,,{}
99593,66038,2025-12-10,306000,6,No disponible,306,jamaur759@viajes.cl,Alcalá de Henares,Sagunto,40,1677,51000,Avanza,2026-08-24,2026-08-25,,{}
85570,57288,2025-10-02,408000,8,No disponible,408,japame454@viajes.cl,Gecho,Málaga,39,2737,51000,,2026-11-11,2026-11-12,,{}
113979,63660,2025-04-16,354000,6,No disponible,354,joacto132@viajes.cl,Mataró,León,35,1816,59000,Buses Nilahue,2026-01-20,,,{}
146247,,,,,Disponible,0,joedtémo768@viajes.cl,Torrevieja,Guadalajara,50,4254,121000,Condor Bus,2026-09-15,,,{}
100766,66512,2025-02-04,1197000,7,No disponible,1197,jolucamu889@viajes.cl,,Valdemoro,46,3903,171000,Crucero del Norte,2025-08-16,2025-08-18,,{}
132489,58135,2025-02-09,1176000,8,No disponible,1176,josé1349818@viajes.cl,Puertollano,Baracaldo,47,3626,147000,,2025-05-03,2025-05-05,,{}
108924,64571,2025-09-01,180000,2,No disponible,180,jucénate198@viajes.cl,Toledo,San Sebastián,33,3343,90000,,2025-10-13,2025-10-15,,{}
92815,64271,2025-01-17,486000,9,No disponible,486,julio6915188@viajes.cl,Algeciras,Santa Cruz de Tenerife,44,3357,54000,ADO,2026-08-04,2026-08-06,,{}
138030,59363,2025-01-09,158000,1,No disponible,158,lucia7493903@viajes.cl,Santander,Benalmádena,47,3105,158000,Avanza,2025-02-13,2025-02-15,,{}
114081,55756,2025-10-20,516000,4,No disponible,516,luis7215383@viajes.cl,Córdoba,Huelva,36,3821,129000,Pullman Bus,2026-04-20,2026-04-22,,{}
145238,,,,,Disponible,0,lumigadu309@viajes.cl,Alcalá de Henares,Telde,32,1499,60000,Andesmar,2026-01-26,,,{}
80627,61908,2025-06-08,164000,2,No disponible,164,maabma639@viajes.cl,Oviedo,La Coruña,48,1448,82000,FlixBus,2025-11-01,2025-11-02,,{}
145567,,,,,Disponible,0,maelpehe495@viajes.cl,Cerdañola del Vallés,,38,3336,172000,Via Bariloche,2026-11-22,,,{}
146395,,,,,Disponible,0,marcos890811@viajes.cl,Ponferrada,Gerona,41,1573,74000,Estrella Roja,2025-07-29,,,{}
146317,,,,,Disponible,0,marilu8903173@viajes.cl,,Alcalá de Guadaira,37,2484,111000,Chevallier,2026-08-18,,,{}
143767,58610,2025-04-08,610000,5,No disponible,610,maría911594@viajes.cl,,Getafe,39,792,122000,Omnibus de México,2025-04-13,2025-04-13,,{}
136880,61098,2026-05-19,147000,1,No disponible,147,miguel8080812@viajes.cl,Madrid,Santa Coloma de Gramanet,36,946,147000,ADO,2026-08-09,2026-08-09,,{}
145707,,,,,Disponible,0,mimade747@viajes.cl,Las Palmas de Gran Canaria,San Fernando,47,3025,193000,JetSur,2025-01-30,,,{}
120009,56558,2025-03-02,192000,1,No disponible,192,misivi873@viajes.cl,Guadalajara,Getafe,30,1804,192000,,2025-08-18,2025-08-19,,{}
98501,56548,2025-01-06,432000,4,No disponible,432,mózaco269@viajes.cl,Lorca,Santa Lucía de Tirajana,45,1431,108000,Flecha Bus,2025-05-29,2025-05-29,,{}
140435,55691,2026-04-01,194000,2,No disponible,194,nopeal105@viajes.cl,Alcalá de Guadaira,Majadahonda,50,455,97000,Turbus,2026-08-03,2026-08-03,,{}
91829,58679,2025-05-22,268000,4,No disponible,268,pablo1161196@viajes.cl,Fuenlabrada,Lérida,30,2535,67000,Buses Bio Bio,2026-08-10,2026-08-11,,{}
97069,56588,2025-01-20,1188000,6,No disponible,1188,pavaar863@viajes.cl,Orense,Mataró,30,872,198000,Chevallier,2025-04-22,2025-04-22,,{}
145617,,,,,Disponible,0,piabmo168@viajes.cl,Móstoles,Molina de Segura,49,3974,85000,Socibus,2025-11-11,,,{}
127521,62536,2025-01-16,480000,5,No disponible,480,ramona1701167@viajes.cl,Chiclana de la Frontera,Collado Villalba,40,372,96000,Flecha Bus,2025-04-28,2025-04-28,,{}
146448,,,,,Disponible,0,ramona5399102@viajes.cl,La Línea de la Concepción,Elda,41,3814,79000,Chevallier,2025-12-18,,,{}
84518,62448,2025-05-21,414000,3,No disponible,414,ramuga474@viajes.cl,Mérida,Avilés,47,2773,138000,Pullman Bus,2026-04-04,2026-04-05,,{}
128700,55880,2025-01-03,915000,5,No disponible,915,ramón7363256@viajes.cl,Collado Villalba,Elche,50,3460,183000,Flecha Bus,2025-01-06,2025-01-08,,{}
100077,55804,2025-05-02,904000,8,No disponible,904,raquel519176@viajes.cl,Castellón de la Plana,Murcia,31,875,113000,Buses Bio Bio,2025-07-04,2025-07-04,,{}
119313,66366,2025-03-24,1269000,9,No disponible,1269,ravime379@viajes.cl,Pozuelo de Alarcón,Lorca,32,491,141000,Damas,2025-10-18,2025-10-18,,{}
104498,58014,2025-12-15,1432000,8,No disponible,1432,raúl9381742@viajes.cl,Oviedo,Burgos,49,2754,179000,Avanza,2026-01-14,2026-01-15,,{}
144817,,,,,Disponible,0,rimech251@viajes.cl,Valdemoro,San Sebastián,48,3740,165000,Damas,2025-12-26,,,{}
117562,64282,2025-02-15,570000,10,No disponible,570,roberto9744305@viajes.cl,Torrejón de Ardoz,Cornellá de Llobregat,33,1604,57000,ETN Turistar,2025-03-16,2025-03-17,,{}
146488,,,,,Disponible,0,sagoni828@viajes.cl,Segovia,El Prat de LLobregat,48,4201,172000,Pullman Bus,2026-10-05,,,{}
123970,63597,2026-04-25,78000,1,No disponible,78,sara600324@viajes.cl,San Sebastián,Torremolinos,31,325,78000,Damas,2026-07-24,2026-07-24,,{}
145928,,,,,Disponible,0,semazú292@viajes.cl,Marbella,Alcalá de Guadaira,48,2634,122000,Alsa,2025-12-06,,,{}
144894,,,,,Disponible,0,sra.1795408@viajes.cl,San Sebastían de los Reyes,Bilbao,47,205,13000,Buses Bio Bio,2025-07-30,,,{}
81806,66496,2025-06-24,735000,7,No disponible,735,sra.6232546@viajes.cl,El Ejido,Marbella,34,1379,105000,Via Bariloche,2025-09-17,2025-09-17,,{}
140285,64850,2025-05-02,1350000,9,No disponible,1350,srpaquna207@viajes.cl,Oviedo,Telde,42,1322,150000,ADO,2026-11-06,2026-11-06,,{}
138133,61262,2026-04-19,447000,3,No disponible,447,srsolues399@viajes.cl,Getafe,Móstoles,41,4142,149000,ADO,2026-06-20,2026-06-22,,{}
128530,65187,2025-03-16,121000,1,No disponible,121,sta.1321289@viajes.cl,Orense,San Sebastián,45,3284,121000,El Rápido Internacional,2025-05-08,2025-05-10,,{}
141211,62504,2025-08-30,133000,1,No disponible,133,sta.4527340@viajes.cl,Inca,Burgos,39,4286,133000,Buses Romani,2026-05-07,2026-05-09,,{}
106904,60657,2025-02-06,78000,2,No disponible,78,sta.6273940@viajes.cl,Dos Hermanas,Rivas-Vaciamadrid,36,363,39000,Alsa,2026-09-10,2026-09-10,,{}
120737,62963,2025-05-19,678000,6,No disponible,678,sta.6708100@viajes.cl,Torrejón de Ardoz,,50,513,113000,Damas,2026-11-29,2026-11-29,,{}
130605,59339,2025-10-28,212000,4,No disponible,212,sta.9844799@viajes.cl,Zamora,Majadahonda,47,296,53000,FlixBus,2026-01-06,2026-01-06,,{}
90434,61560,2025-02-14,144000,1,No disponible,144,stfrlega769@viajes.cl,Gijón,El Prat de LLobregat,30,1917,144000,,2025-10-30,2025-10-31,,{}
144975,,,,,Disponible,0,sthoraga190@viajes.cl,Murcia,Valencia,48,1933,112000,FlixBus,2026-02-16,,,{}
130300,59031,2025-06-04,280000,5,No disponible,280,stmiarze996@viajes.cl,Valladolid,Oviedo,40,2425,56000,Buses Ahumada,2026-01-01,2026-01-02,,{}
131833,56391,2025-05-08,1068000,6,No disponible,1068,teodoro2026565@viajes.cl,Gandía,La Línea de la Concepción,39,3484,178000,Greyhound,2025-06-21,2025-06-23,,{}
97642,61339,2025-09-14,796000,4,No disponible,796,teodoro6192309@viajes.cl,,Pamplona,,3936,199000,Alsa,2025-10-10,2025-10-12,,{}
100758,66512,2025-04-25,1064000,7,No disponible,1064,timoteo6843858@viajes.cl,Hospitalet de LLobregat,Arrecife,42,1322,152000,Flecha Bus,2025-08-09,2025-08-09,,{}
146319,,,,,Disponible,0,vípama583@viajes.cl,Hospitalet de LLobregat,,37,2552,178000,Buses Bio Bio,2026-11-18,,,{}
130485,62710,2026-04-11,132000,1,No disponible,132,óscar5982119@viajes.cl,Alcalá de Henares,Viladecans,38,950,132000,Condor Bus,2026-09-03,2026-09-03,,{}
134928,61241,2026-04-27,597000,3,No disponible,597,Alejandromolina571@viajes.cl,Guadalajara,Mijas,49,2325,199000,Futura,2026-08-26,2026-08-27,,
116254,55785,2025-02-23,254000,2,No disponible,254,Amaliaquintana437@viajes.cl,Sagunto,Guadalajara,35,2250,127000,Andesmar,2025-11-03,2025-11-04,,{}
96400,63183,2025-02-05,1602000,9,No disponible,1602,Bertaolivares743@viajes.cl,Santiago de Compostela,Sagunto,32,3791,178000,ETN Turistar,2025-04-19,2025-04-21,,{}
145153,,,,,Disponible,0,Catalinasalcido382@viajes.cl,León,Sanlúcar de Barrameda,38,2552,180000,Futura,2026-03-15,,,{}
142131,63280,2025-08-03,1008000,8,No disponible,1008,Concepcióncabrera224@viajes.cl,Granollers,Viladecans,48,757,126000,JetSur,2026-08-14,2026-08-14,,{}
144841,,,,,Disponible,0,Danielacandelaria184@viajes.cl,Getafe,Pamplona,37,2999,130000,Buses Ahumada,2025-07-11,,,{}
115918,55813,2025-02-21,837000,9,No disponible,837,Déboraduran581@viajes.cl,Orihuela,Paterna,31,2560,93000,Socibus,2025-02-23,2025-02-24,,{}
136324,57622,2026-02-23,568000,4,No disponible,568,Elisarobles267@viajes.cl,Santa Lucía de Tirajana,Avilés,40,3955,142000,ETN Turistar,2026-10-12,2026-10-14,,{}
102742,55806,2025-06-14,582000,6,No disponible,582,Esperanzapacheco849@viajes.cl,Madrid,Almería,41,4099,97000,Primera Plus,2025-12-08,2025-12-10,,{}
142862,66278,2025-01-17,234000,2,No disponible,234,Esperanzasegura621@viajes.cl,Mollet del Vallés,Viladecans,32,2141,117000,BoltBus,2025-05-03,2025-05-04,,{}
79203,60119,2025-02-02,721000,7,No disponible,721,Estelasauceda957@viajes.cl,Cáceres,Cuenta,44,2332,103000,ETN Turistar,2026-04-11,2026-04-12,,{}
146853,,,,,Disponible,0,Florenciaestrada212@viajes.cl,Marbella,Arrecife,38,2265,197000,BoltBus,2025-07-15,,,{}
86348,62038,2025-04-22,1328000,8,No disponible,1328,Franciscocorrales261@viajes.cl,Inca,San Cristróbal de la Laguna,42,3820,166000,Plusmar,2026-07-01,2026-07-03,,
139254,61962,2025-04-15,112000,8,No disponible,112,Germánsuárez277@viajes.cl,Las Palmas de Gran Canaria,Jerez de la Frontera,45,205,14000,Greyhound,2025-11-17,2025-11-17,,{}
105611,58787,2025-02-01,234000,3,No disponible,234,Horaciomondragón671@viajes.cl,Ferrol,Gandía,38,316,78000,El Rápido Internacional,2025-02-13,2025-02-13,,{}
117179,59784,2025-04-21,1242000,9,No disponible,1242,Hugoballesteros708@viajes.cl,Sevilla,Jerez de la Frontera,31,2756,138000,,2025-05-11,2025-05-12,,
97483,61666,2025-04-06,567000,9,No disponible,567,Jerónimocorrales854@viajes.cl,Orihuela,Hospitalet de LLobregat,50,2588,63000,Socibus,2026-07-10,2026-07-11,,{}
88083,58740,2026-01-10,540000,10,No disponible,540,Jerónimolara380@viajes.cl,Gandía,Zaragoza,48,3178,54000,Alsa,2026-07-02,2026-07-04,,{}
108809,65286,2025-01-25,720000,6,No disponible,720,Josefinabarrios725@viajes.cl,,,35,571,120000,Flecha Bus,2026-02-22,2026-02-22,,{}
145895,,,,,Disponible,0,Lauraguillen164@viajes.cl,Logroño,Sagunto,35,943,94000,Condor Bus,2025-10-28,,,{}
145591,,,,,Disponible,0,Lucastrujillo461@viajes.cl,Valdemoro,Ferrol,31,3926,57000,Via Bariloche,2026-09-27,,,{}
126873,65216,2025-10-19,792000,8,No disponible,792,Marcelajaimes783@viajes.cl,Arrecife,Sabadell,41,1822,99000,Condor Bus,2026-02-17,2026-02-18,,{}
103626,66624,2025-02-06,846000,9,No disponible,846,Maríadomínguez453@viajes.cl,Santa Coloma de Gramanet,León,33,748,94000,Chevallier,2026-09-23,2026-09-23,,{}
110152,64468,2025-12-21,300000,3,No disponible,300,Ramónabeyta326@viajes.cl,Dos Hermanas,Lorca,,3344,100000,Chevallier,2026-10-12,2026-10-14,,{}
134524,66485,2025-01-09,329000,7,No disponible,329,Ramóncedillo274@viajes.cl,Burgos,Madrid,44,421,47000,Plusmar,2025-01-15,,,
144615,,,,,Disponible,0,Rociogrijalva411@viajes.cl,Sevilla,Alcalá de Guadaira,47,1062,97000,Buses Bio Bio,2026-07-02,,,{}
134850,56918,2025-12-18,711000,9,No disponible,711,Salvadornevárez763@viajes.cl,Pamplona,Cáceres,50,3435,79000,El Rápido Internacional,2026-10-05,2026-10-07,,{}
145271,,,,,Disponible,0,Salvadorrael871@viajes.cl,Ponferrada,Gandía,49,3769,177000,Flecha Bus,2025-12-06,,,{}
131725,60855,2025-05-16,234000,2,No disponible,234,Soniaquesada509@viajes.cl,San Sebastián,Paterna,38,1836,117000,Socibus,2025-11-02,2025-11-03,,{}
138937,64071,2025-01-01,994000,7,No disponible,994,Sr.márquez121@viajes.cl,Collado Villalba,Algeciras,47,4264,142000,Flecha Bus,2025-02-16,2025-02-18,,{}
81723,61555,2025-01-05,1110000,10,No disponible,1110,Sr.ontiveros442@viajes.cl,Cáceres,Barcelona,,1126,111000,ETN Turistar,2025-03-26,2025-03-26,,{}
108453,57898,2025-02-28,167000,1,No disponible,167,Sr.orta582@viajes.cl,,Elche,43,4038,167000,Primera Plus,2025-03-12,2025-03-14,,{}
120934,56341,2025-04-29,168000,1,No disponible,168,Sr.tovar378@viajes.cl,Sagunto,Cádiz,40,2925,168000,Avanza,2026-02-16,2026-02-18,,{}
88578,63314,2025-09-04,465000,5,No disponible,465,Sra.gómez556@viajes.cl,Alcoy,Alicante,33,2623,93000,JetSur,2026-09-06,2026-09-07,,{}
79652,56145,2025-03-01,348000,4,No disponible,348,Sra.lozano349@viajes.cl,Cáceres,Jerez de la Frontera,34,4166,87000,FlixBus,2025-12-21,2025-12-23,,{}
123976,63579,2025-07-06,1395000,9,No disponible,1395,Sta.garibay963@viajes.cl,Cerdañola del Vallés,Sanlúcar de Barrameda,34,3925,155000,Estrella Roja,2026-02-17,,,{}
135351,57529,2025-01-19,175000,1,No disponible,175,Sta.quintanilla829@viajes.cl,Granada,Granollers,36,3670,175000,Socibus,2025-12-26,2025-12-28,,{}
141706,64376,2025-03-19,432000,8,No disponible,432,Timoteoorellana761@viajes.cl,Viladecans,Orihuela,34,4164,54000,Turbus,2025-04-29,2025-05-01,,{}
123615,57720,2025-01-17,195000,3,No disponible,195,Vicenteangulo491@viajes.cl,Málaga,Getafe,34,324,65000,Turbus,2025-02-10,2025-02-10,,{}
144323,59801,2025-08-17,1413000,9,No disponible,1413,alirsa833@viajes.cl,Pamplona,León,45,2973,157000,Pullman Bus,2026-09-28,2026-09-30,,
113053,62459,2025-06-22,981000,9,No disponible,981,altare803@viajes.cl,Leganés,Majadahonda,44,499,109000,Estrella Roja,2026-04-28,,,{}
126491,58294,2025-01-11,183000,3,No disponible,183,ana1243422@viajes.cl,Valladolid,Burgos,45,1258,61000,Megabus,2026-06-03,2026-06-03,,{}
129871,59965,2026-02-19,238000,2,No disponible,238,baabpa755@viajes.cl,Santander,Jaén,50,3704,119000,FlixBus,2026-07-07,2026-07-09,,{}
99717,65848,2025-02-27,1472000,8,No disponible,1472,benjamín9439784@viajes.cl,Córdoba,Benalmádena,34,3803,184000,BoltBus,2025-08-28,2025-08-30,,{}
80610,60566,2026-03-12,176000,2,No disponible,176,cariec163@viajes.cl,Benalmádena,Talavera de la Reina,39,1026,88000,Plusmar,2026-05-18,2026-05-18,,{}
85073,62952,2025-05-21,354000,3,No disponible,354,carmen8365423@viajes.cl,Huelva,Inca,34,1832,118000,Buses Nilahue,2025-07-14,2025-07-15,,{}
135645,64522,2025-02-10,1580000,10,No disponible,1580,clgues154@viajes.cl,,Badalona,46,4307,158000,Alsa,2026-05-02,2026-05-04,,{}
146509,,,,,Disponible,0,cristian8155942@viajes.cl,Santa Lucía de Tirajana,Reus,35,1474,76000,EME Bus,2026-09-30,,,{}
92384,62963,2026-04-20,834000,6,No disponible,834,daabca985@viajes.cl,Sagunto,Gecho,,3266,139000,ETN Turistar,2026-10-10,2026-10-12,,{}
136460,57941,2026-02-10,250000,5,No disponible,250,dapicó253@viajes.cl,Tarrasa,Collado Villalba,35,4116,50000,Buses Romani,2026-06-20,2026-06-22,,{}
145672,,,,,Disponible,0,edpame371@viajes.cl,Algeciras,San Cristróbal de la Laguna,,1169,189000,Megabus,2026-08-14,,,{}
103521,59538,2025-02-20,1590000,10,No disponible,1590,elbáro341@viajes.cl,Tarrasa,Málaga,49,1447,159000,Primera Plus,2025-05-14,2025-05-15,,
89857,56509,2025-01-07,310000,5,No disponible,310,elhuna946@viajes.cl,Granada,Palma de Mallorca,37,2469,62000,Futura,2026-01-24,2026-01-25,,{}
103957,61682,2025-03-27,270000,3,No disponible,270,esguol423@viajes.cl,San Sebastían de los Reyes,San Sebastián,38,3933,90000,Socibus,2026-05-30,2026-06-01,,{}
146076,,,,,Disponible,0,esorru560@viajes.cl,Fuenlabrada,Alcobendas,50,1156,193000,Buses Ahumada,2026-03-03,,,{}
136881,61098,2025-01-20,100000,1,No disponible,100,esteban6674342@viajes.cl,Santa Coloma de Gramanet,Gerona,44,2798,100000,Buses Ahumada,2026-08-09,,,{}
144671,,,,,Disponible,0,estela3886133@viajes.cl,Torrejón de Ardoz,Ceuta,39,2009,119000,Monbus,2026-05-09,,,{}
104998,60627,2025-05-16,810000,6,No disponible,810,francisca1691995@viajes.cl,Valencia,Reus,34,539,135000,EME Bus,2026-04-13,2026-04-13,,{}
95658,66147,2025-03-22,1190000,7,No disponible,1190,frbuco604@viajes.cl,,Majadahonda,,1907,170000,Pullman Bus,2026-05-02,2026-05-03,,{}
146519,,,,,Disponible,0,frpuos409@viajes.cl,Bilbao,Fuenlabrada,39,3867,147000,Monbus,2025-05-18,,,{}
105652,60395,2025-01-24,544000,4,No disponible,544,gajire460@viajes.cl,Talavera de la Reina,Santander,47,1033,136000,Condor Bus,2025-05-04,2025-05-04,,{}
92745,65157,2025-07-11,485000,5,No disponible,485,gepare579@viajes.cl,Rivas-Vaciamadrid,Segovia,32,458,97000,ETN Turistar,2025-09-29,2025-09-29,,{}
115468,55855,2025-10-06,298000,2,No disponible,298,germán9564186@viajes.cl,Santander,Cádiz,31,1240,149000,Alsa,2026-05-29,2026-05-29,,{}
146323,,,,,Disponible,0,goheho609@viajes.cl,Alcobendas,Ponferrada,46,2321,147000,Damas,2025-12-08,,,{}
88001,62419,2025-07-15,1169000,7,No disponible,1169,guriba604@viajes.cl,Gijón,,34,3499,167000,BoltBus,2025-11-15,2025-11-17,,{}
144830,,,,,Disponible,0,gustavo8952191@viajes.cl,Zamora,Gecho,35,740,177000,,2025-03-26,,,{}
139898,57318,2026-04-23,830000,10,No disponible,830,hernán5508876@viajes.cl,Leganés,Pamplona,49,4109,83000,ADO,2026-08-12,2026-08-14,,{}
97842,65249,2025-01-23,29000,1,No disponible,29,humaca291@viajes.cl,,Parla,45,221,29000,Estrella Roja,2025-02-09,2025-02-09,,{}
144623,,,,,Disponible,0,irsico133@viajes.cl,Santiago de Compostela,San Fernando,30,2776,138000,Pullman Bus,2025-08-31,,,{}
132329,63585,2025-04-28,704000,8,No disponible,704,jaime4680549@viajes.cl,Logroño,Pontevedra,,2283,88000,Buses Ahumada,2025-05-01,2025-05-02,,{}
99593,66038,2025-12-10,306000,6,No disponible,306,jamaur759@viajes.cl,Alcalá de Henares,Sagunto,40,1677,51000,Avanza,2026-08-24,2026-08-25,,{}
85570,57288,2025-10-02,408000,8,No disponible,408,japame454@viajes.cl,Gecho,Málaga,39,2737,51000,,2026-11-11,2026-11-12,,{}
113979,63660,2025-04-16,354000,6,No disponible,354,joacto132@viajes.cl,Mataró,León,35,1816,59000,Buses Nilahue,2026-01-20,,,{}
146247,,,,,Disponible,0,joedtémo768@viajes.cl,Torrevieja,Guadalajara,50,4254,121000,Condor Bus,2026-09-15,,,{}
100766,66512,2025-02-04,1197000,7,No disponible,1197,jolucamu889@viajes.cl,,Valdemoro,46,3903,171000,Crucero del Norte,2025-08-16,2025-08-18,,{}
132489,58135,2025-02-09,1176000,8,No disponible,1176,josé1349818@viajes.cl,Puertollano,Baracaldo,47,3626,147000,,2025-05-03,2025-05-05,,{}
108924,64571,2025-09-01,180000,2,No disponible,180,jucénate198@viajes.cl,Toledo,San Sebastián,33,3343,90000,,2025-10-13,2025-10-15,,{}
92815,64271,2025-01-17,486000,9,No disponible,486,julio6915188@viajes.cl,Algeciras,Santa Cruz de Tenerife,44,3357,54000,ADO,2026-08-04,2026-08-06,,{}
138030,59363,2025-01-09,158000,1,No disponible,158,lucia7493903@viajes.cl,Santander,Benalmádena,47,3105,158000,Avanza,2025-02-13,2025-02-15,,{}
114081,55756,2025-10-20,516000,4,No disponible,516,luis7215383@viajes.cl,Córdoba,Huelva,36,3821,129000,Pullman Bus,2026-04-20,2026-04-22,,{}
145238,,,,,Disponible,0,lumigadu309@viajes.cl,Alcalá de Henares,Telde,32,1499,60000,Andesmar,2026-01-26,,,{}
80627,61908,2025-06-08,164000,2,No disponible,164,maabma639@viajes.cl,Oviedo,La Coruña,48,1448,82000,FlixBus,2025-11-01,2025-11-02,,{}
145567,,,,,Disponible,0,maelpehe495@viajes.cl,Cerdañola del Vallés,,38,3336,172000,Via Bariloche,2026-11-22,,,{}
146395,,,,,Disponible,0,marcos890811@viajes.cl,Ponferrada,Gerona,41,1573,74000,Estrella Roja,2025-07-29,,,{}
146317,,,,,Disponible,0,marilu8903173@viajes.cl,,Alcalá de Guadaira,37,2484,111000,Chevallier,2026-08-18,,,{}
143767,58610,2025-04-08,610000,5,No disponible,610,maría911594@viajes.cl,,Getafe,39,792,122000,Omnibus de México,2025-04-13,2025-04-13,,{}
136880,61098,2026-05-19,147000,1,No disponible,147,miguel8080812@viajes.cl,Madrid,Santa Coloma de Gramanet,36,946,147000,ADO,2026-08-09,2026-08-09,,{}
145707,,,,,Disponible,0,mimade747@viajes.cl,Las Palmas de Gran Canaria,San Fernando,47,3025,193000,JetSur,2025-01-30,,,{}
120009,56558,2025-03-02,192000,1,No disponible,192,misivi873@viajes.cl,Guadalajara,Getafe,30,1804,192000,,2025-08-18,2025-08-19,,{}
98501,56548,2025-01-06,432000,4,No disponible,432,mózaco269@viajes.cl,Lorca,Santa Lucía de Tirajana,45,1431,108000,Flecha Bus,2025-05-29,2025-05-29,,{}
140435,55691,2026-04-01,194000,2,No disponible,194,nopeal105@viajes.cl,Alcalá de Guadaira,Majadahonda,50,455,97000,Turbus,2026-08-03,2026-08-03,,{}
91829,58679,2025-05-22,268000,4,No disponible,268,pablo1161196@viajes.cl,Fuenlabrada,Lérida,30,2535,67000,Buses Bio Bio,2026-08-10,2026-08-11,,{}
97069,56588,2025-01-20,1188000,6,No disponible,1188,pavaar863@viajes.cl,Orense,Mataró,30,872,198000,Chevallier,2025-04-22,2025-04-22,,{}
145617,,,,,Disponible,0,piabmo168@viajes.cl,Móstoles,Molina de Segura,49,3974,85000,Socibus,2025-11-11,,,{}
127521,62536,2025-01-16,480000,5,No disponible,480,ramona1701167@viajes.cl,Chiclana de la Frontera,Collado Villalba,40,372,96000,Flecha Bus,2025-04-28,2025-04-28,,{}
146448,,,,,Disponible,0,ramona5399102@viajes.cl,La Línea de la Concepción,Elda,41,3814,79000,Chevallier,2025-12-18,,,{}
84518,62448,2025-05-21,414000,3,No disponible,414,ramuga474@viajes.cl,Mérida,Avilés,47,2773,138000,Pullman Bus,2026-04-04,2026-04-05,,{}
128700,55880,2025-01-03,915000,5,No disponible,915,ramón7363256@viajes.cl,Collado Villalba,Elche,50,3460,183000,Flecha Bus,2025-01-06,2025-01-08,,{}
100077,55804,2025-05-02,904000,8,No disponible,904,raquel519176@viajes.cl,Castellón de la Plana,Murcia,31,875,113000,Buses Bio Bio,2025-07-04,2025-07-04,,{}
119313,66366,2025-03-24,1269000,9,No disponible,1269,ravime379@viajes.cl,Pozuelo de Alarcón,Lorca,32,491,141000,Damas,2025-10-18,2025-10-18,,{}
104498,58014,2025-12-15,1432000,8,No disponible,1432,raúl9381742@viajes.cl,Oviedo,Burgos,49,2754,179000,Avanza,2026-01-14,2026-01-15,,{}
144817,,,,,Disponible,0,rimech251@viajes.cl,Valdemoro,San Sebastián,48,3740,165000,Damas,2025-12-26,,,{}
117562,64282,2025-02-15,570000,10,No disponible,570,roberto9744305@viajes.cl,Torrejón de Ardoz,Cornellá de Llobregat,33,1604,57000,ETN Turistar,2025-03-16,2025-03-17,,{}
146488,,,,,Disponible,0,sagoni828@viajes.cl,Segovia,El Prat de LLobregat,48,4201,172000,Pullman Bus,2026-10-05,,,{}
123970,63597,2026-04-25,78000,1,No disponible,78,sara600324@viajes.cl,San Sebastián,Torremolinos,31,325,78000,Damas,2026-07-24,2026-07-24,,{}
145928,,,,,Disponible,0,semazú292@viajes.cl,Marbella,Alcalá de Guadaira,48,2634,122000,Alsa,2025-12-06,,,{}
144894,,,,,Disponible,0,sra.1795408@viajes.cl,San Sebastían de los Reyes,Bilbao,47,205,13000,Buses Bio Bio,2025-07-30,,,{}
81806,66496,2025-06-24,735000,7,No disponible,735,sra.6232546@viajes.cl,El Ejido,Marbella,34,1379,105000,Via Bariloche,2025-09-17,2025-09-17,,{}
140285,64850,2025-05-02,1350000,9,No disponible,1350,srpaquna207@viajes.cl,Oviedo,Telde,42,1322,150000,ADO,2026-11-06,2026-11-06,,{}
138133,61262,2026-04-19,447000,3,No disponible,447,srsolues399@viajes.cl,Getafe,Móstoles,41,4142,149000,ADO,2026-06-20,2026-06-22,,{}
128530,65187,2025-03-16,121000,1,No disponible,121,sta.1321289@viajes.cl,Orense,San Sebastián,45,3284,121000,El Rápido Internacional,2025-05-08,2025-05-10,,{}
141211,62504,2025-08-30,133000,1,No disponible,133,sta.4527340@viajes.cl,Inca,Burgos,39,4286,133000,Buses Romani,2026-05-07,2026-05-09,,{}
106904,60657,2025-02-06,78000,2,No disponible,78,sta.6273940@viajes.cl,Dos Hermanas,Rivas-Vaciamadrid,36,363,39000,Alsa,2026-09-10,2026-09-10,,{}
120737,62963,2025-05-19,678000,6,No disponible,678,sta.6708100@viajes.cl,Torrejón de Ardoz,,50,513,113000,Damas,2026-11-29,2026-11-29,,{}
130605,59339,2025-10-28,212000,4,No disponible,212,sta.9844799@viajes.cl,Zamora,Majadahonda,47,296,53000,FlixBus,2026-01-06,2026-01-06,,{}
90434,61560,2025-02-14,144000,1,No disponible,144,stfrlega769@viajes.cl,Gijón,El Prat de LLobregat,30,1917,144000,,2025-10-30,2025-10-31,,{}
144975,,,,,Disponible,0,sthoraga190@viajes.cl,Murcia,Valencia,48,1933,112000,FlixBus,2026-02-16,,,{}
130300,59031,2025-06-04,280000,5,No disponible,280,stmiarze996@viajes.cl,Valladolid,Oviedo,40,2425,56000,Buses Ahumada,2026-01-01,2026-01-02,,{}
131833,56391,2025-05-08,1068000,6,No disponible,1068,teodoro2026565@viajes.cl,Gandía,La Línea de la Concepción,39,3484,178000,Greyhound,2025-06-21,2025-06-23,,{}
97642,61339,2025-09-14,796000,4,No disponible,796,teodoro6192309@viajes.cl,,Pamplona,,3936,199000,Alsa,2025-10-10,2025-10-12,,{}
100758,66512,2025-04-25,1064000,7,No disponible,1064,timoteo6843858@viajes.cl,Hospitalet de LLobregat,Arrecife,42,1322,152000,Flecha Bus,2025-08-09,2025-08-09,,{}
146319,,,,,Disponible,0,vípama583@viajes.cl,Hospitalet de LLobregat,,37,2552,178000,Buses Bio Bio,2026-11-18,,,{}
130485,62710,2026-04-11,132000,1,No disponible,132,óscar5982119@viajes.cl,Alcalá de Henares,Viladecans,38,950,132000,Condor Bus,2026-09-03,2026-09-03,,{}
134928,61241,2026-04-27,597000,3,No disponible,597,Alejandromolina571@viajes.cl,Guadalajara,Mijas,49,2325,199000,Futura,2026-08-26,2026-08-27,,
116254,55785,2025-02-23,254000,2,No disponible,254,Amaliaquintana437@viajes.cl,Sagunto,Guadalajara,35,2250,127000,Andesmar,2025-11-03,2025-11-04,,{}
96400,63183,2025-02-05,1602000,9,No disponible,1602,Bertaolivares743@viajes.cl,Santiago de Compostela,Sagunto,32,3791,178000,ETN Turistar,2025-04-19,2025-04-21,,{}
145153,,,,,Disponible,0,Catalinasalcido382@viajes.cl,León,Sanlúcar de Barrameda,38,2552,180000,Futura,2026-03-15,,,{}
142131,63280,2025-08-03,1008000,8,No disponible,1008,Concepcióncabrera224@viajes.cl,Granollers,Viladecans,48,757,126000,JetSur,2026-08-14,2026-08-14,,{}
144841,,,,,Disponible,0,Danielacandelaria184@viajes.cl,Getafe,Pamplona,37,2999,130000,Buses Ahumada,2025-07-11,,,{}
115918,55813,2025-02-21,837000,9,No disponible,837,Déboraduran581@viajes.cl,Orihuela,Paterna,31,2560,93000,Socibus,2025-02-23,2025-02-24,,{}
136324,57622,2026-02-23,568000,4,No disponible,568,Elisarobles267@viajes.cl,Santa Lucía de Tirajana,Avilés,40,3955,142000,ETN Turistar,2026-10-12,2026-10-14,,{}
102742,55806,2025-06-14,582000,6,No disponible,582,Esperanzapacheco849@viajes.cl,Madrid,Almería,41,4099,97000,Primera Plus,2025-12-08,2025-12-10,,{}
142862,66278,2025-01-17,234000,2,No disponible,234,Esperanzasegura621@viajes.cl,Mollet del Vallés,Viladecans,32,2141,117000,BoltBus,2025-05-03,2025-05-04,,{}
79203,60119,2025-02-02,721000,7,No disponible,721,Estelasauceda957@viajes.cl,Cáceres,Cuenta,44,2332,103000,ETN Turistar,2026-04-11,2026-04-12,,{}
146853,,,,,Disponible,0,Florenciaestrada212@viajes.cl,Marbella,Arrecife,38,2265,197000,BoltBus,2025-07-15,,,{}
86348,62038,2025-04-22,1328000,8,No disponible,1328,Franciscocorrales261@viajes.cl,Inca,San Cristróbal de la Laguna,42,3820,166000,Plusmar,2026-07-01,2026-07-03,,
144830,,,,,Disponible,0,gustavo8952191@viajes.cl,Zamora,Gecho,35,740,177000,,2025-03-26,,,{}
139254,61962,2025-04-15,112000,8,No disponible,112,Germánsuárez277@viajes.cl,Las Palmas de Gran Canaria,Jerez de la Frontera,45,205,14000,Greyhound,2025-11-17,2025-11-17,,{}
105611,58787,2025-02-01,234000,3,No disponible,234,Horaciomondragón671@viajes.cl,Ferrol,Gandía,38,316,78000,El Rápido Internacional,2025-02-13,2025-02-13,,{}
117179,59784,2025-04-21,1242000,9,No disponible,1242,Hugoballesteros708@viajes.cl,Sevilla,Jerez de la Frontera,31,2756,138000,,2025-05-11,2025-05-12,,
97483,61666,2025-04-06,567000,9,No disponible,567,Jerónimocorrales854@viajes.cl,Orihuela,Hospitalet de LLobregat,50,2588,63000,Socibus,2026-07-10,2026-07-11,,{}
88083,58740,2026-01-10,540000,10,No disponible,540,Jerónimolara380@viajes.cl,Gandía,Zaragoza,48,3178,54000,Alsa,2026-07-02,2026-07-04,,{}
108809,65286,2025-01-25,720000,6,No disponible,720,Josefinabarrios725@viajes.cl,,,35,571,120000,Flecha Bus,2026-02-22,2026-02-22,,{}
145895,,,,,Disponible,0,Lauraguillen164@viajes.cl,Logroño,Sagunto,35,943,94000,Condor Bus,2025-10-28,,,{}
145591,,,,,Disponible,0,Lucastrujillo461@viajes.cl,Valdemoro,Ferrol,31,3926,57000,Via Bariloche,2026-09-27,,,{}
126873,65216,2025-10-19,792000,8,No disponible,792,Marcelajaimes783@viajes.cl,Arrecife,Sabadell,41,1822,99000,Condor Bus,2026-02-17,2026-02-18,,{}
103626,66624,2025-02-06,846000,9,No disponible,846,Maríadomínguez453@viajes.cl,Santa Coloma de Gramanet,León,33,748,94000,Chevallier,2026-09-23,2026-09-23,,{}
110152,64468,2025-12-21,300000,3,No disponible,300,Ramónabeyta326@viajes.cl,Dos Hermanas,Lorca,,3344,100000,Chevallier,2026-10-12,2026-10-14,,{}
134524,66485,2025-01-09,329000,7,No disponible,329,Ramóncedillo274@viajes.cl,Burgos,Madrid,44,421,47000,Plusmar,2025-01-15,,,
144615,,,,,Disponible,0,Rociogrijalva411@viajes.cl,Sevilla,Alcalá de Guadaira,47,1062,97000,Buses Bio Bio,2026-07-02,,,{}
134850,56918,2025-12-18,711000,9,No disponible,711,Salvadornevárez763@viajes.cl,Pamplona,Cáceres,50,3435,79000,El Rápido Internacional,2026-10-05,2026-10-07,,{}
145271,,,,,Disponible,0,Salvadorrael871@viajes.cl,Ponferrada,Gandía,49,3769,177000,Flecha Bus,2025-12-06,,,{}
131725,60855,2025-05-16,234000,2,No disponible,234,Soniaquesada509@viajes.cl,San Sebastián,Paterna,38,1836,117000,Socibus,2025-11-02,2025-11-03,,{}
138937,64071,2025-01-01,994000,7,No disponible,994,Sr.márquez121@viajes.cl,Collado Villalba,Algeciras,47,4264,142000,Flecha Bus,2025-02-16,2025-02-18,,{}
81723,61555,2025-01-05,1110000,10,No disponible,1110,Sr.ontiveros442@viajes.cl,Cáceres,Barcelona,,1126,111000,ETN Turistar,2025-03-26,2025-03-26,,{}
108453,57898,2025-02-28,167000,1,No disponible,167,Sr.orta582@viajes.cl,,Elche,43,4038,167000,Primera Plus,2025-03-12,2025-03-14,,{}
120934,56341,2025-04-29,168000,1,No disponible,168,Sr.tovar378@viajes.cl,Sagunto,Cádiz,40,2925,168000,Avanza,2026-02-16,2026-02-18,,{}
88578,63314,2025-09-04,465000,5,No disponible,465,Sra.gómez556@viajes.cl,Alcoy,Alicante,33,2623,93000,JetSur,2026-09-06,2026-09-07,,{}
79652,56145,2025-03-01,348000,4,No disponible,348,Sra.lozano349@viajes.cl,Cáceres,Jerez de la Frontera,34,4166,87000,FlixBus,2025-12-21,2025-12-23,,{}
123976,63579,2025-07-06,1395000,9,No disponible,1395,Sta.garibay963@viajes.cl,Cerdañola del Vallés,Sanlúcar de Barrameda,34,3925,155000,Estrella Roja,2026-02-17,,,{}
135351,57529,2025-01-19,175000,1,No disponible,175,Sta.quintanilla829@viajes.cl,Granada,Granollers,36,3670,175000,Socibus,2025-12-26,2025-12-28,,{}
141706,64376,2025-03-19,432000,8,No disponible,432,Timoteoorellana761@viajes.cl,Viladecans,Orihuela,34,4164,54000,Turbus,2025-04-29,2025-05-01,,{}
123615,57720,2025-01-17,195000,3,No disponible,195,Vicenteangulo491@viajes.cl,Málaga,Getafe,34,324,65000,Turbus,2025-02-10,2025-02-10,,{}
144323,59801,2025-08-17,1413000,9,No disponible,1413,alirsa833@viajes.cl,Pamplona,León,45,2973,157000,Pullman Bus,2026-09-28,2026-09-30,,
113053,62459,2025-06-22,981000,9,No disponible,981,altare803@viajes.cl,Leganés,Majadahonda,44,499,109000,Estrella Roja,2026-04-28,,,{}
126491,58294,2025-01-11,183000,3,No disponible,183,ana1243422@viajes.cl,Valladolid,Burgos,45,1258,61000,Megabus,2026-06-03,2026-06-03,,{}
129871,59965,2026-02-19,238000,2,No disponible,238,baabpa755@viajes.cl,Santander,Jaén,50,3704,119000,FlixBus,2026-07-07,2026-07-09,,{}
99717,65848,2025-02-27,1472000,8,No disponible,1472,benjamín9439784@viajes.cl,Córdoba,Benalmádena,34,3803,184000,BoltBus,2025-08-28,2025-08-30,,{}
80610,60566,2026-03-12,176000,2,No disponible,176,cariec163@viajes.cl,Benalmádena,Talavera de la Reina,39,1026,88000,Plusmar,2026-05-18,2026-05-18,,{}
85073,62952,2025-05-21,354000,3,No disponible,354,carmen8365423@viajes.cl,Huelva,Inca,34,1832,118000,Buses Nilahue,2025-07-14,2025-07-15,,{}
135645,64522,2025-02-10,1580000,10,No disponible,1580,clgues154@viajes.cl,,Badalona,46,4307,158000,Alsa,2026-05-02,2026-05-04,,{}
146509,,,,,Disponible,0,cristian8155942@viajes.cl,Santa Lucía de Tirajana,Reus,35,1474,76000,EME Bus,2026-09-30,,,{}
92384,62963,2026-04-20,834000,6,No disponible,834,daabca985@viajes.cl,Sagunto,Gecho,,3266,139000,ETN Turistar,2026-10-10,2026-10-12,,{}
136460,57941,2026-02-10,250000,5,No disponible,250,dapicó253@viajes.cl,Tarrasa,Collado Villalba,35,4116,50000,Buses Romani,2026-06-20,2026-06-22,,{}
145672,,,,,Disponible,0,edpame371@viajes.cl,Algeciras,San Cristróbal de la Laguna,,1169,189000,Megabus,2026-08-14,,,{}
103521,59538,2025-02-20,1590000,10,No disponible,1590,elbáro341@viajes.cl,Tarrasa,Málaga,49,1447,159000,Primera Plus,2025-05-14,2025-05-15,,
89857,56509,2025-01-07,310000,5,No disponible,310,elhuna946@viajes.cl,Granada,Palma de Mallorca,37,2469,62000,Futura,2026-01-24,2026-01-25,,{}
103957,61682,2025-03-27,270000,3,No disponible,270,esguol423@viajes.cl,San Sebastían de los Reyes,San Sebastián,38,3933,90000,Socibus,2026-05-30,2026-06-01,,{}
146076,,,,,Disponible,0,esorru560@viajes.cl,Fuenlabrada,Alcobendas,50,1156,193000,Buses Ahumada,2026-03-03,,,{}
136881,61098,2025-01-20,100000,1,No disponible,100,esteban6674342@viajes.cl,Santa Coloma de Gramanet,Gerona,44,2798,100000,Buses Ahumada,2026-08-09,,,{}
144671,,,,,Disponible,0,estela3886133@viajes.cl,Torrejón de Ardoz,Ceuta,39,2009,119000,Monbus,2026-05-09,,,{}
104998,60627,2025-05-16,810000,6,No disponible,810,francisca1691995@viajes.cl,Valencia,Reus,34,539,135000,EME Bus,2026-04-13,2026-04-13,,{}
95658,66147,2025-03-22,1190000,7,No disponible,1190,frbuco604@viajes.cl,,Majadahonda,,1907,170000,Pullman Bus,2026-05-02,2026-05-03,,{}
146519,,,,,Disponible,0,frpuos409@viajes.cl,Bilbao,Fuenlabrada,39,3867,147000,Monbus,2025-05-18,,,{}
105652,60395,2025-01-24,544000,4,No disponible,544,gajire460@viajes.cl,Talavera de la Reina,Santander,47,1033,136000,Condor Bus,2025-05-04,2025-05-04,,{}
92745,65157,2025-07-11,485000,5,No disponible,485,gepare579@viajes.cl,Rivas-Vaciamadrid,Segovia,32,458,97000,ETN Turistar,2025-09-29,2025-09-29,,{}
115468,55855,2025-10-06,298000,2,No disponible,298,germán9564186@viajes.cl,Santander,Cádiz,31,1240,149000,Alsa,2026-05-29,2026-05-29,,{}
146323,,,,,Disponible,0,goheho609@viajes.cl,Alcobendas,Ponferrada,46,2321,147000,Damas,2025-12-08,,,{}
88001,62419,2025-07-15,1169000,7,No disponible,1169,guriba604@viajes.cl,Gijón,,34,3499,167000,BoltBus,2025-11-15,2025-11-17,,{}
139898,57318,2026-04-23,830000,10,No disponible,830,hernán5508876@viajes.cl,Leganés,Pamplona,49,4109,83000,ADO,2026-08-12,2026-08-14,,{}
97842,65249,2025-01-23,29000,1,No disponible,29,humaca291@viajes.cl,,Parla,45,221,29000,Estrella Roja,2025-02-09,2025-02-09,,{}
144623,,,,,Disponible,0,irsico133@viajes.cl,Santiago de Compostela,San Fernando,30,2776,138000,Pullman Bus,2025-08-31,,,{}
132329,63585,2025-04-28,704000,8,No disponible,704,jaime4680549@viajes.cl,Logroño,Pontevedra,,2283,88000,Buses Ahumada,2025-05-01,2025-05-02,,{}
99593,66038,2025-12-10,306000,6,No disponible,306,jamaur759@viajes.cl,Alcalá de Henares,Sagunto,40,1677,51000,Avanza,2026-08-24,2026-08-25,,{}
85570,57288,2025-10-02,408000,8,No disponible,408,japame454@viajes.cl,Gecho,Málaga,39,2737,51000,,2026-11-11,2026-11-12,,{}
113979,63660,2025-04-16,354000,6,No disponible,354,joacto132@viajes.cl,Mataró,León,35,1816,59000,Buses Nilahue,2026-01-20,,,{}
146247,,,,,Disponible,0,joedtémo768@viajes.cl,Torrevieja,Guadalajara,50,4254,121000,Condor Bus,2026-09-15,,,{}
100766,66512,2025-02-04,1197000,7,No disponible,1197,jolucamu889@viajes.cl,,Valdemoro,46,3903,171000,Crucero del Norte,2025-08-16,2025-08-18,,{}
132489,58135,2025-02-09,1176000,8,No disponible,1176,josé1349818@viajes.cl,Puertollano,Baracaldo,47,3626,147000,,2025-05-03,2025-05-05,,{}
108924,64571,2025-09-01,180000,2,No disponible,180,jucénate198@viajes.cl,Toledo,San Sebastián,33,3343,90000,,2025-10-13,2025-10-15,,{}
92815,64271,2025-01-17,486000,9,No disponible,486,julio6915188@viajes.cl,Algeciras,Santa Cruz de Tenerife,44,3357,54000,ADO,2026-08-04,2026-08-06,,{}
138030,59363,2025-01-09,158000,1,No disponible,158,lucia7493903@viajes.cl,Santander,Benalmádena,47,3105,158000,Avanza,2025-02-13,2025-02-15,,{}
114081,55756,2025-10-20,516000,4,No disponible,516,luis7215383@viajes.cl,Córdoba,Huelva,36,3821,129000,Pullman Bus,2026-04-20,2026-04-22,,{}
145238,,,,,Disponible,0,lumigadu309@viajes.cl,Alcalá de Henares,Telde,32,1499,60000,Andesmar,2026-01-26,,,{}
80627,61908,2025-06-08,164000,2,No disponible,164,maabma639@viajes.cl,Oviedo,La Coruña,48,1448,82000,FlixBus,2025-11-01,2025-11-02,,{}
145567,,,,,Disponible,0,maelpehe495@viajes.cl,Cerdañola del Vallés,,38,3336,172000,Via Bariloche,2026-11-22,,,{}
146395,,,,,Disponible,0,marcos890811@viajes.cl,Ponferrada,Gerona,41,1573,74000,Estrella Roja,2025-07-29,,,{}
146317,,,,,Disponible,0,marilu8903173@viajes.cl,,Alcalá de Guadaira,37,2484,111000,Chevallier,2026-08-18,,,{}
143767,58610,2025-04-08,610000,5,No disponible,610,maría911594@viajes.cl,,Getafe,39,792,122000,Omnibus de México,2025-04-13,2025-04-13,,{}
136880,61098,2026-05-19,147000,1,No disponible,147,miguel8080812@viajes.cl,Madrid,Santa Coloma de Gramanet,36,946,147000,ADO,2026-08-09,2026-08-09,,{}
145707,,,,,Disponible,0,mimade747@viajes.cl,Las Palmas de Gran Canaria,San Fernando,47,3025,193000,JetSur,2025-01-30,,,{}
120009,56558,2025-03-02,192000,1,No disponible,192,misivi873@viajes.cl,Guadalajara,Getafe,30,1804,192000,,2025-08-18,2025-08-19,,{}
98501,56548,2025-01-06,432000,4,No disponible,432,mózaco269@viajes.cl,Lorca,Santa Lucía de Tirajana,45,1431,108000,Flecha Bus,2025-05-29,2025-05-29,,{}
140435,55691,2026-04-01,194000,2,No disponible,194,nopeal105@viajes.cl,Alcalá de Guadaira,Majadahonda,50,455,97000,Turbus,2026-08-03,2026-08-03,,{}
91829,58679,2025-05-22,268000,4,No disponible,268,pablo1161196@viajes.cl,Fuenlabrada,Lérida,30,2535,67000,Buses Bio Bio,2026-08-10,2026-08-11,,{}
97069,56588,2025-01-20,1188000,6,No disponible,1188,pavaar863@viajes.cl,Orense,Mataró,30,872,198000,Chevallier,2025-04-22,2025-04-22,,{}
145617,,,,,Disponible,0,piabmo168@viajes.cl,Móstoles,Molina de Segura,49,3974,85000,Socibus,2025-11-11,,,{}
127521,62536,2025-01-16,480000,5,No disponible,480,ramona1701167@viajes.cl,Chiclana de la Frontera,Collado Villalba,40,372,96000,Flecha Bus,2025-04-28,2025-04-28,,{}
146448,,,,,Disponible,0,ramona5399102@viajes.cl,La Línea de la Concepción,Elda,41,3814,79000,Chevallier,2025-12-18,,,{}
84518,62448,2025-05-21,414000,3,No disponible,414,ramuga474@viajes.cl,Mérida,Avilés,47,2773,138000,Pullman Bus,2026-04-04,2026-04-05,,{}
128700,55880,2025-01-03,915000,5,No disponible,915,ramón7363256@viajes.cl,Collado Villalba,Elche,50,3460,183000,Flecha Bus,2025-01-06,2025-01-08,,{}
100077,55804,2025-05-02,904000,8,No disponible,904,raquel519176@viajes.cl,Castellón de la Plana,Murcia,31,875,113000,Buses Bio Bio,2025-07-04,2025-07-04,,{}
119313,66366,2025-03-24,1269000,9,No disponible,1269,ravime379@viajes.cl,Pozuelo de Alarcón,Lorca,32,491,141000,Damas,2025-10-18,2025-10-18,,{}
104498,58014,2025-12-15,1432000,8,No disponible,1432,raúl9381742@viajes.cl,Oviedo,Burgos,49,2754,179000,Avanza,2026-01-14,2026-01-15,,{}
144817,,,,,Disponible,0,rimech251@viajes.cl,Valdemoro,San Sebastián,48,3740,165000,Damas,2025-12-26,,,{}
117562,64282,2025-02-15,570000,10,No disponible,570,roberto9744305@viajes.cl,Torrejón de Ardoz,Cornellá de Llobregat,33,1604,57000,ETN Turistar,2025-03-16,2025-03-17,,{}
146488,,,,,Disponible,0,sagoni828@viajes.cl,Segovia,El Prat de LLobregat,48,4201,172000,Pullman Bus,2026-10-05,,,{}
123970,63597,2026-04-25,78000,1,No disponible,78,sara600324@viajes.cl,San Sebastián,Torremolinos,31,325,78000,Damas,2026-07-24,2026-07-24,,{}
145928,,,,,Disponible,0,semazú292@viajes.cl,Marbella,Alcalá de Guadaira,48,2634,122000,Alsa,2025-12-06,,,{}
144894,,,,,Disponible,0,sra.1795408@viajes.cl,San Sebastían de los Reyes,Bilbao,47,205,13000,Buses Bio Bio,2025-07-30,,,{}
81806,66496,2025-06-24,735000,7,No disponible,735,sra.6232546@viajes.cl,El Ejido,Marbella,34,1379,105000,Via Bariloche,2025-09-17,2025-09-17,,{}
140285,64850,2025-05-02,1350000,9,No disponible,1350,srpaquna207@viajes.cl,Oviedo,Telde,42,1322,150000,ADO,2026-11-06,2026-11-06,,{}
138133,61262,2026-04-19,447000,3,No disponible,447,srsolues399@viajes.cl,Getafe,Móstoles,41,4142,149000,ADO,2026-06-20,2026-06-22,,{}
128530,65187,2025-03-16,121000,1,No disponible,121,sta.1321289@viajes.cl,Orense,San Sebastián,45,3284,121000,El Rápido Internacional,2025-05-08,2025-05-10,,{}
141211,62504,2025-08-30,133000,1,No disponible,133,sta.4527340@viajes.cl,Inca,Burgos,39,4286,133000,Buses Romani,2026-05-07,2026-05-09,,{}
106904,60657,2025-02-06,78000,2,No disponible,78,sta.6273940@viajes.cl,Dos Hermanas,Rivas-Vaciamadrid,36,363,39000,Alsa,2026-09-10,2026-09-10,,{}
120737,62963,2025-05-19,678000,6,No disponible,678,sta.6708100@viajes.cl,Torrejón de Ardoz,,50,513,113000,Damas,2026-11-29,2026-11-29,,{}
130605,59339,2025-10-28,212000,4,No disponible,212,sta.9844799@viajes.cl,Zamora,Majadahonda,47,296,53000,FlixBus,2026-01-06,2026-01-06,,{}
90434,61560,2025-02-14,144000,1,No disponible,144,stfrlega769@viajes.cl,Gijón,El Prat de LLobregat,30,1917,144000,,2025-10-30,2025-10-31,,{}
144975,,,,,Disponible,0,sthoraga190@viajes.cl,Murcia,Valencia,48,1933,112000,FlixBus,2026-02-16,,,{}
130300,59031,2025-06-04,280000,5,No disponible,280,stmiarze996@viajes.cl,Valladolid,Oviedo,40,2425,56000,Buses Ahumada,2026-01-01,2026-01-02,,{}
131833,56391,2025-05-08,1068000,6,No disponible,1068,teodoro2026565@viajes.cl,Gandía,La Línea de la Concepción,39,3484,178000,Greyhound,2025-06-21,2025-06-23,,{}
97642,61339,2025-09-14,796000,4,No disponible,796,teodoro6192309@viajes.cl,,Pamplona,,3936,199000,Alsa,2025-10-10,2025-10-12,,{}
100758,66512,2025-04-25,1064000,7,No disponible,1064,timoteo6843858@viajes.cl,Hospitalet de LLobregat,Arrecife,42,1322,152000,Flecha Bus,2025-08-09,2025-08-09,,{}
146319,,,,,Disponible,0,vípama583@viajes.cl,Hospitalet de LLobregat,,37,2552,178000,Buses Bio Bio,2026-11-18,,,{}
130485,62710,2026-04-11,132000,1,No disponible,132,óscar5982119@viajes.cl,Alcalá de Henares,Viladecans,38,950,132000,Condor Bus,2026-09-03,2026-09-03,,{}
98753,64663,2025-01-24,1104000,8,No disponible,1104,Adelalugo832@viajes.cl,San Fernando,Torrelavega,49,2784,138000,Omnibus de México,2026-05-05,2026-05-06,,{}
82168,65059,2026-01-13,1180000,10,No disponible,1180,Albertoosorio573@viajes.cl,Inca,Almería,39,1515,118000,Omnibus de México,2026-02-28,2026-03-01,,{}
88333,61922,2025-02-09,290000,2,No disponible,290,Alfonsovanegas280@viajes.cl,Valdemoro,Valladolid,35,3069,145000,Buses Bio Bio,2025-02-21,2025-02-23,,{}
111942,59801,2025-08-13,192000,3,No disponible,192,Amaliagálvez582@viajes.cl,Albacete,Castellón de la Plana,18,1813,64000,Copa Airlines,2026-08-20,2026-08-21,,
146518,,,,,Disponible,0,Anachavarría569@viajes.cl,Barcelona,Alcobendas,30,4098,158000,Buses Ahumada,2026-05-15,,,{}
78862,62038,2026-04-16,315000,5,No disponible,315,Anasaldivar985@viajes.cl,Orihuela,Torremolinos,31,808,63000,Pullman Bus,2026-05-17,2026-05-17,,{}
120578,65042,2025-01-19,441000,3,No disponible,441,Arturoparra110@viajes.cl,Salamanca,Lugo,44,866,147000,Flecha Bus,2026-01-15,2026-01-15,,{}
146800,,,,,Disponible,0,Benjamíncoronado313@viajes.cl,Baracaldo,Santa Coloma de Gramanet,35,2123,94000,Condor Bus,2025-01-20,,,{}
131810,55777,2025-09-30,488000,4,No disponible,488,Benjamínsisneros202@viajes.cl,Palencia,Pamplona,16,2036,122000,ZFBH (Bosnia y Herzegovina),2025-10-04,,,{}
146653,,,,,Disponible,0,Carlacalderón117@viajes.cl,Santa Cruz de Tenerife,Pontevedra,31,1462,117000,Estrella Roja,2025-04-21,,,{}
145527,,,,,Disponible,0,Carolinarosado152@viajes.cl,Valladolid,Mollet del Vallés,31,3840,138000,Avanza,2026-03-08,,,{}
91784,58081,2025-07-04,800000,10,No disponible,800,Claudiabermúdez356@viajes.cl,Badajoz,Mijas,30,3983,80000,Greyhound,2026-09-24,2026-09-26,,{}
86511,62779,2026-02-05,318000,1,No disponible,318,Concepciónhidalgo107@viajes.cl,El Prat de LLobregat,El Prat de LLobregat,54,3563,318000,SNCB (Bélgica),2026-04-19,2026-04-21,,{}
82357,61777,2025-05-02,830000,5,No disponible,830,Césarcarranza981@viajes.cl,Viladecans,Badajoz,65,2292,166000,TGV (SNCF),2025-11-29,2025-11-30,,{}
105253,60273,2025-02-24,539000,7,No disponible,539,Danielacamarillo683@viajes.cl,Cáceres,Cáceres,39,1054,77000,Socibus,2025-08-29,2025-08-29,,{}
143695,63911,2025-05-01,1880000,8,No disponible,1880,Danielavillalpando367@viajes.cl,Majadahonda,Cartagena,73,2314,235000,PKP (Polonia),2025-12-12,2025-12-13,,
146320,,,,,Disponible,0,Diegoballesteros437@viajes.cl,Gerona,Salamanca,49,3498,53000,Plusmar,2026-01-23,,,{}
124116,60975,2025-02-03,120000,2,No disponible,120,Doroteabétancourt155@viajes.cl,Mataró,Sagunto,,3095,60000,Turbus,2025-02-08,,,{}
149010,,,,,Disponible,0,Déboralimón727@viajes.cl,,Tarragona,2,3926,415000,HŽ (Croacia),2026-10-08,2027-03-20,,{}
107808,59520,2025-06-30,1026000,9,No disponible,1026,Eduardocarrion243@viajes.cl,,Santa Lucía de Tirajana,37,4136,114000,JetSur,2026-10-14,2026-10-16,,{}
150073,,,,,Disponible,0,Elsanájera336@viajes.cl,Gandía,,70,3908,180000,Renfe,2025-12-08,2026-05-19,,{}
123189,62566,2025-09-08,1088000,8,No disponible,1088,Elsavillalpando941@viajes.cl,Paterna,Ferrol,22,1621,136000,CFR (Rumania),2026-06-24,2026-06-25,,{}
114043,58431,2025-07-01,696000,4,No disponible,696,Ernestosanabria252@viajes.cl,Molina de Segura,Santiago de Compostela,36,2803,174000,Buses Romani,2026-07-02,2026-07-03,,{}
130436,55581,2025-12-13,285000,3,No disponible,285,Estebanelizondo783@viajes.cl,Lérida,Málaga,47,3736,95000,Plusmar,2026-11-18,2026-11-20,,{}
79276,59783,2025-03-09,502000,2,No disponible,502,Estelavelázquez978@viajes.cl,Palma de Mallorca,Baracaldo,,3817,251000,ŽSSK (Eslovaquia),2025-03-15,2025-03-17,,{}
146907,,,,,Disponible,0,Gabrielposada795@viajes.cl,Palencia,Badajoz,50,518,121000,Plusmar,2025-09-30,,,{}
135993,56906,2025-05-11,2232000,6,No disponible,2232,Gilbertoverduzco611@viajes.cl,Vitoria,Ceuta,77,3925,372000,ZSSK (Eslovaquia),2026-08-31,2026-09-02,,{}
146353,,,,,Disponible,0,Gracielachacón334@viajes.cl,Granollers,Parla,46,4013,65000,Chevallier,2025-03-31,,,{}
128048,61706,2025-01-06,116000,1,No disponible,116,Horaciolucio884@viajes.cl,Irún,Santander,19,2400,116000,KLM,2025-09-20,,,"{Estepona,""Sanlúcar de Barrameda""}"
121599,62374,2025-02-27,445000,5,No disponible,445,Jacobotrejo682@viajes.cl,Toledo,Tarragona,65,215,89000,,2025-03-04,2025-03-04,,{}
148641,,,,,Disponible,0,Javiermateo256@viajes.cl,Alcalá de Henares,,70,3651,451000,Italo,2025-07-25,2025-12-24,,{}
79514,65191,2026-04-09,966000,6,No disponible,966,Jesúsayala953@viajes.cl,Mollet del Vallés,Estepona,10,1747,161000,CD (República Checa),2026-06-06,2026-06-07,,{}
121105,56357,2025-01-31,2410000,10,No disponible,2410,Joaquíndelatorre512@viajes.cl,Cuenta,Gijón,92,2600,241000,AVE,2025-02-17,2025-02-18,,{}
144614,,,,,Disponible,0,Josécastañeda430@viajes.cl,Alcorcón,Pontevedra,31,4134,148000,Primera Plus,2026-05-28,,,{}
143850,65990,2025-01-01,2672000,8,No disponible,2672,Joségallardo746@viajes.cl,Badajoz,Manresa,71,4039,334000,CD (República Checa),2025-01-04,2025-01-06,,{}
137005,56193,2026-01-29,164000,2,No disponible,164,Juanavelasco558@viajes.cl,Benidorm,Ciudad Real,48,2344,82000,ADO,2026-02-03,2026-02-04,,{}
92301,62209,2025-02-04,1990000,10,No disponible,1990,Leticiadelarosa551@viajes.cl,Almería,Mollet del Vallés,77,2012,199000,AVE,2026-01-01,2026-01-02,,{}
145804,,,,,Disponible,0,Leticiagarcía122@viajes.cl,Torrelavega,Majadahonda,39,3645,91000,Turbus,2025-09-11,,,{}
148619,,,,,Disponible,0,Lorenzoechevarría718@viajes.cl,Reus,Valencia,53,999,125000,LATAM Airlines,2026-01-15,2026-02-25,Clase económica,
86456,62134,2025-04-16,178000,2,No disponible,178,Lourdesjimínez985@viajes.cl,Fuengirola,Burgos,36,1192,89000,Primera Plus,2025-06-07,2025-06-07,,{}
99409,56239,2025-09-27,276000,3,No disponible,276,Lucasleiva484@viajes.cl,Orihuela,,18,1519,92000,,2026-06-01,2026-06-02,,{}
97137,57982,2025-04-23,1557000,9,No disponible,1557,Luisasalazar159@viajes.cl,Guadalajara,Alcorcón,33,1011,173000,,2026-09-25,2026-09-25,,{}
140461,61690,2025-05-28,1393000,7,No disponible,1393,Luisvera478@viajes.cl,Arrecife,Leganés,1,344,199000,CD (República Checa),2025-09-02,2025-09-02,,
113027,57148,2025-01-02,910000,10,No disponible,910,Luzlugo949@viajes.cl,La Coruña,,32,1794,91000,JetSur,2025-01-05,2025-01-06,,{}
120378,56677,2025-07-31,392000,2,No disponible,392,Manuelanevárez837@viajes.cl,Lugo,Jerez de la Frontera,43,1582,196000,Crucero del Norte,2026-07-28,2026-07-29,,{}
98567,59430,2025-02-27,435000,5,No disponible,435,Margaritaperalta319@viajes.cl,Torremolinos,Ferrol,30,474,87000,Socibus,2025-12-28,2025-12-28,,{}
82305,64522,2025-07-06,300000,6,No disponible,300,Margaritatéllez726@viajes.cl,Sanlúcar de Barrameda,Castellón de la Plana,45,3177,50000,Buses Romani,2025-09-25,,,
149258,,,,,Disponible,0,Mariluarmenta694@viajes.cl,San Fernando,Torrevieja,,701,112000,Deutsche Bahn (DB),2026-04-15,2026-05-14,,{}
149215,,,,,Disponible,0,Maríachacón705@viajes.cl,Santiago de Compostela,Ponferrada,42,3385,398000,CP (Portugal),2025-06-26,2025-11-14,,{}
144979,,,,,Disponible,0,Maríalucio404@viajes.cl,San Sebastián,Ponferrada,32,3502,86000,Condor Bus,2026-01-20,,,{}
141207,56413,2025-04-19,1305000,9,No disponible,1305,Maríavalladares172@viajes.cl,Huelva,Granollers,47,521,145000,Omnibus de México,2025-08-12,2025-08-12,,{}
104328,62019,2025-06-12,1116000,6,No disponible,1116,Mayteaponte518@viajes.cl,Sanlúcar de Barrameda,Murcia,12,1655,186000,SBB (Suiza),2026-01-01,2026-01-02,,{}
145536,,,,,Disponible,0,Nicoláscardona792@viajes.cl,Talavera de la Reina,Irún,35,1077,196000,JetSur,2026-09-23,,,{}
100981,61090,2025-02-11,1216000,8,No disponible,1216,Pabloleal393@viajes.cl,San Cristróbal de la Laguna,Torrelavega,39,2160,152000,Via Bariloche,2025-07-17,2025-07-18,,{}
90599,61543,2025-05-02,624000,6,No disponible,624,Patriciapatiño439@viajes.cl,Majadahonda,Elche,43,1437,104000,Buses Bio Bio,2026-10-24,2026-10-24,,{}
128214,62236,2025-08-08,276000,1,No disponible,276,Ramirobarajas244@viajes.cl,Guadalajara,Molina de Segura,19,3562,276000,ŽFBH (Bosnia y Herzegovina),2026-03-25,2026-03-27,,{}
146643,,,,,Disponible,0,Rebecapalomo261@viajes.cl,Burgos,Ávila,50,337,41000,Futura,2025-08-21,,,{}
145666,,,,,Disponible,0,Reinaleyva327@viajes.cl,Jerez de la Frontera,Cornellá de Llobregat,33,2063,92000,Plusmar,2025-07-14,,,{}
130107,61049,2025-05-07,56000,1,No disponible,56,Rociomuro732@viajes.cl,Benalmádena,Segovia,91,1039,56000,ŽSSK (Eslovaquia),2026-04-14,2026-04-14,,{}
101838,60492,2025-04-19,512000,4,No disponible,512,Rubénmadera789@viajes.cl,Manresa,Zamora,50,507,128000,BoltBus,2025-12-28,2025-12-28,,{}
112021,65865,2025-03-23,805000,7,No disponible,805,Santiagorivas862@viajes.cl,Ávila,Torremolinos,99,2222,115000,VR (Finlandia),2026-06-29,2026-06-30,,{}
148192,,,,,Disponible,0,Sr.armijo432@viajes.cl,Marbella,Ponferrada,48,3963,415000,Air Canada,2026-06-10,2026-11-22,,{}
148780,,,,,Disponible,0,Sr.barela594@viajes.cl,Santa Cruz de Tenerife,Torrevieja,32,1808,97000,TGV (SNCF),2025-12-14,2026-02-27,,{}
120770,59945,2025-01-04,522000,9,No disponible,522,Sr.bañuelos530@viajes.cl,Lugo,Majadahonda,30,313,58000,Chevallier,2025-06-17,2025-06-17,,{}
149778,,,,,Disponible,0,Sr.castañeda350@viajes.cl,Ferrol,Torremolinos,85,767,56000,SNCB (Bélgica),2026-11-22,2026-12-23,,{}
130855,64418,2025-07-11,1872000,6,No disponible,1872,Sr.delacrúz661@viajes.cl,Alcorcón,Sagunto,63,2937,312000,Italo,2026-02-12,,,{}
104381,65275,2025-04-11,250000,5,No disponible,250,Sr.lira601@viajes.cl,Granollers,Avilés,46,992,50000,Chevallier,2025-04-16,2025-04-16,,{}
88599,65668,2025-10-17,213000,3,No disponible,213,Sr.razo128@viajes.cl,Badajoz,Lugo,43,962,71000,Plusmar,2026-07-03,2026-07-03,,
124747,66415,2025-05-12,222000,2,No disponible,222,Sr.reséndez920@viajes.cl,Alicante,Burgos,30,3615,111000,Plusmar,2025-09-02,2025-09-04,,{}
86908,66601,2025-08-02,438000,6,No disponible,438,Sra.benavídez613@viajes.cl,Alcalá de Guadaira,Toledo,38,1379,73000,Socibus,2026-08-31,2026-08-31,,{}
146159,,,,,Disponible,0,Sra.carreón490@viajes.cl,Irún,Cádiz,46,190,6000,Estrella Roja,2026-08-28,,,{}
105407,60865,2026-08-11,524000,4,No disponible,524,Sra.collado965@viajes.cl,Getafe,Reus,37,3186,131000,Omnibus de México,2026-10-20,2026-10-22,,{}
114899,59843,2025-03-16,350000,7,No disponible,350,Sra.franco636@viajes.cl,Mataró,Gijón,38,1706,50000,Monbus,2026-01-25,2026-01-26,,{}
109927,63596,2025-03-06,408000,4,No disponible,408,Sra.leyva287@viajes.cl,Baracaldo,Gijón,48,3899,102000,Via Bariloche,2025-04-21,2025-04-23,,{}
145241,,,,,Disponible,0,Sra.montaño428@viajes.cl,Cornellá de Llobregat,Alcoy,41,1418,172000,Megabus,2026-05-12,,,{}
141958,66495,2025-01-04,804000,6,No disponible,804,Sra.tafoya600@viajes.cl,Granollers,Lugo,41,3005,134000,El Rápido Internacional,2025-01-25,2025-01-27,,{}
141398,62209,2025-01-07,1212000,6,No disponible,1212,Sra.toledo641@viajes.cl,Getafe,Palencia,95,2165,202000,Thalys,2026-03-15,2026-03-16,,{}
144060,61642,2025-07-16,630000,6,No disponible,630,Sta.jurado990@viajes.cl,Ferrol,Santa Coloma de Gramanet,44,1408,105000,Via Bariloche,2026-05-16,2026-05-16,,{}
146222,,,,,Disponible,0,Sta.lucero377@viajes.cl,Alcoy,Alcalá de Guadaira,41,4223,176000,Omnibus de México,2025-09-24,,,{}
145628,,,,,Disponible,0,Sta.valenzuela184@viajes.cl,Baracaldo,León,47,3036,132000,Megabus,2026-04-12,,,{}
141163,60000,2025-06-22,816000,8,No disponible,816,Sta.verdugo741@viajes.cl,Cerdañola del Vallés,Zamora,32,832,102000,Buses Bio Bio,2025-10-14,2025-10-14,,{}
142684,62049,2025-03-11,300000,6,No disponible,300,Timoteolara285@viajes.cl,León,Cornellá de Llobregat,45,1803,50000,Alsa,2026-11-01,2026-11-02,,
127376,55759,2025-03-16,384000,4,No disponible,384,Tomásbarrios980@viajes.cl,Torrevieja,Oviedo,13,865,96000,,2025-04-23,2025-04-23,,{}
120028,58471,2025-02-17,1158000,6,No disponible,1158,Virginiahernández425@viajes.cl,Castellón de la Plana,Lugo,47,2678,193000,Buses Romani,2026-01-17,,,{}
89605,56451,2025-12-15,900000,9,No disponible,900,Virginiazepeda399@viajes.cl,Almería,Getafe,56,1961,100000,ZS (Eslovenia),2026-07-11,2026-07-12,,{}
136857,55574,2025-01-24,342000,9,No disponible,342,agustín1537237@viajes.cl,Gecho,Benidorm,42,1189,38000,CD (República Checa),2025-05-21,2025-05-21,,{}
81457,64205,2025-07-29,199000,1,No disponible,199,agustín2891970@viajes.cl,Granada,Sanlúcar de Barrameda,72,2358,199000,Renfe,2026-05-14,2026-05-15,,{}
129330,63659,2025-09-12,356000,4,No disponible,356,alberto5174210@viajes.cl,Móstoles,Lérida,50,2180,89000,ETN Turistar,2026-02-11,2026-02-12,,{}
110237,64920,2025-07-31,299000,1,No disponible,299,albuta656@viajes.cl,Torrejón de Ardoz,,7,3051,299000,Thalys,2026-04-08,2026-04-10,,{}
145060,,,,,Disponible,0,alchva980@viajes.cl,Gandía,Collado Villalba,34,1980,126000,Buses Ahumada,2026-01-12,,,{}
126910,65385,2025-08-05,780000,4,No disponible,780,alejandra5335286@viajes.cl,Cerdañola del Vallés,Sanlúcar de Barrameda,36,997,195000,JetSur,2025-11-21,2025-11-21,,{}
145883,,,,,Disponible,0,ana2996618@viajes.cl,Almería,,48,3015,183000,Condor Bus,2026-04-22,,,{}
148287,,,,,Disponible,0,anlubahe592@viajes.cl,Talavera de la Reina,Cornellá de Llobregat,11,2716,291000,American Airlines,2026-06-02,2026-09-23,,{Sagunto}
132447,63823,2025-03-25,174000,6,No disponible,174,anmabear207@viajes.cl,Inca,Fuengirola,47,265,29000,ETN Turistar,2025-10-01,2025-10-01,,{}
125804,59306,2025-01-26,240000,2,No disponible,240,anmacade780@viajes.cl,Elche,Alicante,31,2229,120000,Chevallier,2025-08-30,2025-08-31,,{}
127949,58089,2026-04-28,1674000,9,No disponible,1674,anorpa297@viajes.cl,Badajoz,Talavera de la Reina,4,2647,186000,ZFBH (Bosnia y Herzegovina),2026-10-05,2026-10-06,,{}
146416,,,,,Disponible,0,anpevé395@viajes.cl,Oviedo,Dos Hermanas,39,3590,135000,Buses Nilahue,2026-09-11,,,{}
133837,58558,2025-01-31,1080000,6,No disponible,1080,antonio9384787@viajes.cl,Chiclana de la Frontera,Mérida,41,676,180000,ETN Turistar,2025-02-09,2025-02-09,,{}
95170,65224,2026-05-21,856000,8,No disponible,856,arsavi194@viajes.cl,Pamplona,Telde,34,3439,107000,,2026-08-26,2026-08-28,,{}
139672,55601,2025-11-09,2919000,7,No disponible,2919,arturo3897713@viajes.cl,San Fernando,Ponferrada,62,4290,417000,NSB (Noruega),2026-02-23,2026-02-25,,{}
103305,62338,2025-10-31,900000,6,No disponible,900,beatriz7735309@viajes.cl,Logroño,Avilés,83,806,150000,United Airlines,2026-11-15,2026-11-15,,{}
148870,,,,,Disponible,0,bemoes831@viajes.cl,Hospitalet de LLobregat,El Puerto de Santa María,21,4070,300000,PKP (Polonia),2025-11-16,2026-05-04,,{}
94484,56705,2025-07-14,672000,7,No disponible,672,bernardo5607682@viajes.cl,Segovia,Almería,31,2280,96000,Turbus,2025-07-27,2025-07-28,,{}
150043,,,,,Disponible,0,blanca9904722@viajes.cl,Torremolinos,,91,251,69000,Deutsche Bahn (DB),2026-09-11,2026-09-21,,{}
131627,62892,2026-04-04,504000,3,No disponible,504,caridad8115247@viajes.cl,Alcobendas,Telde,,2186,168000,NS International,2026-08-23,2026-08-24,,{}
146024,,,,,Disponible,0,carla4325758@viajes.cl,Coslada,,49,1127,62000,Crucero del Norte,2026-07-27,,,{}
145181,,,,,Disponible,0,carlos3776747@viajes.cl,Benidorm,Coslada,40,481,131000,El Rápido Internacional,2025-03-08,,,{}
146226,,,,,Disponible,0,carolina6344933@viajes.cl,Elda,Gerona,37,1540,133000,Chevallier,2026-06-02,,,{}
149734,,,,,Disponible,0,cecapa266@viajes.cl,San Fernando,Cerdañola del Vallés,23,2891,119000,NSB (Noruega),2025-08-04,2025-12-02,,{}
143177,62802,2026-02-01,1467000,9,No disponible,1467,cecilia9491795@viajes.cl,Granada,Vitoria,,3732,163000,Avanza,2026-03-18,2026-03-20,,{}
149979,,,,,Disponible,0,clliib153@viajes.cl,Oviedo,Ponferrada,91,999,78000,SBB (Suiza),2025-01-05,2025-02-15,,{}
118455,66480,2025-01-21,170000,1,No disponible,170,clteur278@viajes.cl,Alcoy,Móstoles,62,2979,170000,Iberia,2026-01-24,2026-01-26,,"{Parla,Zamora,Cádiz}"
145355,,,,,Disponible,0,clvaca445@viajes.cl,Palma de Mallorca,Santa Coloma de Gramanet,50,2762,137000,Greyhound,2025-12-24,,,{}
122725,65370,2025-02-27,315000,5,No disponible,315,concepción2822691@viajes.cl,Cartagena,Vitoria,35,995,63000,EME Bus,2025-07-27,,,{}
118867,60771,2025-10-26,1100000,10,No disponible,1100,conchita5857983@viajes.cl,Mataró,Vitoria,69,2531,110000,SJ (Suecia),2026-11-07,2026-11-08,,{}
114443,59946,2025-11-11,154000,2,No disponible,154,crgrza752@viajes.cl,La Coruña,Mérida,33,4282,77000,El Rápido Internacional,2026-05-17,2026-05-19,,{}
132841,60458,2026-05-25,102000,1,No disponible,102,cristobal245607@viajes.cl,Málaga,Santander,30,2111,102000,Futura,2026-09-29,2026-09-30,,{}
147291,,,,,Disponible,0,cristobal7793541@viajes.cl,Avilés,Vitoria,87,1036,85000,Etihad Airways,2025-09-18,2025-10-31,,"{Barcelona,Paterna}"
123031,56635,2025-12-06,564000,3,No disponible,564,crnepa833@viajes.cl,Lorca,Torrevieja,36,1033,188000,Damas,2026-06-06,2026-06-06,,
110151,55959,2025-01-02,1304000,8,No disponible,1304,crorar804@viajes.cl,Castellón de la Plana,Badajoz,,142,163000,SJ (Suecia),2025-08-30,,,{}
140672,58267,2025-02-13,2540000,10,No disponible,2540,crrelo319@viajes.cl,Alcalá de Henares,León,48,3621,254000,SJ (Suecia),2025-03-17,2025-03-19,,{}
138450,57480,2025-01-02,540000,3,No disponible,540,césar273161@viajes.cl,Lérida,Vitoria,32,2534,180000,Monbus,2025-01-07,2025-01-08,,{}
147945,,,,,Disponible,0,dogari515@viajes.cl,Valencia,Badajoz,21,3527,253000,Frontier Airlines,2026-08-30,2027-01-23,,"{Granollers,Torrevieja,Valdemoro,Coslada,Lérida}"
145379,,,,,Disponible,0,dorotea5846964@viajes.cl,Orense,Rivas-Vaciamadrid,36,1710,192000,JetSur,2025-10-27,,,{}
148469,,,,,Disponible,0,dovefe861@viajes.cl,Marbella,Arrecife,,3850,170000,Singapore Airlines,2026-03-03,2026-08-10,,"{""Hospitalet de LLobregat"",Málaga}"
149702,,,,,Disponible,0,elpolo665@viajes.cl,Huelva,San Fernando,47,3516,133000,NS International,2025-01-27,2025-06-22,,{}
109097,64663,2025-12-16,1665000,9,No disponible,1665,elvama419@viajes.cl,Santa Lucía de Tirajana,Rubí,50,1544,185000,Alsa,2026-03-03,2026-03-04,,{}
127514,62536,2025-01-26,745000,5,No disponible,745,emilio7555854@viajes.cl,Zamora,Torrejón de Ardoz,39,4004,149000,El Rápido Internacional,2025-04-21,2025-04-23,,{}
85695,63204,2025-01-30,560000,10,No disponible,560,emilio822282@viajes.cl,El Ejido,Palma de Mallorca,,3555,56000,Plusmar,2025-09-01,2025-09-03,,{}
144974,,,,,Disponible,0,emmaab333@viajes.cl,Mijas,,36,3793,185000,Buses Bio Bio,2026-08-20,,,{}
135284,55750,2025-05-18,870000,10,No disponible,870,emroga149@viajes.cl,San Cristróbal de la Laguna,San Fernando,36,2665,87000,JetSur,2026-01-15,2026-01-16,,{}
118212,57655,2025-07-30,288000,9,No disponible,288,enrique443916@viajes.cl,Alcorcón,Benalmádena,46,123,32000,ETN Turistar,2026-02-18,2026-02-18,,{}
146452,,,,,Disponible,0,ercava760@viajes.cl,Lugo,Badajoz,43,156,6000,Buses Romani,2025-05-12,,,{}
136065,58789,2026-04-25,870000,5,No disponible,870,estela6208869@viajes.cl,Ponferrada,Mollet del Vallés,61,3099,174000,NSB (Noruega),2026-06-26,2026-06-28,,{}
80970,60278,2025-05-27,966000,6,No disponible,966,estela8925147@viajes.cl,San Sebastían de los Reyes,Zamora,48,1708,161000,Chevallier,2025-10-18,2025-10-19,,{}
81359,58778,2025-01-24,621000,3,No disponible,621,ester3317224@viajes.cl,El Ejido,Alicante,78,2198,207000,RZD (Rusia),2025-02-18,2025-02-19,,{}
148288,,,,,Disponible,0,eszeca999@viajes.cl,Lorca,Pamplona,36,517,76000,Etihad Airways,2026-05-08,2026-05-29,,"{Sabadell,""El Puerto de Santa María"",Mérida,Zaragoza,""Molina de Segura""}"
146931,,,,,Disponible,0,eva7265295@viajes.cl,Pozuelo de Alarcón,Gerona,40,1889,160000,Damas,2026-11-18,,,{}
129938,60848,2025-06-10,800000,8,No disponible,800,feacvá813@viajes.cl,San Fernando,Alicante,49,3219,100000,Turbus,2025-11-24,2025-11-26,,{}
124051,58275,2025-08-25,242000,2,No disponible,242,febega119@viajes.cl,San Sebastián,Logroño,32,2018,121000,Futura,2025-10-04,2025-10-05,,{}
103715,65467,2025-01-22,84000,3,No disponible,84,felipe7511543@viajes.cl,Guadalajara,Vigo,13,261,28000,ŽSSK (Eslovaquia),2026-01-05,2026-01-05,,{}
104394,66218,2026-01-18,616000,7,No disponible,616,femova106@viajes.cl,La Coruña,Tarrasa,95,818,88000,HŽ (Croacia),2026-01-26,2026-01-26,,{}
79863,58711,2026-05-25,448000,7,No disponible,448,francisco4411563@viajes.cl,Jaén,San Sebastián,8,1118,64000,,2026-09-26,2026-09-26,,{}
102825,59103,2025-08-17,672000,6,No disponible,672,gabriela6221917@viajes.cl,San Sebastían de los Reyes,Benidorm,78,2583,112000,ŽFBH (Bosnia y Herzegovina),2026-06-01,2026-06-02,,{}
149806,,,,,Disponible,0,gavade851@viajes.cl,Jaén,,66,1180,98000,VR (Finlandia),2025-01-14,2025-03-04,,{}
149356,,,,,Disponible,0,geduor743@viajes.cl,Jerez de la Frontera,Sevilla,,3538,310000,VRZ (Croacia),2025-04-24,2025-09-18,,{}
149881,,,,,Disponible,0,gemeco374@viajes.cl,Collado Villalba,Alcalá de Guadaira,14,1672,60000,SJ (Suecia),2025-06-11,2025-08-19,,{}
90043,65110,2026-06-07,825000,5,No disponible,825,genade978@viajes.cl,Rubí,Chiclana de la Frontera,37,3097,165000,Primera Plus,2026-08-14,2026-08-16,,{}
87058,55532,2025-01-01,366000,2,No disponible,366,gilberto650348@viajes.cl,Logroño,Pontevedra,54,2742,183000,American Airlines,2025-01-02,2025-01-03,,"{Getafe,Alcorcón,Elche}"
101661,59644,2025-03-22,320000,8,No disponible,320,gonzalo1079651@viajes.cl,Logroño,Mollet del Vallés,43,1134,40000,ŽFBH (Bosnia y Herzegovina),2025-05-23,2025-05-23,,{}
94222,60821,2026-02-01,2925000,9,No disponible,2925,grnúca824@viajes.cl,Talavera de la Reina,Baracaldo,28,2929,325000,CD (República Checa),2026-02-27,2026-03-01,,{}
115056,55836,2025-01-06,125000,1,No disponible,125,guadalupe4581165@viajes.cl,San Fernando,Alcorcón,46,3281,125000,Chevallier,2025-03-23,2025-03-25,,{}
149619,,,,,Disponible,0,guesag522@viajes.cl,Gecho,Benidorm,49,1480,187000,SJ (Suecia),2026-06-04,2026-08-04,,{}
107601,66139,2025-04-17,984000,8,No disponible,984,heeslo908@viajes.cl,Gandía,Gerona,44,1802,123000,Turbus,2026-02-07,2026-02-08,,{}
145938,,,,,Disponible,0,heruro602@viajes.cl,Baracaldo,Badalona,44,2974,130000,Futura,2025-11-24,,,{}
90719,62766,2025-01-26,468000,9,No disponible,468,ignacio6635603@viajes.cl,La Línea de la Concepción,Sevilla,48,1046,52000,SNCB (Bélgica),2025-04-03,2025-04-03,,{}
101738,64805,2025-01-17,368000,8,No disponible,368,ignacio7155850@viajes.cl,Guadalajara,,,142,46000,Crucero del Norte,2026-03-12,2026-03-12,,{}
86340,59728,2025-07-11,280000,2,No disponible,280,isropi708@viajes.cl,Alcalá de Guadaira,Vitoria,42,999,140000,Avanza,2025-11-07,2025-11-07,,{}
145344,,,,,Disponible,0,jabani241@viajes.cl,,Ferrol,40,1409,178000,FlixBus,2025-02-12,,,{}
145209,,,,,Disponible,0,jacobo1662252@viajes.cl,Lérida,Segovia,47,3101,150000,ADO,2026-11-30,,,{}
97353,66353,2025-06-24,36000,1,No disponible,36,jarear931@viajes.cl,Zamora,Calahorra,46,376,36000,NSB (Noruega),2026-10-20,,,{}
87683,63004,2025-12-18,950000,10,No disponible,950,javier3975512@viajes.cl,Gecho,Huelva,54,561,95000,,2026-08-20,2026-08-20,,{}
141862,56793,2025-12-06,199000,1,No disponible,199,jeroca654@viajes.cl,Sabadell,Gerona,57,2990,199000,,2026-05-22,2026-05-24,,
102919,65364,2025-01-11,150000,1,No disponible,150,jerónimo2841319@viajes.cl,Badajoz,Pontevedra,4,3738,150000,NS International,2025-02-23,2025-02-25,,{}
111115,62300,2025-01-24,1883000,7,No disponible,1883,jocacr192@viajes.cl,San Sebastián,Torrejón de Ardoz,70,2918,269000,,2026-07-26,2026-07-28,,{}
149252,,,,,Disponible,0,jolualal605@viajes.cl,San Cristróbal de la Laguna,Torrelavega,87,3037,171000,,2025-10-01,2026-02-04,,{}
146930,,,,,Disponible,0,jolufepa617@viajes.cl,Torremolinos,Rubí,47,1173,109000,Monbus,2025-08-04,,,{}
125678,58027,2026-06-06,302000,2,No disponible,302,jorge8296732@viajes.cl,Talavera de la Reina,Alcalá de Henares,12,2787,151000,,2026-07-31,2026-08-01,,{}
146839,,,,,Disponible,0,josé4245489@viajes.cl,Linares,Rubí,41,922,194000,Buses Ahumada,2026-07-11,,,{}
141210,56413,2025-05-31,945000,9,No disponible,945,josé6262364@viajes.cl,Granollers,Palma de Mallorca,50,3334,105000,Buses Bio Bio,2025-08-14,2025-08-16,,{}
87466,66390,2025-03-03,1780000,10,No disponible,1780,juan5148253@viajes.cl,Sevilla,Hospitalet de LLobregat,56,1551,178000,MÁV (Hungría),2025-10-14,2025-10-15,,{}
128006,58330,2025-09-25,360000,10,No disponible,360,julio8213563@viajes.cl,Elda,Torrejón de Ardoz,96,774,36000,HŽ (Croacia),2026-04-14,2026-04-14,,{}
149147,,,,,Disponible,0,jupabe305@viajes.cl,Alcobendas,Coslada,56,417,85000,SNCB (Bélgica),2026-05-22,2026-06-08,,{}
130941,59074,2025-08-13,1552000,8,No disponible,1552,juriro294@viajes.cl,Sevilla,Arrecife,37,3710,194000,Buses Ahumada,2026-09-25,2026-09-27,,{}
87714,59323,2025-03-11,1246000,7,No disponible,1246,laura896645@viajes.cl,Valdemoro,Lorca,40,2519,178000,Buses Ahumada,2025-03-22,2025-03-23,,{}
129771,64201,2025-07-16,578000,2,No disponible,578,liágmi129@viajes.cl,Lérida,Telde,32,2426,289000,Thalys,2026-03-27,2026-03-28,,{}
146904,,,,,Disponible,0,lorena2437172@viajes.cl,Tarrasa,Cerdañola del Vallés,37,2092,200000,Buses Bio Bio,2025-01-30,,,{}
146385,,,,,Disponible,0,lualba442@viajes.cl,Gecho,Orense,42,3040,75000,Turbus,2025-03-11,,,{}
124338,63660,2025-05-22,1955000,5,No disponible,1955,lucas2379246@viajes.cl,Estepona,Torrejón de Ardoz,85,2975,391000,PKP (Polonia),2025-12-22,2025-12-24,,{}
137377,63118,2025-12-19,1160000,10,No disponible,1160,lueses830@viajes.cl,Segovia,Mataró,41,3914,116000,Buses Bio Bio,2026-09-06,2026-09-08,,{}
79191,61312,2026-03-02,1740000,6,No disponible,1740,luis2971637@viajes.cl,Collado Villalba,Mollet del Vallés,34,2887,290000,ZSSK (Eslovaquia),2026-08-05,2026-08-07,,{}
145074,,,,,Disponible,0,luis7165789@viajes.cl,San Cristróbal de la Laguna,Fuenlabrada,35,1304,119000,El Rápido Internacional,2025-10-22,,,{}
118879,62428,2026-07-15,220000,4,No disponible,220,luisa595785@viajes.cl,Lorca,Torremolinos,43,983,55000,,2026-11-20,2026-11-20,,{}
118868,60771,2025-11-09,1810000,10,No disponible,1810,luisa6260852@viajes.cl,Vitoria,,6,419,181000,RZD (Rusia),2026-11-08,2026-11-08,,{}
86637,57834,2025-08-16,579000,3,No disponible,579,mabuca319@viajes.cl,Granollers,Alcalá de Henares,49,3691,193000,JetSur,2026-10-12,2026-10-14,,{}
87883,65745,2025-12-01,540000,10,No disponible,540,macrpuco781@viajes.cl,,Torrejón de Ardoz,38,1505,54000,Crucero del Norte,2026-05-10,2026-05-11,,{}
149397,,,,,Disponible,0,maeumaso244@viajes.cl,Badalona,Santa Lucía de Tirajana,81,2327,296000,NS International,2026-01-04,2026-04-10,,{}
145445,,,,,Disponible,0,majame421@viajes.cl,Baracaldo,Paterna,31,2138,66000,Chevallier,2025-05-15,,,{}
133676,61542,2025-01-03,1050000,6,No disponible,1050,majozúsa208@viajes.cl,Granada,Vigo,32,1926,175000,Buses Nilahue,2026-03-07,2026-03-08,,{}
106471,66082,2025-03-22,1953000,7,No disponible,1953,marcela3216289@viajes.cl,Gecho,Valladolid,47,2360,279000,NS International,2025-11-27,2025-11-28,,{}
147348,,,,,Disponible,0,marco2477413@viajes.cl,,Albacete,55,532,158000,Southwest Airlines,2026-05-27,,,"{Lérida,""El Ejido""}"
82341,56236,2025-12-04,687000,3,No disponible,687,mario7458237@viajes.cl,Orihuela,Elda,92,2231,229000,CD (República Checa),2026-09-27,2026-09-28,,{}
82970,63326,2025-01-25,560000,7,No disponible,560,marta7708109@viajes.cl,Santander,,100,767,80000,,2025-06-18,2025-06-18,,{}
113351,64640,2025-01-05,364000,7,No disponible,364,maría6649456@viajes.cl,Estepona,Ávila,12,449,52000,SJ (Suecia),2025-01-31,2025-01-31,,{}
92929,57998,2025-04-25,1700000,10,No disponible,1700,maría8269925@viajes.cl,Torremolinos,,26,518,170000,SJ (Suecia),2025-07-12,2025-07-12,,{}
144973,,,,,Disponible,0,masoga180@viajes.cl,San Sebastían de los Reyes,La Coruña,37,914,76000,Estrella Roja,2026-06-22,,,{}
146512,,,,,Disponible,0,matoan579@viajes.cl,Palencia,Dos Hermanas,,1716,106000,Via Bariloche,2025-09-28,,,{}
116325,61317,2025-06-14,244000,2,No disponible,244,mercedes966447@viajes.cl,Talavera de la Reina,Marbella,31,2741,122000,NSB (Noruega),2026-08-05,2026-08-06,,{}
118866,60771,2025-07-17,3140000,10,No disponible,3140,miguel7248711@viajes.cl,Lérida,Mataró,81,3727,314000,Italo,2026-11-05,2026-11-07,,{}
85118,63299,2025-05-30,179000,1,No disponible,179,mimaco244@viajes.cl,Telde,Sevilla,27,2172,179000,ZSSK (Eslovaquia),2025-07-18,2025-07-19,,{}
90292,57572,2026-03-22,198000,1,No disponible,198,mónica6343775@viajes.cl,Huelva,Gijón,,1807,198000,ŽFBH (Bosnia y Herzegovina),2026-10-31,2026-11-01,,{}
120816,64526,2025-10-21,875000,5,No disponible,875,nisabá861@viajes.cl,Torrevieja,Chiclana de la Frontera,27,1820,175000,SNCB (Bélgica),2026-02-23,,,{}
116679,64531,2025-05-09,595000,7,No disponible,595,noméru838@viajes.cl,Sagunto,Zamora,75,2281,85000,DSB (Dinamarca),2026-10-05,2026-10-06,,{}
149237,,,,,Disponible,0,paaral909@viajes.cl,Valdemoro,Reus,7,634,147000,Trenitalia,2026-05-11,2026-06-06,,{}
132555,64211,2025-01-26,660000,4,No disponible,660,pasáar780@viajes.cl,Vitoria,Albacete,49,3465,165000,BoltBus,2025-03-17,2025-03-19,,{}
101295,59686,2025-03-23,805000,7,No disponible,805,pecacó921@viajes.cl,Orihuela,,70,946,115000,American Airlines,2025-07-25,2025-07-25,,{Alcoy}
86517,62779,2025-04-07,133000,1,No disponible,133,piurch784@viajes.cl,El Prat de LLobregat,Las Palmas de Gran Canaria,81,2561,133000,ŽFBH (Bosnia y Herzegovina),2026-04-25,2026-04-26,,{}
85836,59693,2025-03-02,1184000,8,No disponible,1184,rafael1960467@viajes.cl,Huelva,Burgos,46,982,148000,Buses Romani,2025-03-06,2025-03-06,,{}
118929,60427,2026-01-10,936000,6,No disponible,936,ramona8318679@viajes.cl,Albacete,Hospitalet de LLobregat,7,1688,156000,VRZ (Croacia),2026-10-11,2026-10-12,,{}
146593,,,,,Disponible,0,ramón1222984@viajes.cl,Alcalá de Guadaira,Molina de Segura,40,3017,58000,Primera Plus,2025-06-09,,,{}
149946,,,,,Disponible,0,rapéal949@viajes.cl,San Fernando,,18,2671,178000,NS International,2026-04-23,2026-08-12,,{}
128647,58231,2026-01-20,1370000,10,No disponible,1370,raquel9137362@viajes.cl,Cerdañola del Vallés,Cáceres,48,1705,137000,Socibus,2026-08-02,2026-08-03,,{}
109118,66565,2025-09-07,438000,3,No disponible,438,rasogu224@viajes.cl,,Córdoba,,828,146000,BoltBus,2026-11-04,,,{}
91575,57324,2025-03-29,3872000,8,No disponible,3872,raúl2235183@viajes.cl,Ceuta,Tarrasa,94,4052,484000,CP (Portugal),2025-04-01,2025-04-03,,{}
83630,65737,2025-08-18,1688000,8,No disponible,1688,readma267@viajes.cl,,Ferrol,26,4187,211000,NS International,2025-12-18,,,{}
148977,,,,,Disponible,0,rebale699@viajes.cl,Estepona,Cornellá de Llobregat,24,976,80000,VR (Finlandia),2025-12-18,2026-01-27,,{}
146783,,,,,Disponible,0,reina1650221@viajes.cl,Alcoy,Palencia,,1009,67000,Flecha Bus,2026-11-09,,,
87137,60467,2025-07-08,896000,4,No disponible,896,reocpo678@viajes.cl,Estepona,Manresa,62,3352,224000,RZD (Rusia),2025-07-28,2025-07-30,,{}
83735,64515,2025-03-17,231000,3,No disponible,231,rizúca865@viajes.cl,Chiclana de la Frontera,Reus,60,1273,77000,ŽFBH (Bosnia y Herzegovina),2025-05-14,2025-05-14,,{}
87928,57281,2025-09-09,202000,2,No disponible,202,rodrigo4341380@viajes.cl,Barcelona,La Línea de la Concepción,,1476,101000,CP (Portugal),2026-07-22,2026-07-23,,{}
144823,,,,,Disponible,0,rubén7196974@viajes.cl,Rubí,Granollers,47,279,65000,,2025-08-14,,,{}
107245,58491,2025-01-06,1930000,10,No disponible,1930,sabaca244@viajes.cl,Cuenta,Gandía,50,980,193000,Pullman Bus,2026-07-12,2026-07-12,,{}
135660,64704,2025-07-09,1080000,8,No disponible,1080,santiago3935258@viajes.cl,Oviedo,Benidorm,,1088,135000,Monbus,2026-01-31,2026-01-31,,{}
98888,66284,2025-01-01,1230000,10,No disponible,1230,sogrza951@viajes.cl,Madrid,Avilés,33,3926,123000,Omnibus de México,2025-01-04,2025-01-06,,{}
134982,65138,2025-01-03,544000,2,No disponible,544,sr.2527428@viajes.cl,Ferrol,Logroño,15,2171,272000,PKP (Polonia),2025-01-18,2025-01-19,,{}
104957,56221,2025-12-24,730000,5,No disponible,730,sr.2984528@viajes.cl,Tarrasa,Almería,,1577,146000,Air New Zealand,2026-07-15,2026-07-16,Clase ejecutiva,
133520,65344,2025-04-28,354000,6,No disponible,354,sr.8467531@viajes.cl,Toledo,Cáceres,47,2083,59000,Monbus,2025-07-03,2025-07-04,,{}
123541,57404,2025-05-01,1025000,5,No disponible,1025,sr.9584607@viajes.cl,Arrecife,Sabadell,66,2847,205000,ŽFBH (Bosnia y Herzegovina),2025-05-14,2025-05-15,,{}
88606,59186,2025-03-05,2190000,10,No disponible,2190,sra.3003957@viajes.cl,Lorca,Getafe,69,2469,219000,DSB (Dinamarca),2025-09-02,2025-09-03,,{}
144668,,,,,Disponible,0,sra.3992295@viajes.cl,Mollet del Vallés,,32,3138,98000,Buses Romani,2026-09-27,,,{}
88950,57398,2025-04-25,76000,4,No disponible,76,sra.7178466@viajes.cl,Ponferrada,Roquetas de Mar,40,212,19000,BoltBus,2025-05-18,2025-05-18,,{}
79437,64738,2025-02-13,220000,5,No disponible,220,sranlusagu985@viajes.cl,Cerdañola del Vallés,Badajoz,34,467,44000,Via Bariloche,2025-10-01,2025-10-01,,{}
116487,62635,2025-03-19,272000,4,No disponible,272,srbeduva749@viajes.cl,Santa Lucía de Tirajana,Sanlúcar de Barrameda,43,1710,68000,ETN Turistar,2025-04-27,2025-04-28,,{}
110930,57872,2026-02-11,458000,2,No disponible,458,srdaalco692@viajes.cl,Burgos,Leganés,42,2543,229000,Deutsche Bahn (DB),2026-07-10,2026-07-11,,{}
124194,59889,2025-08-02,143000,1,No disponible,143,srfegara834@viajes.cl,Mollet del Vallés,Fuengirola,47,4207,143000,Condor Bus,2025-08-08,2025-08-10,,{}
106533,64733,2025-10-27,248000,4,No disponible,248,srjoluolme677@viajes.cl,Benidorm,Torrelavega,46,1926,62000,Greyhound,2026-05-21,2026-05-22,,
99694,55600,2025-01-05,102000,6,No disponible,102,srmabare460@viajes.cl,Orihuela,Molina de Segura,39,236,17000,Chevallier,2025-01-11,,,{}
136484,59846,2025-06-30,780000,4,No disponible,780,srnisolu819@viajes.cl,Ceuta,Alcalá de Guadaira,33,1982,195000,Primera Plus,2025-08-25,2025-08-26,,{}
146074,,,,,Disponible,0,srocbega579@viajes.cl,Orense,Chiclana de la Frontera,50,971,155000,Turbus,2026-11-20,,,{}
146263,,,,,Disponible,0,srsacona119@viajes.cl,Rivas-Vaciamadrid,Alcobendas,32,1742,142000,ADO,2026-09-22,,,{}
131886,63648,2025-02-09,540000,10,No disponible,540,srsolláv959@viajes.cl,Móstoles,Collado Villalba,56,1681,54000,Renfe,2025-10-06,2025-10-07,,
109343,58518,2025-01-02,416000,8,No disponible,416,sta.6977909@viajes.cl,Manresa,Puertollano,46,553,52000,Amtrak,2025-01-06,2025-01-06,,{}
107213,56249,2025-09-14,1650000,10,No disponible,1650,sta.8501502@viajes.cl,Orihuela,Estepona,43,1497,165000,,2026-07-28,2026-07-29,,{}
145053,,,,,Disponible,0,sta.8775554@viajes.cl,Sanlúcar de Barrameda,San Sebastián,44,2532,87000,Via Bariloche,2026-08-21,,,{}
149126,,,,,Disponible,0,starcalo784@viajes.cl,Las Palmas de Gran Canaria,Gijón,,4052,247000,SJ (Suecia),2025-12-17,2026-06-03,,{}
146424,,,,,Disponible,0,stjetilo156@viajes.cl,Roquetas de Mar,Gecho,42,710,169000,Turbus,2026-02-06,,,
146566,,,,,Disponible,0,stjomuca556@viajes.cl,Torrevieja,Paterna,,1844,115000,,2025-04-05,,,{}
145476,,,,,Disponible,0,stjucéchol772@viajes.cl,Gecho,Rivas-Vaciamadrid,45,2823,190000,Monbus,2025-02-19,,,
105717,56934,2025-08-06,133000,7,No disponible,133,stpiríen858@viajes.cl,Santa Coloma de Gramanet,Molina de Segura,86,354,19000,Singapore Airlines,2026-08-16,2026-08-16,Clase ejecutiva,
146240,,,,,Disponible,0,stracemo760@viajes.cl,,Lorca,45,3812,65000,Primera Plus,2026-04-20,,,{}
109469,59572,2025-05-30,890000,5,No disponible,890,stroraca212@viajes.cl,Oviedo,Cádiz,50,1456,178000,Buses Romani,2025-06-29,2025-06-30,,{}
98599,64276,2025-05-28,328000,2,No disponible,328,stsacemo586@viajes.cl,Roquetas de Mar,Parla,,1532,164000,,2026-01-01,,,{}
149978,,,,,Disponible,0,tiaggi246@viajes.cl,Alcoy,Santa Cruz de Tenerife,95,1644,85000,Italo,2025-09-15,2025-11-22,,{}
108506,60457,2025-03-26,288000,8,No disponible,288,tomás4604467@viajes.cl,Barcelona,Bilbao,23,457,36000,Eurostar,2026-01-01,2026-01-01,,{}
102645,66335,2025-06-05,1020000,10,No disponible,1020,verónica6989524@viajes.cl,Santa Lucía de Tirajana,,45,2418,102000,Primera Plus,2025-09-17,2025-09-18,,{}
148203,,,,,Disponible,0,vicaes693@viajes.cl,San Cristróbal de la Laguna,,44,1109,136000,Air New Zealand,2025-06-01,2025-07-17,,{}
101496,62148,2025-01-04,1134000,7,No disponible,1134,vicente5224724@viajes.cl,Sagunto,Santa Lucía de Tirajana,89,477,162000,ZFBH (Bosnia y Herzegovina),2025-04-04,2025-04-04,,{}
115533,58006,2025-02-28,540000,4,No disponible,540,victoria3315739@viajes.cl,Benalmádena,Molina de Segura,31,2603,135000,,2025-03-11,2025-03-12,,{}
150072,,,,,Disponible,0,virginia9404929@viajes.cl,Benidorm,Estepona,66,3812,334000,CFR (Rumania),2026-10-12,2027-03-19,,{}
125405,57963,2025-01-04,1080000,4,No disponible,1080,vitóan636@viajes.cl,Alcobendas,Castellón de la Plana,11,2886,270000,Nederlandse Sp,2025-01-20,2025-01-22,,{}
115838,56672,2025-04-08,450000,3,No disponible,450,víctor880107@viajes.cl,Sabadell,Calahorra,17,1866,150000,TGV (SNCF),2025-08-12,2025-08-13,,{}
149906,,,,,Disponible,0,Óscarlara210@viajes.cl,Vigo,Fuengirola,5,2525,115000,RZD (Rusia),2026-06-17,2026-09-30,,{}
146284,,,,,Disponible,0,ánalba346@viajes.cl,Santiago de Compostela,Toledo,36,711,177000,Monbus,2026-02-18,,,{}
98753,64663,2025-01-24,1104000,8,No disponible,1104,Adelalugo832@viajes.cl,San Fernando,Torrelavega,49,2784,138000,Omnibus de México,2026-05-05,2026-05-06,,{}
82168,65059,2026-01-13,1180000,10,No disponible,1180,Albertoosorio573@viajes.cl,Inca,Almería,39,1515,118000,Omnibus de México,2026-02-28,2026-03-01,,{}
88333,61922,2025-02-09,290000,2,No disponible,290,Alfonsovanegas280@viajes.cl,Valdemoro,Valladolid,35,3069,145000,Buses Bio Bio,2025-02-21,2025-02-23,,{}
111942,59801,2025-08-13,192000,3,No disponible,192,Amaliagálvez582@viajes.cl,Albacete,Castellón de la Plana,18,1813,64000,Copa Airlines,2026-08-20,2026-08-21,,
146518,,,,,Disponible,0,Anachavarría569@viajes.cl,Barcelona,Alcobendas,30,4098,158000,Buses Ahumada,2026-05-15,,,{}
78862,62038,2026-04-16,315000,5,No disponible,315,Anasaldivar985@viajes.cl,Orihuela,Torremolinos,31,808,63000,Pullman Bus,2026-05-17,2026-05-17,,{}
120578,65042,2025-01-19,441000,3,No disponible,441,Arturoparra110@viajes.cl,Salamanca,Lugo,44,866,147000,Flecha Bus,2026-01-15,2026-01-15,,{}
146800,,,,,Disponible,0,Benjamíncoronado313@viajes.cl,Baracaldo,Santa Coloma de Gramanet,35,2123,94000,Condor Bus,2025-01-20,,,{}
131810,55777,2025-09-30,488000,4,No disponible,488,Benjamínsisneros202@viajes.cl,Palencia,Pamplona,16,2036,122000,ZFBH (Bosnia y Herzegovina),2025-10-04,,,{}
146653,,,,,Disponible,0,Carlacalderón117@viajes.cl,Santa Cruz de Tenerife,Pontevedra,31,1462,117000,Estrella Roja,2025-04-21,,,{}
145527,,,,,Disponible,0,Carolinarosado152@viajes.cl,Valladolid,Mollet del Vallés,31,3840,138000,Avanza,2026-03-08,,,{}
91784,58081,2025-07-04,800000,10,No disponible,800,Claudiabermúdez356@viajes.cl,Badajoz,Mijas,30,3983,80000,Greyhound,2026-09-24,2026-09-26,,{}
82357,61777,2025-05-02,830000,5,No disponible,830,Césarcarranza981@viajes.cl,Viladecans,Badajoz,65,2292,166000,TGV (SNCF),2025-11-29,2025-11-30,,{}
105253,60273,2025-02-24,539000,7,No disponible,539,Danielacamarillo683@viajes.cl,Cáceres,Cáceres,39,1054,77000,Socibus,2025-08-29,2025-08-29,,{}
143695,63911,2025-05-01,1880000,8,No disponible,1880,Danielavillalpando367@viajes.cl,Majadahonda,Cartagena,73,2314,235000,PKP (Polonia),2025-12-12,2025-12-13,,
146320,,,,,Disponible,0,Diegoballesteros437@viajes.cl,Gerona,Salamanca,49,3498,53000,Plusmar,2026-01-23,,,{}
124116,60975,2025-02-03,120000,2,No disponible,120,Doroteabétancourt155@viajes.cl,Mataró,Sagunto,,3095,60000,Turbus,2025-02-08,,,{}
149010,,,,,Disponible,0,Déboralimón727@viajes.cl,,Tarragona,2,3926,415000,HŽ (Croacia),2026-10-08,2027-03-20,,{}
107808,59520,2025-06-30,1026000,9,No disponible,1026,Eduardocarrion243@viajes.cl,,Santa Lucía de Tirajana,37,4136,114000,JetSur,2026-10-14,2026-10-16,,{}
150073,,,,,Disponible,0,Elsanájera336@viajes.cl,Gandía,,70,3908,180000,Renfe,2025-12-08,2026-05-19,,{}
123189,62566,2025-09-08,1088000,8,No disponible,1088,Elsavillalpando941@viajes.cl,Paterna,Ferrol,22,1621,136000,CFR (Rumania),2026-06-24,2026-06-25,,{}
114043,58431,2025-07-01,696000,4,No disponible,696,Ernestosanabria252@viajes.cl,Molina de Segura,Santiago de Compostela,36,2803,174000,Buses Romani,2026-07-02,2026-07-03,,{}
130436,55581,2025-12-13,285000,3,No disponible,285,Estebanelizondo783@viajes.cl,Lérida,Málaga,47,3736,95000,Plusmar,2026-11-18,2026-11-20,,{}
79276,59783,2025-03-09,502000,2,No disponible,502,Estelavelázquez978@viajes.cl,Palma de Mallorca,Baracaldo,,3817,251000,ŽSSK (Eslovaquia),2025-03-15,2025-03-17,,{}
146907,,,,,Disponible,0,Gabrielposada795@viajes.cl,Palencia,Badajoz,50,518,121000,Plusmar,2025-09-30,,,{}
135993,56906,2025-05-11,2232000,6,No disponible,2232,Gilbertoverduzco611@viajes.cl,Vitoria,Ceuta,77,3925,372000,ZSSK (Eslovaquia),2026-08-31,2026-09-02,,{}
128048,61706,2025-01-06,116000,1,No disponible,116,Horaciolucio884@viajes.cl,Irún,Santander,19,2400,116000,KLM,2025-09-20,,,"{Estepona,""Sanlúcar de Barrameda""}"
121599,62374,2025-02-27,445000,5,No disponible,445,Jacobotrejo682@viajes.cl,Toledo,Tarragona,65,215,89000,,2025-03-04,2025-03-04,,{}
148641,,,,,Disponible,0,Javiermateo256@viajes.cl,Alcalá de Henares,,70,3651,451000,Italo,2025-07-25,2025-12-24,,{}
79514,65191,2026-04-09,966000,6,No disponible,966,Jesúsayala953@viajes.cl,Mollet del Vallés,Estepona,10,1747,161000,CD (República Checa),2026-06-06,2026-06-07,,{}
121105,56357,2025-01-31,2410000,10,No disponible,2410,Joaquíndelatorre512@viajes.cl,Cuenta,Gijón,92,2600,241000,AVE,2025-02-17,2025-02-18,,{}
144614,,,,,Disponible,0,Josécastañeda430@viajes.cl,Alcorcón,Pontevedra,31,4134,148000,Primera Plus,2026-05-28,,,{}
143850,65990,2025-01-01,2672000,8,No disponible,2672,Joségallardo746@viajes.cl,Badajoz,Manresa,71,4039,334000,CD (República Checa),2025-01-04,2025-01-06,,{}
137005,56193,2026-01-29,164000,2,No disponible,164,Juanavelasco558@viajes.cl,Benidorm,Ciudad Real,48,2344,82000,ADO,2026-02-03,2026-02-04,,{}
92301,62209,2025-02-04,1990000,10,No disponible,1990,Leticiadelarosa551@viajes.cl,Almería,Mollet del Vallés,77,2012,199000,AVE,2026-01-01,2026-01-02,,{}
145804,,,,,Disponible,0,Leticiagarcía122@viajes.cl,Torrelavega,Majadahonda,39,3645,91000,Turbus,2025-09-11,,,{}
148619,,,,,Disponible,0,Lorenzoechevarría718@viajes.cl,Reus,Valencia,53,999,125000,LATAM Airlines,2026-01-15,2026-02-25,Clase económica,
86456,62134,2025-04-16,178000,2,No disponible,178,Lourdesjimínez985@viajes.cl,Fuengirola,Burgos,36,1192,89000,Primera Plus,2025-06-07,2025-06-07,,{}
99409,56239,2025-09-27,276000,3,No disponible,276,Lucasleiva484@viajes.cl,Orihuela,,18,1519,92000,,2026-06-01,2026-06-02,,{}
140461,61690,2025-05-28,1393000,7,No disponible,1393,Luisvera478@viajes.cl,Arrecife,Leganés,1,344,199000,CD (República Checa),2025-09-02,2025-09-02,,
113027,57148,2025-01-02,910000,10,No disponible,910,Luzlugo949@viajes.cl,La Coruña,,32,1794,91000,JetSur,2025-01-05,2025-01-06,,{}
120378,56677,2025-07-31,392000,2,No disponible,392,Manuelanevárez837@viajes.cl,Lugo,Jerez de la Frontera,43,1582,196000,Crucero del Norte,2026-07-28,2026-07-29,,{}
98567,59430,2025-02-27,435000,5,No disponible,435,Margaritaperalta319@viajes.cl,Torremolinos,Ferrol,30,474,87000,Socibus,2025-12-28,2025-12-28,,{}
82305,64522,2025-07-06,300000,6,No disponible,300,Margaritatéllez726@viajes.cl,Sanlúcar de Barrameda,Castellón de la Plana,45,3177,50000,Buses Romani,2025-09-25,,,
149258,,,,,Disponible,0,Mariluarmenta694@viajes.cl,San Fernando,Torrevieja,,701,112000,Deutsche Bahn (DB),2026-04-15,2026-05-14,,{}
149215,,,,,Disponible,0,Maríachacón705@viajes.cl,Santiago de Compostela,Ponferrada,42,3385,398000,CP (Portugal),2025-06-26,2025-11-14,,{}
144979,,,,,Disponible,0,Maríalucio404@viajes.cl,San Sebastián,Ponferrada,32,3502,86000,Condor Bus,2026-01-20,,,{}
141207,56413,2025-04-19,1305000,9,No disponible,1305,Maríavalladares172@viajes.cl,Huelva,Granollers,47,521,145000,Omnibus de México,2025-08-12,2025-08-12,,{}
104328,62019,2025-06-12,1116000,6,No disponible,1116,Mayteaponte518@viajes.cl,Sanlúcar de Barrameda,Murcia,12,1655,186000,SBB (Suiza),2026-01-01,2026-01-02,,{}
145536,,,,,Disponible,0,Nicoláscardona792@viajes.cl,Talavera de la Reina,Irún,35,1077,196000,JetSur,2026-09-23,,,{}
100981,61090,2025-02-11,1216000,8,No disponible,1216,Pabloleal393@viajes.cl,San Cristróbal de la Laguna,Torrelavega,39,2160,152000,Via Bariloche,2025-07-17,2025-07-18,,{}
90599,61543,2025-05-02,624000,6,No disponible,624,Patriciapatiño439@viajes.cl,Majadahonda,Elche,43,1437,104000,Buses Bio Bio,2026-10-24,2026-10-24,,{}
128214,62236,2025-08-08,276000,1,No disponible,276,Ramirobarajas244@viajes.cl,Guadalajara,Molina de Segura,19,3562,276000,ŽFBH (Bosnia y Herzegovina),2026-03-25,2026-03-27,,{}
146643,,,,,Disponible,0,Rebecapalomo261@viajes.cl,Burgos,Ávila,50,337,41000,Futura,2025-08-21,,,{}
145666,,,,,Disponible,0,Reinaleyva327@viajes.cl,Jerez de la Frontera,Cornellá de Llobregat,33,2063,92000,Plusmar,2025-07-14,,,{}
130107,61049,2025-05-07,56000,1,No disponible,56,Rociomuro732@viajes.cl,Benalmádena,Segovia,91,1039,56000,ŽSSK (Eslovaquia),2026-04-14,2026-04-14,,{}
101838,60492,2025-04-19,512000,4,No disponible,512,Rubénmadera789@viajes.cl,Manresa,Zamora,50,507,128000,BoltBus,2025-12-28,2025-12-28,,{}
112021,65865,2025-03-23,805000,7,No disponible,805,Santiagorivas862@viajes.cl,Ávila,Torremolinos,99,2222,115000,VR (Finlandia),2026-06-29,2026-06-30,,{}
148192,,,,,Disponible,0,Sr.armijo432@viajes.cl,Marbella,Ponferrada,48,3963,415000,Air Canada,2026-06-10,2026-11-22,,{}
148780,,,,,Disponible,0,Sr.barela594@viajes.cl,Santa Cruz de Tenerife,Torrevieja,32,1808,97000,TGV (SNCF),2025-12-14,2026-02-27,,{}
120770,59945,2025-01-04,522000,9,No disponible,522,Sr.bañuelos530@viajes.cl,Lugo,Majadahonda,30,313,58000,Chevallier,2025-06-17,2025-06-17,,{}
149778,,,,,Disponible,0,Sr.castañeda350@viajes.cl,Ferrol,Torremolinos,85,767,56000,SNCB (Bélgica),2026-11-22,2026-12-23,,{}
130855,64418,2025-07-11,1872000,6,No disponible,1872,Sr.delacrúz661@viajes.cl,Alcorcón,Sagunto,63,2937,312000,Italo,2026-02-12,,,{}
104381,65275,2025-04-11,250000,5,No disponible,250,Sr.lira601@viajes.cl,Granollers,Avilés,46,992,50000,Chevallier,2025-04-16,2025-04-16,,{}
88599,65668,2025-10-17,213000,3,No disponible,213,Sr.razo128@viajes.cl,Badajoz,Lugo,43,962,71000,Plusmar,2026-07-03,2026-07-03,,
124747,66415,2025-05-12,222000,2,No disponible,222,Sr.reséndez920@viajes.cl,Alicante,Burgos,30,3615,111000,Plusmar,2025-09-02,2025-09-04,,{}
86908,66601,2025-08-02,438000,6,No disponible,438,Sra.benavídez613@viajes.cl,Alcalá de Guadaira,Toledo,38,1379,73000,Socibus,2026-08-31,2026-08-31,,{}
146159,,,,,Disponible,0,Sra.carreón490@viajes.cl,Irún,Cádiz,46,190,6000,Estrella Roja,2026-08-28,,,{}
105407,60865,2026-08-11,524000,4,No disponible,524,Sra.collado965@viajes.cl,Getafe,Reus,37,3186,131000,Omnibus de México,2026-10-20,2026-10-22,,{}
114899,59843,2025-03-16,350000,7,No disponible,350,Sra.franco636@viajes.cl,Mataró,Gijón,38,1706,50000,Monbus,2026-01-25,2026-01-26,,{}
109927,63596,2025-03-06,408000,4,No disponible,408,Sra.leyva287@viajes.cl,Baracaldo,Gijón,48,3899,102000,Via Bariloche,2025-04-21,2025-04-23,,{}
145241,,,,,Disponible,0,Sra.montaño428@viajes.cl,Cornellá de Llobregat,Alcoy,41,1418,172000,Megabus,2026-05-12,,,{}
141958,66495,2025-01-04,804000,6,No disponible,804,Sra.tafoya600@viajes.cl,Granollers,Lugo,41,3005,134000,El Rápido Internacional,2025-01-25,2025-01-27,,{}
141398,62209,2025-01-07,1212000,6,No disponible,1212,Sra.toledo641@viajes.cl,Getafe,Palencia,95,2165,202000,Thalys,2026-03-15,2026-03-16,,{}
144060,61642,2025-07-16,630000,6,No disponible,630,Sta.jurado990@viajes.cl,Ferrol,Santa Coloma de Gramanet,44,1408,105000,Via Bariloche,2026-05-16,2026-05-16,,{}
146222,,,,,Disponible,0,Sta.lucero377@viajes.cl,Alcoy,Alcalá de Guadaira,41,4223,176000,Omnibus de México,2025-09-24,,,{}
145628,,,,,Disponible,0,Sta.valenzuela184@viajes.cl,Baracaldo,León,47,3036,132000,Megabus,2026-04-12,,,{}
141163,60000,2025-06-22,816000,8,No disponible,816,Sta.verdugo741@viajes.cl,Cerdañola del Vallés,Zamora,32,832,102000,Buses Bio Bio,2025-10-14,2025-10-14,,{}
127376,55759,2025-03-16,384000,4,No disponible,384,Tomásbarrios980@viajes.cl,Torrevieja,Oviedo,13,865,96000,,2025-04-23,2025-04-23,,{}
120028,58471,2025-02-17,1158000,6,No disponible,1158,Virginiahernández425@viajes.cl,Castellón de la Plana,Lugo,47,2678,193000,Buses Romani,2026-01-17,,,{}
136857,55574,2025-01-24,342000,9,No disponible,342,agustín1537237@viajes.cl,Gecho,Benidorm,42,1189,38000,CD (República Checa),2025-05-21,2025-05-21,,{}
81457,64205,2025-07-29,199000,1,No disponible,199,agustín2891970@viajes.cl,Granada,Sanlúcar de Barrameda,72,2358,199000,Renfe,2026-05-14,2026-05-15,,{}
129330,63659,2025-09-12,356000,4,No disponible,356,alberto5174210@viajes.cl,Móstoles,Lérida,50,2180,89000,ETN Turistar,2026-02-11,2026-02-12,,{}
110237,64920,2025-07-31,299000,1,No disponible,299,albuta656@viajes.cl,Torrejón de Ardoz,,7,3051,299000,Thalys,2026-04-08,2026-04-10,,{}
145060,,,,,Disponible,0,alchva980@viajes.cl,Gandía,Collado Villalba,34,1980,126000,Buses Ahumada,2026-01-12,,,{}
126910,65385,2025-08-05,780000,4,No disponible,780,alejandra5335286@viajes.cl,Cerdañola del Vallés,Sanlúcar de Barrameda,36,997,195000,JetSur,2025-11-21,2025-11-21,,{}
148287,,,,,Disponible,0,anlubahe592@viajes.cl,Talavera de la Reina,Cornellá de Llobregat,11,2716,291000,American Airlines,2026-06-02,2026-09-23,,{Sagunto}
132447,63823,2025-03-25,174000,6,No disponible,174,anmabear207@viajes.cl,Inca,Fuengirola,47,265,29000,ETN Turistar,2025-10-01,2025-10-01,,{}
125804,59306,2025-01-26,240000,2,No disponible,240,anmacade780@viajes.cl,Elche,Alicante,31,2229,120000,Chevallier,2025-08-30,2025-08-31,,{}
127949,58089,2026-04-28,1674000,9,No disponible,1674,anorpa297@viajes.cl,Badajoz,Talavera de la Reina,4,2647,186000,ZFBH (Bosnia y Herzegovina),2026-10-05,2026-10-06,,{}
146416,,,,,Disponible,0,anpevé395@viajes.cl,Oviedo,Dos Hermanas,39,3590,135000,Buses Nilahue,2026-09-11,,,{}
133837,58558,2025-01-31,1080000,6,No disponible,1080,antonio9384787@viajes.cl,Chiclana de la Frontera,Mérida,41,676,180000,ETN Turistar,2025-02-09,2025-02-09,,{}
95170,65224,2026-05-21,856000,8,No disponible,856,arsavi194@viajes.cl,Pamplona,Telde,34,3439,107000,,2026-08-26,2026-08-28,,{}
139672,55601,2025-11-09,2919000,7,No disponible,2919,arturo3897713@viajes.cl,San Fernando,Ponferrada,62,4290,417000,NSB (Noruega),2026-02-23,2026-02-25,,{}
103305,62338,2025-10-31,900000,6,No disponible,900,beatriz7735309@viajes.cl,Logroño,Avilés,83,806,150000,United Airlines,2026-11-15,2026-11-15,,{}
148870,,,,,Disponible,0,bemoes831@viajes.cl,Hospitalet de LLobregat,El Puerto de Santa María,21,4070,300000,PKP (Polonia),2025-11-16,2026-05-04,,{}
94484,56705,2025-07-14,672000,7,No disponible,672,bernardo5607682@viajes.cl,Segovia,Almería,31,2280,96000,Turbus,2025-07-27,2025-07-28,,{}
150043,,,,,Disponible,0,blanca9904722@viajes.cl,Torremolinos,,91,251,69000,Deutsche Bahn (DB),2026-09-11,2026-09-21,,{}
131627,62892,2026-04-04,504000,3,No disponible,504,caridad8115247@viajes.cl,Alcobendas,Telde,,2186,168000,NS International,2026-08-23,2026-08-24,,{}
146024,,,,,Disponible,0,carla4325758@viajes.cl,Coslada,,49,1127,62000,Crucero del Norte,2026-07-27,,,{}
146226,,,,,Disponible,0,carolina6344933@viajes.cl,Elda,Gerona,37,1540,133000,Chevallier,2026-06-02,,,{}
143177,62802,2026-02-01,1467000,9,No disponible,1467,cecilia9491795@viajes.cl,Granada,Vitoria,,3732,163000,Avanza,2026-03-18,2026-03-20,,{}
149979,,,,,Disponible,0,clliib153@viajes.cl,Oviedo,Ponferrada,91,999,78000,SBB (Suiza),2025-01-05,2025-02-15,,{}
118455,66480,2025-01-21,170000,1,No disponible,170,clteur278@viajes.cl,Alcoy,Móstoles,62,2979,170000,Iberia,2026-01-24,2026-01-26,,"{Parla,Zamora,Cádiz}"
145355,,,,,Disponible,0,clvaca445@viajes.cl,Palma de Mallorca,Santa Coloma de Gramanet,50,2762,137000,Greyhound,2025-12-24,,,{}
122725,65370,2025-02-27,315000,5,No disponible,315,concepción2822691@viajes.cl,Cartagena,Vitoria,35,995,63000,EME Bus,2025-07-27,,,{}
118867,60771,2025-10-26,1100000,10,No disponible,1100,conchita5857983@viajes.cl,Mataró,Vitoria,69,2531,110000,SJ (Suecia),2026-11-07,2026-11-08,,{}
114443,59946,2025-11-11,154000,2,No disponible,154,crgrza752@viajes.cl,La Coruña,Mérida,33,4282,77000,El Rápido Internacional,2026-05-17,2026-05-19,,{}
132841,60458,2026-05-25,102000,1,No disponible,102,cristobal245607@viajes.cl,Málaga,Santander,30,2111,102000,Futura,2026-09-29,2026-09-30,,{}
147291,,,,,Disponible,0,cristobal7793541@viajes.cl,Avilés,Vitoria,87,1036,85000,Etihad Airways,2025-09-18,2025-10-31,,"{Barcelona,Paterna}"
123031,56635,2025-12-06,564000,3,No disponible,564,crnepa833@viajes.cl,Lorca,Torrevieja,36,1033,188000,Damas,2026-06-06,2026-06-06,,
110151,55959,2025-01-02,1304000,8,No disponible,1304,crorar804@viajes.cl,Castellón de la Plana,Badajoz,,142,163000,SJ (Suecia),2025-08-30,,,{}
140672,58267,2025-02-13,2540000,10,No disponible,2540,crrelo319@viajes.cl,Alcalá de Henares,León,48,3621,254000,SJ (Suecia),2025-03-17,2025-03-19,,{}
138450,57480,2025-01-02,540000,3,No disponible,540,césar273161@viajes.cl,Lérida,Vitoria,32,2534,180000,Monbus,2025-01-07,2025-01-08,,{}
147945,,,,,Disponible,0,dogari515@viajes.cl,Valencia,Badajoz,21,3527,253000,Frontier Airlines,2026-08-30,2027-01-23,,"{Granollers,Torrevieja,Valdemoro,Coslada,Lérida}"
145379,,,,,Disponible,0,dorotea5846964@viajes.cl,Orense,Rivas-Vaciamadrid,36,1710,192000,JetSur,2025-10-27,,,{}
148469,,,,,Disponible,0,dovefe861@viajes.cl,Marbella,Arrecife,,3850,170000,Singapore Airlines,2026-03-03,2026-08-10,,"{""Hospitalet de LLobregat"",Málaga}"
149702,,,,,Disponible,0,elpolo665@viajes.cl,Huelva,San Fernando,47,3516,133000,NS International,2025-01-27,2025-06-22,,{}
109097,64663,2025-12-16,1665000,9,No disponible,1665,elvama419@viajes.cl,Santa Lucía de Tirajana,Rubí,50,1544,185000,Alsa,2026-03-03,2026-03-04,,{}
127514,62536,2025-01-26,745000,5,No disponible,745,emilio7555854@viajes.cl,Zamora,Torrejón de Ardoz,39,4004,149000,El Rápido Internacional,2025-04-21,2025-04-23,,{}
85695,63204,2025-01-30,560000,10,No disponible,560,emilio822282@viajes.cl,El Ejido,Palma de Mallorca,,3555,56000,Plusmar,2025-09-01,2025-09-03,,{}
144974,,,,,Disponible,0,emmaab333@viajes.cl,Mijas,,36,3793,185000,Buses Bio Bio,2026-08-20,,,{}
135284,55750,2025-05-18,870000,10,No disponible,870,emroga149@viajes.cl,San Cristróbal de la Laguna,San Fernando,36,2665,87000,JetSur,2026-01-15,2026-01-16,,{}
118212,57655,2025-07-30,288000,9,No disponible,288,enrique443916@viajes.cl,Alcorcón,Benalmádena,46,123,32000,ETN Turistar,2026-02-18,2026-02-18,,{}
146452,,,,,Disponible,0,ercava760@viajes.cl,Lugo,Badajoz,43,156,6000,Buses Romani,2025-05-12,,,{}
136065,58789,2026-04-25,870000,5,No disponible,870,estela6208869@viajes.cl,Ponferrada,Mollet del Vallés,61,3099,174000,NSB (Noruega),2026-06-26,2026-06-28,,{}
80970,60278,2025-05-27,966000,6,No disponible,966,estela8925147@viajes.cl,San Sebastían de los Reyes,Zamora,48,1708,161000,Chevallier,2025-10-18,2025-10-19,,{}
81359,58778,2025-01-24,621000,3,No disponible,621,ester3317224@viajes.cl,El Ejido,Alicante,78,2198,207000,RZD (Rusia),2025-02-18,2025-02-19,,{}
148288,,,,,Disponible,0,eszeca999@viajes.cl,Lorca,Pamplona,36,517,76000,Etihad Airways,2026-05-08,2026-05-29,,"{Sabadell,""El Puerto de Santa María"",Mérida,Zaragoza,""Molina de Segura""}"
146931,,,,,Disponible,0,eva7265295@viajes.cl,Pozuelo de Alarcón,Gerona,40,1889,160000,Damas,2026-11-18,,,{}
129938,60848,2025-06-10,800000,8,No disponible,800,feacvá813@viajes.cl,San Fernando,Alicante,49,3219,100000,Turbus,2025-11-24,2025-11-26,,{}
124051,58275,2025-08-25,242000,2,No disponible,242,febega119@viajes.cl,San Sebastián,Logroño,32,2018,121000,Futura,2025-10-04,2025-10-05,,{}
103715,65467,2025-01-22,84000,3,No disponible,84,felipe7511543@viajes.cl,Guadalajara,Vigo,13,261,28000,ŽSSK (Eslovaquia),2026-01-05,2026-01-05,,{}
104394,66218,2026-01-18,616000,7,No disponible,616,femova106@viajes.cl,La Coruña,Tarrasa,95,818,88000,HŽ (Croacia),2026-01-26,2026-01-26,,{}
79863,58711,2026-05-25,448000,7,No disponible,448,francisco4411563@viajes.cl,Jaén,San Sebastián,8,1118,64000,,2026-09-26,2026-09-26,,{}
102825,59103,2025-08-17,672000,6,No disponible,672,gabriela6221917@viajes.cl,San Sebastían de los Reyes,Benidorm,78,2583,112000,ŽFBH (Bosnia y Herzegovina),2026-06-01,2026-06-02,,{}
149806,,,,,Disponible,0,gavade851@viajes.cl,Jaén,,66,1180,98000,VR (Finlandia),2025-01-14,2025-03-04,,{}
149356,,,,,Disponible,0,geduor743@viajes.cl,Jerez de la Frontera,Sevilla,,3538,310000,VRZ (Croacia),2025-04-24,2025-09-18,,{}
149881,,,,,Disponible,0,gemeco374@viajes.cl,Collado Villalba,Alcalá de Guadaira,14,1672,60000,SJ (Suecia),2025-06-11,2025-08-19,,{}
90043,65110,2026-06-07,825000,5,No disponible,825,genade978@viajes.cl,Rubí,Chiclana de la Frontera,37,3097,165000,Primera Plus,2026-08-14,2026-08-16,,{}
87058,55532,2025-01-01,366000,2,No disponible,366,gilberto650348@viajes.cl,Logroño,Pontevedra,54,2742,183000,American Airlines,2025-01-02,2025-01-03,,"{Getafe,Alcorcón,Elche}"
101661,59644,2025-03-22,320000,8,No disponible,320,gonzalo1079651@viajes.cl,Logroño,Mollet del Vallés,43,1134,40000,ŽFBH (Bosnia y Herzegovina),2025-05-23,2025-05-23,,{}
94222,60821,2026-02-01,2925000,9,No disponible,2925,grnúca824@viajes.cl,Talavera de la Reina,Baracaldo,28,2929,325000,CD (República Checa),2026-02-27,2026-03-01,,{}
115056,55836,2025-01-06,125000,1,No disponible,125,guadalupe4581165@viajes.cl,San Fernando,Alcorcón,46,3281,125000,Chevallier,2025-03-23,2025-03-25,,{}
149619,,,,,Disponible,0,guesag522@viajes.cl,Gecho,Benidorm,49,1480,187000,SJ (Suecia),2026-06-04,2026-08-04,,{}
107601,66139,2025-04-17,984000,8,No disponible,984,heeslo908@viajes.cl,Gandía,Gerona,44,1802,123000,Turbus,2026-02-07,2026-02-08,,{}
145938,,,,,Disponible,0,heruro602@viajes.cl,Baracaldo,Badalona,44,2974,130000,Futura,2025-11-24,,,{}
90719,62766,2025-01-26,468000,9,No disponible,468,ignacio6635603@viajes.cl,La Línea de la Concepción,Sevilla,48,1046,52000,SNCB (Bélgica),2025-04-03,2025-04-03,,{}
101738,64805,2025-01-17,368000,8,No disponible,368,ignacio7155850@viajes.cl,Guadalajara,,,142,46000,Crucero del Norte,2026-03-12,2026-03-12,,{}
86340,59728,2025-07-11,280000,2,No disponible,280,isropi708@viajes.cl,Alcalá de Guadaira,Vitoria,42,999,140000,Avanza,2025-11-07,2025-11-07,,{}
145209,,,,,Disponible,0,jacobo1662252@viajes.cl,Lérida,Segovia,47,3101,150000,ADO,2026-11-30,,,{}
97353,66353,2025-06-24,36000,1,No disponible,36,jarear931@viajes.cl,Zamora,Calahorra,46,376,36000,NSB (Noruega),2026-10-20,,,{}
87683,63004,2025-12-18,950000,10,No disponible,950,javier3975512@viajes.cl,Gecho,Huelva,54,561,95000,,2026-08-20,2026-08-20,,{}
141862,56793,2025-12-06,199000,1,No disponible,199,jeroca654@viajes.cl,Sabadell,Gerona,57,2990,199000,,2026-05-22,2026-05-24,,
102919,65364,2025-01-11,150000,1,No disponible,150,jerónimo2841319@viajes.cl,Badajoz,Pontevedra,4,3738,150000,NS International,2025-02-23,2025-02-25,,{}
111115,62300,2025-01-24,1883000,7,No disponible,1883,jocacr192@viajes.cl,San Sebastián,Torrejón de Ardoz,70,2918,269000,,2026-07-26,2026-07-28,,{}
149252,,,,,Disponible,0,jolualal605@viajes.cl,San Cristróbal de la Laguna,Torrelavega,87,3037,171000,,2025-10-01,2026-02-04,,{}
146930,,,,,Disponible,0,jolufepa617@viajes.cl,Torremolinos,Rubí,47,1173,109000,Monbus,2025-08-04,,,{}
125678,58027,2026-06-06,302000,2,No disponible,302,jorge8296732@viajes.cl,Talavera de la Reina,Alcalá de Henares,12,2787,151000,,2026-07-31,2026-08-01,,{}
146839,,,,,Disponible,0,josé4245489@viajes.cl,Linares,Rubí,41,922,194000,Buses Ahumada,2026-07-11,,,{}
128006,58330,2025-09-25,360000,10,No disponible,360,julio8213563@viajes.cl,Elda,Torrejón de Ardoz,96,774,36000,HŽ (Croacia),2026-04-14,2026-04-14,,{}
149147,,,,,Disponible,0,jupabe305@viajes.cl,Alcobendas,Coslada,56,417,85000,SNCB (Bélgica),2026-05-22,2026-06-08,,{}
130941,59074,2025-08-13,1552000,8,No disponible,1552,juriro294@viajes.cl,Sevilla,Arrecife,37,3710,194000,Buses Ahumada,2026-09-25,2026-09-27,,{}
87714,59323,2025-03-11,1246000,7,No disponible,1246,laura896645@viajes.cl,Valdemoro,Lorca,40,2519,178000,Buses Ahumada,2025-03-22,2025-03-23,,{}
146904,,,,,Disponible,0,lorena2437172@viajes.cl,Tarrasa,Cerdañola del Vallés,37,2092,200000,Buses Bio Bio,2025-01-30,,,{}
124338,63660,2025-05-22,1955000,5,No disponible,1955,lucas2379246@viajes.cl,Estepona,Torrejón de Ardoz,85,2975,391000,PKP (Polonia),2025-12-22,2025-12-24,,{}
137377,63118,2025-12-19,1160000,10,No disponible,1160,lueses830@viajes.cl,Segovia,Mataró,41,3914,116000,Buses Bio Bio,2026-09-06,2026-09-08,,{}
79191,61312,2026-03-02,1740000,6,No disponible,1740,luis2971637@viajes.cl,Collado Villalba,Mollet del Vallés,34,2887,290000,ZSSK (Eslovaquia),2026-08-05,2026-08-07,,{}
145074,,,,,Disponible,0,luis7165789@viajes.cl,San Cristróbal de la Laguna,Fuenlabrada,35,1304,119000,El Rápido Internacional,2025-10-22,,,{}
118879,62428,2026-07-15,220000,4,No disponible,220,luisa595785@viajes.cl,Lorca,Torremolinos,43,983,55000,,2026-11-20,2026-11-20,,{}
118868,60771,2025-11-09,1810000,10,No disponible,1810,luisa6260852@viajes.cl,Vitoria,,6,419,181000,RZD (Rusia),2026-11-08,2026-11-08,,{}
86637,57834,2025-08-16,579000,3,No disponible,579,mabuca319@viajes.cl,Granollers,Alcalá de Henares,49,3691,193000,JetSur,2026-10-12,2026-10-14,,{}
87883,65745,2025-12-01,540000,10,No disponible,540,macrpuco781@viajes.cl,,Torrejón de Ardoz,38,1505,54000,Crucero del Norte,2026-05-10,2026-05-11,,{}
149397,,,,,Disponible,0,maeumaso244@viajes.cl,Badalona,Santa Lucía de Tirajana,81,2327,296000,NS International,2026-01-04,2026-04-10,,{}
145445,,,,,Disponible,0,majame421@viajes.cl,Baracaldo,Paterna,31,2138,66000,Chevallier,2025-05-15,,,{}
133676,61542,2025-01-03,1050000,6,No disponible,1050,majozúsa208@viajes.cl,Granada,Vigo,32,1926,175000,Buses Nilahue,2026-03-07,2026-03-08,,{}
106471,66082,2025-03-22,1953000,7,No disponible,1953,marcela3216289@viajes.cl,Gecho,Valladolid,47,2360,279000,NS International,2025-11-27,2025-11-28,,{}
147348,,,,,Disponible,0,marco2477413@viajes.cl,,Albacete,55,532,158000,Southwest Airlines,2026-05-27,,,"{Lérida,""El Ejido""}"
82341,56236,2025-12-04,687000,3,No disponible,687,mario7458237@viajes.cl,Orihuela,Elda,92,2231,229000,CD (República Checa),2026-09-27,2026-09-28,,{}
82970,63326,2025-01-25,560000,7,No disponible,560,marta7708109@viajes.cl,Santander,,100,767,80000,,2025-06-18,2025-06-18,,{}
113351,64640,2025-01-05,364000,7,No disponible,364,maría6649456@viajes.cl,Estepona,Ávila,12,449,52000,SJ (Suecia),2025-01-31,2025-01-31,,{}
144973,,,,,Disponible,0,masoga180@viajes.cl,San Sebastían de los Reyes,La Coruña,37,914,76000,Estrella Roja,2026-06-22,,,{}
146512,,,,,Disponible,0,matoan579@viajes.cl,Palencia,Dos Hermanas,,1716,106000,Via Bariloche,2025-09-28,,,{}
116325,61317,2025-06-14,244000,2,No disponible,244,mercedes966447@viajes.cl,Talavera de la Reina,Marbella,31,2741,122000,NSB (Noruega),2026-08-05,2026-08-06,,{}
118866,60771,2025-07-17,3140000,10,No disponible,3140,miguel7248711@viajes.cl,Lérida,Mataró,81,3727,314000,Italo,2026-11-05,2026-11-07,,{}
85118,63299,2025-05-30,179000,1,No disponible,179,mimaco244@viajes.cl,Telde,Sevilla,27,2172,179000,ZSSK (Eslovaquia),2025-07-18,2025-07-19,,{}
90292,57572,2026-03-22,198000,1,No disponible,198,mónica6343775@viajes.cl,Huelva,Gijón,,1807,198000,ŽFBH (Bosnia y Herzegovina),2026-10-31,2026-11-01,,{}
120816,64526,2025-10-21,875000,5,No disponible,875,nisabá861@viajes.cl,Torrevieja,Chiclana de la Frontera,27,1820,175000,SNCB (Bélgica),2026-02-23,,,{}
116679,64531,2025-05-09,595000,7,No disponible,595,noméru838@viajes.cl,Sagunto,Zamora,75,2281,85000,DSB (Dinamarca),2026-10-05,2026-10-06,,{}
149237,,,,,Disponible,0,paaral909@viajes.cl,Valdemoro,Reus,7,634,147000,Trenitalia,2026-05-11,2026-06-06,,{}
132555,64211,2025-01-26,660000,4,No disponible,660,pasáar780@viajes.cl,Vitoria,Albacete,49,3465,165000,BoltBus,2025-03-17,2025-03-19,,{}
101295,59686,2025-03-23,805000,7,No disponible,805,pecacó921@viajes.cl,Orihuela,,70,946,115000,American Airlines,2025-07-25,2025-07-25,,{Alcoy}
86517,62779,2025-04-07,133000,1,No disponible,133,piurch784@viajes.cl,El Prat de LLobregat,Las Palmas de Gran Canaria,81,2561,133000,ŽFBH (Bosnia y Herzegovina),2026-04-25,2026-04-26,,{}
85836,59693,2025-03-02,1184000,8,No disponible,1184,rafael1960467@viajes.cl,Huelva,Burgos,46,982,148000,Buses Romani,2025-03-06,2025-03-06,,{}
118929,60427,2026-01-10,936000,6,No disponible,936,ramona8318679@viajes.cl,Albacete,Hospitalet de LLobregat,7,1688,156000,VRZ (Croacia),2026-10-11,2026-10-12,,{}
146593,,,,,Disponible,0,ramón1222984@viajes.cl,Alcalá de Guadaira,Molina de Segura,40,3017,58000,Primera Plus,2025-06-09,,,{}
149946,,,,,Disponible,0,rapéal949@viajes.cl,San Fernando,,18,2671,178000,NS International,2026-04-23,2026-08-12,,{}
128647,58231,2026-01-20,1370000,10,No disponible,1370,raquel9137362@viajes.cl,Cerdañola del Vallés,Cáceres,48,1705,137000,Socibus,2026-08-02,2026-08-03,,{}
109118,66565,2025-09-07,438000,3,No disponible,438,rasogu224@viajes.cl,,Córdoba,,828,146000,BoltBus,2026-11-04,,,{}
91575,57324,2025-03-29,3872000,8,No disponible,3872,raúl2235183@viajes.cl,Ceuta,Tarrasa,94,4052,484000,CP (Portugal),2025-04-01,2025-04-03,,{}
83630,65737,2025-08-18,1688000,8,No disponible,1688,readma267@viajes.cl,,Ferrol,26,4187,211000,NS International,2025-12-18,,,{}
148977,,,,,Disponible,0,rebale699@viajes.cl,Estepona,Cornellá de Llobregat,24,976,80000,VR (Finlandia),2025-12-18,2026-01-27,,{}
146783,,,,,Disponible,0,reina1650221@viajes.cl,Alcoy,Palencia,,1009,67000,Flecha Bus,2026-11-09,,,
87137,60467,2025-07-08,896000,4,No disponible,896,reocpo678@viajes.cl,Estepona,Manresa,62,3352,224000,RZD (Rusia),2025-07-28,2025-07-30,,{}
83735,64515,2025-03-17,231000,3,No disponible,231,rizúca865@viajes.cl,Chiclana de la Frontera,Reus,60,1273,77000,ŽFBH (Bosnia y Herzegovina),2025-05-14,2025-05-14,,{}
87928,57281,2025-09-09,202000,2,No disponible,202,rodrigo4341380@viajes.cl,Barcelona,La Línea de la Concepción,,1476,101000,CP (Portugal),2026-07-22,2026-07-23,,{}
144823,,,,,Disponible,0,rubén7196974@viajes.cl,Rubí,Granollers,47,279,65000,,2025-08-14,,,{}
107245,58491,2025-01-06,1930000,10,No disponible,1930,sabaca244@viajes.cl,Cuenta,Gandía,50,980,193000,Pullman Bus,2026-07-12,2026-07-12,,{}
135660,64704,2025-07-09,1080000,8,No disponible,1080,santiago3935258@viajes.cl,Oviedo,Benidorm,,1088,135000,Monbus,2026-01-31,2026-01-31,,{}
98888,66284,2025-01-01,1230000,10,No disponible,1230,sogrza951@viajes.cl,Madrid,Avilés,33,3926,123000,Omnibus de México,2025-01-04,2025-01-06,,{}
104957,56221,2025-12-24,730000,5,No disponible,730,sr.2984528@viajes.cl,Tarrasa,Almería,,1577,146000,Air New Zealand,2026-07-15,2026-07-16,Clase ejecutiva,
133520,65344,2025-04-28,354000,6,No disponible,354,sr.8467531@viajes.cl,Toledo,Cáceres,47,2083,59000,Monbus,2025-07-03,2025-07-04,,{}
123541,57404,2025-05-01,1025000,5,No disponible,1025,sr.9584607@viajes.cl,Arrecife,Sabadell,66,2847,205000,ŽFBH (Bosnia y Herzegovina),2025-05-14,2025-05-15,,{}
88606,59186,2025-03-05,2190000,10,No disponible,2190,sra.3003957@viajes.cl,Lorca,Getafe,69,2469,219000,DSB (Dinamarca),2025-09-02,2025-09-03,,{}
144668,,,,,Disponible,0,sra.3992295@viajes.cl,Mollet del Vallés,,32,3138,98000,Buses Romani,2026-09-27,,,{}
88950,57398,2025-04-25,76000,4,No disponible,76,sra.7178466@viajes.cl,Ponferrada,Roquetas de Mar,40,212,19000,BoltBus,2025-05-18,2025-05-18,,{}
79437,64738,2025-02-13,220000,5,No disponible,220,sranlusagu985@viajes.cl,Cerdañola del Vallés,Badajoz,34,467,44000,Via Bariloche,2025-10-01,2025-10-01,,{}
116487,62635,2025-03-19,272000,4,No disponible,272,srbeduva749@viajes.cl,Santa Lucía de Tirajana,Sanlúcar de Barrameda,43,1710,68000,ETN Turistar,2025-04-27,2025-04-28,,{}
124194,59889,2025-08-02,143000,1,No disponible,143,srfegara834@viajes.cl,Mollet del Vallés,Fuengirola,47,4207,143000,Condor Bus,2025-08-08,2025-08-10,,{}
106533,64733,2025-10-27,248000,4,No disponible,248,srjoluolme677@viajes.cl,Benidorm,Torrelavega,46,1926,62000,Greyhound,2026-05-21,2026-05-22,,
99694,55600,2025-01-05,102000,6,No disponible,102,srmabare460@viajes.cl,Orihuela,Molina de Segura,39,236,17000,Chevallier,2025-01-11,,,{}
146074,,,,,Disponible,0,srocbega579@viajes.cl,Orense,Chiclana de la Frontera,50,971,155000,Turbus,2026-11-20,,,{}
146263,,,,,Disponible,0,srsacona119@viajes.cl,Rivas-Vaciamadrid,Alcobendas,32,1742,142000,ADO,2026-09-22,,,{}
131886,63648,2025-02-09,540000,10,No disponible,540,srsolláv959@viajes.cl,Móstoles,Collado Villalba,56,1681,54000,Renfe,2025-10-06,2025-10-07,,
109343,58518,2025-01-02,416000,8,No disponible,416,sta.6977909@viajes.cl,Manresa,Puertollano,46,553,52000,Amtrak,2025-01-06,2025-01-06,,{}
107213,56249,2025-09-14,1650000,10,No disponible,1650,sta.8501502@viajes.cl,Orihuela,Estepona,43,1497,165000,,2026-07-28,2026-07-29,,{}
145053,,,,,Disponible,0,sta.8775554@viajes.cl,Sanlúcar de Barrameda,San Sebastián,44,2532,87000,Via Bariloche,2026-08-21,,,{}
149126,,,,,Disponible,0,starcalo784@viajes.cl,Las Palmas de Gran Canaria,Gijón,,4052,247000,SJ (Suecia),2025-12-17,2026-06-03,,{}
146424,,,,,Disponible,0,stjetilo156@viajes.cl,Roquetas de Mar,Gecho,42,710,169000,Turbus,2026-02-06,,,
146566,,,,,Disponible,0,stjomuca556@viajes.cl,Torrevieja,Paterna,,1844,115000,,2025-04-05,,,{}
145476,,,,,Disponible,0,stjucéchol772@viajes.cl,Gecho,Rivas-Vaciamadrid,45,2823,190000,Monbus,2025-02-19,,,
105717,56934,2025-08-06,133000,7,No disponible,133,stpiríen858@viajes.cl,Santa Coloma de Gramanet,Molina de Segura,86,354,19000,Singapore Airlines,2026-08-16,2026-08-16,Clase ejecutiva,
146240,,,,,Disponible,0,stracemo760@viajes.cl,,Lorca,45,3812,65000,Primera Plus,2026-04-20,,,{}
109469,59572,2025-05-30,890000,5,No disponible,890,stroraca212@viajes.cl,Oviedo,Cádiz,50,1456,178000,Buses Romani,2025-06-29,2025-06-30,,{}
98599,64276,2025-05-28,328000,2,No disponible,328,stsacemo586@viajes.cl,Roquetas de Mar,Parla,,1532,164000,,2026-01-01,,,{}
149978,,,,,Disponible,0,tiaggi246@viajes.cl,Alcoy,Santa Cruz de Tenerife,95,1644,85000,Italo,2025-09-15,2025-11-22,,{}
108506,60457,2025-03-26,288000,8,No disponible,288,tomás4604467@viajes.cl,Barcelona,Bilbao,23,457,36000,Eurostar,2026-01-01,2026-01-01,,{}
102645,66335,2025-06-05,1020000,10,No disponible,1020,verónica6989524@viajes.cl,Santa Lucía de Tirajana,,45,2418,102000,Primera Plus,2025-09-17,2025-09-18,,{}
148203,,,,,Disponible,0,vicaes693@viajes.cl,San Cristróbal de la Laguna,,44,1109,136000,Air New Zealand,2025-06-01,2025-07-17,,{}
101496,62148,2025-01-04,1134000,7,No disponible,1134,vicente5224724@viajes.cl,Sagunto,Santa Lucía de Tirajana,89,477,162000,ZFBH (Bosnia y Herzegovina),2025-04-04,2025-04-04,,{}
115533,58006,2025-02-28,540000,4,No disponible,540,victoria3315739@viajes.cl,Benalmádena,Molina de Segura,31,2603,135000,,2025-03-11,2025-03-12,,{}
150072,,,,,Disponible,0,virginia9404929@viajes.cl,Benidorm,Estepona,66,3812,334000,CFR (Rumania),2026-10-12,2027-03-19,,{}
125405,57963,2025-01-04,1080000,4,No disponible,1080,vitóan636@viajes.cl,Alcobendas,Castellón de la Plana,11,2886,270000,Nederlandse Sp,2025-01-20,2025-01-22,,{}
115838,56672,2025-04-08,450000,3,No disponible,450,víctor880107@viajes.cl,Sabadell,Calahorra,17,1866,150000,TGV (SNCF),2025-08-12,2025-08-13,,{}
149906,,,,,Disponible,0,Óscarlara210@viajes.cl,Vigo,Fuengirola,5,2525,115000,RZD (Rusia),2026-06-17,2026-09-30,,{}
146284,,,,,Disponible,0,ánalba346@viajes.cl,Santiago de Compostela,Toledo,36,711,177000,Monbus,2026-02-18,,,{}
98753,64663,2025-01-24,1104000,8,No disponible,1104,Adelalugo832@viajes.cl,San Fernando,Torrelavega,49,2784,138000,Omnibus de México,2026-05-05,2026-05-06,,{}
82168,65059,2026-01-13,1180000,10,No disponible,1180,Albertoosorio573@viajes.cl,Inca,Almería,39,1515,118000,Omnibus de México,2026-02-28,2026-03-01,,{}
88333,61922,2025-02-09,290000,2,No disponible,290,Alfonsovanegas280@viajes.cl,Valdemoro,Valladolid,35,3069,145000,Buses Bio Bio,2025-02-21,2025-02-23,,{}
111942,59801,2025-08-13,192000,3,No disponible,192,Amaliagálvez582@viajes.cl,Albacete,Castellón de la Plana,18,1813,64000,Copa Airlines,2026-08-20,2026-08-21,,
146518,,,,,Disponible,0,Anachavarría569@viajes.cl,Barcelona,Alcobendas,30,4098,158000,Buses Ahumada,2026-05-15,,,{}
78862,62038,2026-04-16,315000,5,No disponible,315,Anasaldivar985@viajes.cl,Orihuela,Torremolinos,31,808,63000,Pullman Bus,2026-05-17,2026-05-17,,{}
120578,65042,2025-01-19,441000,3,No disponible,441,Arturoparra110@viajes.cl,Salamanca,Lugo,44,866,147000,Flecha Bus,2026-01-15,2026-01-15,,{}
146800,,,,,Disponible,0,Benjamíncoronado313@viajes.cl,Baracaldo,Santa Coloma de Gramanet,35,2123,94000,Condor Bus,2025-01-20,,,{}
131810,55777,2025-09-30,488000,4,No disponible,488,Benjamínsisneros202@viajes.cl,Palencia,Pamplona,16,2036,122000,ZFBH (Bosnia y Herzegovina),2025-10-04,,,{}
146653,,,,,Disponible,0,Carlacalderón117@viajes.cl,Santa Cruz de Tenerife,Pontevedra,31,1462,117000,Estrella Roja,2025-04-21,,,{}
145527,,,,,Disponible,0,Carolinarosado152@viajes.cl,Valladolid,Mollet del Vallés,31,3840,138000,Avanza,2026-03-08,,,{}
91784,58081,2025-07-04,800000,10,No disponible,800,Claudiabermúdez356@viajes.cl,Badajoz,Mijas,30,3983,80000,Greyhound,2026-09-24,2026-09-26,,{}
82357,61777,2025-05-02,830000,5,No disponible,830,Césarcarranza981@viajes.cl,Viladecans,Badajoz,65,2292,166000,TGV (SNCF),2025-11-29,2025-11-30,,{}
105253,60273,2025-02-24,539000,7,No disponible,539,Danielacamarillo683@viajes.cl,Cáceres,Cáceres,39,1054,77000,Socibus,2025-08-29,2025-08-29,,{}
143695,63911,2025-05-01,1880000,8,No disponible,1880,Danielavillalpando367@viajes.cl,Majadahonda,Cartagena,73,2314,235000,PKP (Polonia),2025-12-12,2025-12-13,,
146320,,,,,Disponible,0,Diegoballesteros437@viajes.cl,Gerona,Salamanca,49,3498,53000,Plusmar,2026-01-23,,,{}
124116,60975,2025-02-03,120000,2,No disponible,120,Doroteabétancourt155@viajes.cl,Mataró,Sagunto,,3095,60000,Turbus,2025-02-08,,,{}
149010,,,,,Disponible,0,Déboralimón727@viajes.cl,,Tarragona,2,3926,415000,HŽ (Croacia),2026-10-08,2027-03-20,,{}
107808,59520,2025-06-30,1026000,9,No disponible,1026,Eduardocarrion243@viajes.cl,,Santa Lucía de Tirajana,37,4136,114000,JetSur,2026-10-14,2026-10-16,,{}
150073,,,,,Disponible,0,Elsanájera336@viajes.cl,Gandía,,70,3908,180000,Renfe,2025-12-08,2026-05-19,,{}
123189,62566,2025-09-08,1088000,8,No disponible,1088,Elsavillalpando941@viajes.cl,Paterna,Ferrol,22,1621,136000,CFR (Rumania),2026-06-24,2026-06-25,,{}
114043,58431,2025-07-01,696000,4,No disponible,696,Ernestosanabria252@viajes.cl,Molina de Segura,Santiago de Compostela,36,2803,174000,Buses Romani,2026-07-02,2026-07-03,,{}
130436,55581,2025-12-13,285000,3,No disponible,285,Estebanelizondo783@viajes.cl,Lérida,Málaga,47,3736,95000,Plusmar,2026-11-18,2026-11-20,,{}
79276,59783,2025-03-09,502000,2,No disponible,502,Estelavelázquez978@viajes.cl,Palma de Mallorca,Baracaldo,,3817,251000,ŽSSK (Eslovaquia),2025-03-15,2025-03-17,,{}
146907,,,,,Disponible,0,Gabrielposada795@viajes.cl,Palencia,Badajoz,50,518,121000,Plusmar,2025-09-30,,,{}
135993,56906,2025-05-11,2232000,6,No disponible,2232,Gilbertoverduzco611@viajes.cl,Vitoria,Ceuta,77,3925,372000,ZSSK (Eslovaquia),2026-08-31,2026-09-02,,{}
128048,61706,2025-01-06,116000,1,No disponible,116,Horaciolucio884@viajes.cl,Irún,Santander,19,2400,116000,KLM,2025-09-20,,,"{Estepona,""Sanlúcar de Barrameda""}"
121599,62374,2025-02-27,445000,5,No disponible,445,Jacobotrejo682@viajes.cl,Toledo,Tarragona,65,215,89000,,2025-03-04,2025-03-04,,{}
148641,,,,,Disponible,0,Javiermateo256@viajes.cl,Alcalá de Henares,,70,3651,451000,Italo,2025-07-25,2025-12-24,,{}
79514,65191,2026-04-09,966000,6,No disponible,966,Jesúsayala953@viajes.cl,Mollet del Vallés,Estepona,10,1747,161000,CD (República Checa),2026-06-06,2026-06-07,,{}
121105,56357,2025-01-31,2410000,10,No disponible,2410,Joaquíndelatorre512@viajes.cl,Cuenta,Gijón,92,2600,241000,AVE,2025-02-17,2025-02-18,,{}
144614,,,,,Disponible,0,Josécastañeda430@viajes.cl,Alcorcón,Pontevedra,31,4134,148000,Primera Plus,2026-05-28,,,{}
143850,65990,2025-01-01,2672000,8,No disponible,2672,Joségallardo746@viajes.cl,Badajoz,Manresa,71,4039,334000,CD (República Checa),2025-01-04,2025-01-06,,{}
137005,56193,2026-01-29,164000,2,No disponible,164,Juanavelasco558@viajes.cl,Benidorm,Ciudad Real,48,2344,82000,ADO,2026-02-03,2026-02-04,,{}
92301,62209,2025-02-04,1990000,10,No disponible,1990,Leticiadelarosa551@viajes.cl,Almería,Mollet del Vallés,77,2012,199000,AVE,2026-01-01,2026-01-02,,{}
145804,,,,,Disponible,0,Leticiagarcía122@viajes.cl,Torrelavega,Majadahonda,39,3645,91000,Turbus,2025-09-11,,,{}
148619,,,,,Disponible,0,Lorenzoechevarría718@viajes.cl,Reus,Valencia,53,999,125000,LATAM Airlines,2026-01-15,2026-02-25,Clase económica,
86456,62134,2025-04-16,178000,2,No disponible,178,Lourdesjimínez985@viajes.cl,Fuengirola,Burgos,36,1192,89000,Primera Plus,2025-06-07,2025-06-07,,{}
99409,56239,2025-09-27,276000,3,No disponible,276,Lucasleiva484@viajes.cl,Orihuela,,18,1519,92000,,2026-06-01,2026-06-02,,{}
140461,61690,2025-05-28,1393000,7,No disponible,1393,Luisvera478@viajes.cl,Arrecife,Leganés,1,344,199000,CD (República Checa),2025-09-02,2025-09-02,,
113027,57148,2025-01-02,910000,10,No disponible,910,Luzlugo949@viajes.cl,La Coruña,,32,1794,91000,JetSur,2025-01-05,2025-01-06,,{}
120378,56677,2025-07-31,392000,2,No disponible,392,Manuelanevárez837@viajes.cl,Lugo,Jerez de la Frontera,43,1582,196000,Crucero del Norte,2026-07-28,2026-07-29,,{}
98567,59430,2025-02-27,435000,5,No disponible,435,Margaritaperalta319@viajes.cl,Torremolinos,Ferrol,30,474,87000,Socibus,2025-12-28,2025-12-28,,{}
82305,64522,2025-07-06,300000,6,No disponible,300,Margaritatéllez726@viajes.cl,Sanlúcar de Barrameda,Castellón de la Plana,45,3177,50000,Buses Romani,2025-09-25,,,
149258,,,,,Disponible,0,Mariluarmenta694@viajes.cl,San Fernando,Torrevieja,,701,112000,Deutsche Bahn (DB),2026-04-15,2026-05-14,,{}
149215,,,,,Disponible,0,Maríachacón705@viajes.cl,Santiago de Compostela,Ponferrada,42,3385,398000,CP (Portugal),2025-06-26,2025-11-14,,{}
144979,,,,,Disponible,0,Maríalucio404@viajes.cl,San Sebastián,Ponferrada,32,3502,86000,Condor Bus,2026-01-20,,,{}
141207,56413,2025-04-19,1305000,9,No disponible,1305,Maríavalladares172@viajes.cl,Huelva,Granollers,47,521,145000,Omnibus de México,2025-08-12,2025-08-12,,{}
104328,62019,2025-06-12,1116000,6,No disponible,1116,Mayteaponte518@viajes.cl,Sanlúcar de Barrameda,Murcia,12,1655,186000,SBB (Suiza),2026-01-01,2026-01-02,,{}
145536,,,,,Disponible,0,Nicoláscardona792@viajes.cl,Talavera de la Reina,Irún,35,1077,196000,JetSur,2026-09-23,,,{}
100981,61090,2025-02-11,1216000,8,No disponible,1216,Pabloleal393@viajes.cl,San Cristróbal de la Laguna,Torrelavega,39,2160,152000,Via Bariloche,2025-07-17,2025-07-18,,{}
90599,61543,2025-05-02,624000,6,No disponible,624,Patriciapatiño439@viajes.cl,Majadahonda,Elche,43,1437,104000,Buses Bio Bio,2026-10-24,2026-10-24,,{}
128214,62236,2025-08-08,276000,1,No disponible,276,Ramirobarajas244@viajes.cl,Guadalajara,Molina de Segura,19,3562,276000,ŽFBH (Bosnia y Herzegovina),2026-03-25,2026-03-27,,{}
146643,,,,,Disponible,0,Rebecapalomo261@viajes.cl,Burgos,Ávila,50,337,41000,Futura,2025-08-21,,,{}
145666,,,,,Disponible,0,Reinaleyva327@viajes.cl,Jerez de la Frontera,Cornellá de Llobregat,33,2063,92000,Plusmar,2025-07-14,,,{}
130107,61049,2025-05-07,56000,1,No disponible,56,Rociomuro732@viajes.cl,Benalmádena,Segovia,91,1039,56000,ŽSSK (Eslovaquia),2026-04-14,2026-04-14,,{}
101838,60492,2025-04-19,512000,4,No disponible,512,Rubénmadera789@viajes.cl,Manresa,Zamora,50,507,128000,BoltBus,2025-12-28,2025-12-28,,{}
112021,65865,2025-03-23,805000,7,No disponible,805,Santiagorivas862@viajes.cl,Ávila,Torremolinos,99,2222,115000,VR (Finlandia),2026-06-29,2026-06-30,,{}
148192,,,,,Disponible,0,Sr.armijo432@viajes.cl,Marbella,Ponferrada,48,3963,415000,Air Canada,2026-06-10,2026-11-22,,{}
148780,,,,,Disponible,0,Sr.barela594@viajes.cl,Santa Cruz de Tenerife,Torrevieja,32,1808,97000,TGV (SNCF),2025-12-14,2026-02-27,,{}
120770,59945,2025-01-04,522000,9,No disponible,522,Sr.bañuelos530@viajes.cl,Lugo,Majadahonda,30,313,58000,Chevallier,2025-06-17,2025-06-17,,{}
149778,,,,,Disponible,0,Sr.castañeda350@viajes.cl,Ferrol,Torremolinos,85,767,56000,SNCB (Bélgica),2026-11-22,2026-12-23,,{}
130855,64418,2025-07-11,1872000,6,No disponible,1872,Sr.delacrúz661@viajes.cl,Alcorcón,Sagunto,63,2937,312000,Italo,2026-02-12,,,{}
104381,65275,2025-04-11,250000,5,No disponible,250,Sr.lira601@viajes.cl,Granollers,Avilés,46,992,50000,Chevallier,2025-04-16,2025-04-16,,{}
88599,65668,2025-10-17,213000,3,No disponible,213,Sr.razo128@viajes.cl,Badajoz,Lugo,43,962,71000,Plusmar,2026-07-03,2026-07-03,,
124747,66415,2025-05-12,222000,2,No disponible,222,Sr.reséndez920@viajes.cl,Alicante,Burgos,30,3615,111000,Plusmar,2025-09-02,2025-09-04,,{}
86908,66601,2025-08-02,438000,6,No disponible,438,Sra.benavídez613@viajes.cl,Alcalá de Guadaira,Toledo,38,1379,73000,Socibus,2026-08-31,2026-08-31,,{}
146159,,,,,Disponible,0,Sra.carreón490@viajes.cl,Irún,Cádiz,46,190,6000,Estrella Roja,2026-08-28,,,{}
105407,60865,2026-08-11,524000,4,No disponible,524,Sra.collado965@viajes.cl,Getafe,Reus,37,3186,131000,Omnibus de México,2026-10-20,2026-10-22,,{}
114899,59843,2025-03-16,350000,7,No disponible,350,Sra.franco636@viajes.cl,Mataró,Gijón,38,1706,50000,Monbus,2026-01-25,2026-01-26,,{}
109927,63596,2025-03-06,408000,4,No disponible,408,Sra.leyva287@viajes.cl,Baracaldo,Gijón,48,3899,102000,Via Bariloche,2025-04-21,2025-04-23,,{}
145241,,,,,Disponible,0,Sra.montaño428@viajes.cl,Cornellá de Llobregat,Alcoy,41,1418,172000,Megabus,2026-05-12,,,{}
141958,66495,2025-01-04,804000,6,No disponible,804,Sra.tafoya600@viajes.cl,Granollers,Lugo,41,3005,134000,El Rápido Internacional,2025-01-25,2025-01-27,,{}
141398,62209,2025-01-07,1212000,6,No disponible,1212,Sra.toledo641@viajes.cl,Getafe,Palencia,95,2165,202000,Thalys,2026-03-15,2026-03-16,,{}
144060,61642,2025-07-16,630000,6,No disponible,630,Sta.jurado990@viajes.cl,Ferrol,Santa Coloma de Gramanet,44,1408,105000,Via Bariloche,2026-05-16,2026-05-16,,{}
146222,,,,,Disponible,0,Sta.lucero377@viajes.cl,Alcoy,Alcalá de Guadaira,41,4223,176000,Omnibus de México,2025-09-24,,,{}
145628,,,,,Disponible,0,Sta.valenzuela184@viajes.cl,Baracaldo,León,47,3036,132000,Megabus,2026-04-12,,,{}
141163,60000,2025-06-22,816000,8,No disponible,816,Sta.verdugo741@viajes.cl,Cerdañola del Vallés,Zamora,32,832,102000,Buses Bio Bio,2025-10-14,2025-10-14,,{}
127376,55759,2025-03-16,384000,4,No disponible,384,Tomásbarrios980@viajes.cl,Torrevieja,Oviedo,13,865,96000,,2025-04-23,2025-04-23,,{}
120028,58471,2025-02-17,1158000,6,No disponible,1158,Virginiahernández425@viajes.cl,Castellón de la Plana,Lugo,47,2678,193000,Buses Romani,2026-01-17,,,{}
136857,55574,2025-01-24,342000,9,No disponible,342,agustín1537237@viajes.cl,Gecho,Benidorm,42,1189,38000,CD (República Checa),2025-05-21,2025-05-21,,{}
81457,64205,2025-07-29,199000,1,No disponible,199,agustín2891970@viajes.cl,Granada,Sanlúcar de Barrameda,72,2358,199000,Renfe,2026-05-14,2026-05-15,,{}
129330,63659,2025-09-12,356000,4,No disponible,356,alberto5174210@viajes.cl,Móstoles,Lérida,50,2180,89000,ETN Turistar,2026-02-11,2026-02-12,,{}
110237,64920,2025-07-31,299000,1,No disponible,299,albuta656@viajes.cl,Torrejón de Ardoz,,7,3051,299000,Thalys,2026-04-08,2026-04-10,,{}
145060,,,,,Disponible,0,alchva980@viajes.cl,Gandía,Collado Villalba,34,1980,126000,Buses Ahumada,2026-01-12,,,{}
126910,65385,2025-08-05,780000,4,No disponible,780,alejandra5335286@viajes.cl,Cerdañola del Vallés,Sanlúcar de Barrameda,36,997,195000,JetSur,2025-11-21,2025-11-21,,{}
148287,,,,,Disponible,0,anlubahe592@viajes.cl,Talavera de la Reina,Cornellá de Llobregat,11,2716,291000,American Airlines,2026-06-02,2026-09-23,,{Sagunto}
132447,63823,2025-03-25,174000,6,No disponible,174,anmabear207@viajes.cl,Inca,Fuengirola,47,265,29000,ETN Turistar,2025-10-01,2025-10-01,,{}
125804,59306,2025-01-26,240000,2,No disponible,240,anmacade780@viajes.cl,Elche,Alicante,31,2229,120000,Chevallier,2025-08-30,2025-08-31,,{}
127949,58089,2026-04-28,1674000,9,No disponible,1674,anorpa297@viajes.cl,Badajoz,Talavera de la Reina,4,2647,186000,ZFBH (Bosnia y Herzegovina),2026-10-05,2026-10-06,,{}
146416,,,,,Disponible,0,anpevé395@viajes.cl,Oviedo,Dos Hermanas,39,3590,135000,Buses Nilahue,2026-09-11,,,{}
133837,58558,2025-01-31,1080000,6,No disponible,1080,antonio9384787@viajes.cl,Chiclana de la Frontera,Mérida,41,676,180000,ETN Turistar,2025-02-09,2025-02-09,,{}
95170,65224,2026-05-21,856000,8,No disponible,856,arsavi194@viajes.cl,Pamplona,Telde,34,3439,107000,,2026-08-26,2026-08-28,,{}
139672,55601,2025-11-09,2919000,7,No disponible,2919,arturo3897713@viajes.cl,San Fernando,Ponferrada,62,4290,417000,NSB (Noruega),2026-02-23,2026-02-25,,{}
103305,62338,2025-10-31,900000,6,No disponible,900,beatriz7735309@viajes.cl,Logroño,Avilés,83,806,150000,United Airlines,2026-11-15,2026-11-15,,{}
148870,,,,,Disponible,0,bemoes831@viajes.cl,Hospitalet de LLobregat,El Puerto de Santa María,21,4070,300000,PKP (Polonia),2025-11-16,2026-05-04,,{}
94484,56705,2025-07-14,672000,7,No disponible,672,bernardo5607682@viajes.cl,Segovia,Almería,31,2280,96000,Turbus,2025-07-27,2025-07-28,,{}
150043,,,,,Disponible,0,blanca9904722@viajes.cl,Torremolinos,,91,251,69000,Deutsche Bahn (DB),2026-09-11,2026-09-21,,{}
131627,62892,2026-04-04,504000,3,No disponible,504,caridad8115247@viajes.cl,Alcobendas,Telde,,2186,168000,NS International,2026-08-23,2026-08-24,,{}
146024,,,,,Disponible,0,carla4325758@viajes.cl,Coslada,,49,1127,62000,Crucero del Norte,2026-07-27,,,{}
146226,,,,,Disponible,0,carolina6344933@viajes.cl,Elda,Gerona,37,1540,133000,Chevallier,2026-06-02,,,{}
143177,62802,2026-02-01,1467000,9,No disponible,1467,cecilia9491795@viajes.cl,Granada,Vitoria,,3732,163000,Avanza,2026-03-18,2026-03-20,,{}
149979,,,,,Disponible,0,clliib153@viajes.cl,Oviedo,Ponferrada,91,999,78000,SBB (Suiza),2025-01-05,2025-02-15,,{}
118455,66480,2025-01-21,170000,1,No disponible,170,clteur278@viajes.cl,Alcoy,Móstoles,62,2979,170000,Iberia,2026-01-24,2026-01-26,,"{Parla,Zamora,Cádiz}"
145355,,,,,Disponible,0,clvaca445@viajes.cl,Palma de Mallorca,Santa Coloma de Gramanet,50,2762,137000,Greyhound,2025-12-24,,,{}
122725,65370,2025-02-27,315000,5,No disponible,315,concepción2822691@viajes.cl,Cartagena,Vitoria,35,995,63000,EME Bus,2025-07-27,,,{}
118867,60771,2025-10-26,1100000,10,No disponible,1100,conchita5857983@viajes.cl,Mataró,Vitoria,69,2531,110000,SJ (Suecia),2026-11-07,2026-11-08,,{}
114443,59946,2025-11-11,154000,2,No disponible,154,crgrza752@viajes.cl,La Coruña,Mérida,33,4282,77000,El Rápido Internacional,2026-05-17,2026-05-19,,{}
132841,60458,2026-05-25,102000,1,No disponible,102,cristobal245607@viajes.cl,Málaga,Santander,30,2111,102000,Futura,2026-09-29,2026-09-30,,{}
147291,,,,,Disponible,0,cristobal7793541@viajes.cl,Avilés,Vitoria,87,1036,85000,Etihad Airways,2025-09-18,2025-10-31,,"{Barcelona,Paterna}"
123031,56635,2025-12-06,564000,3,No disponible,564,crnepa833@viajes.cl,Lorca,Torrevieja,36,1033,188000,Damas,2026-06-06,2026-06-06,,
110151,55959,2025-01-02,1304000,8,No disponible,1304,crorar804@viajes.cl,Castellón de la Plana,Badajoz,,142,163000,SJ (Suecia),2025-08-30,,,{}
140672,58267,2025-02-13,2540000,10,No disponible,2540,crrelo319@viajes.cl,Alcalá de Henares,León,48,3621,254000,SJ (Suecia),2025-03-17,2025-03-19,,{}
138450,57480,2025-01-02,540000,3,No disponible,540,césar273161@viajes.cl,Lérida,Vitoria,32,2534,180000,Monbus,2025-01-07,2025-01-08,,{}
147945,,,,,Disponible,0,dogari515@viajes.cl,Valencia,Badajoz,21,3527,253000,Frontier Airlines,2026-08-30,2027-01-23,,"{Granollers,Torrevieja,Valdemoro,Coslada,Lérida}"
145379,,,,,Disponible,0,dorotea5846964@viajes.cl,Orense,Rivas-Vaciamadrid,36,1710,192000,JetSur,2025-10-27,,,{}
148469,,,,,Disponible,0,dovefe861@viajes.cl,Marbella,Arrecife,,3850,170000,Singapore Airlines,2026-03-03,2026-08-10,,"{""Hospitalet de LLobregat"",Málaga}"
149702,,,,,Disponible,0,elpolo665@viajes.cl,Huelva,San Fernando,47,3516,133000,NS International,2025-01-27,2025-06-22,,{}
109097,64663,2025-12-16,1665000,9,No disponible,1665,elvama419@viajes.cl,Santa Lucía de Tirajana,Rubí,50,1544,185000,Alsa,2026-03-03,2026-03-04,,{}
127514,62536,2025-01-26,745000,5,No disponible,745,emilio7555854@viajes.cl,Zamora,Torrejón de Ardoz,39,4004,149000,El Rápido Internacional,2025-04-21,2025-04-23,,{}
85695,63204,2025-01-30,560000,10,No disponible,560,emilio822282@viajes.cl,El Ejido,Palma de Mallorca,,3555,56000,Plusmar,2025-09-01,2025-09-03,,{}
144974,,,,,Disponible,0,emmaab333@viajes.cl,Mijas,,36,3793,185000,Buses Bio Bio,2026-08-20,,,{}
135284,55750,2025-05-18,870000,10,No disponible,870,emroga149@viajes.cl,San Cristróbal de la Laguna,San Fernando,36,2665,87000,JetSur,2026-01-15,2026-01-16,,{}
118212,57655,2025-07-30,288000,9,No disponible,288,enrique443916@viajes.cl,Alcorcón,Benalmádena,46,123,32000,ETN Turistar,2026-02-18,2026-02-18,,{}
146452,,,,,Disponible,0,ercava760@viajes.cl,Lugo,Badajoz,43,156,6000,Buses Romani,2025-05-12,,,{}
136065,58789,2026-04-25,870000,5,No disponible,870,estela6208869@viajes.cl,Ponferrada,Mollet del Vallés,61,3099,174000,NSB (Noruega),2026-06-26,2026-06-28,,{}
80970,60278,2025-05-27,966000,6,No disponible,966,estela8925147@viajes.cl,San Sebastían de los Reyes,Zamora,48,1708,161000,Chevallier,2025-10-18,2025-10-19,,{}
81359,58778,2025-01-24,621000,3,No disponible,621,ester3317224@viajes.cl,El Ejido,Alicante,78,2198,207000,RZD (Rusia),2025-02-18,2025-02-19,,{}
148288,,,,,Disponible,0,eszeca999@viajes.cl,Lorca,Pamplona,36,517,76000,Etihad Airways,2026-05-08,2026-05-29,,"{Sabadell,""El Puerto de Santa María"",Mérida,Zaragoza,""Molina de Segura""}"
146931,,,,,Disponible,0,eva7265295@viajes.cl,Pozuelo de Alarcón,Gerona,40,1889,160000,Damas,2026-11-18,,,{}
129938,60848,2025-06-10,800000,8,No disponible,800,feacvá813@viajes.cl,San Fernando,Alicante,49,3219,100000,Turbus,2025-11-24,2025-11-26,,{}
124051,58275,2025-08-25,242000,2,No disponible,242,febega119@viajes.cl,San Sebastián,Logroño,32,2018,121000,Futura,2025-10-04,2025-10-05,,{}
103715,65467,2025-01-22,84000,3,No disponible,84,felipe7511543@viajes.cl,Guadalajara,Vigo,13,261,28000,ŽSSK (Eslovaquia),2026-01-05,2026-01-05,,{}
104394,66218,2026-01-18,616000,7,No disponible,616,femova106@viajes.cl,La Coruña,Tarrasa,95,818,88000,HŽ (Croacia),2026-01-26,2026-01-26,,{}
79863,58711,2026-05-25,448000,7,No disponible,448,francisco4411563@viajes.cl,Jaén,San Sebastián,8,1118,64000,,2026-09-26,2026-09-26,,{}
102825,59103,2025-08-17,672000,6,No disponible,672,gabriela6221917@viajes.cl,San Sebastían de los Reyes,Benidorm,78,2583,112000,ŽFBH (Bosnia y Herzegovina),2026-06-01,2026-06-02,,{}
149806,,,,,Disponible,0,gavade851@viajes.cl,Jaén,,66,1180,98000,VR (Finlandia),2025-01-14,2025-03-04,,{}
149356,,,,,Disponible,0,geduor743@viajes.cl,Jerez de la Frontera,Sevilla,,3538,310000,VRZ (Croacia),2025-04-24,2025-09-18,,{}
149881,,,,,Disponible,0,gemeco374@viajes.cl,Collado Villalba,Alcalá de Guadaira,14,1672,60000,SJ (Suecia),2025-06-11,2025-08-19,,{}
90043,65110,2026-06-07,825000,5,No disponible,825,genade978@viajes.cl,Rubí,Chiclana de la Frontera,37,3097,165000,Primera Plus,2026-08-14,2026-08-16,,{}
87058,55532,2025-01-01,366000,2,No disponible,366,gilberto650348@viajes.cl,Logroño,Pontevedra,54,2742,183000,American Airlines,2025-01-02,2025-01-03,,"{Getafe,Alcorcón,Elche}"
101661,59644,2025-03-22,320000,8,No disponible,320,gonzalo1079651@viajes.cl,Logroño,Mollet del Vallés,43,1134,40000,ŽFBH (Bosnia y Herzegovina),2025-05-23,2025-05-23,,{}
94222,60821,2026-02-01,2925000,9,No disponible,2925,grnúca824@viajes.cl,Talavera de la Reina,Baracaldo,28,2929,325000,CD (República Checa),2026-02-27,2026-03-01,,{}
115056,55836,2025-01-06,125000,1,No disponible,125,guadalupe4581165@viajes.cl,San Fernando,Alcorcón,46,3281,125000,Chevallier,2025-03-23,2025-03-25,,{}
149619,,,,,Disponible,0,guesag522@viajes.cl,Gecho,Benidorm,49,1480,187000,SJ (Suecia),2026-06-04,2026-08-04,,{}
107601,66139,2025-04-17,984000,8,No disponible,984,heeslo908@viajes.cl,Gandía,Gerona,44,1802,123000,Turbus,2026-02-07,2026-02-08,,{}
145938,,,,,Disponible,0,heruro602@viajes.cl,Baracaldo,Badalona,44,2974,130000,Futura,2025-11-24,,,{}
90719,62766,2025-01-26,468000,9,No disponible,468,ignacio6635603@viajes.cl,La Línea de la Concepción,Sevilla,48,1046,52000,SNCB (Bélgica),2025-04-03,2025-04-03,,{}
101738,64805,2025-01-17,368000,8,No disponible,368,ignacio7155850@viajes.cl,Guadalajara,,,142,46000,Crucero del Norte,2026-03-12,2026-03-12,,{}
86340,59728,2025-07-11,280000,2,No disponible,280,isropi708@viajes.cl,Alcalá de Guadaira,Vitoria,42,999,140000,Avanza,2025-11-07,2025-11-07,,{}
145209,,,,,Disponible,0,jacobo1662252@viajes.cl,Lérida,Segovia,47,3101,150000,ADO,2026-11-30,,,{}
97353,66353,2025-06-24,36000,1,No disponible,36,jarear931@viajes.cl,Zamora,Calahorra,46,376,36000,NSB (Noruega),2026-10-20,,,{}
87683,63004,2025-12-18,950000,10,No disponible,950,javier3975512@viajes.cl,Gecho,Huelva,54,561,95000,,2026-08-20,2026-08-20,,{}
141862,56793,2025-12-06,199000,1,No disponible,199,jeroca654@viajes.cl,Sabadell,Gerona,57,2990,199000,,2026-05-22,2026-05-24,,
102919,65364,2025-01-11,150000,1,No disponible,150,jerónimo2841319@viajes.cl,Badajoz,Pontevedra,4,3738,150000,NS International,2025-02-23,2025-02-25,,{}
111115,62300,2025-01-24,1883000,7,No disponible,1883,jocacr192@viajes.cl,San Sebastián,Torrejón de Ardoz,70,2918,269000,,2026-07-26,2026-07-28,,{}
149252,,,,,Disponible,0,jolualal605@viajes.cl,San Cristróbal de la Laguna,Torrelavega,87,3037,171000,,2025-10-01,2026-02-04,,{}
146930,,,,,Disponible,0,jolufepa617@viajes.cl,Torremolinos,Rubí,47,1173,109000,Monbus,2025-08-04,,,{}
125678,58027,2026-06-06,302000,2,No disponible,302,jorge8296732@viajes.cl,Talavera de la Reina,Alcalá de Henares,12,2787,151000,,2026-07-31,2026-08-01,,{}
146839,,,,,Disponible,0,josé4245489@viajes.cl,Linares,Rubí,41,922,194000,Buses Ahumada,2026-07-11,,,{}
128006,58330,2025-09-25,360000,10,No disponible,360,julio8213563@viajes.cl,Elda,Torrejón de Ardoz,96,774,36000,HŽ (Croacia),2026-04-14,2026-04-14,,{}
149147,,,,,Disponible,0,jupabe305@viajes.cl,Alcobendas,Coslada,56,417,85000,SNCB (Bélgica),2026-05-22,2026-06-08,,{}
130941,59074,2025-08-13,1552000,8,No disponible,1552,juriro294@viajes.cl,Sevilla,Arrecife,37,3710,194000,Buses Ahumada,2026-09-25,2026-09-27,,{}
87714,59323,2025-03-11,1246000,7,No disponible,1246,laura896645@viajes.cl,Valdemoro,Lorca,40,2519,178000,Buses Ahumada,2025-03-22,2025-03-23,,{}
146904,,,,,Disponible,0,lorena2437172@viajes.cl,Tarrasa,Cerdañola del Vallés,37,2092,200000,Buses Bio Bio,2025-01-30,,,{}
124338,63660,2025-05-22,1955000,5,No disponible,1955,lucas2379246@viajes.cl,Estepona,Torrejón de Ardoz,85,2975,391000,PKP (Polonia),2025-12-22,2025-12-24,,{}
137377,63118,2025-12-19,1160000,10,No disponible,1160,lueses830@viajes.cl,Segovia,Mataró,41,3914,116000,Buses Bio Bio,2026-09-06,2026-09-08,,{}
79191,61312,2026-03-02,1740000,6,No disponible,1740,luis2971637@viajes.cl,Collado Villalba,Mollet del Vallés,34,2887,290000,ZSSK (Eslovaquia),2026-08-05,2026-08-07,,{}
145074,,,,,Disponible,0,luis7165789@viajes.cl,San Cristróbal de la Laguna,Fuenlabrada,35,1304,119000,El Rápido Internacional,2025-10-22,,,{}
118879,62428,2026-07-15,220000,4,No disponible,220,luisa595785@viajes.cl,Lorca,Torremolinos,43,983,55000,,2026-11-20,2026-11-20,,{}
118868,60771,2025-11-09,1810000,10,No disponible,1810,luisa6260852@viajes.cl,Vitoria,,6,419,181000,RZD (Rusia),2026-11-08,2026-11-08,,{}
86637,57834,2025-08-16,579000,3,No disponible,579,mabuca319@viajes.cl,Granollers,Alcalá de Henares,49,3691,193000,JetSur,2026-10-12,2026-10-14,,{}
87883,65745,2025-12-01,540000,10,No disponible,540,macrpuco781@viajes.cl,,Torrejón de Ardoz,38,1505,54000,Crucero del Norte,2026-05-10,2026-05-11,,{}
149397,,,,,Disponible,0,maeumaso244@viajes.cl,Badalona,Santa Lucía de Tirajana,81,2327,296000,NS International,2026-01-04,2026-04-10,,{}
145445,,,,,Disponible,0,majame421@viajes.cl,Baracaldo,Paterna,31,2138,66000,Chevallier,2025-05-15,,,{}
133676,61542,2025-01-03,1050000,6,No disponible,1050,majozúsa208@viajes.cl,Granada,Vigo,32,1926,175000,Buses Nilahue,2026-03-07,2026-03-08,,{}
106471,66082,2025-03-22,1953000,7,No disponible,1953,marcela3216289@viajes.cl,Gecho,Valladolid,47,2360,279000,NS International,2025-11-27,2025-11-28,,{}
147348,,,,,Disponible,0,marco2477413@viajes.cl,,Albacete,55,532,158000,Southwest Airlines,2026-05-27,,,"{Lérida,""El Ejido""}"
82341,56236,2025-12-04,687000,3,No disponible,687,mario7458237@viajes.cl,Orihuela,Elda,92,2231,229000,CD (República Checa),2026-09-27,2026-09-28,,{}
82970,63326,2025-01-25,560000,7,No disponible,560,marta7708109@viajes.cl,Santander,,100,767,80000,,2025-06-18,2025-06-18,,{}
113351,64640,2025-01-05,364000,7,No disponible,364,maría6649456@viajes.cl,Estepona,Ávila,12,449,52000,SJ (Suecia),2025-01-31,2025-01-31,,{}
144973,,,,,Disponible,0,masoga180@viajes.cl,San Sebastían de los Reyes,La Coruña,37,914,76000,Estrella Roja,2026-06-22,,,{}
146512,,,,,Disponible,0,matoan579@viajes.cl,Palencia,Dos Hermanas,,1716,106000,Via Bariloche,2025-09-28,,,{}
116325,61317,2025-06-14,244000,2,No disponible,244,mercedes966447@viajes.cl,Talavera de la Reina,Marbella,31,2741,122000,NSB (Noruega),2026-08-05,2026-08-06,,{}
118866,60771,2025-07-17,3140000,10,No disponible,3140,miguel7248711@viajes.cl,Lérida,Mataró,81,3727,314000,Italo,2026-11-05,2026-11-07,,{}
85118,63299,2025-05-30,179000,1,No disponible,179,mimaco244@viajes.cl,Telde,Sevilla,27,2172,179000,ZSSK (Eslovaquia),2025-07-18,2025-07-19,,{}
90292,57572,2026-03-22,198000,1,No disponible,198,mónica6343775@viajes.cl,Huelva,Gijón,,1807,198000,ŽFBH (Bosnia y Herzegovina),2026-10-31,2026-11-01,,{}
120816,64526,2025-10-21,875000,5,No disponible,875,nisabá861@viajes.cl,Torrevieja,Chiclana de la Frontera,27,1820,175000,SNCB (Bélgica),2026-02-23,,,{}
116679,64531,2025-05-09,595000,7,No disponible,595,noméru838@viajes.cl,Sagunto,Zamora,75,2281,85000,DSB (Dinamarca),2026-10-05,2026-10-06,,{}
149237,,,,,Disponible,0,paaral909@viajes.cl,Valdemoro,Reus,7,634,147000,Trenitalia,2026-05-11,2026-06-06,,{}
132555,64211,2025-01-26,660000,4,No disponible,660,pasáar780@viajes.cl,Vitoria,Albacete,49,3465,165000,BoltBus,2025-03-17,2025-03-19,,{}
101295,59686,2025-03-23,805000,7,No disponible,805,pecacó921@viajes.cl,Orihuela,,70,946,115000,American Airlines,2025-07-25,2025-07-25,,{Alcoy}
86517,62779,2025-04-07,133000,1,No disponible,133,piurch784@viajes.cl,El Prat de LLobregat,Las Palmas de Gran Canaria,81,2561,133000,ŽFBH (Bosnia y Herzegovina),2026-04-25,2026-04-26,,{}
85836,59693,2025-03-02,1184000,8,No disponible,1184,rafael1960467@viajes.cl,Huelva,Burgos,46,982,148000,Buses Romani,2025-03-06,2025-03-06,,{}
118929,60427,2026-01-10,936000,6,No disponible,936,ramona8318679@viajes.cl,Albacete,Hospitalet de LLobregat,7,1688,156000,VRZ (Croacia),2026-10-11,2026-10-12,,{}
146593,,,,,Disponible,0,ramón1222984@viajes.cl,Alcalá de Guadaira,Molina de Segura,40,3017,58000,Primera Plus,2025-06-09,,,{}
149946,,,,,Disponible,0,rapéal949@viajes.cl,San Fernando,,18,2671,178000,NS International,2026-04-23,2026-08-12,,{}
128647,58231,2026-01-20,1370000,10,No disponible,1370,raquel9137362@viajes.cl,Cerdañola del Vallés,Cáceres,48,1705,137000,Socibus,2026-08-02,2026-08-03,,{}
109118,66565,2025-09-07,438000,3,No disponible,438,rasogu224@viajes.cl,,Córdoba,,828,146000,BoltBus,2026-11-04,,,{}
91575,57324,2025-03-29,3872000,8,No disponible,3872,raúl2235183@viajes.cl,Ceuta,Tarrasa,94,4052,484000,CP (Portugal),2025-04-01,2025-04-03,,{}
83630,65737,2025-08-18,1688000,8,No disponible,1688,readma267@viajes.cl,,Ferrol,26,4187,211000,NS International,2025-12-18,,,{}
148977,,,,,Disponible,0,rebale699@viajes.cl,Estepona,Cornellá de Llobregat,24,976,80000,VR (Finlandia),2025-12-18,2026-01-27,,{}
146783,,,,,Disponible,0,reina1650221@viajes.cl,Alcoy,Palencia,,1009,67000,Flecha Bus,2026-11-09,,,
87137,60467,2025-07-08,896000,4,No disponible,896,reocpo678@viajes.cl,Estepona,Manresa,62,3352,224000,RZD (Rusia),2025-07-28,2025-07-30,,{}
83735,64515,2025-03-17,231000,3,No disponible,231,rizúca865@viajes.cl,Chiclana de la Frontera,Reus,60,1273,77000,ŽFBH (Bosnia y Herzegovina),2025-05-14,2025-05-14,,{}
87928,57281,2025-09-09,202000,2,No disponible,202,rodrigo4341380@viajes.cl,Barcelona,La Línea de la Concepción,,1476,101000,CP (Portugal),2026-07-22,2026-07-23,,{}
144823,,,,,Disponible,0,rubén7196974@viajes.cl,Rubí,Granollers,47,279,65000,,2025-08-14,,,{}
107245,58491,2025-01-06,1930000,10,No disponible,1930,sabaca244@viajes.cl,Cuenta,Gandía,50,980,193000,Pullman Bus,2026-07-12,2026-07-12,,{}
135660,64704,2025-07-09,1080000,8,No disponible,1080,santiago3935258@viajes.cl,Oviedo,Benidorm,,1088,135000,Monbus,2026-01-31,2026-01-31,,{}
98888,66284,2025-01-01,1230000,10,No disponible,1230,sogrza951@viajes.cl,Madrid,Avilés,33,3926,123000,Omnibus de México,2025-01-04,2025-01-06,,{}
104957,56221,2025-12-24,730000,5,No disponible,730,sr.2984528@viajes.cl,Tarrasa,Almería,,1577,146000,Air New Zealand,2026-07-15,2026-07-16,Clase ejecutiva,
133520,65344,2025-04-28,354000,6,No disponible,354,sr.8467531@viajes.cl,Toledo,Cáceres,47,2083,59000,Monbus,2025-07-03,2025-07-04,,{}
123541,57404,2025-05-01,1025000,5,No disponible,1025,sr.9584607@viajes.cl,Arrecife,Sabadell,66,2847,205000,ŽFBH (Bosnia y Herzegovina),2025-05-14,2025-05-15,,{}
88606,59186,2025-03-05,2190000,10,No disponible,2190,sra.3003957@viajes.cl,Lorca,Getafe,69,2469,219000,DSB (Dinamarca),2025-09-02,2025-09-03,,{}
144668,,,,,Disponible,0,sra.3992295@viajes.cl,Mollet del Vallés,,32,3138,98000,Buses Romani,2026-09-27,,,{}
88950,57398,2025-04-25,76000,4,No disponible,76,sra.7178466@viajes.cl,Ponferrada,Roquetas de Mar,40,212,19000,BoltBus,2025-05-18,2025-05-18,,{}
79437,64738,2025-02-13,220000,5,No disponible,220,sranlusagu985@viajes.cl,Cerdañola del Vallés,Badajoz,34,467,44000,Via Bariloche,2025-10-01,2025-10-01,,{}
116487,62635,2025-03-19,272000,4,No disponible,272,srbeduva749@viajes.cl,Santa Lucía de Tirajana,Sanlúcar de Barrameda,43,1710,68000,ETN Turistar,2025-04-27,2025-04-28,,{}
124194,59889,2025-08-02,143000,1,No disponible,143,srfegara834@viajes.cl,Mollet del Vallés,Fuengirola,47,4207,143000,Condor Bus,2025-08-08,2025-08-10,,{}
106533,64733,2025-10-27,248000,4,No disponible,248,srjoluolme677@viajes.cl,Benidorm,Torrelavega,46,1926,62000,Greyhound,2026-05-21,2026-05-22,,
99694,55600,2025-01-05,102000,6,No disponible,102,srmabare460@viajes.cl,Orihuela,Molina de Segura,39,236,17000,Chevallier,2025-01-11,,,{}
146074,,,,,Disponible,0,srocbega579@viajes.cl,Orense,Chiclana de la Frontera,50,971,155000,Turbus,2026-11-20,,,{}
146263,,,,,Disponible,0,srsacona119@viajes.cl,Rivas-Vaciamadrid,Alcobendas,32,1742,142000,ADO,2026-09-22,,,{}
131886,63648,2025-02-09,540000,10,No disponible,540,srsolláv959@viajes.cl,Móstoles,Collado Villalba,56,1681,54000,Renfe,2025-10-06,2025-10-07,,
109343,58518,2025-01-02,416000,8,No disponible,416,sta.6977909@viajes.cl,Manresa,Puertollano,46,553,52000,Amtrak,2025-01-06,2025-01-06,,{}
107213,56249,2025-09-14,1650000,10,No disponible,1650,sta.8501502@viajes.cl,Orihuela,Estepona,43,1497,165000,,2026-07-28,2026-07-29,,{}
145053,,,,,Disponible,0,sta.8775554@viajes.cl,Sanlúcar de Barrameda,San Sebastián,44,2532,87000,Via Bariloche,2026-08-21,,,{}
149126,,,,,Disponible,0,starcalo784@viajes.cl,Las Palmas de Gran Canaria,Gijón,,4052,247000,SJ (Suecia),2025-12-17,2026-06-03,,{}
146424,,,,,Disponible,0,stjetilo156@viajes.cl,Roquetas de Mar,Gecho,42,710,169000,Turbus,2026-02-06,,,
146566,,,,,Disponible,0,stjomuca556@viajes.cl,Torrevieja,Paterna,,1844,115000,,2025-04-05,,,{}
145476,,,,,Disponible,0,stjucéchol772@viajes.cl,Gecho,Rivas-Vaciamadrid,45,2823,190000,Monbus,2025-02-19,,,
105717,56934,2025-08-06,133000,7,No disponible,133,stpiríen858@viajes.cl,Santa Coloma de Gramanet,Molina de Segura,86,354,19000,Singapore Airlines,2026-08-16,2026-08-16,Clase ejecutiva,
146240,,,,,Disponible,0,stracemo760@viajes.cl,,Lorca,45,3812,65000,Primera Plus,2026-04-20,,,{}
109469,59572,2025-05-30,890000,5,No disponible,890,stroraca212@viajes.cl,Oviedo,Cádiz,50,1456,178000,Buses Romani,2025-06-29,2025-06-30,,{}
98599,64276,2025-05-28,328000,2,No disponible,328,stsacemo586@viajes.cl,Roquetas de Mar,Parla,,1532,164000,,2026-01-01,,,{}
149978,,,,,Disponible,0,tiaggi246@viajes.cl,Alcoy,Santa Cruz de Tenerife,95,1644,85000,Italo,2025-09-15,2025-11-22,,{}
108506,60457,2025-03-26,288000,8,No disponible,288,tomás4604467@viajes.cl,Barcelona,Bilbao,23,457,36000,Eurostar,2026-01-01,2026-01-01,,{}
102645,66335,2025-06-05,1020000,10,No disponible,1020,verónica6989524@viajes.cl,Santa Lucía de Tirajana,,45,2418,102000,Primera Plus,2025-09-17,2025-09-18,,{}
148203,,,,,Disponible,0,vicaes693@viajes.cl,San Cristróbal de la Laguna,,44,1109,136000,Air New Zealand,2025-06-01,2025-07-17,,{}
101496,62148,2025-01-04,1134000,7,No disponible,1134,vicente5224724@viajes.cl,Sagunto,Santa Lucía de Tirajana,89,477,162000,ZFBH (Bosnia y Herzegovina),2025-04-04,2025-04-04,,{}
115533,58006,2025-02-28,540000,4,No disponible,540,victoria3315739@viajes.cl,Benalmádena,Molina de Segura,31,2603,135000,,2025-03-11,2025-03-12,,{}
150072,,,,,Disponible,0,virginia9404929@viajes.cl,Benidorm,Estepona,66,3812,334000,CFR (Rumania),2026-10-12,2027-03-19,,{}
125405,57963,2025-01-04,1080000,4,No disponible,1080,vitóan636@viajes.cl,Alcobendas,Castellón de la Plana,11,2886,270000,Nederlandse Sp,2025-01-20,2025-01-22,,{}
115838,56672,2025-04-08,450000,3,No disponible,450,víctor880107@viajes.cl,Sabadell,Calahorra,17,1866,150000,TGV (SNCF),2025-08-12,2025-08-13,,{}
149906,,,,,Disponible,0,Óscarlara210@viajes.cl,Vigo,Fuengirola,5,2525,115000,RZD (Rusia),2026-06-17,2026-09-30,,{}
146284,,,,,Disponible,0,ánalba346@viajes.cl,Santiago de Compostela,Toledo,36,711,177000,Monbus,2026-02-18,,,{}
98753,64663,2025-01-24,1104000,8,No disponible,1104,Adelalugo832@viajes.cl,San Fernando,Torrelavega,49,2784,138000,Omnibus de México,2026-05-05,2026-05-06,,{}
82168,65059,2026-01-13,1180000,10,No disponible,1180,Albertoosorio573@viajes.cl,Inca,Almería,39,1515,118000,Omnibus de México,2026-02-28,2026-03-01,,{}
88333,61922,2025-02-09,290000,2,No disponible,290,Alfonsovanegas280@viajes.cl,Valdemoro,Valladolid,35,3069,145000,Buses Bio Bio,2025-02-21,2025-02-23,,{}
111942,59801,2025-08-13,192000,3,No disponible,192,Amaliagálvez582@viajes.cl,Albacete,Castellón de la Plana,18,1813,64000,Copa Airlines,2026-08-20,2026-08-21,,
146518,,,,,Disponible,0,Anachavarría569@viajes.cl,Barcelona,Alcobendas,30,4098,158000,Buses Ahumada,2026-05-15,,,{}
78862,62038,2026-04-16,315000,5,No disponible,315,Anasaldivar985@viajes.cl,Orihuela,Torremolinos,31,808,63000,Pullman Bus,2026-05-17,2026-05-17,,{}
120578,65042,2025-01-19,441000,3,No disponible,441,Arturoparra110@viajes.cl,Salamanca,Lugo,44,866,147000,Flecha Bus,2026-01-15,2026-01-15,,{}
146907,,,,,Disponible,0,Gabrielposada795@viajes.cl,Palencia,Badajoz,50,518,121000,Plusmar,2025-09-30,,,{}
146800,,,,,Disponible,0,Benjamíncoronado313@viajes.cl,Baracaldo,Santa Coloma de Gramanet,35,2123,94000,Condor Bus,2025-01-20,,,{}
131810,55777,2025-09-30,488000,4,No disponible,488,Benjamínsisneros202@viajes.cl,Palencia,Pamplona,16,2036,122000,ZFBH (Bosnia y Herzegovina),2025-10-04,,,{}
146653,,,,,Disponible,0,Carlacalderón117@viajes.cl,Santa Cruz de Tenerife,Pontevedra,31,1462,117000,Estrella Roja,2025-04-21,,,{}
145527,,,,,Disponible,0,Carolinarosado152@viajes.cl,Valladolid,Mollet del Vallés,31,3840,138000,Avanza,2026-03-08,,,{}
91784,58081,2025-07-04,800000,10,No disponible,800,Claudiabermúdez356@viajes.cl,Badajoz,Mijas,30,3983,80000,Greyhound,2026-09-24,2026-09-26,,{}
82357,61777,2025-05-02,830000,5,No disponible,830,Césarcarranza981@viajes.cl,Viladecans,Badajoz,65,2292,166000,TGV (SNCF),2025-11-29,2025-11-30,,{}
105253,60273,2025-02-24,539000,7,No disponible,539,Danielacamarillo683@viajes.cl,Cáceres,Cáceres,39,1054,77000,Socibus,2025-08-29,2025-08-29,,{}
143695,63911,2025-05-01,1880000,8,No disponible,1880,Danielavillalpando367@viajes.cl,Majadahonda,Cartagena,73,2314,235000,PKP (Polonia),2025-12-12,2025-12-13,,
146320,,,,,Disponible,0,Diegoballesteros437@viajes.cl,Gerona,Salamanca,49,3498,53000,Plusmar,2026-01-23,,,{}
124116,60975,2025-02-03,120000,2,No disponible,120,Doroteabétancourt155@viajes.cl,Mataró,Sagunto,,3095,60000,Turbus,2025-02-08,,,{}
146930,,,,,Disponible,0,jolufepa617@viajes.cl,Torremolinos,Rubí,47,1173,109000,Monbus,2025-08-04,,,{}
149010,,,,,Disponible,0,Déboralimón727@viajes.cl,,Tarragona,2,3926,415000,HŽ (Croacia),2026-10-08,2027-03-20,,{}
107808,59520,2025-06-30,1026000,9,No disponible,1026,Eduardocarrion243@viajes.cl,,Santa Lucía de Tirajana,37,4136,114000,JetSur,2026-10-14,2026-10-16,,{}
150073,,,,,Disponible,0,Elsanájera336@viajes.cl,Gandía,,70,3908,180000,Renfe,2025-12-08,2026-05-19,,{}
123189,62566,2025-09-08,1088000,8,No disponible,1088,Elsavillalpando941@viajes.cl,Paterna,Ferrol,22,1621,136000,CFR (Rumania),2026-06-24,2026-06-25,,{}
114043,58431,2025-07-01,696000,4,No disponible,696,Ernestosanabria252@viajes.cl,Molina de Segura,Santiago de Compostela,36,2803,174000,Buses Romani,2026-07-02,2026-07-03,,{}
130436,55581,2025-12-13,285000,3,No disponible,285,Estebanelizondo783@viajes.cl,Lérida,Málaga,47,3736,95000,Plusmar,2026-11-18,2026-11-20,,{}
79276,59783,2025-03-09,502000,2,No disponible,502,Estelavelázquez978@viajes.cl,Palma de Mallorca,Baracaldo,,3817,251000,ŽSSK (Eslovaquia),2025-03-15,2025-03-17,,{}
135993,56906,2025-05-11,2232000,6,No disponible,2232,Gilbertoverduzco611@viajes.cl,Vitoria,Ceuta,77,3925,372000,ZSSK (Eslovaquia),2026-08-31,2026-09-02,,{}
128048,61706,2025-01-06,116000,1,No disponible,116,Horaciolucio884@viajes.cl,Irún,Santander,19,2400,116000,KLM,2025-09-20,,,"{Estepona,""Sanlúcar de Barrameda""}"
121599,62374,2025-02-27,445000,5,No disponible,445,Jacobotrejo682@viajes.cl,Toledo,Tarragona,65,215,89000,,2025-03-04,2025-03-04,,{}
148641,,,,,Disponible,0,Javiermateo256@viajes.cl,Alcalá de Henares,,70,3651,451000,Italo,2025-07-25,2025-12-24,,{}
79514,65191,2026-04-09,966000,6,No disponible,966,Jesúsayala953@viajes.cl,Mollet del Vallés,Estepona,10,1747,161000,CD (República Checa),2026-06-06,2026-06-07,,{}
121105,56357,2025-01-31,2410000,10,No disponible,2410,Joaquíndelatorre512@viajes.cl,Cuenta,Gijón,92,2600,241000,AVE,2025-02-17,2025-02-18,,{}
144614,,,,,Disponible,0,Josécastañeda430@viajes.cl,Alcorcón,Pontevedra,31,4134,148000,Primera Plus,2026-05-28,,,{}
143850,65990,2025-01-01,2672000,8,No disponible,2672,Joségallardo746@viajes.cl,Badajoz,Manresa,71,4039,334000,CD (República Checa),2025-01-04,2025-01-06,,{}
137005,56193,2026-01-29,164000,2,No disponible,164,Juanavelasco558@viajes.cl,Benidorm,Ciudad Real,48,2344,82000,ADO,2026-02-03,2026-02-04,,{}
92301,62209,2025-02-04,1990000,10,No disponible,1990,Leticiadelarosa551@viajes.cl,Almería,Mollet del Vallés,77,2012,199000,AVE,2026-01-01,2026-01-02,,{}
145804,,,,,Disponible,0,Leticiagarcía122@viajes.cl,Torrelavega,Majadahonda,39,3645,91000,Turbus,2025-09-11,,,{}
148619,,,,,Disponible,0,Lorenzoechevarría718@viajes.cl,Reus,Valencia,53,999,125000,LATAM Airlines,2026-01-15,2026-02-25,Clase económica,
86456,62134,2025-04-16,178000,2,No disponible,178,Lourdesjimínez985@viajes.cl,Fuengirola,Burgos,36,1192,89000,Primera Plus,2025-06-07,2025-06-07,,{}
99409,56239,2025-09-27,276000,3,No disponible,276,Lucasleiva484@viajes.cl,Orihuela,,18,1519,92000,,2026-06-01,2026-06-02,,{}
140461,61690,2025-05-28,1393000,7,No disponible,1393,Luisvera478@viajes.cl,Arrecife,Leganés,1,344,199000,CD (República Checa),2025-09-02,2025-09-02,,
113027,57148,2025-01-02,910000,10,No disponible,910,Luzlugo949@viajes.cl,La Coruña,,32,1794,91000,JetSur,2025-01-05,2025-01-06,,{}
120378,56677,2025-07-31,392000,2,No disponible,392,Manuelanevárez837@viajes.cl,Lugo,Jerez de la Frontera,43,1582,196000,Crucero del Norte,2026-07-28,2026-07-29,,{}
98567,59430,2025-02-27,435000,5,No disponible,435,Margaritaperalta319@viajes.cl,Torremolinos,Ferrol,30,474,87000,Socibus,2025-12-28,2025-12-28,,{}
82305,64522,2025-07-06,300000,6,No disponible,300,Margaritatéllez726@viajes.cl,Sanlúcar de Barrameda,Castellón de la Plana,45,3177,50000,Buses Romani,2025-09-25,,,
149258,,,,,Disponible,0,Mariluarmenta694@viajes.cl,San Fernando,Torrevieja,,701,112000,Deutsche Bahn (DB),2026-04-15,2026-05-14,,{}
149215,,,,,Disponible,0,Maríachacón705@viajes.cl,Santiago de Compostela,Ponferrada,42,3385,398000,CP (Portugal),2025-06-26,2025-11-14,,{}
144979,,,,,Disponible,0,Maríalucio404@viajes.cl,San Sebastián,Ponferrada,32,3502,86000,Condor Bus,2026-01-20,,,{}
141207,56413,2025-04-19,1305000,9,No disponible,1305,Maríavalladares172@viajes.cl,Huelva,Granollers,47,521,145000,Omnibus de México,2025-08-12,2025-08-12,,{}
104328,62019,2025-06-12,1116000,6,No disponible,1116,Mayteaponte518@viajes.cl,Sanlúcar de Barrameda,Murcia,12,1655,186000,SBB (Suiza),2026-01-01,2026-01-02,,{}
145536,,,,,Disponible,0,Nicoláscardona792@viajes.cl,Talavera de la Reina,Irún,35,1077,196000,JetSur,2026-09-23,,,{}
100981,61090,2025-02-11,1216000,8,No disponible,1216,Pabloleal393@viajes.cl,San Cristróbal de la Laguna,Torrelavega,39,2160,152000,Via Bariloche,2025-07-17,2025-07-18,,{}
90599,61543,2025-05-02,624000,6,No disponible,624,Patriciapatiño439@viajes.cl,Majadahonda,Elche,43,1437,104000,Buses Bio Bio,2026-10-24,2026-10-24,,{}
128214,62236,2025-08-08,276000,1,No disponible,276,Ramirobarajas244@viajes.cl,Guadalajara,Molina de Segura,19,3562,276000,ŽFBH (Bosnia y Herzegovina),2026-03-25,2026-03-27,,{}
146643,,,,,Disponible,0,Rebecapalomo261@viajes.cl,Burgos,Ávila,50,337,41000,Futura,2025-08-21,,,{}
145666,,,,,Disponible,0,Reinaleyva327@viajes.cl,Jerez de la Frontera,Cornellá de Llobregat,33,2063,92000,Plusmar,2025-07-14,,,{}
130107,61049,2025-05-07,56000,1,No disponible,56,Rociomuro732@viajes.cl,Benalmádena,Segovia,91,1039,56000,ŽSSK (Eslovaquia),2026-04-14,2026-04-14,,{}
101838,60492,2025-04-19,512000,4,No disponible,512,Rubénmadera789@viajes.cl,Manresa,Zamora,50,507,128000,BoltBus,2025-12-28,2025-12-28,,{}
112021,65865,2025-03-23,805000,7,No disponible,805,Santiagorivas862@viajes.cl,Ávila,Torremolinos,99,2222,115000,VR (Finlandia),2026-06-29,2026-06-30,,{}
148192,,,,,Disponible,0,Sr.armijo432@viajes.cl,Marbella,Ponferrada,48,3963,415000,Air Canada,2026-06-10,2026-11-22,,{}
148780,,,,,Disponible,0,Sr.barela594@viajes.cl,Santa Cruz de Tenerife,Torrevieja,32,1808,97000,TGV (SNCF),2025-12-14,2026-02-27,,{}
120770,59945,2025-01-04,522000,9,No disponible,522,Sr.bañuelos530@viajes.cl,Lugo,Majadahonda,30,313,58000,Chevallier,2025-06-17,2025-06-17,,{}
149778,,,,,Disponible,0,Sr.castañeda350@viajes.cl,Ferrol,Torremolinos,85,767,56000,SNCB (Bélgica),2026-11-22,2026-12-23,,{}
130855,64418,2025-07-11,1872000,6,No disponible,1872,Sr.delacrúz661@viajes.cl,Alcorcón,Sagunto,63,2937,312000,Italo,2026-02-12,,,{}
104381,65275,2025-04-11,250000,5,No disponible,250,Sr.lira601@viajes.cl,Granollers,Avilés,46,992,50000,Chevallier,2025-04-16,2025-04-16,,{}
88599,65668,2025-10-17,213000,3,No disponible,213,Sr.razo128@viajes.cl,Badajoz,Lugo,43,962,71000,Plusmar,2026-07-03,2026-07-03,,
124747,66415,2025-05-12,222000,2,No disponible,222,Sr.reséndez920@viajes.cl,Alicante,Burgos,30,3615,111000,Plusmar,2025-09-02,2025-09-04,,{}
86908,66601,2025-08-02,438000,6,No disponible,438,Sra.benavídez613@viajes.cl,Alcalá de Guadaira,Toledo,38,1379,73000,Socibus,2026-08-31,2026-08-31,,{}
146159,,,,,Disponible,0,Sra.carreón490@viajes.cl,Irún,Cádiz,46,190,6000,Estrella Roja,2026-08-28,,,{}
105407,60865,2026-08-11,524000,4,No disponible,524,Sra.collado965@viajes.cl,Getafe,Reus,37,3186,131000,Omnibus de México,2026-10-20,2026-10-22,,{}
114899,59843,2025-03-16,350000,7,No disponible,350,Sra.franco636@viajes.cl,Mataró,Gijón,38,1706,50000,Monbus,2026-01-25,2026-01-26,,{}
109927,63596,2025-03-06,408000,4,No disponible,408,Sra.leyva287@viajes.cl,Baracaldo,Gijón,48,3899,102000,Via Bariloche,2025-04-21,2025-04-23,,{}
145241,,,,,Disponible,0,Sra.montaño428@viajes.cl,Cornellá de Llobregat,Alcoy,41,1418,172000,Megabus,2026-05-12,,,{}
141958,66495,2025-01-04,804000,6,No disponible,804,Sra.tafoya600@viajes.cl,Granollers,Lugo,41,3005,134000,El Rápido Internacional,2025-01-25,2025-01-27,,{}
141398,62209,2025-01-07,1212000,6,No disponible,1212,Sra.toledo641@viajes.cl,Getafe,Palencia,95,2165,202000,Thalys,2026-03-15,2026-03-16,,{}
144060,61642,2025-07-16,630000,6,No disponible,630,Sta.jurado990@viajes.cl,Ferrol,Santa Coloma de Gramanet,44,1408,105000,Via Bariloche,2026-05-16,2026-05-16,,{}
146222,,,,,Disponible,0,Sta.lucero377@viajes.cl,Alcoy,Alcalá de Guadaira,41,4223,176000,Omnibus de México,2025-09-24,,,{}
145628,,,,,Disponible,0,Sta.valenzuela184@viajes.cl,Baracaldo,León,47,3036,132000,Megabus,2026-04-12,,,{}
141163,60000,2025-06-22,816000,8,No disponible,816,Sta.verdugo741@viajes.cl,Cerdañola del Vallés,Zamora,32,832,102000,Buses Bio Bio,2025-10-14,2025-10-14,,{}
127376,55759,2025-03-16,384000,4,No disponible,384,Tomásbarrios980@viajes.cl,Torrevieja,Oviedo,13,865,96000,,2025-04-23,2025-04-23,,{}
120028,58471,2025-02-17,1158000,6,No disponible,1158,Virginiahernández425@viajes.cl,Castellón de la Plana,Lugo,47,2678,193000,Buses Romani,2026-01-17,,,{}
136857,55574,2025-01-24,342000,9,No disponible,342,agustín1537237@viajes.cl,Gecho,Benidorm,42,1189,38000,CD (República Checa),2025-05-21,2025-05-21,,{}
81457,64205,2025-07-29,199000,1,No disponible,199,agustín2891970@viajes.cl,Granada,Sanlúcar de Barrameda,72,2358,199000,Renfe,2026-05-14,2026-05-15,,{}
129330,63659,2025-09-12,356000,4,No disponible,356,alberto5174210@viajes.cl,Móstoles,Lérida,50,2180,89000,ETN Turistar,2026-02-11,2026-02-12,,{}
110237,64920,2025-07-31,299000,1,No disponible,299,albuta656@viajes.cl,Torrejón de Ardoz,,7,3051,299000,Thalys,2026-04-08,2026-04-10,,{}
145060,,,,,Disponible,0,alchva980@viajes.cl,Gandía,Collado Villalba,34,1980,126000,Buses Ahumada,2026-01-12,,,{}
126910,65385,2025-08-05,780000,4,No disponible,780,alejandra5335286@viajes.cl,Cerdañola del Vallés,Sanlúcar de Barrameda,36,997,195000,JetSur,2025-11-21,2025-11-21,,{}
148287,,,,,Disponible,0,anlubahe592@viajes.cl,Talavera de la Reina,Cornellá de Llobregat,11,2716,291000,American Airlines,2026-06-02,2026-09-23,,{Sagunto}
132447,63823,2025-03-25,174000,6,No disponible,174,anmabear207@viajes.cl,Inca,Fuengirola,47,265,29000,ETN Turistar,2025-10-01,2025-10-01,,{}
125804,59306,2025-01-26,240000,2,No disponible,240,anmacade780@viajes.cl,Elche,Alicante,31,2229,120000,Chevallier,2025-08-30,2025-08-31,,{}
127949,58089,2026-04-28,1674000,9,No disponible,1674,anorpa297@viajes.cl,Badajoz,Talavera de la Reina,4,2647,186000,ZFBH (Bosnia y Herzegovina),2026-10-05,2026-10-06,,{}
146416,,,,,Disponible,0,anpevé395@viajes.cl,Oviedo,Dos Hermanas,39,3590,135000,Buses Nilahue,2026-09-11,,,{}
133837,58558,2025-01-31,1080000,6,No disponible,1080,antonio9384787@viajes.cl,Chiclana de la Frontera,Mérida,41,676,180000,ETN Turistar,2025-02-09,2025-02-09,,{}
95170,65224,2026-05-21,856000,8,No disponible,856,arsavi194@viajes.cl,Pamplona,Telde,34,3439,107000,,2026-08-26,2026-08-28,,{}
139672,55601,2025-11-09,2919000,7,No disponible,2919,arturo3897713@viajes.cl,San Fernando,Ponferrada,62,4290,417000,NSB (Noruega),2026-02-23,2026-02-25,,{}
103305,62338,2025-10-31,900000,6,No disponible,900,beatriz7735309@viajes.cl,Logroño,Avilés,83,806,150000,United Airlines,2026-11-15,2026-11-15,,{}
148870,,,,,Disponible,0,bemoes831@viajes.cl,Hospitalet de LLobregat,El Puerto de Santa María,21,4070,300000,PKP (Polonia),2025-11-16,2026-05-04,,{}
94484,56705,2025-07-14,672000,7,No disponible,672,bernardo5607682@viajes.cl,Segovia,Almería,31,2280,96000,Turbus,2025-07-27,2025-07-28,,{}
150043,,,,,Disponible,0,blanca9904722@viajes.cl,Torremolinos,,91,251,69000,Deutsche Bahn (DB),2026-09-11,2026-09-21,,{}
131627,62892,2026-04-04,504000,3,No disponible,504,caridad8115247@viajes.cl,Alcobendas,Telde,,2186,168000,NS International,2026-08-23,2026-08-24,,{}
146024,,,,,Disponible,0,carla4325758@viajes.cl,Coslada,,49,1127,62000,Crucero del Norte,2026-07-27,,,{}
146226,,,,,Disponible,0,carolina6344933@viajes.cl,Elda,Gerona,37,1540,133000,Chevallier,2026-06-02,,,{}
143177,62802,2026-02-01,1467000,9,No disponible,1467,cecilia9491795@viajes.cl,Granada,Vitoria,,3732,163000,Avanza,2026-03-18,2026-03-20,,{}
149979,,,,,Disponible,0,clliib153@viajes.cl,Oviedo,Ponferrada,91,999,78000,SBB (Suiza),2025-01-05,2025-02-15,,{}
118455,66480,2025-01-21,170000,1,No disponible,170,clteur278@viajes.cl,Alcoy,Móstoles,62,2979,170000,Iberia,2026-01-24,2026-01-26,,"{Parla,Zamora,Cádiz}"
145355,,,,,Disponible,0,clvaca445@viajes.cl,Palma de Mallorca,Santa Coloma de Gramanet,50,2762,137000,Greyhound,2025-12-24,,,{}
122725,65370,2025-02-27,315000,5,No disponible,315,concepción2822691@viajes.cl,Cartagena,Vitoria,35,995,63000,EME Bus,2025-07-27,,,{}
118867,60771,2025-10-26,1100000,10,No disponible,1100,conchita5857983@viajes.cl,Mataró,Vitoria,69,2531,110000,SJ (Suecia),2026-11-07,2026-11-08,,{}
114443,59946,2025-11-11,154000,2,No disponible,154,crgrza752@viajes.cl,La Coruña,Mérida,33,4282,77000,El Rápido Internacional,2026-05-17,2026-05-19,,{}
132841,60458,2026-05-25,102000,1,No disponible,102,cristobal245607@viajes.cl,Málaga,Santander,30,2111,102000,Futura,2026-09-29,2026-09-30,,{}
147291,,,,,Disponible,0,cristobal7793541@viajes.cl,Avilés,Vitoria,87,1036,85000,Etihad Airways,2025-09-18,2025-10-31,,"{Barcelona,Paterna}"
123031,56635,2025-12-06,564000,3,No disponible,564,crnepa833@viajes.cl,Lorca,Torrevieja,36,1033,188000,Damas,2026-06-06,2026-06-06,,
110151,55959,2025-01-02,1304000,8,No disponible,1304,crorar804@viajes.cl,Castellón de la Plana,Badajoz,,142,163000,SJ (Suecia),2025-08-30,,,{}
140672,58267,2025-02-13,2540000,10,No disponible,2540,crrelo319@viajes.cl,Alcalá de Henares,León,48,3621,254000,SJ (Suecia),2025-03-17,2025-03-19,,{}
138450,57480,2025-01-02,540000,3,No disponible,540,césar273161@viajes.cl,Lérida,Vitoria,32,2534,180000,Monbus,2025-01-07,2025-01-08,,{}
147945,,,,,Disponible,0,dogari515@viajes.cl,Valencia,Badajoz,21,3527,253000,Frontier Airlines,2026-08-30,2027-01-23,,"{Granollers,Torrevieja,Valdemoro,Coslada,Lérida}"
145379,,,,,Disponible,0,dorotea5846964@viajes.cl,Orense,Rivas-Vaciamadrid,36,1710,192000,JetSur,2025-10-27,,,{}
148469,,,,,Disponible,0,dovefe861@viajes.cl,Marbella,Arrecife,,3850,170000,Singapore Airlines,2026-03-03,2026-08-10,,"{""Hospitalet de LLobregat"",Málaga}"
149702,,,,,Disponible,0,elpolo665@viajes.cl,Huelva,San Fernando,47,3516,133000,NS International,2025-01-27,2025-06-22,,{}
109097,64663,2025-12-16,1665000,9,No disponible,1665,elvama419@viajes.cl,Santa Lucía de Tirajana,Rubí,50,1544,185000,Alsa,2026-03-03,2026-03-04,,{}
127514,62536,2025-01-26,745000,5,No disponible,745,emilio7555854@viajes.cl,Zamora,Torrejón de Ardoz,39,4004,149000,El Rápido Internacional,2025-04-21,2025-04-23,,{}
85695,63204,2025-01-30,560000,10,No disponible,560,emilio822282@viajes.cl,El Ejido,Palma de Mallorca,,3555,56000,Plusmar,2025-09-01,2025-09-03,,{}
144974,,,,,Disponible,0,emmaab333@viajes.cl,Mijas,,36,3793,185000,Buses Bio Bio,2026-08-20,,,{}
135284,55750,2025-05-18,870000,10,No disponible,870,emroga149@viajes.cl,San Cristróbal de la Laguna,San Fernando,36,2665,87000,JetSur,2026-01-15,2026-01-16,,{}
118212,57655,2025-07-30,288000,9,No disponible,288,enrique443916@viajes.cl,Alcorcón,Benalmádena,46,123,32000,ETN Turistar,2026-02-18,2026-02-18,,{}
146452,,,,,Disponible,0,ercava760@viajes.cl,Lugo,Badajoz,43,156,6000,Buses Romani,2025-05-12,,,{}
136065,58789,2026-04-25,870000,5,No disponible,870,estela6208869@viajes.cl,Ponferrada,Mollet del Vallés,61,3099,174000,NSB (Noruega),2026-06-26,2026-06-28,,{}
80970,60278,2025-05-27,966000,6,No disponible,966,estela8925147@viajes.cl,San Sebastían de los Reyes,Zamora,48,1708,161000,Chevallier,2025-10-18,2025-10-19,,{}
81359,58778,2025-01-24,621000,3,No disponible,621,ester3317224@viajes.cl,El Ejido,Alicante,78,2198,207000,RZD (Rusia),2025-02-18,2025-02-19,,{}
148288,,,,,Disponible,0,eszeca999@viajes.cl,Lorca,Pamplona,36,517,76000,Etihad Airways,2026-05-08,2026-05-29,,"{Sabadell,""El Puerto de Santa María"",Mérida,Zaragoza,""Molina de Segura""}"
146931,,,,,Disponible,0,eva7265295@viajes.cl,Pozuelo de Alarcón,Gerona,40,1889,160000,Damas,2026-11-18,,,{}
129938,60848,2025-06-10,800000,8,No disponible,800,feacvá813@viajes.cl,San Fernando,Alicante,49,3219,100000,Turbus,2025-11-24,2025-11-26,,{}
124051,58275,2025-08-25,242000,2,No disponible,242,febega119@viajes.cl,San Sebastián,Logroño,32,2018,121000,Futura,2025-10-04,2025-10-05,,{}
103715,65467,2025-01-22,84000,3,No disponible,84,felipe7511543@viajes.cl,Guadalajara,Vigo,13,261,28000,ŽSSK (Eslovaquia),2026-01-05,2026-01-05,,{}
104394,66218,2026-01-18,616000,7,No disponible,616,femova106@viajes.cl,La Coruña,Tarrasa,95,818,88000,HŽ (Croacia),2026-01-26,2026-01-26,,{}
79863,58711,2026-05-25,448000,7,No disponible,448,francisco4411563@viajes.cl,Jaén,San Sebastián,8,1118,64000,,2026-09-26,2026-09-26,,{}
102825,59103,2025-08-17,672000,6,No disponible,672,gabriela6221917@viajes.cl,San Sebastían de los Reyes,Benidorm,78,2583,112000,ŽFBH (Bosnia y Herzegovina),2026-06-01,2026-06-02,,{}
149806,,,,,Disponible,0,gavade851@viajes.cl,Jaén,,66,1180,98000,VR (Finlandia),2025-01-14,2025-03-04,,{}
149356,,,,,Disponible,0,geduor743@viajes.cl,Jerez de la Frontera,Sevilla,,3538,310000,VRZ (Croacia),2025-04-24,2025-09-18,,{}
149881,,,,,Disponible,0,gemeco374@viajes.cl,Collado Villalba,Alcalá de Guadaira,14,1672,60000,SJ (Suecia),2025-06-11,2025-08-19,,{}
90043,65110,2026-06-07,825000,5,No disponible,825,genade978@viajes.cl,Rubí,Chiclana de la Frontera,37,3097,165000,Primera Plus,2026-08-14,2026-08-16,,{}
87058,55532,2025-01-01,366000,2,No disponible,366,gilberto650348@viajes.cl,Logroño,Pontevedra,54,2742,183000,American Airlines,2025-01-02,2025-01-03,,"{Getafe,Alcorcón,Elche}"
101661,59644,2025-03-22,320000,8,No disponible,320,gonzalo1079651@viajes.cl,Logroño,Mollet del Vallés,43,1134,40000,ŽFBH (Bosnia y Herzegovina),2025-05-23,2025-05-23,,{}
94222,60821,2026-02-01,2925000,9,No disponible,2925,grnúca824@viajes.cl,Talavera de la Reina,Baracaldo,28,2929,325000,CD (República Checa),2026-02-27,2026-03-01,,{}
115056,55836,2025-01-06,125000,1,No disponible,125,guadalupe4581165@viajes.cl,San Fernando,Alcorcón,46,3281,125000,Chevallier,2025-03-23,2025-03-25,,{}
149619,,,,,Disponible,0,guesag522@viajes.cl,Gecho,Benidorm,49,1480,187000,SJ (Suecia),2026-06-04,2026-08-04,,{}
107601,66139,2025-04-17,984000,8,No disponible,984,heeslo908@viajes.cl,Gandía,Gerona,44,1802,123000,Turbus,2026-02-07,2026-02-08,,{}
145938,,,,,Disponible,0,heruro602@viajes.cl,Baracaldo,Badalona,44,2974,130000,Futura,2025-11-24,,,{}
90719,62766,2025-01-26,468000,9,No disponible,468,ignacio6635603@viajes.cl,La Línea de la Concepción,Sevilla,48,1046,52000,SNCB (Bélgica),2025-04-03,2025-04-03,,{}
101738,64805,2025-01-17,368000,8,No disponible,368,ignacio7155850@viajes.cl,Guadalajara,,,142,46000,Crucero del Norte,2026-03-12,2026-03-12,,{}
86340,59728,2025-07-11,280000,2,No disponible,280,isropi708@viajes.cl,Alcalá de Guadaira,Vitoria,42,999,140000,Avanza,2025-11-07,2025-11-07,,{}
145209,,,,,Disponible,0,jacobo1662252@viajes.cl,Lérida,Segovia,47,3101,150000,ADO,2026-11-30,,,{}
97353,66353,2025-06-24,36000,1,No disponible,36,jarear931@viajes.cl,Zamora,Calahorra,46,376,36000,NSB (Noruega),2026-10-20,,,{}
87683,63004,2025-12-18,950000,10,No disponible,950,javier3975512@viajes.cl,Gecho,Huelva,54,561,95000,,2026-08-20,2026-08-20,,{}
141862,56793,2025-12-06,199000,1,No disponible,199,jeroca654@viajes.cl,Sabadell,Gerona,57,2990,199000,,2026-05-22,2026-05-24,,
102919,65364,2025-01-11,150000,1,No disponible,150,jerónimo2841319@viajes.cl,Badajoz,Pontevedra,4,3738,150000,NS International,2025-02-23,2025-02-25,,{}
111115,62300,2025-01-24,1883000,7,No disponible,1883,jocacr192@viajes.cl,San Sebastián,Torrejón de Ardoz,70,2918,269000,,2026-07-26,2026-07-28,,{}
149252,,,,,Disponible,0,jolualal605@viajes.cl,San Cristróbal de la Laguna,Torrelavega,87,3037,171000,,2025-10-01,2026-02-04,,{}
146930,,,,,Disponible,0,jolufepa617@viajes.cl,Torremolinos,Rubí,47,1173,109000,Monbus,2025-08-04,,,{}
125678,58027,2026-06-06,302000,2,No disponible,302,jorge8296732@viajes.cl,Talavera de la Reina,Alcalá de Henares,12,2787,151000,,2026-07-31,2026-08-01,,{}
146839,,,,,Disponible,0,josé4245489@viajes.cl,Linares,Rubí,41,922,194000,Buses Ahumada,2026-07-11,,,{}
128006,58330,2025-09-25,360000,10,No disponible,360,julio8213563@viajes.cl,Elda,Torrejón de Ardoz,96,774,36000,HŽ (Croacia),2026-04-14,2026-04-14,,{}
149147,,,,,Disponible,0,jupabe305@viajes.cl,Alcobendas,Coslada,56,417,85000,SNCB (Bélgica),2026-05-22,2026-06-08,,{}
130941,59074,2025-08-13,1552000,8,No disponible,1552,juriro294@viajes.cl,Sevilla,Arrecife,37,3710,194000,Buses Ahumada,2026-09-25,2026-09-27,,{}
87714,59323,2025-03-11,1246000,7,No disponible,1246,laura896645@viajes.cl,Valdemoro,Lorca,40,2519,178000,Buses Ahumada,2025-03-22,2025-03-23,,{}
146904,,,,,Disponible,0,lorena2437172@viajes.cl,Tarrasa,Cerdañola del Vallés,37,2092,200000,Buses Bio Bio,2025-01-30,,,{}
124338,63660,2025-05-22,1955000,5,No disponible,1955,lucas2379246@viajes.cl,Estepona,Torrejón de Ardoz,85,2975,391000,PKP (Polonia),2025-12-22,2025-12-24,,{}
137377,63118,2025-12-19,1160000,10,No disponible,1160,lueses830@viajes.cl,Segovia,Mataró,41,3914,116000,Buses Bio Bio,2026-09-06,2026-09-08,,{}
79191,61312,2026-03-02,1740000,6,No disponible,1740,luis2971637@viajes.cl,Collado Villalba,Mollet del Vallés,34,2887,290000,ZSSK (Eslovaquia),2026-08-05,2026-08-07,,{}
145074,,,,,Disponible,0,luis7165789@viajes.cl,San Cristróbal de la Laguna,Fuenlabrada,35,1304,119000,El Rápido Internacional,2025-10-22,,,{}
118879,62428,2026-07-15,220000,4,No disponible,220,luisa595785@viajes.cl,Lorca,Torremolinos,43,983,55000,,2026-11-20,2026-11-20,,{}
118868,60771,2025-11-09,1810000,10,No disponible,1810,luisa6260852@viajes.cl,Vitoria,,6,419,181000,RZD (Rusia),2026-11-08,2026-11-08,,{}
86637,57834,2025-08-16,579000,3,No disponible,579,mabuca319@viajes.cl,Granollers,Alcalá de Henares,49,3691,193000,JetSur,2026-10-12,2026-10-14,,{}
87883,65745,2025-12-01,540000,10,No disponible,540,macrpuco781@viajes.cl,,Torrejón de Ardoz,38,1505,54000,Crucero del Norte,2026-05-10,2026-05-11,,{}
149397,,,,,Disponible,0,maeumaso244@viajes.cl,Badalona,Santa Lucía de Tirajana,81,2327,296000,NS International,2026-01-04,2026-04-10,,{}
145445,,,,,Disponible,0,majame421@viajes.cl,Baracaldo,Paterna,31,2138,66000,Chevallier,2025-05-15,,,{}
133676,61542,2025-01-03,1050000,6,No disponible,1050,majozúsa208@viajes.cl,Granada,Vigo,32,1926,175000,Buses Nilahue,2026-03-07,2026-03-08,,{}
106471,66082,2025-03-22,1953000,7,No disponible,1953,marcela3216289@viajes.cl,Gecho,Valladolid,47,2360,279000,NS International,2025-11-27,2025-11-28,,{}
147348,,,,,Disponible,0,marco2477413@viajes.cl,,Albacete,55,532,158000,Southwest Airlines,2026-05-27,,,"{Lérida,""El Ejido""}"
82341,56236,2025-12-04,687000,3,No disponible,687,mario7458237@viajes.cl,Orihuela,Elda,92,2231,229000,CD (República Checa),2026-09-27,2026-09-28,,{}
82970,63326,2025-01-25,560000,7,No disponible,560,marta7708109@viajes.cl,Santander,,100,767,80000,,2025-06-18,2025-06-18,,{}
113351,64640,2025-01-05,364000,7,No disponible,364,maría6649456@viajes.cl,Estepona,Ávila,12,449,52000,SJ (Suecia),2025-01-31,2025-01-31,,{}
144973,,,,,Disponible,0,masoga180@viajes.cl,San Sebastían de los Reyes,La Coruña,37,914,76000,Estrella Roja,2026-06-22,,,{}
146512,,,,,Disponible,0,matoan579@viajes.cl,Palencia,Dos Hermanas,,1716,106000,Via Bariloche,2025-09-28,,,{}
116325,61317,2025-06-14,244000,2,No disponible,244,mercedes966447@viajes.cl,Talavera de la Reina,Marbella,31,2741,122000,NSB (Noruega),2026-08-05,2026-08-06,,{}
118866,60771,2025-07-17,3140000,10,No disponible,3140,miguel7248711@viajes.cl,Lérida,Mataró,81,3727,314000,Italo,2026-11-05,2026-11-07,,{}
85118,63299,2025-05-30,179000,1,No disponible,179,mimaco244@viajes.cl,Telde,Sevilla,27,2172,179000,ZSSK (Eslovaquia),2025-07-18,2025-07-19,,{}
90292,57572,2026-03-22,198000,1,No disponible,198,mónica6343775@viajes.cl,Huelva,Gijón,,1807,198000,ŽFBH (Bosnia y Herzegovina),2026-10-31,2026-11-01,,{}
120816,64526,2025-10-21,875000,5,No disponible,875,nisabá861@viajes.cl,Torrevieja,Chiclana de la Frontera,27,1820,175000,SNCB (Bélgica),2026-02-23,,,{}
116679,64531,2025-05-09,595000,7,No disponible,595,noméru838@viajes.cl,Sagunto,Zamora,75,2281,85000,DSB (Dinamarca),2026-10-05,2026-10-06,,{}
149237,,,,,Disponible,0,paaral909@viajes.cl,Valdemoro,Reus,7,634,147000,Trenitalia,2026-05-11,2026-06-06,,{}
132555,64211,2025-01-26,660000,4,No disponible,660,pasáar780@viajes.cl,Vitoria,Albacete,49,3465,165000,BoltBus,2025-03-17,2025-03-19,,{}
101295,59686,2025-03-23,805000,7,No disponible,805,pecacó921@viajes.cl,Orihuela,,70,946,115000,American Airlines,2025-07-25,2025-07-25,,{Alcoy}
86517,62779,2025-04-07,133000,1,No disponible,133,piurch784@viajes.cl,El Prat de LLobregat,Las Palmas de Gran Canaria,81,2561,133000,ŽFBH (Bosnia y Herzegovina),2026-04-25,2026-04-26,,{}
85836,59693,2025-03-02,1184000,8,No disponible,1184,rafael1960467@viajes.cl,Huelva,Burgos,46,982,148000,Buses Romani,2025-03-06,2025-03-06,,{}
118929,60427,2026-01-10,936000,6,No disponible,936,ramona8318679@viajes.cl,Albacete,Hospitalet de LLobregat,7,1688,156000,VRZ (Croacia),2026-10-11,2026-10-12,,{}
146593,,,,,Disponible,0,ramón1222984@viajes.cl,Alcalá de Guadaira,Molina de Segura,40,3017,58000,Primera Plus,2025-06-09,,,{}
149946,,,,,Disponible,0,rapéal949@viajes.cl,San Fernando,,18,2671,178000,NS International,2026-04-23,2026-08-12,,{}
128647,58231,2026-01-20,1370000,10,No disponible,1370,raquel9137362@viajes.cl,Cerdañola del Vallés,Cáceres,48,1705,137000,Socibus,2026-08-02,2026-08-03,,{}
109118,66565,2025-09-07,438000,3,No disponible,438,rasogu224@viajes.cl,,Córdoba,,828,146000,BoltBus,2026-11-04,,,{}
91575,57324,2025-03-29,3872000,8,No disponible,3872,raúl2235183@viajes.cl,Ceuta,Tarrasa,94,4052,484000,CP (Portugal),2025-04-01,2025-04-03,,{}
83630,65737,2025-08-18,1688000,8,No disponible,1688,readma267@viajes.cl,,Ferrol,26,4187,211000,NS International,2025-12-18,,,{}
148977,,,,,Disponible,0,rebale699@viajes.cl,Estepona,Cornellá de Llobregat,24,976,80000,VR (Finlandia),2025-12-18,2026-01-27,,{}
146783,,,,,Disponible,0,reina1650221@viajes.cl,Alcoy,Palencia,,1009,67000,Flecha Bus,2026-11-09,,,
87137,60467,2025-07-08,896000,4,No disponible,896,reocpo678@viajes.cl,Estepona,Manresa,62,3352,224000,RZD (Rusia),2025-07-28,2025-07-30,,{}
83735,64515,2025-03-17,231000,3,No disponible,231,rizúca865@viajes.cl,Chiclana de la Frontera,Reus,60,1273,77000,ŽFBH (Bosnia y Herzegovina),2025-05-14,2025-05-14,,{}
87928,57281,2025-09-09,202000,2,No disponible,202,rodrigo4341380@viajes.cl,Barcelona,La Línea de la Concepción,,1476,101000,CP (Portugal),2026-07-22,2026-07-23,,{}
144823,,,,,Disponible,0,rubén7196974@viajes.cl,Rubí,Granollers,47,279,65000,,2025-08-14,,,{}
107245,58491,2025-01-06,1930000,10,No disponible,1930,sabaca244@viajes.cl,Cuenta,Gandía,50,980,193000,Pullman Bus,2026-07-12,2026-07-12,,{}
135660,64704,2025-07-09,1080000,8,No disponible,1080,santiago3935258@viajes.cl,Oviedo,Benidorm,,1088,135000,Monbus,2026-01-31,2026-01-31,,{}
98888,66284,2025-01-01,1230000,10,No disponible,1230,sogrza951@viajes.cl,Madrid,Avilés,33,3926,123000,Omnibus de México,2025-01-04,2025-01-06,,{}
104957,56221,2025-12-24,730000,5,No disponible,730,sr.2984528@viajes.cl,Tarrasa,Almería,,1577,146000,Air New Zealand,2026-07-15,2026-07-16,Clase ejecutiva,
133520,65344,2025-04-28,354000,6,No disponible,354,sr.8467531@viajes.cl,Toledo,Cáceres,47,2083,59000,Monbus,2025-07-03,2025-07-04,,{}
123541,57404,2025-05-01,1025000,5,No disponible,1025,sr.9584607@viajes.cl,Arrecife,Sabadell,66,2847,205000,ŽFBH (Bosnia y Herzegovina),2025-05-14,2025-05-15,,{}
88606,59186,2025-03-05,2190000,10,No disponible,2190,sra.3003957@viajes.cl,Lorca,Getafe,69,2469,219000,DSB (Dinamarca),2025-09-02,2025-09-03,,{}
144668,,,,,Disponible,0,sra.3992295@viajes.cl,Mollet del Vallés,,32,3138,98000,Buses Romani,2026-09-27,,,{}
88950,57398,2025-04-25,76000,4,No disponible,76,sra.7178466@viajes.cl,Ponferrada,Roquetas de Mar,40,212,19000,BoltBus,2025-05-18,2025-05-18,,{}
79437,64738,2025-02-13,220000,5,No disponible,220,sranlusagu985@viajes.cl,Cerdañola del Vallés,Badajoz,34,467,44000,Via Bariloche,2025-10-01,2025-10-01,,{}
116487,62635,2025-03-19,272000,4,No disponible,272,srbeduva749@viajes.cl,Santa Lucía de Tirajana,Sanlúcar de Barrameda,43,1710,68000,ETN Turistar,2025-04-27,2025-04-28,,{}
124194,59889,2025-08-02,143000,1,No disponible,143,srfegara834@viajes.cl,Mollet del Vallés,Fuengirola,47,4207,143000,Condor Bus,2025-08-08,2025-08-10,,{}
106533,64733,2025-10-27,248000,4,No disponible,248,srjoluolme677@viajes.cl,Benidorm,Torrelavega,46,1926,62000,Greyhound,2026-05-21,2026-05-22,,
99694,55600,2025-01-05,102000,6,No disponible,102,srmabare460@viajes.cl,Orihuela,Molina de Segura,39,236,17000,Chevallier,2025-01-11,,,{}
146074,,,,,Disponible,0,srocbega579@viajes.cl,Orense,Chiclana de la Frontera,50,971,155000,Turbus,2026-11-20,,,{}
146263,,,,,Disponible,0,srsacona119@viajes.cl,Rivas-Vaciamadrid,Alcobendas,32,1742,142000,ADO,2026-09-22,,,{}
131886,63648,2025-02-09,540000,10,No disponible,540,srsolláv959@viajes.cl,Móstoles,Collado Villalba,56,1681,54000,Renfe,2025-10-06,2025-10-07,,
109343,58518,2025-01-02,416000,8,No disponible,416,sta.6977909@viajes.cl,Manresa,Puertollano,46,553,52000,Amtrak,2025-01-06,2025-01-06,,{}
107213,56249,2025-09-14,1650000,10,No disponible,1650,sta.8501502@viajes.cl,Orihuela,Estepona,43,1497,165000,,2026-07-28,2026-07-29,,{}
145053,,,,,Disponible,0,sta.8775554@viajes.cl,Sanlúcar de Barrameda,San Sebastián,44,2532,87000,Via Bariloche,2026-08-21,,,{}
149126,,,,,Disponible,0,starcalo784@viajes.cl,Las Palmas de Gran Canaria,Gijón,,4052,247000,SJ (Suecia),2025-12-17,2026-06-03,,{}
146424,,,,,Disponible,0,stjetilo156@viajes.cl,Roquetas de Mar,Gecho,42,710,169000,Turbus,2026-02-06,,,
146566,,,,,Disponible,0,stjomuca556@viajes.cl,Torrevieja,Paterna,,1844,115000,,2025-04-05,,,{}
145476,,,,,Disponible,0,stjucéchol772@viajes.cl,Gecho,Rivas-Vaciamadrid,45,2823,190000,Monbus,2025-02-19,,,
105717,56934,2025-08-06,133000,7,No disponible,133,stpiríen858@viajes.cl,Santa Coloma de Gramanet,Molina de Segura,86,354,19000,Singapore Airlines,2026-08-16,2026-08-16,Clase ejecutiva,
146240,,,,,Disponible,0,stracemo760@viajes.cl,,Lorca,45,3812,65000,Primera Plus,2026-04-20,,,{}
109469,59572,2025-05-30,890000,5,No disponible,890,stroraca212@viajes.cl,Oviedo,Cádiz,50,1456,178000,Buses Romani,2025-06-29,2025-06-30,,{}
98599,64276,2025-05-28,328000,2,No disponible,328,stsacemo586@viajes.cl,Roquetas de Mar,Parla,,1532,164000,,2026-01-01,,,{}
149978,,,,,Disponible,0,tiaggi246@viajes.cl,Alcoy,Santa Cruz de Tenerife,95,1644,85000,Italo,2025-09-15,2025-11-22,,{}
108506,60457,2025-03-26,288000,8,No disponible,288,tomás4604467@viajes.cl,Barcelona,Bilbao,23,457,36000,Eurostar,2026-01-01,2026-01-01,,{}
102645,66335,2025-06-05,1020000,10,No disponible,1020,verónica6989524@viajes.cl,Santa Lucía de Tirajana,,45,2418,102000,Primera Plus,2025-09-17,2025-09-18,,{}
148203,,,,,Disponible,0,vicaes693@viajes.cl,San Cristróbal de la Laguna,,44,1109,136000,Air New Zealand,2025-06-01,2025-07-17,,{}
101496,62148,2025-01-04,1134000,7,No disponible,1134,vicente5224724@viajes.cl,Sagunto,Santa Lucía de Tirajana,89,477,162000,ZFBH (Bosnia y Herzegovina),2025-04-04,2025-04-04,,{}
115533,58006,2025-02-28,540000,4,No disponible,540,victoria3315739@viajes.cl,Benalmádena,Molina de Segura,31,2603,135000,,2025-03-11,2025-03-12,,{}
150072,,,,,Disponible,0,virginia9404929@viajes.cl,Benidorm,Estepona,66,3812,334000,CFR (Rumania),2026-10-12,2027-03-19,,{}
125405,57963,2025-01-04,1080000,4,No disponible,1080,vitóan636@viajes.cl,Alcobendas,Castellón de la Plana,11,2886,270000,Nederlandse Sp,2025-01-20,2025-01-22,,{}
115838,56672,2025-04-08,450000,3,No disponible,450,víctor880107@viajes.cl,Sabadell,Calahorra,17,1866,150000,TGV (SNCF),2025-08-12,2025-08-13,,{}
149906,,,,,Disponible,0,Óscarlara210@viajes.cl,Vigo,Fuengirola,5,2525,115000,RZD (Rusia),2026-06-17,2026-09-30,,{}
146284,,,,,Disponible,0,ánalba346@viajes.cl,Santiago de Compostela,Toledo,36,711,177000,Monbus,2026-02-18,,,{}
98753,64663,2025-01-24,1104000,8,No disponible,1104,Adelalugo832@viajes.cl,San Fernando,Torrelavega,49,2784,138000,Omnibus de México,2026-05-05,2026-05-06,,{}
88333,61922,2025-02-09,290000,2,No disponible,290,Alfonsovanegas280@viajes.cl,Valdemoro,Valladolid,35,3069,145000,Buses Bio Bio,2025-02-21,2025-02-23,,{}
146518,,,,,Disponible,0,Anachavarría569@viajes.cl,Barcelona,Alcobendas,30,4098,158000,Buses Ahumada,2026-05-15,,,{}
78862,62038,2026-04-16,315000,5,No disponible,315,Anasaldivar985@viajes.cl,Orihuela,Torremolinos,31,808,63000,Pullman Bus,2026-05-17,2026-05-17,,{}
120578,65042,2025-01-19,441000,3,No disponible,441,Arturoparra110@viajes.cl,Salamanca,Lugo,44,866,147000,Flecha Bus,2026-01-15,2026-01-15,,{}
146800,,,,,Disponible,0,Benjamíncoronado313@viajes.cl,Baracaldo,Santa Coloma de Gramanet,35,2123,94000,Condor Bus,2025-01-20,,,{}
146653,,,,,Disponible,0,Carlacalderón117@viajes.cl,Santa Cruz de Tenerife,Pontevedra,31,1462,117000,Estrella Roja,2025-04-21,,,{}
145527,,,,,Disponible,0,Carolinarosado152@viajes.cl,Valladolid,Mollet del Vallés,31,3840,138000,Avanza,2026-03-08,,,{}
91784,58081,2025-07-04,800000,10,No disponible,800,Claudiabermúdez356@viajes.cl,Badajoz,Mijas,30,3983,80000,Greyhound,2026-09-24,2026-09-26,,{}
105253,60273,2025-02-24,539000,7,No disponible,539,Danielacamarillo683@viajes.cl,Cáceres,Cáceres,39,1054,77000,Socibus,2025-08-29,2025-08-29,,{}
146320,,,,,Disponible,0,Diegoballesteros437@viajes.cl,Gerona,Salamanca,49,3498,53000,Plusmar,2026-01-23,,,{}
107808,59520,2025-06-30,1026000,9,No disponible,1026,Eduardocarrion243@viajes.cl,,Santa Lucía de Tirajana,37,4136,114000,JetSur,2026-10-14,2026-10-16,,{}
114043,58431,2025-07-01,696000,4,No disponible,696,Ernestosanabria252@viajes.cl,Molina de Segura,Santiago de Compostela,36,2803,174000,Buses Romani,2026-07-02,2026-07-03,,{}
146907,,,,,Disponible,0,Gabrielposada795@viajes.cl,Palencia,Badajoz,50,518,121000,Plusmar,2025-09-30,,,{}
146353,,,,,Disponible,0,Gracielachacón334@viajes.cl,Granollers,Parla,46,4013,65000,Chevallier,2025-03-31,,,{}
144614,,,,,Disponible,0,Josécastañeda430@viajes.cl,Alcorcón,Pontevedra,31,4134,148000,Primera Plus,2026-05-28,,,{}
137005,56193,2026-01-29,164000,2,No disponible,164,Juanavelasco558@viajes.cl,Benidorm,Ciudad Real,48,2344,82000,ADO,2026-02-03,2026-02-04,,{}
145804,,,,,Disponible,0,Leticiagarcía122@viajes.cl,Torrelavega,Majadahonda,39,3645,91000,Turbus,2025-09-11,,,{}
86456,62134,2025-04-16,178000,2,No disponible,178,Lourdesjimínez985@viajes.cl,Fuengirola,Burgos,36,1192,89000,Primera Plus,2025-06-07,2025-06-07,,{}
97137,57982,2025-04-23,1557000,9,No disponible,1557,Luisasalazar159@viajes.cl,Guadalajara,Alcorcón,33,1011,173000,,2026-09-25,2026-09-25,,{}
113027,57148,2025-01-02,910000,10,No disponible,910,Luzlugo949@viajes.cl,La Coruña,,32,1794,91000,JetSur,2025-01-05,2025-01-06,,{}
120378,56677,2025-07-31,392000,2,No disponible,392,Manuelanevárez837@viajes.cl,Lugo,Jerez de la Frontera,43,1582,196000,Crucero del Norte,2026-07-28,2026-07-29,,{}
98567,59430,2025-02-27,435000,5,No disponible,435,Margaritaperalta319@viajes.cl,Torremolinos,Ferrol,30,474,87000,Socibus,2025-12-28,2025-12-28,,{}
82305,64522,2025-07-06,300000,6,No disponible,300,Margaritatéllez726@viajes.cl,Sanlúcar de Barrameda,Castellón de la Plana,45,3177,50000,Buses Romani,2025-09-25,,,
144979,,,,,Disponible,0,Maríalucio404@viajes.cl,San Sebastián,Ponferrada,32,3502,86000,Condor Bus,2026-01-20,,,{}
145536,,,,,Disponible,0,Nicoláscardona792@viajes.cl,Talavera de la Reina,Irún,35,1077,196000,JetSur,2026-09-23,,,{}
100981,61090,2025-02-11,1216000,8,No disponible,1216,Pabloleal393@viajes.cl,San Cristróbal de la Laguna,Torrelavega,39,2160,152000,Via Bariloche,2025-07-17,2025-07-18,,{}
90599,61543,2025-05-02,624000,6,No disponible,624,Patriciapatiño439@viajes.cl,Majadahonda,Elche,43,1437,104000,Buses Bio Bio,2026-10-24,2026-10-24,,{}
146643,,,,,Disponible,0,Rebecapalomo261@viajes.cl,Burgos,Ávila,50,337,41000,Futura,2025-08-21,,,{}
145666,,,,,Disponible,0,Reinaleyva327@viajes.cl,Jerez de la Frontera,Cornellá de Llobregat,33,2063,92000,Plusmar,2025-07-14,,,{}
101838,60492,2025-04-19,512000,4,No disponible,512,Rubénmadera789@viajes.cl,Manresa,Zamora,50,507,128000,BoltBus,2025-12-28,2025-12-28,,{}
120770,59945,2025-01-04,522000,9,No disponible,522,Sr.bañuelos530@viajes.cl,Lugo,Majadahonda,30,313,58000,Chevallier,2025-06-17,2025-06-17,,{}
104381,65275,2025-04-11,250000,5,No disponible,250,Sr.lira601@viajes.cl,Granollers,Avilés,46,992,50000,Chevallier,2025-04-16,2025-04-16,,{}
88599,65668,2025-10-17,213000,3,No disponible,213,Sr.razo128@viajes.cl,Badajoz,Lugo,43,962,71000,Plusmar,2026-07-03,2026-07-03,,
124747,66415,2025-05-12,222000,2,No disponible,222,Sr.reséndez920@viajes.cl,Alicante,Burgos,30,3615,111000,Plusmar,2025-09-02,2025-09-04,,{}
86908,66601,2025-08-02,438000,6,No disponible,438,Sra.benavídez613@viajes.cl,Alcalá de Guadaira,Toledo,38,1379,73000,Socibus,2026-08-31,2026-08-31,,{}
146159,,,,,Disponible,0,Sra.carreón490@viajes.cl,Irún,Cádiz,46,190,6000,Estrella Roja,2026-08-28,,,{}
114899,59843,2025-03-16,350000,7,No disponible,350,Sra.franco636@viajes.cl,Mataró,Gijón,38,1706,50000,Monbus,2026-01-25,2026-01-26,,{}
145241,,,,,Disponible,0,Sra.montaño428@viajes.cl,Cornellá de Llobregat,Alcoy,41,1418,172000,Megabus,2026-05-12,,,{}
141958,66495,2025-01-04,804000,6,No disponible,804,Sra.tafoya600@viajes.cl,Granollers,Lugo,41,3005,134000,El Rápido Internacional,2025-01-25,2025-01-27,,{}
144060,61642,2025-07-16,630000,6,No disponible,630,Sta.jurado990@viajes.cl,Ferrol,Santa Coloma de Gramanet,44,1408,105000,Via Bariloche,2026-05-16,2026-05-16,,{}
145628,,,,,Disponible,0,Sta.valenzuela184@viajes.cl,Baracaldo,León,47,3036,132000,Megabus,2026-04-12,,,{}
141163,60000,2025-06-22,816000,8,No disponible,816,Sta.verdugo741@viajes.cl,Cerdañola del Vallés,Zamora,32,832,102000,Buses Bio Bio,2025-10-14,2025-10-14,,{}
142684,62049,2025-03-11,300000,6,No disponible,300,Timoteolara285@viajes.cl,León,Cornellá de Llobregat,45,1803,50000,Alsa,2026-11-01,2026-11-02,,
120028,58471,2025-02-17,1158000,6,No disponible,1158,Virginiahernández425@viajes.cl,Castellón de la Plana,Lugo,47,2678,193000,Buses Romani,2026-01-17,,,{}
129330,63659,2025-09-12,356000,4,No disponible,356,alberto5174210@viajes.cl,Móstoles,Lérida,50,2180,89000,ETN Turistar,2026-02-11,2026-02-12,,{}
145060,,,,,Disponible,0,alchva980@viajes.cl,Gandía,Collado Villalba,34,1980,126000,Buses Ahumada,2026-01-12,,,{}
126910,65385,2025-08-05,780000,4,No disponible,780,alejandra5335286@viajes.cl,Cerdañola del Vallés,Sanlúcar de Barrameda,36,997,195000,JetSur,2025-11-21,2025-11-21,,{}
145883,,,,,Disponible,0,ana2996618@viajes.cl,Almería,,48,3015,183000,Condor Bus,2026-04-22,,,{}
132447,63823,2025-03-25,174000,6,No disponible,174,anmabear207@viajes.cl,Inca,Fuengirola,47,265,29000,ETN Turistar,2025-10-01,2025-10-01,,{}
125804,59306,2025-01-26,240000,2,No disponible,240,anmacade780@viajes.cl,Elche,Alicante,31,2229,120000,Chevallier,2025-08-30,2025-08-31,,{}
146416,,,,,Disponible,0,anpevé395@viajes.cl,Oviedo,Dos Hermanas,39,3590,135000,Buses Nilahue,2026-09-11,,,{}
133837,58558,2025-01-31,1080000,6,No disponible,1080,antonio9384787@viajes.cl,Chiclana de la Frontera,Mérida,41,676,180000,ETN Turistar,2025-02-09,2025-02-09,,{}
95170,65224,2026-05-21,856000,8,No disponible,856,arsavi194@viajes.cl,Pamplona,Telde,34,3439,107000,,2026-08-26,2026-08-28,,{}
94484,56705,2025-07-14,672000,7,No disponible,672,bernardo5607682@viajes.cl,Segovia,Almería,31,2280,96000,Turbus,2025-07-27,2025-07-28,,{}
146024,,,,,Disponible,0,carla4325758@viajes.cl,Coslada,,49,1127,62000,Crucero del Norte,2026-07-27,,,{}
145181,,,,,Disponible,0,carlos3776747@viajes.cl,Benidorm,Coslada,40,481,131000,El Rápido Internacional,2025-03-08,,,{}
146226,,,,,Disponible,0,carolina6344933@viajes.cl,Elda,Gerona,37,1540,133000,Chevallier,2026-06-02,,,{}
143177,62802,2026-02-01,1467000,9,No disponible,1467,cecilia9491795@viajes.cl,Granada,Vitoria,,3732,163000,Avanza,2026-03-18,2026-03-20,,{}
145355,,,,,Disponible,0,clvaca445@viajes.cl,Palma de Mallorca,Santa Coloma de Gramanet,50,2762,137000,Greyhound,2025-12-24,,,{}
122725,65370,2025-02-27,315000,5,No disponible,315,concepción2822691@viajes.cl,Cartagena,Vitoria,35,995,63000,EME Bus,2025-07-27,,,{}
114443,59946,2025-11-11,154000,2,No disponible,154,crgrza752@viajes.cl,La Coruña,Mérida,33,4282,77000,El Rápido Internacional,2026-05-17,2026-05-19,,{}
132841,60458,2026-05-25,102000,1,No disponible,102,cristobal245607@viajes.cl,Málaga,Santander,30,2111,102000,Futura,2026-09-29,2026-09-30,,{}
123031,56635,2025-12-06,564000,3,No disponible,564,crnepa833@viajes.cl,Lorca,Torrevieja,36,1033,188000,Damas,2026-06-06,2026-06-06,,
138450,57480,2025-01-02,540000,3,No disponible,540,césar273161@viajes.cl,Lérida,Vitoria,32,2534,180000,Monbus,2025-01-07,2025-01-08,,{}
145379,,,,,Disponible,0,dorotea5846964@viajes.cl,Orense,Rivas-Vaciamadrid,36,1710,192000,JetSur,2025-10-27,,,{}
109097,64663,2025-12-16,1665000,9,No disponible,1665,elvama419@viajes.cl,Santa Lucía de Tirajana,Rubí,50,1544,185000,Alsa,2026-03-03,2026-03-04,,{}
85695,63204,2025-01-30,560000,10,No disponible,560,emilio822282@viajes.cl,El Ejido,Palma de Mallorca,,3555,56000,Plusmar,2025-09-01,2025-09-03,,{}
144974,,,,,Disponible,0,emmaab333@viajes.cl,Mijas,,36,3793,185000,Buses Bio Bio,2026-08-20,,,{}
135284,55750,2025-05-18,870000,10,No disponible,870,emroga149@viajes.cl,San Cristróbal de la Laguna,San Fernando,36,2665,87000,JetSur,2026-01-15,2026-01-16,,{}
118212,57655,2025-07-30,288000,9,No disponible,288,enrique443916@viajes.cl,Alcorcón,Benalmádena,46,123,32000,ETN Turistar,2026-02-18,2026-02-18,,{}
146452,,,,,Disponible,0,ercava760@viajes.cl,Lugo,Badajoz,43,156,6000,Buses Romani,2025-05-12,,,{}
80970,60278,2025-05-27,966000,6,No disponible,966,estela8925147@viajes.cl,San Sebastían de los Reyes,Zamora,48,1708,161000,Chevallier,2025-10-18,2025-10-19,,{}
146931,,,,,Disponible,0,eva7265295@viajes.cl,Pozuelo de Alarcón,Gerona,40,1889,160000,Damas,2026-11-18,,,{}
129938,60848,2025-06-10,800000,8,No disponible,800,feacvá813@viajes.cl,San Fernando,Alicante,49,3219,100000,Turbus,2025-11-24,2025-11-26,,{}
124051,58275,2025-08-25,242000,2,No disponible,242,febega119@viajes.cl,San Sebastián,Logroño,32,2018,121000,Futura,2025-10-04,2025-10-05,,{}
90043,65110,2026-06-07,825000,5,No disponible,825,genade978@viajes.cl,Rubí,Chiclana de la Frontera,37,3097,165000,Primera Plus,2026-08-14,2026-08-16,,{}
115056,55836,2025-01-06,125000,1,No disponible,125,guadalupe4581165@viajes.cl,San Fernando,Alcorcón,46,3281,125000,Chevallier,2025-03-23,2025-03-25,,{}
107601,66139,2025-04-17,984000,8,No disponible,984,heeslo908@viajes.cl,Gandía,Gerona,44,1802,123000,Turbus,2026-02-07,2026-02-08,,{}
145938,,,,,Disponible,0,heruro602@viajes.cl,Baracaldo,Badalona,44,2974,130000,Futura,2025-11-24,,,{}
101738,64805,2025-01-17,368000,8,No disponible,368,ignacio7155850@viajes.cl,Guadalajara,,,142,46000,Crucero del Norte,2026-03-12,2026-03-12,,{}
86340,59728,2025-07-11,280000,2,No disponible,280,isropi708@viajes.cl,Alcalá de Guadaira,Vitoria,42,999,140000,Avanza,2025-11-07,2025-11-07,,{}
145344,,,,,Disponible,0,jabani241@viajes.cl,,Ferrol,40,1409,178000,FlixBus,2025-02-12,,,{}
145209,,,,,Disponible,0,jacobo1662252@viajes.cl,Lérida,Segovia,47,3101,150000,ADO,2026-11-30,,,{}
141210,56413,2025-05-31,945000,9,No disponible,945,josé6262364@viajes.cl,Granollers,Palma de Mallorca,50,3334,105000,Buses Bio Bio,2025-08-14,2025-08-16,,{}
130941,59074,2025-08-13,1552000,8,No disponible,1552,juriro294@viajes.cl,Sevilla,Arrecife,37,3710,194000,Buses Ahumada,2026-09-25,2026-09-27,,{}
87714,59323,2025-03-11,1246000,7,No disponible,1246,laura896645@viajes.cl,Valdemoro,Lorca,40,2519,178000,Buses Ahumada,2025-03-22,2025-03-23,,{}
146904,,,,,Disponible,0,lorena2437172@viajes.cl,Tarrasa,Cerdañola del Vallés,37,2092,200000,Buses Bio Bio,2025-01-30,,,{}
146385,,,,,Disponible,0,lualba442@viajes.cl,Gecho,Orense,42,3040,75000,Turbus,2025-03-11,,,{}
137377,63118,2025-12-19,1160000,10,No disponible,1160,lueses830@viajes.cl,Segovia,Mataró,41,3914,116000,Buses Bio Bio,2026-09-06,2026-09-08,,{}
145074,,,,,Disponible,0,luis7165789@viajes.cl,San Cristróbal de la Laguna,Fuenlabrada,35,1304,119000,El Rápido Internacional,2025-10-22,,,{}
86637,57834,2025-08-16,579000,3,No disponible,579,mabuca319@viajes.cl,Granollers,Alcalá de Henares,49,3691,193000,JetSur,2026-10-12,2026-10-14,,{}
87883,65745,2025-12-01,540000,10,No disponible,540,macrpuco781@viajes.cl,,Torrejón de Ardoz,38,1505,54000,Crucero del Norte,2026-05-10,2026-05-11,,{}
145445,,,,,Disponible,0,majame421@viajes.cl,Baracaldo,Paterna,31,2138,66000,Chevallier,2025-05-15,,,{}
133676,61542,2025-01-03,1050000,6,No disponible,1050,majozúsa208@viajes.cl,Granada,Vigo,32,1926,175000,Buses Nilahue,2026-03-07,2026-03-08,,{}
144973,,,,,Disponible,0,masoga180@viajes.cl,San Sebastían de los Reyes,La Coruña,37,914,76000,Estrella Roja,2026-06-22,,,{}
146512,,,,,Disponible,0,matoan579@viajes.cl,Palencia,Dos Hermanas,,1716,106000,Via Bariloche,2025-09-28,,,{}
132555,64211,2025-01-26,660000,4,No disponible,660,pasáar780@viajes.cl,Vitoria,Albacete,49,3465,165000,BoltBus,2025-03-17,2025-03-19,,{}
85836,59693,2025-03-02,1184000,8,No disponible,1184,rafael1960467@viajes.cl,Huelva,Burgos,46,982,148000,Buses Romani,2025-03-06,2025-03-06,,{}
146593,,,,,Disponible,0,ramón1222984@viajes.cl,Alcalá de Guadaira,Molina de Segura,40,3017,58000,Primera Plus,2025-06-09,,,{}
128647,58231,2026-01-20,1370000,10,No disponible,1370,raquel9137362@viajes.cl,Cerdañola del Vallés,Cáceres,48,1705,137000,Socibus,2026-08-02,2026-08-03,,{}
109118,66565,2025-09-07,438000,3,No disponible,438,rasogu224@viajes.cl,,Córdoba,,828,146000,BoltBus,2026-11-04,,,{}
146783,,,,,Disponible,0,reina1650221@viajes.cl,Alcoy,Palencia,,1009,67000,Flecha Bus,2026-11-09,,,
144823,,,,,Disponible,0,rubén7196974@viajes.cl,Rubí,Granollers,47,279,65000,,2025-08-14,,,{}
107245,58491,2025-01-06,1930000,10,No disponible,1930,sabaca244@viajes.cl,Cuenta,Gandía,50,980,193000,Pullman Bus,2026-07-12,2026-07-12,,{}
135660,64704,2025-07-09,1080000,8,No disponible,1080,santiago3935258@viajes.cl,Oviedo,Benidorm,,1088,135000,Monbus,2026-01-31,2026-01-31,,{}
98888,66284,2025-01-01,1230000,10,No disponible,1230,sogrza951@viajes.cl,Madrid,Avilés,33,3926,123000,Omnibus de México,2025-01-04,2025-01-06,,{}
133520,65344,2025-04-28,354000,6,No disponible,354,sr.8467531@viajes.cl,Toledo,Cáceres,47,2083,59000,Monbus,2025-07-03,2025-07-04,,{}
144668,,,,,Disponible,0,sra.3992295@viajes.cl,Mollet del Vallés,,32,3138,98000,Buses Romani,2026-09-27,,,{}
88950,57398,2025-04-25,76000,4,No disponible,76,sra.7178466@viajes.cl,Ponferrada,Roquetas de Mar,40,212,19000,BoltBus,2025-05-18,2025-05-18,,{}
79437,64738,2025-02-13,220000,5,No disponible,220,sranlusagu985@viajes.cl,Cerdañola del Vallés,Badajoz,34,467,44000,Via Bariloche,2025-10-01,2025-10-01,,{}
116487,62635,2025-03-19,272000,4,No disponible,272,srbeduva749@viajes.cl,Santa Lucía de Tirajana,Sanlúcar de Barrameda,43,1710,68000,ETN Turistar,2025-04-27,2025-04-28,,{}
124194,59889,2025-08-02,143000,1,No disponible,143,srfegara834@viajes.cl,Mollet del Vallés,Fuengirola,47,4207,143000,Condor Bus,2025-08-08,2025-08-10,,{}
106533,64733,2025-10-27,248000,4,No disponible,248,srjoluolme677@viajes.cl,Benidorm,Torrelavega,46,1926,62000,Greyhound,2026-05-21,2026-05-22,,
99694,55600,2025-01-05,102000,6,No disponible,102,srmabare460@viajes.cl,Orihuela,Molina de Segura,39,236,17000,Chevallier,2025-01-11,,,{}
136484,59846,2025-06-30,780000,4,No disponible,780,srnisolu819@viajes.cl,Ceuta,Alcalá de Guadaira,33,1982,195000,Primera Plus,2025-08-25,2025-08-26,,{}
146074,,,,,Disponible,0,srocbega579@viajes.cl,Orense,Chiclana de la Frontera,50,971,155000,Turbus,2026-11-20,,,{}
146263,,,,,Disponible,0,srsacona119@viajes.cl,Rivas-Vaciamadrid,Alcobendas,32,1742,142000,ADO,2026-09-22,,,{}
107213,56249,2025-09-14,1650000,10,No disponible,1650,sta.8501502@viajes.cl,Orihuela,Estepona,43,1497,165000,,2026-07-28,2026-07-29,,{}
145053,,,,,Disponible,0,sta.8775554@viajes.cl,Sanlúcar de Barrameda,San Sebastián,44,2532,87000,Via Bariloche,2026-08-21,,,{}
146424,,,,,Disponible,0,stjetilo156@viajes.cl,Roquetas de Mar,Gecho,42,710,169000,Turbus,2026-02-06,,,
146566,,,,,Disponible,0,stjomuca556@viajes.cl,Torrevieja,Paterna,,1844,115000,,2025-04-05,,,{}
145476,,,,,Disponible,0,stjucéchol772@viajes.cl,Gecho,Rivas-Vaciamadrid,45,2823,190000,Monbus,2025-02-19,,,
146240,,,,,Disponible,0,stracemo760@viajes.cl,,Lorca,45,3812,65000,Primera Plus,2026-04-20,,,{}
109469,59572,2025-05-30,890000,5,No disponible,890,stroraca212@viajes.cl,Oviedo,Cádiz,50,1456,178000,Buses Romani,2025-06-29,2025-06-30,,{}
102645,66335,2025-06-05,1020000,10,No disponible,1020,verónica6989524@viajes.cl,Santa Lucía de Tirajana,,45,2418,102000,Primera Plus,2025-09-17,2025-09-18,,{}
115533,58006,2025-02-28,540000,4,No disponible,540,victoria3315739@viajes.cl,Benalmádena,Molina de Segura,31,2603,135000,,2025-03-11,2025-03-12,,{}
146284,,,,,Disponible,0,ánalba346@viajes.cl,Santiago de Compostela,Toledo,36,711,177000,Monbus,2026-02-18,,,{}
98753,64663,2025-01-24,1104000,8,No disponible,1104,Adelalugo832@viajes.cl,San Fernando,Torrelavega,49,2784,138000,Omnibus de México,2026-05-05,2026-05-06,,{}
88333,61922,2025-02-09,290000,2,No disponible,290,Alfonsovanegas280@viajes.cl,Valdemoro,Valladolid,35,3069,145000,Buses Bio Bio,2025-02-21,2025-02-23,,{}
146518,,,,,Disponible,0,Anachavarría569@viajes.cl,Barcelona,Alcobendas,30,4098,158000,Buses Ahumada,2026-05-15,,,{}
78862,62038,2026-04-16,315000,5,No disponible,315,Anasaldivar985@viajes.cl,Orihuela,Torremolinos,31,808,63000,Pullman Bus,2026-05-17,2026-05-17,,{}
120578,65042,2025-01-19,441000,3,No disponible,441,Arturoparra110@viajes.cl,Salamanca,Lugo,44,866,147000,Flecha Bus,2026-01-15,2026-01-15,,{}
146800,,,,,Disponible,0,Benjamíncoronado313@viajes.cl,Baracaldo,Santa Coloma de Gramanet,35,2123,94000,Condor Bus,2025-01-20,,,{}
146653,,,,,Disponible,0,Carlacalderón117@viajes.cl,Santa Cruz de Tenerife,Pontevedra,31,1462,117000,Estrella Roja,2025-04-21,,,{}
145527,,,,,Disponible,0,Carolinarosado152@viajes.cl,Valladolid,Mollet del Vallés,31,3840,138000,Avanza,2026-03-08,,,{}
91784,58081,2025-07-04,800000,10,No disponible,800,Claudiabermúdez356@viajes.cl,Badajoz,Mijas,30,3983,80000,Greyhound,2026-09-24,2026-09-26,,{}
105253,60273,2025-02-24,539000,7,No disponible,539,Danielacamarillo683@viajes.cl,Cáceres,Cáceres,39,1054,77000,Socibus,2025-08-29,2025-08-29,,{}
146320,,,,,Disponible,0,Diegoballesteros437@viajes.cl,Gerona,Salamanca,49,3498,53000,Plusmar,2026-01-23,,,{}
107808,59520,2025-06-30,1026000,9,No disponible,1026,Eduardocarrion243@viajes.cl,,Santa Lucía de Tirajana,37,4136,114000,JetSur,2026-10-14,2026-10-16,,{}
114043,58431,2025-07-01,696000,4,No disponible,696,Ernestosanabria252@viajes.cl,Molina de Segura,Santiago de Compostela,36,2803,174000,Buses Romani,2026-07-02,2026-07-03,,{}
146907,,,,,Disponible,0,Gabrielposada795@viajes.cl,Palencia,Badajoz,50,518,121000,Plusmar,2025-09-30,,,{}
146353,,,,,Disponible,0,Gracielachacón334@viajes.cl,Granollers,Parla,46,4013,65000,Chevallier,2025-03-31,,,{}
144614,,,,,Disponible,0,Josécastañeda430@viajes.cl,Alcorcón,Pontevedra,31,4134,148000,Primera Plus,2026-05-28,,,{}
137005,56193,2026-01-29,164000,2,No disponible,164,Juanavelasco558@viajes.cl,Benidorm,Ciudad Real,48,2344,82000,ADO,2026-02-03,2026-02-04,,{}
145804,,,,,Disponible,0,Leticiagarcía122@viajes.cl,Torrelavega,Majadahonda,39,3645,91000,Turbus,2025-09-11,,,{}
86456,62134,2025-04-16,178000,2,No disponible,178,Lourdesjimínez985@viajes.cl,Fuengirola,Burgos,36,1192,89000,Primera Plus,2025-06-07,2025-06-07,,{}
97137,57982,2025-04-23,1557000,9,No disponible,1557,Luisasalazar159@viajes.cl,Guadalajara,Alcorcón,33,1011,173000,,2026-09-25,2026-09-25,,{}
113027,57148,2025-01-02,910000,10,No disponible,910,Luzlugo949@viajes.cl,La Coruña,,32,1794,91000,JetSur,2025-01-05,2025-01-06,,{}
120378,56677,2025-07-31,392000,2,No disponible,392,Manuelanevárez837@viajes.cl,Lugo,Jerez de la Frontera,43,1582,196000,Crucero del Norte,2026-07-28,2026-07-29,,{}
98567,59430,2025-02-27,435000,5,No disponible,435,Margaritaperalta319@viajes.cl,Torremolinos,Ferrol,30,474,87000,Socibus,2025-12-28,2025-12-28,,{}
82305,64522,2025-07-06,300000,6,No disponible,300,Margaritatéllez726@viajes.cl,Sanlúcar de Barrameda,Castellón de la Plana,45,3177,50000,Buses Romani,2025-09-25,,,
144979,,,,,Disponible,0,Maríalucio404@viajes.cl,San Sebastián,Ponferrada,32,3502,86000,Condor Bus,2026-01-20,,,{}
145536,,,,,Disponible,0,Nicoláscardona792@viajes.cl,Talavera de la Reina,Irún,35,1077,196000,JetSur,2026-09-23,,,{}
100981,61090,2025-02-11,1216000,8,No disponible,1216,Pabloleal393@viajes.cl,San Cristróbal de la Laguna,Torrelavega,39,2160,152000,Via Bariloche,2025-07-17,2025-07-18,,{}
90599,61543,2025-05-02,624000,6,No disponible,624,Patriciapatiño439@viajes.cl,Majadahonda,Elche,43,1437,104000,Buses Bio Bio,2026-10-24,2026-10-24,,{}
146643,,,,,Disponible,0,Rebecapalomo261@viajes.cl,Burgos,Ávila,50,337,41000,Futura,2025-08-21,,,{}
145666,,,,,Disponible,0,Reinaleyva327@viajes.cl,Jerez de la Frontera,Cornellá de Llobregat,33,2063,92000,Plusmar,2025-07-14,,,{}
101838,60492,2025-04-19,512000,4,No disponible,512,Rubénmadera789@viajes.cl,Manresa,Zamora,50,507,128000,BoltBus,2025-12-28,2025-12-28,,{}
120770,59945,2025-01-04,522000,9,No disponible,522,Sr.bañuelos530@viajes.cl,Lugo,Majadahonda,30,313,58000,Chevallier,2025-06-17,2025-06-17,,{}
104381,65275,2025-04-11,250000,5,No disponible,250,Sr.lira601@viajes.cl,Granollers,Avilés,46,992,50000,Chevallier,2025-04-16,2025-04-16,,{}
88599,65668,2025-10-17,213000,3,No disponible,213,Sr.razo128@viajes.cl,Badajoz,Lugo,43,962,71000,Plusmar,2026-07-03,2026-07-03,,
124747,66415,2025-05-12,222000,2,No disponible,222,Sr.reséndez920@viajes.cl,Alicante,Burgos,30,3615,111000,Plusmar,2025-09-02,2025-09-04,,{}
86908,66601,2025-08-02,438000,6,No disponible,438,Sra.benavídez613@viajes.cl,Alcalá de Guadaira,Toledo,38,1379,73000,Socibus,2026-08-31,2026-08-31,,{}
146159,,,,,Disponible,0,Sra.carreón490@viajes.cl,Irún,Cádiz,46,190,6000,Estrella Roja,2026-08-28,,,{}
114899,59843,2025-03-16,350000,7,No disponible,350,Sra.franco636@viajes.cl,Mataró,Gijón,38,1706,50000,Monbus,2026-01-25,2026-01-26,,{}
145241,,,,,Disponible,0,Sra.montaño428@viajes.cl,Cornellá de Llobregat,Alcoy,41,1418,172000,Megabus,2026-05-12,,,{}
141958,66495,2025-01-04,804000,6,No disponible,804,Sra.tafoya600@viajes.cl,Granollers,Lugo,41,3005,134000,El Rápido Internacional,2025-01-25,2025-01-27,,{}
144060,61642,2025-07-16,630000,6,No disponible,630,Sta.jurado990@viajes.cl,Ferrol,Santa Coloma de Gramanet,44,1408,105000,Via Bariloche,2026-05-16,2026-05-16,,{}
145628,,,,,Disponible,0,Sta.valenzuela184@viajes.cl,Baracaldo,León,47,3036,132000,Megabus,2026-04-12,,,{}
141163,60000,2025-06-22,816000,8,No disponible,816,Sta.verdugo741@viajes.cl,Cerdañola del Vallés,Zamora,32,832,102000,Buses Bio Bio,2025-10-14,2025-10-14,,{}
142684,62049,2025-03-11,300000,6,No disponible,300,Timoteolara285@viajes.cl,León,Cornellá de Llobregat,45,1803,50000,Alsa,2026-11-01,2026-11-02,,
105253,60273,2025-02-24,539000,7,No disponible,539,Danielacamarillo683@viajes.cl,Cáceres,Cáceres,39,1054,77000,Socibus,2025-08-29,2025-08-29,,{}
120028,58471,2025-02-17,1158000,6,No disponible,1158,Virginiahernández425@viajes.cl,Castellón de la Plana,Lugo,47,2678,193000,Buses Romani,2026-01-17,,,{}
129330,63659,2025-09-12,356000,4,No disponible,356,alberto5174210@viajes.cl,Móstoles,Lérida,50,2180,89000,ETN Turistar,2026-02-11,2026-02-12,,{}
145060,,,,,Disponible,0,alchva980@viajes.cl,Gandía,Collado Villalba,34,1980,126000,Buses Ahumada,2026-01-12,,,{}
126910,65385,2025-08-05,780000,4,No disponible,780,alejandra5335286@viajes.cl,Cerdañola del Vallés,Sanlúcar de Barrameda,36,997,195000,JetSur,2025-11-21,2025-11-21,,{}
145883,,,,,Disponible,0,ana2996618@viajes.cl,Almería,,48,3015,183000,Condor Bus,2026-04-22,,,{}
132447,63823,2025-03-25,174000,6,No disponible,174,anmabear207@viajes.cl,Inca,Fuengirola,47,265,29000,ETN Turistar,2025-10-01,2025-10-01,,{}
125804,59306,2025-01-26,240000,2,No disponible,240,anmacade780@viajes.cl,Elche,Alicante,31,2229,120000,Chevallier,2025-08-30,2025-08-31,,{}
146416,,,,,Disponible,0,anpevé395@viajes.cl,Oviedo,Dos Hermanas,39,3590,135000,Buses Nilahue,2026-09-11,,,{}
133837,58558,2025-01-31,1080000,6,No disponible,1080,antonio9384787@viajes.cl,Chiclana de la Frontera,Mérida,41,676,180000,ETN Turistar,2025-02-09,2025-02-09,,{}
95170,65224,2026-05-21,856000,8,No disponible,856,arsavi194@viajes.cl,Pamplona,Telde,34,3439,107000,,2026-08-26,2026-08-28,,{}
94484,56705,2025-07-14,672000,7,No disponible,672,bernardo5607682@viajes.cl,Segovia,Almería,31,2280,96000,Turbus,2025-07-27,2025-07-28,,{}
146024,,,,,Disponible,0,carla4325758@viajes.cl,Coslada,,49,1127,62000,Crucero del Norte,2026-07-27,,,{}
145181,,,,,Disponible,0,carlos3776747@viajes.cl,Benidorm,Coslada,40,481,131000,El Rápido Internacional,2025-03-08,,,{}
146226,,,,,Disponible,0,carolina6344933@viajes.cl,Elda,Gerona,37,1540,133000,Chevallier,2026-06-02,,,{}
143177,62802,2026-02-01,1467000,9,No disponible,1467,cecilia9491795@viajes.cl,Granada,Vitoria,,3732,163000,Avanza,2026-03-18,2026-03-20,,{}
145355,,,,,Disponible,0,clvaca445@viajes.cl,Palma de Mallorca,Santa Coloma de Gramanet,50,2762,137000,Greyhound,2025-12-24,,,{}
122725,65370,2025-02-27,315000,5,No disponible,315,concepción2822691@viajes.cl,Cartagena,Vitoria,35,995,63000,EME Bus,2025-07-27,,,{}
114443,59946,2025-11-11,154000,2,No disponible,154,crgrza752@viajes.cl,La Coruña,Mérida,33,4282,77000,El Rápido Internacional,2026-05-17,2026-05-19,,{}
132841,60458,2026-05-25,102000,1,No disponible,102,cristobal245607@viajes.cl,Málaga,Santander,30,2111,102000,Futura,2026-09-29,2026-09-30,,{}
123031,56635,2025-12-06,564000,3,No disponible,564,crnepa833@viajes.cl,Lorca,Torrevieja,36,1033,188000,Damas,2026-06-06,2026-06-06,,
138450,57480,2025-01-02,540000,3,No disponible,540,césar273161@viajes.cl,Lérida,Vitoria,32,2534,180000,Monbus,2025-01-07,2025-01-08,,{}
145379,,,,,Disponible,0,dorotea5846964@viajes.cl,Orense,Rivas-Vaciamadrid,36,1710,192000,JetSur,2025-10-27,,,{}
109097,64663,2025-12-16,1665000,9,No disponible,1665,elvama419@viajes.cl,Santa Lucía de Tirajana,Rubí,50,1544,185000,Alsa,2026-03-03,2026-03-04,,{}
85695,63204,2025-01-30,560000,10,No disponible,560,emilio822282@viajes.cl,El Ejido,Palma de Mallorca,,3555,56000,Plusmar,2025-09-01,2025-09-03,,{}
144974,,,,,Disponible,0,emmaab333@viajes.cl,Mijas,,36,3793,185000,Buses Bio Bio,2026-08-20,,,{}
135284,55750,2025-05-18,870000,10,No disponible,870,emroga149@viajes.cl,San Cristróbal de la Laguna,San Fernando,36,2665,87000,JetSur,2026-01-15,2026-01-16,,{}
118212,57655,2025-07-30,288000,9,No disponible,288,enrique443916@viajes.cl,Alcorcón,Benalmádena,46,123,32000,ETN Turistar,2026-02-18,2026-02-18,,{}
146452,,,,,Disponible,0,ercava760@viajes.cl,Lugo,Badajoz,43,156,6000,Buses Romani,2025-05-12,,,{}
80970,60278,2025-05-27,966000,6,No disponible,966,estela8925147@viajes.cl,San Sebastían de los Reyes,Zamora,48,1708,161000,Chevallier,2025-10-18,2025-10-19,,{}
146931,,,,,Disponible,0,eva7265295@viajes.cl,Pozuelo de Alarcón,Gerona,40,1889,160000,Damas,2026-11-18,,,{}
129938,60848,2025-06-10,800000,8,No disponible,800,feacvá813@viajes.cl,San Fernando,Alicante,49,3219,100000,Turbus,2025-11-24,2025-11-26,,{}
124051,58275,2025-08-25,242000,2,No disponible,242,febega119@viajes.cl,San Sebastián,Logroño,32,2018,121000,Futura,2025-10-04,2025-10-05,,{}
90043,65110,2026-06-07,825000,5,No disponible,825,genade978@viajes.cl,Rubí,Chiclana de la Frontera,37,3097,165000,Primera Plus,2026-08-14,2026-08-16,,{}
115056,55836,2025-01-06,125000,1,No disponible,125,guadalupe4581165@viajes.cl,San Fernando,Alcorcón,46,3281,125000,Chevallier,2025-03-23,2025-03-25,,{}
107601,66139,2025-04-17,984000,8,No disponible,984,heeslo908@viajes.cl,Gandía,Gerona,44,1802,123000,Turbus,2026-02-07,2026-02-08,,{}
145938,,,,,Disponible,0,heruro602@viajes.cl,Baracaldo,Badalona,44,2974,130000,Futura,2025-11-24,,,{}
101738,64805,2025-01-17,368000,8,No disponible,368,ignacio7155850@viajes.cl,Guadalajara,,,142,46000,Crucero del Norte,2026-03-12,2026-03-12,,{}
86340,59728,2025-07-11,280000,2,No disponible,280,isropi708@viajes.cl,Alcalá de Guadaira,Vitoria,42,999,140000,Avanza,2025-11-07,2025-11-07,,{}
145344,,,,,Disponible,0,jabani241@viajes.cl,,Ferrol,40,1409,178000,FlixBus,2025-02-12,,,{}
145209,,,,,Disponible,0,jacobo1662252@viajes.cl,Lérida,Segovia,47,3101,150000,ADO,2026-11-30,,,{}
146930,,,,,Disponible,0,jolufepa617@viajes.cl,Torremolinos,Rubí,47,1173,109000,Monbus,2025-08-04,,,{}
141210,56413,2025-05-31,945000,9,No disponible,945,josé6262364@viajes.cl,Granollers,Palma de Mallorca,50,3334,105000,Buses Bio Bio,2025-08-14,2025-08-16,,{}
130941,59074,2025-08-13,1552000,8,No disponible,1552,juriro294@viajes.cl,Sevilla,Arrecife,37,3710,194000,Buses Ahumada,2026-09-25,2026-09-27,,{}
87714,59323,2025-03-11,1246000,7,No disponible,1246,laura896645@viajes.cl,Valdemoro,Lorca,40,2519,178000,Buses Ahumada,2025-03-22,2025-03-23,,{}
146904,,,,,Disponible,0,lorena2437172@viajes.cl,Tarrasa,Cerdañola del Vallés,37,2092,200000,Buses Bio Bio,2025-01-30,,,{}
146385,,,,,Disponible,0,lualba442@viajes.cl,Gecho,Orense,42,3040,75000,Turbus,2025-03-11,,,{}
137377,63118,2025-12-19,1160000,10,No disponible,1160,lueses830@viajes.cl,Segovia,Mataró,41,3914,116000,Buses Bio Bio,2026-09-06,2026-09-08,,{}
145074,,,,,Disponible,0,luis7165789@viajes.cl,San Cristróbal de la Laguna,Fuenlabrada,35,1304,119000,El Rápido Internacional,2025-10-22,,,{}
86637,57834,2025-08-16,579000,3,No disponible,579,mabuca319@viajes.cl,Granollers,Alcalá de Henares,49,3691,193000,JetSur,2026-10-12,2026-10-14,,{}
87883,65745,2025-12-01,540000,10,No disponible,540,macrpuco781@viajes.cl,,Torrejón de Ardoz,38,1505,54000,Crucero del Norte,2026-05-10,2026-05-11,,{}
145445,,,,,Disponible,0,majame421@viajes.cl,Baracaldo,Paterna,31,2138,66000,Chevallier,2025-05-15,,,{}
133676,61542,2025-01-03,1050000,6,No disponible,1050,majozúsa208@viajes.cl,Granada,Vigo,32,1926,175000,Buses Nilahue,2026-03-07,2026-03-08,,{}
144973,,,,,Disponible,0,masoga180@viajes.cl,San Sebastían de los Reyes,La Coruña,37,914,76000,Estrella Roja,2026-06-22,,,{}
146512,,,,,Disponible,0,matoan579@viajes.cl,Palencia,Dos Hermanas,,1716,106000,Via Bariloche,2025-09-28,,,{}
132555,64211,2025-01-26,660000,4,No disponible,660,pasáar780@viajes.cl,Vitoria,Albacete,49,3465,165000,BoltBus,2025-03-17,2025-03-19,,{}
85836,59693,2025-03-02,1184000,8,No disponible,1184,rafael1960467@viajes.cl,Huelva,Burgos,46,982,148000,Buses Romani,2025-03-06,2025-03-06,,{}
146593,,,,,Disponible,0,ramón1222984@viajes.cl,Alcalá de Guadaira,Molina de Segura,40,3017,58000,Primera Plus,2025-06-09,,,{}
128647,58231,2026-01-20,1370000,10,No disponible,1370,raquel9137362@viajes.cl,Cerdañola del Vallés,Cáceres,48,1705,137000,Socibus,2026-08-02,2026-08-03,,{}
109118,66565,2025-09-07,438000,3,No disponible,438,rasogu224@viajes.cl,,Córdoba,,828,146000,BoltBus,2026-11-04,,,{}
146783,,,,,Disponible,0,reina1650221@viajes.cl,Alcoy,Palencia,,1009,67000,Flecha Bus,2026-11-09,,,
144823,,,,,Disponible,0,rubén7196974@viajes.cl,Rubí,Granollers,47,279,65000,,2025-08-14,,,{}
107245,58491,2025-01-06,1930000,10,No disponible,1930,sabaca244@viajes.cl,Cuenta,Gandía,50,980,193000,Pullman Bus,2026-07-12,2026-07-12,,{}
135660,64704,2025-07-09,1080000,8,No disponible,1080,santiago3935258@viajes.cl,Oviedo,Benidorm,,1088,135000,Monbus,2026-01-31,2026-01-31,,{}
98888,66284,2025-01-01,1230000,10,No disponible,1230,sogrza951@viajes.cl,Madrid,Avilés,33,3926,123000,Omnibus de México,2025-01-04,2025-01-06,,{}
133520,65344,2025-04-28,354000,6,No disponible,354,sr.8467531@viajes.cl,Toledo,Cáceres,47,2083,59000,Monbus,2025-07-03,2025-07-04,,{}
144668,,,,,Disponible,0,sra.3992295@viajes.cl,Mollet del Vallés,,32,3138,98000,Buses Romani,2026-09-27,,,{}
88950,57398,2025-04-25,76000,4,No disponible,76,sra.7178466@viajes.cl,Ponferrada,Roquetas de Mar,40,212,19000,BoltBus,2025-05-18,2025-05-18,,{}
79437,64738,2025-02-13,220000,5,No disponible,220,sranlusagu985@viajes.cl,Cerdañola del Vallés,Badajoz,34,467,44000,Via Bariloche,2025-10-01,2025-10-01,,{}
116487,62635,2025-03-19,272000,4,No disponible,272,srbeduva749@viajes.cl,Santa Lucía de Tirajana,Sanlúcar de Barrameda,43,1710,68000,ETN Turistar,2025-04-27,2025-04-28,,{}
124194,59889,2025-08-02,143000,1,No disponible,143,srfegara834@viajes.cl,Mollet del Vallés,Fuengirola,47,4207,143000,Condor Bus,2025-08-08,2025-08-10,,{}
106533,64733,2025-10-27,248000,4,No disponible,248,srjoluolme677@viajes.cl,Benidorm,Torrelavega,46,1926,62000,Greyhound,2026-05-21,2026-05-22,,
99694,55600,2025-01-05,102000,6,No disponible,102,srmabare460@viajes.cl,Orihuela,Molina de Segura,39,236,17000,Chevallier,2025-01-11,,,{}
136484,59846,2025-06-30,780000,4,No disponible,780,srnisolu819@viajes.cl,Ceuta,Alcalá de Guadaira,33,1982,195000,Primera Plus,2025-08-25,2025-08-26,,{}
146074,,,,,Disponible,0,srocbega579@viajes.cl,Orense,Chiclana de la Frontera,50,971,155000,Turbus,2026-11-20,,,{}
146263,,,,,Disponible,0,srsacona119@viajes.cl,Rivas-Vaciamadrid,Alcobendas,32,1742,142000,ADO,2026-09-22,,,{}
107213,56249,2025-09-14,1650000,10,No disponible,1650,sta.8501502@viajes.cl,Orihuela,Estepona,43,1497,165000,,2026-07-28,2026-07-29,,{}
145053,,,,,Disponible,0,sta.8775554@viajes.cl,Sanlúcar de Barrameda,San Sebastián,44,2532,87000,Via Bariloche,2026-08-21,,,{}
146424,,,,,Disponible,0,stjetilo156@viajes.cl,Roquetas de Mar,Gecho,42,710,169000,Turbus,2026-02-06,,,
146566,,,,,Disponible,0,stjomuca556@viajes.cl,Torrevieja,Paterna,,1844,115000,,2025-04-05,,,{}
145476,,,,,Disponible,0,stjucéchol772@viajes.cl,Gecho,Rivas-Vaciamadrid,45,2823,190000,Monbus,2025-02-19,,,
146240,,,,,Disponible,0,stracemo760@viajes.cl,,Lorca,45,3812,65000,Primera Plus,2026-04-20,,,{}
109469,59572,2025-05-30,890000,5,No disponible,890,stroraca212@viajes.cl,Oviedo,Cádiz,50,1456,178000,Buses Romani,2025-06-29,2025-06-30,,{}
102645,66335,2025-06-05,1020000,10,No disponible,1020,verónica6989524@viajes.cl,Santa Lucía de Tirajana,,45,2418,102000,Primera Plus,2025-09-17,2025-09-18,,{}
115533,58006,2025-02-28,540000,4,No disponible,540,victoria3315739@viajes.cl,Benalmádena,Molina de Segura,31,2603,135000,,2025-03-11,2025-03-12,,{}
146284,,,,,Disponible,0,ánalba346@viajes.cl,Santiago de Compostela,Toledo,36,711,177000,Monbus,2026-02-18,,,{}
98753,64663,2025-01-24,1104000,8,No disponible,1104,Adelalugo832@viajes.cl,San Fernando,Torrelavega,49,2784,138000,Omnibus de México,2026-05-05,2026-05-06,,{}
88333,61922,2025-02-09,290000,2,No disponible,290,Alfonsovanegas280@viajes.cl,Valdemoro,Valladolid,35,3069,145000,Buses Bio Bio,2025-02-21,2025-02-23,,{}
146518,,,,,Disponible,0,Anachavarría569@viajes.cl,Barcelona,Alcobendas,30,4098,158000,Buses Ahumada,2026-05-15,,,{}
78862,62038,2026-04-16,315000,5,No disponible,315,Anasaldivar985@viajes.cl,Orihuela,Torremolinos,31,808,63000,Pullman Bus,2026-05-17,2026-05-17,,{}
120578,65042,2025-01-19,441000,3,No disponible,441,Arturoparra110@viajes.cl,Salamanca,Lugo,44,866,147000,Flecha Bus,2026-01-15,2026-01-15,,{}
146800,,,,,Disponible,0,Benjamíncoronado313@viajes.cl,Baracaldo,Santa Coloma de Gramanet,35,2123,94000,Condor Bus,2025-01-20,,,{}
146653,,,,,Disponible,0,Carlacalderón117@viajes.cl,Santa Cruz de Tenerife,Pontevedra,31,1462,117000,Estrella Roja,2025-04-21,,,{}
145527,,,,,Disponible,0,Carolinarosado152@viajes.cl,Valladolid,Mollet del Vallés,31,3840,138000,Avanza,2026-03-08,,,{}
91784,58081,2025-07-04,800000,10,No disponible,800,Claudiabermúdez356@viajes.cl,Badajoz,Mijas,30,3983,80000,Greyhound,2026-09-24,2026-09-26,,{}
146320,,,,,Disponible,0,Diegoballesteros437@viajes.cl,Gerona,Salamanca,49,3498,53000,Plusmar,2026-01-23,,,{}
107808,59520,2025-06-30,1026000,9,No disponible,1026,Eduardocarrion243@viajes.cl,,Santa Lucía de Tirajana,37,4136,114000,JetSur,2026-10-14,2026-10-16,,{}
114043,58431,2025-07-01,696000,4,No disponible,696,Ernestosanabria252@viajes.cl,Molina de Segura,Santiago de Compostela,36,2803,174000,Buses Romani,2026-07-02,2026-07-03,,{}
146907,,,,,Disponible,0,Gabrielposada795@viajes.cl,Palencia,Badajoz,50,518,121000,Plusmar,2025-09-30,,,{}
146353,,,,,Disponible,0,Gracielachacón334@viajes.cl,Granollers,Parla,46,4013,65000,Chevallier,2025-03-31,,,{}
144614,,,,,Disponible,0,Josécastañeda430@viajes.cl,Alcorcón,Pontevedra,31,4134,148000,Primera Plus,2026-05-28,,,{}
137005,56193,2026-01-29,164000,2,No disponible,164,Juanavelasco558@viajes.cl,Benidorm,Ciudad Real,48,2344,82000,ADO,2026-02-03,2026-02-04,,{}
145804,,,,,Disponible,0,Leticiagarcía122@viajes.cl,Torrelavega,Majadahonda,39,3645,91000,Turbus,2025-09-11,,,{}
86456,62134,2025-04-16,178000,2,No disponible,178,Lourdesjimínez985@viajes.cl,Fuengirola,Burgos,36,1192,89000,Primera Plus,2025-06-07,2025-06-07,,{}
97137,57982,2025-04-23,1557000,9,No disponible,1557,Luisasalazar159@viajes.cl,Guadalajara,Alcorcón,33,1011,173000,,2026-09-25,2026-09-25,,{}
113027,57148,2025-01-02,910000,10,No disponible,910,Luzlugo949@viajes.cl,La Coruña,,32,1794,91000,JetSur,2025-01-05,2025-01-06,,{}
120378,56677,2025-07-31,392000,2,No disponible,392,Manuelanevárez837@viajes.cl,Lugo,Jerez de la Frontera,43,1582,196000,Crucero del Norte,2026-07-28,2026-07-29,,{}
98567,59430,2025-02-27,435000,5,No disponible,435,Margaritaperalta319@viajes.cl,Torremolinos,Ferrol,30,474,87000,Socibus,2025-12-28,2025-12-28,,{}
82305,64522,2025-07-06,300000,6,No disponible,300,Margaritatéllez726@viajes.cl,Sanlúcar de Barrameda,Castellón de la Plana,45,3177,50000,Buses Romani,2025-09-25,,,
144979,,,,,Disponible,0,Maríalucio404@viajes.cl,San Sebastián,Ponferrada,32,3502,86000,Condor Bus,2026-01-20,,,{}
145536,,,,,Disponible,0,Nicoláscardona792@viajes.cl,Talavera de la Reina,Irún,35,1077,196000,JetSur,2026-09-23,,,{}
100981,61090,2025-02-11,1216000,8,No disponible,1216,Pabloleal393@viajes.cl,San Cristróbal de la Laguna,Torrelavega,39,2160,152000,Via Bariloche,2025-07-17,2025-07-18,,{}
90599,61543,2025-05-02,624000,6,No disponible,624,Patriciapatiño439@viajes.cl,Majadahonda,Elche,43,1437,104000,Buses Bio Bio,2026-10-24,2026-10-24,,{}
146643,,,,,Disponible,0,Rebecapalomo261@viajes.cl,Burgos,Ávila,50,337,41000,Futura,2025-08-21,,,{}
145666,,,,,Disponible,0,Reinaleyva327@viajes.cl,Jerez de la Frontera,Cornellá de Llobregat,33,2063,92000,Plusmar,2025-07-14,,,{}
101838,60492,2025-04-19,512000,4,No disponible,512,Rubénmadera789@viajes.cl,Manresa,Zamora,50,507,128000,BoltBus,2025-12-28,2025-12-28,,{}
120770,59945,2025-01-04,522000,9,No disponible,522,Sr.bañuelos530@viajes.cl,Lugo,Majadahonda,30,313,58000,Chevallier,2025-06-17,2025-06-17,,{}
104381,65275,2025-04-11,250000,5,No disponible,250,Sr.lira601@viajes.cl,Granollers,Avilés,46,992,50000,Chevallier,2025-04-16,2025-04-16,,{}
88599,65668,2025-10-17,213000,3,No disponible,213,Sr.razo128@viajes.cl,Badajoz,Lugo,43,962,71000,Plusmar,2026-07-03,2026-07-03,,
124747,66415,2025-05-12,222000,2,No disponible,222,Sr.reséndez920@viajes.cl,Alicante,Burgos,30,3615,111000,Plusmar,2025-09-02,2025-09-04,,{}
86908,66601,2025-08-02,438000,6,No disponible,438,Sra.benavídez613@viajes.cl,Alcalá de Guadaira,Toledo,38,1379,73000,Socibus,2026-08-31,2026-08-31,,{}
146159,,,,,Disponible,0,Sra.carreón490@viajes.cl,Irún,Cádiz,46,190,6000,Estrella Roja,2026-08-28,,,{}
114899,59843,2025-03-16,350000,7,No disponible,350,Sra.franco636@viajes.cl,Mataró,Gijón,38,1706,50000,Monbus,2026-01-25,2026-01-26,,{}
145241,,,,,Disponible,0,Sra.montaño428@viajes.cl,Cornellá de Llobregat,Alcoy,41,1418,172000,Megabus,2026-05-12,,,{}
141958,66495,2025-01-04,804000,6,No disponible,804,Sra.tafoya600@viajes.cl,Granollers,Lugo,41,3005,134000,El Rápido Internacional,2025-01-25,2025-01-27,,{}
144060,61642,2025-07-16,630000,6,No disponible,630,Sta.jurado990@viajes.cl,Ferrol,Santa Coloma de Gramanet,44,1408,105000,Via Bariloche,2026-05-16,2026-05-16,,{}
145628,,,,,Disponible,0,Sta.valenzuela184@viajes.cl,Baracaldo,León,47,3036,132000,Megabus,2026-04-12,,,{}
141163,60000,2025-06-22,816000,8,No disponible,816,Sta.verdugo741@viajes.cl,Cerdañola del Vallés,Zamora,32,832,102000,Buses Bio Bio,2025-10-14,2025-10-14,,{}
142684,62049,2025-03-11,300000,6,No disponible,300,Timoteolara285@viajes.cl,León,Cornellá de Llobregat,45,1803,50000,Alsa,2026-11-01,2026-11-02,,
120028,58471,2025-02-17,1158000,6,No disponible,1158,Virginiahernández425@viajes.cl,Castellón de la Plana,Lugo,47,2678,193000,Buses Romani,2026-01-17,,,{}
129330,63659,2025-09-12,356000,4,No disponible,356,alberto5174210@viajes.cl,Móstoles,Lérida,50,2180,89000,ETN Turistar,2026-02-11,2026-02-12,,{}
145060,,,,,Disponible,0,alchva980@viajes.cl,Gandía,Collado Villalba,34,1980,126000,Buses Ahumada,2026-01-12,,,{}
126910,65385,2025-08-05,780000,4,No disponible,780,alejandra5335286@viajes.cl,Cerdañola del Vallés,Sanlúcar de Barrameda,36,997,195000,JetSur,2025-11-21,2025-11-21,,{}
145883,,,,,Disponible,0,ana2996618@viajes.cl,Almería,,48,3015,183000,Condor Bus,2026-04-22,,,{}
132447,63823,2025-03-25,174000,6,No disponible,174,anmabear207@viajes.cl,Inca,Fuengirola,47,265,29000,ETN Turistar,2025-10-01,2025-10-01,,{}
125804,59306,2025-01-26,240000,2,No disponible,240,anmacade780@viajes.cl,Elche,Alicante,31,2229,120000,Chevallier,2025-08-30,2025-08-31,,{}
146416,,,,,Disponible,0,anpevé395@viajes.cl,Oviedo,Dos Hermanas,39,3590,135000,Buses Nilahue,2026-09-11,,,{}
133837,58558,2025-01-31,1080000,6,No disponible,1080,antonio9384787@viajes.cl,Chiclana de la Frontera,Mérida,41,676,180000,ETN Turistar,2025-02-09,2025-02-09,,{}
95170,65224,2026-05-21,856000,8,No disponible,856,arsavi194@viajes.cl,Pamplona,Telde,34,3439,107000,,2026-08-26,2026-08-28,,{}
94484,56705,2025-07-14,672000,7,No disponible,672,bernardo5607682@viajes.cl,Segovia,Almería,31,2280,96000,Turbus,2025-07-27,2025-07-28,,{}
146024,,,,,Disponible,0,carla4325758@viajes.cl,Coslada,,49,1127,62000,Crucero del Norte,2026-07-27,,,{}
145181,,,,,Disponible,0,carlos3776747@viajes.cl,Benidorm,Coslada,40,481,131000,El Rápido Internacional,2025-03-08,,,{}
146226,,,,,Disponible,0,carolina6344933@viajes.cl,Elda,Gerona,37,1540,133000,Chevallier,2026-06-02,,,{}
143177,62802,2026-02-01,1467000,9,No disponible,1467,cecilia9491795@viajes.cl,Granada,Vitoria,,3732,163000,Avanza,2026-03-18,2026-03-20,,{}
145355,,,,,Disponible,0,clvaca445@viajes.cl,Palma de Mallorca,Santa Coloma de Gramanet,50,2762,137000,Greyhound,2025-12-24,,,{}
122725,65370,2025-02-27,315000,5,No disponible,315,concepción2822691@viajes.cl,Cartagena,Vitoria,35,995,63000,EME Bus,2025-07-27,,,{}
114443,59946,2025-11-11,154000,2,No disponible,154,crgrza752@viajes.cl,La Coruña,Mérida,33,4282,77000,El Rápido Internacional,2026-05-17,2026-05-19,,{}
132841,60458,2026-05-25,102000,1,No disponible,102,cristobal245607@viajes.cl,Málaga,Santander,30,2111,102000,Futura,2026-09-29,2026-09-30,,{}
123031,56635,2025-12-06,564000,3,No disponible,564,crnepa833@viajes.cl,Lorca,Torrevieja,36,1033,188000,Damas,2026-06-06,2026-06-06,,
138450,57480,2025-01-02,540000,3,No disponible,540,césar273161@viajes.cl,Lérida,Vitoria,32,2534,180000,Monbus,2025-01-07,2025-01-08,,{}
145379,,,,,Disponible,0,dorotea5846964@viajes.cl,Orense,Rivas-Vaciamadrid,36,1710,192000,JetSur,2025-10-27,,,{}
109097,64663,2025-12-16,1665000,9,No disponible,1665,elvama419@viajes.cl,Santa Lucía de Tirajana,Rubí,50,1544,185000,Alsa,2026-03-03,2026-03-04,,{}
85695,63204,2025-01-30,560000,10,No disponible,560,emilio822282@viajes.cl,El Ejido,Palma de Mallorca,,3555,56000,Plusmar,2025-09-01,2025-09-03,,{}
144974,,,,,Disponible,0,emmaab333@viajes.cl,Mijas,,36,3793,185000,Buses Bio Bio,2026-08-20,,,{}
135284,55750,2025-05-18,870000,10,No disponible,870,emroga149@viajes.cl,San Cristróbal de la Laguna,San Fernando,36,2665,87000,JetSur,2026-01-15,2026-01-16,,{}
118212,57655,2025-07-30,288000,9,No disponible,288,enrique443916@viajes.cl,Alcorcón,Benalmádena,46,123,32000,ETN Turistar,2026-02-18,2026-02-18,,{}
146452,,,,,Disponible,0,ercava760@viajes.cl,Lugo,Badajoz,43,156,6000,Buses Romani,2025-05-12,,,{}
80970,60278,2025-05-27,966000,6,No disponible,966,estela8925147@viajes.cl,San Sebastían de los Reyes,Zamora,48,1708,161000,Chevallier,2025-10-18,2025-10-19,,{}
146931,,,,,Disponible,0,eva7265295@viajes.cl,Pozuelo de Alarcón,Gerona,40,1889,160000,Damas,2026-11-18,,,{}
129938,60848,2025-06-10,800000,8,No disponible,800,feacvá813@viajes.cl,San Fernando,Alicante,49,3219,100000,Turbus,2025-11-24,2025-11-26,,{}
124051,58275,2025-08-25,242000,2,No disponible,242,febega119@viajes.cl,San Sebastián,Logroño,32,2018,121000,Futura,2025-10-04,2025-10-05,,{}
90043,65110,2026-06-07,825000,5,No disponible,825,genade978@viajes.cl,Rubí,Chiclana de la Frontera,37,3097,165000,Primera Plus,2026-08-14,2026-08-16,,{}
115056,55836,2025-01-06,125000,1,No disponible,125,guadalupe4581165@viajes.cl,San Fernando,Alcorcón,46,3281,125000,Chevallier,2025-03-23,2025-03-25,,{}
107601,66139,2025-04-17,984000,8,No disponible,984,heeslo908@viajes.cl,Gandía,Gerona,44,1802,123000,Turbus,2026-02-07,2026-02-08,,{}
145938,,,,,Disponible,0,heruro602@viajes.cl,Baracaldo,Badalona,44,2974,130000,Futura,2025-11-24,,,{}
101738,64805,2025-01-17,368000,8,No disponible,368,ignacio7155850@viajes.cl,Guadalajara,,,142,46000,Crucero del Norte,2026-03-12,2026-03-12,,{}
86340,59728,2025-07-11,280000,2,No disponible,280,isropi708@viajes.cl,Alcalá de Guadaira,Vitoria,42,999,140000,Avanza,2025-11-07,2025-11-07,,{}
145344,,,,,Disponible,0,jabani241@viajes.cl,,Ferrol,40,1409,178000,FlixBus,2025-02-12,,,{}
145209,,,,,Disponible,0,jacobo1662252@viajes.cl,Lérida,Segovia,47,3101,150000,ADO,2026-11-30,,,{}
146930,,,,,Disponible,0,jolufepa617@viajes.cl,Torremolinos,Rubí,47,1173,109000,Monbus,2025-08-04,,,{}
141210,56413,2025-05-31,945000,9,No disponible,945,josé6262364@viajes.cl,Granollers,Palma de Mallorca,50,3334,105000,Buses Bio Bio,2025-08-14,2025-08-16,,{}
130941,59074,2025-08-13,1552000,8,No disponible,1552,juriro294@viajes.cl,Sevilla,Arrecife,37,3710,194000,Buses Ahumada,2026-09-25,2026-09-27,,{}
87714,59323,2025-03-11,1246000,7,No disponible,1246,laura896645@viajes.cl,Valdemoro,Lorca,40,2519,178000,Buses Ahumada,2025-03-22,2025-03-23,,{}
146904,,,,,Disponible,0,lorena2437172@viajes.cl,Tarrasa,Cerdañola del Vallés,37,2092,200000,Buses Bio Bio,2025-01-30,,,{}
146385,,,,,Disponible,0,lualba442@viajes.cl,Gecho,Orense,42,3040,75000,Turbus,2025-03-11,,,{}
137377,63118,2025-12-19,1160000,10,No disponible,1160,lueses830@viajes.cl,Segovia,Mataró,41,3914,116000,Buses Bio Bio,2026-09-06,2026-09-08,,{}
145074,,,,,Disponible,0,luis7165789@viajes.cl,San Cristróbal de la Laguna,Fuenlabrada,35,1304,119000,El Rápido Internacional,2025-10-22,,,{}
86637,57834,2025-08-16,579000,3,No disponible,579,mabuca319@viajes.cl,Granollers,Alcalá de Henares,49,3691,193000,JetSur,2026-10-12,2026-10-14,,{}
87883,65745,2025-12-01,540000,10,No disponible,540,macrpuco781@viajes.cl,,Torrejón de Ardoz,38,1505,54000,Crucero del Norte,2026-05-10,2026-05-11,,{}
145445,,,,,Disponible,0,majame421@viajes.cl,Baracaldo,Paterna,31,2138,66000,Chevallier,2025-05-15,,,{}
133676,61542,2025-01-03,1050000,6,No disponible,1050,majozúsa208@viajes.cl,Granada,Vigo,32,1926,175000,Buses Nilahue,2026-03-07,2026-03-08,,{}
144973,,,,,Disponible,0,masoga180@viajes.cl,San Sebastían de los Reyes,La Coruña,37,914,76000,Estrella Roja,2026-06-22,,,{}
146512,,,,,Disponible,0,matoan579@viajes.cl,Palencia,Dos Hermanas,,1716,106000,Via Bariloche,2025-09-28,,,{}
132555,64211,2025-01-26,660000,4,No disponible,660,pasáar780@viajes.cl,Vitoria,Albacete,49,3465,165000,BoltBus,2025-03-17,2025-03-19,,{}
85836,59693,2025-03-02,1184000,8,No disponible,1184,rafael1960467@viajes.cl,Huelva,Burgos,46,982,148000,Buses Romani,2025-03-06,2025-03-06,,{}
146593,,,,,Disponible,0,ramón1222984@viajes.cl,Alcalá de Guadaira,Molina de Segura,40,3017,58000,Primera Plus,2025-06-09,,,{}
128647,58231,2026-01-20,1370000,10,No disponible,1370,raquel9137362@viajes.cl,Cerdañola del Vallés,Cáceres,48,1705,137000,Socibus,2026-08-02,2026-08-03,,{}
109118,66565,2025-09-07,438000,3,No disponible,438,rasogu224@viajes.cl,,Córdoba,,828,146000,BoltBus,2026-11-04,,,{}
146783,,,,,Disponible,0,reina1650221@viajes.cl,Alcoy,Palencia,,1009,67000,Flecha Bus,2026-11-09,,,
144823,,,,,Disponible,0,rubén7196974@viajes.cl,Rubí,Granollers,47,279,65000,,2025-08-14,,,{}
107245,58491,2025-01-06,1930000,10,No disponible,1930,sabaca244@viajes.cl,Cuenta,Gandía,50,980,193000,Pullman Bus,2026-07-12,2026-07-12,,{}
135660,64704,2025-07-09,1080000,8,No disponible,1080,santiago3935258@viajes.cl,Oviedo,Benidorm,,1088,135000,Monbus,2026-01-31,2026-01-31,,{}
98888,66284,2025-01-01,1230000,10,No disponible,1230,sogrza951@viajes.cl,Madrid,Avilés,33,3926,123000,Omnibus de México,2025-01-04,2025-01-06,,{}
133520,65344,2025-04-28,354000,6,No disponible,354,sr.8467531@viajes.cl,Toledo,Cáceres,47,2083,59000,Monbus,2025-07-03,2025-07-04,,{}
144668,,,,,Disponible,0,sra.3992295@viajes.cl,Mollet del Vallés,,32,3138,98000,Buses Romani,2026-09-27,,,{}
88950,57398,2025-04-25,76000,4,No disponible,76,sra.7178466@viajes.cl,Ponferrada,Roquetas de Mar,40,212,19000,BoltBus,2025-05-18,2025-05-18,,{}
79437,64738,2025-02-13,220000,5,No disponible,220,sranlusagu985@viajes.cl,Cerdañola del Vallés,Badajoz,34,467,44000,Via Bariloche,2025-10-01,2025-10-01,,{}
116487,62635,2025-03-19,272000,4,No disponible,272,srbeduva749@viajes.cl,Santa Lucía de Tirajana,Sanlúcar de Barrameda,43,1710,68000,ETN Turistar,2025-04-27,2025-04-28,,{}
124194,59889,2025-08-02,143000,1,No disponible,143,srfegara834@viajes.cl,Mollet del Vallés,Fuengirola,47,4207,143000,Condor Bus,2025-08-08,2025-08-10,,{}
106533,64733,2025-10-27,248000,4,No disponible,248,srjoluolme677@viajes.cl,Benidorm,Torrelavega,46,1926,62000,Greyhound,2026-05-21,2026-05-22,,
99694,55600,2025-01-05,102000,6,No disponible,102,srmabare460@viajes.cl,Orihuela,Molina de Segura,39,236,17000,Chevallier,2025-01-11,,,{}
136484,59846,2025-06-30,780000,4,No disponible,780,srnisolu819@viajes.cl,Ceuta,Alcalá de Guadaira,33,1982,195000,Primera Plus,2025-08-25,2025-08-26,,{}
146074,,,,,Disponible,0,srocbega579@viajes.cl,Orense,Chiclana de la Frontera,50,971,155000,Turbus,2026-11-20,,,{}
146263,,,,,Disponible,0,srsacona119@viajes.cl,Rivas-Vaciamadrid,Alcobendas,32,1742,142000,ADO,2026-09-22,,,{}
107213,56249,2025-09-14,1650000,10,No disponible,1650,sta.8501502@viajes.cl,Orihuela,Estepona,43,1497,165000,,2026-07-28,2026-07-29,,{}
145053,,,,,Disponible,0,sta.8775554@viajes.cl,Sanlúcar de Barrameda,San Sebastián,44,2532,87000,Via Bariloche,2026-08-21,,,{}
146424,,,,,Disponible,0,stjetilo156@viajes.cl,Roquetas de Mar,Gecho,42,710,169000,Turbus,2026-02-06,,,
146566,,,,,Disponible,0,stjomuca556@viajes.cl,Torrevieja,Paterna,,1844,115000,,2025-04-05,,,{}
145476,,,,,Disponible,0,stjucéchol772@viajes.cl,Gecho,Rivas-Vaciamadrid,45,2823,190000,Monbus,2025-02-19,,,
146240,,,,,Disponible,0,stracemo760@viajes.cl,,Lorca,45,3812,65000,Primera Plus,2026-04-20,,,{}
109469,59572,2025-05-30,890000,5,No disponible,890,stroraca212@viajes.cl,Oviedo,Cádiz,50,1456,178000,Buses Romani,2025-06-29,2025-06-30,,{}
102645,66335,2025-06-05,1020000,10,No disponible,1020,verónica6989524@viajes.cl,Santa Lucía de Tirajana,,45,2418,102000,Primera Plus,2025-09-17,2025-09-18,,{}
115533,58006,2025-02-28,540000,4,No disponible,540,victoria3315739@viajes.cl,Benalmádena,Molina de Segura,31,2603,135000,,2025-03-11,2025-03-12,,{}
146284,,,,,Disponible,0,ánalba346@viajes.cl,Santiago de Compostela,Toledo,36,711,177000,Monbus,2026-02-18,,,{}
