id,agenda_id,fecha,monto,cantidad_personas,estado_disponibilidad,puntos_booked,correo_empleado,lugar_origen,lugar_llegada,capacidad,tiempo_estimado,precio_asiento,empresa,fecha_salida,fecha_llegada,comodidades,tipo_bus
143382,62487,2025-04-19,295000,5,No disponible,295,Albertoocasio669@viajes.cl,Viladecans,Reus,91,379,59000,JetBlue,2025-11-13,,{},
107762,65379,2025-01-11,1386000,7,No disponible,1386,Albertoybarra929@viajes.cl,San Cristróbal de la Laguna,Gerona,61,303,198000,HŽ (Croacia),2025-02-17,2025-02-17,{},
140230,57950,2025-07-09,258000,6,No disponible,258,Alejandramurillo755@viajes.cl,Huelva,Viladecans,53,1388,43000,Spirit Airlines,2025-09-03,2025-09-03,{},
88354,57771,2025-01-26,490000,5,No disponible,490,Alejandroserrato929@viajes.cl,Salamanca,Lérida,72,2657,98000,ZFBH (Bosnia y Herzegovina),2025-06-14,2025-06-15,"{Agua,TV,Comida,Wifi,""Aire acondicionado""}",
136955,60555,2025-06-03,86000,2,No disponible,86,Anarivero619@viajes.cl,Móstoles,León,53,1415,43000,Amtrak,2026-11-24,2026-11-24,"{Calefacción,Baño,""Asientos reclinables""}",
147637,,,,,Disponible,0,Andreagriego524@viajes.cl,Albacete,Gandía,60,3982,408000,Vueling,2026-07-28,2027-01-09,{},
117933,64156,2025-01-07,819000,7,No disponible,819,Andreatrujillo333@viajes.cl,Sabadell,Collado Villalba,27,452,117000,ÖBB (Austria),2025-05-07,,{},
147811,,,,,Disponible,0,Anitallamas291@viajes.cl,Cerdañola del Vallés,Cáceres,21,1383,42000,Copa Airlines,2026-07-18,2026-09-13,{},
148828,,,,,Disponible,0,Benitocardona170@viajes.cl,Fuenlabrada,,81,2649,145000,SBB (Suiza),2026-09-26,2027-01-14,"{Baño,Calefacción,TV,Wifi,""Aire acondicionado""}",
91619,66121,2025-04-30,102000,1,No disponible,102,Benitoterán216@viajes.cl,Palma de Mallorca,Cartagena,62,1882,102000,ZSSK (Eslovaquia),2025-06-08,2025-06-09,"{Comida,TV,Baño,""Asientos reclinables""}",
147766,,,,,Disponible,0,Benjamínjiménez670@viajes.cl,Lugo,Cuenta,80,1272,36000,American Airlines,2025-09-10,2025-11-02,{},
131810,55777,2025-09-30,488000,4,No disponible,488,Benjamínsisneros202@viajes.cl,Palencia,Pamplona,16,2036,122000,ZFBH (Bosnia y Herzegovina),2025-10-04,,"{""Aire acondicionado"",TV,Agua,Comida}",
113994,62047,2025-08-06,35000,1,No disponible,35,Bernardoelizondo645@viajes.cl,,Cartagena,21,310,35000,CP (Portugal),2025-08-11,2025-08-11,{},
80793,61651,2025-05-07,420000,10,No disponible,420,Carlosabeyta963@viajes.cl,Ávila,Albacete,41,1108,42000,NS International,2025-12-15,2025-12-15,"{Baño,TV,""Asientos reclinables""}",
136112,66440,2025-01-29,714000,6,No disponible,714,Carlosfierro146@viajes.cl,Sevilla,Viladecans,59,1029,119000,Qantas,2025-02-21,2025-02-21,{},
103144,63675,2025-03-29,864000,8,No disponible,864,Carlosrosales796@viajes.cl,Alcalá de Guadaira,Linares,98,1973,108000,ŽFBH (Bosnia y Herzegovina),2025-12-30,2025-12-31,"{Comida,Calefacción,Baño,Wifi}",
83552,62440,2025-01-03,1270000,10,No disponible,1270,Carolinabaca615@viajes.cl,,Vigo,,2091,127000,ÖBB (Austria),2025-02-04,2025-02-05,"{Agua,TV,""Asientos reclinables"",Wifi}",
118907,62189,2025-04-04,2259000,9,No disponible,2259,Catalinavarela631@viajes.cl,Tarragona,Gandía,91,3307,251000,RZD (Rusia),2025-12-23,2025-12-25,"{Comida,""Aire acondicionado"",""Asientos reclinables"",Agua,TV,Calefacción}",
148158,,,,,Disponible,0,Claudiocantú636@viajes.cl,Rubí,Ferrol,58,1691,75000,Vueling,2026-09-03,2026-11-12,{},
149894,,,,,Disponible,0,Clementedelacrúz671@viajes.cl,Majadahonda,Zamora,67,2314,191000,NSB (Noruega),2026-02-21,2026-05-28,"{Calefacción,Agua,Baño,""Aire acondicionado"",Comida}",
128318,58605,2025-02-02,272000,4,No disponible,272,Cristinatijerina877@viajes.cl,Fuengirola,Parla,14,2028,68000,,2026-08-14,2026-08-15,{},
143695,63911,2025-05-01,1880000,8,No disponible,1880,Danielavillalpando367@viajes.cl,Majadahonda,Cartagena,73,2314,235000,PKP (Polonia),2025-12-12,2025-12-13,"{Agua,Comida,Calefacción,Wifi,TV}",
149303,,,,,Disponible,0,Dianamontero898@viajes.cl,Pamplona,Arrecife,1,3582,309000,Amtrak,2025-07-04,2025-11-30,"{""Asientos reclinables"",TV,Wifi,Baño,Comida,""Aire acondicionado""}",
148766,,,,,Disponible,0,Diegorosado418@viajes.cl,Cerdañola del Vallés,Santa Lucía de Tirajana,12,1675,120000,VR (Finlandia),2026-07-05,2026-09-12,"{Agua,""Asientos reclinables"",Baño,Comida}",
128241,55938,2025-04-15,1816000,8,No disponible,1816,Doloresroybal738@viajes.cl,Cuenta,Palma de Mallorca,86,2317,227000,Alaska Airlines,2026-02-16,2026-02-17,{},
124116,60975,2025-02-03,120000,2,No disponible,120,Doroteabétancourt155@viajes.cl,Mataró,Sagunto,,3095,60000,Turbus,2025-02-08,,"{Wifi,""Asientos reclinables"",Comida}",
143795,63212,2025-07-14,1323000,9,No disponible,1323,Elisarubio933@viajes.cl,Valdemoro,Irún,67,3407,147000,Qatar Airways,2025-10-22,2025-10-24,{},
150073,,,,,Disponible,0,Elsanájera336@viajes.cl,Gandía,,70,3908,180000,Renfe,2025-12-08,2026-05-19,"{TV,""Aire acondicionado"",Comida,Agua,Baño,Calefacción,Wifi}",
147297,,,,,Disponible,0,Elviraiglesias305@viajes.cl,La Coruña,Alcalá de Guadaira,41,4096,218000,Frontier Airlines,2026-10-18,2027-04-06,{},
148174,,,,,Disponible,0,Estelareyna597@viajes.cl,Mérida,Mollet del Vallés,49,3353,353000,EasyJet,2025-12-17,2026-05-05,{},
79276,59783,2025-03-09,502000,2,No disponible,502,Estelavelázquez978@viajes.cl,Palma de Mallorca,Baracaldo,,3817,251000,ŽSSK (Eslovaquia),2025-03-15,2025-03-17,"{Wifi,TV,Comida,""Aire acondicionado"",Baño,Calefacción,Agua}",
147978,,,,,Disponible,0,Evanavarrete220@viajes.cl,San Cristróbal de la Laguna,Ávila,49,1294,131000,Spirit Airlines,2025-09-20,2025-11-12,{},
149226,,,,,Disponible,0,Feliperojo857@viajes.cl,,Madrid,1,1096,67000,Amtrak,2025-01-12,2025-02-26,"{""Aire acondicionado"",Calefacción,Wifi}",
89158,66529,2025-12-16,868000,7,No disponible,868,Fernandolomeli208@viajes.cl,Manresa,Santa Cruz de Tenerife,25,2774,124000,Delta Air Lines,2026-11-17,2026-11-18,{},
102039,60097,2025-01-30,180000,5,No disponible,180,Fernandomuñoz208@viajes.cl,Sagunto,,,1280,36000,AVE,2025-05-30,2025-05-30,"{Baño,Calefacción,Comida}",
111755,55573,2026-06-05,160000,2,No disponible,160,Franciscaabeyta645@viajes.cl,Ávila,Las Palmas de Gran Canaria,,1985,80000,RZD (Rusia),2026-11-27,2026-11-28,"{TV,Agua,Baño,Calefacción}",
109212,60566,2025-07-31,2712000,8,No disponible,2712,Franciscamontalvo506@viajes.cl,Santa Lucía de Tirajana,Castellón de la Plana,50,3836,339000,Southwest Airlines,2026-04-15,2026-04-17,{},
121214,61920,2025-03-13,1190000,5,No disponible,1190,Franciscoalba215@viajes.cl,Alcalá de Guadaira,La Línea de la Concepción,50,4105,238000,Iberia,2025-07-05,,{},
148817,,,,,Disponible,0,Gilbertoramón421@viajes.cl,Orense,Santiago de Compostela,76,4319,229000,Nederlandse Sp,2026-07-31,2027-01-26,"{Calefacción,""Asientos reclinables"",TV,Comida,Agua,Baño,""Aire acondicionado""}",
147664,,,,,Disponible,0,Gonzalocervántez728@viajes.cl,Lugo,Pamplona,56,1621,109000,Air France,2025-05-06,2025-07-12,{},
148319,,,,,Disponible,0,Gregorioverdugo611@viajes.cl,Sanlúcar de Barrameda,Lorca,1,725,50000,Singapore Airlines,2025-03-19,2025-04-18,{},
80376,58400,2025-04-21,224000,2,No disponible,224,Guillerminacerda636@viajes.cl,San Cristróbal de la Laguna,Manresa,76,1854,112000,RZD (Rusia),2025-12-08,2025-12-09,"{Agua,TV,""Aire acondicionado"",""Asientos reclinables""}",
149475,,,,,Disponible,0,Guillermoolivares662@viajes.cl,Alcoy,Gandía,14,1180,59000,NSB (Noruega),2026-07-10,2026-08-28,"{Baño,""Asientos reclinables"",""Aire acondicionado""}",
143299,66550,2025-04-13,1930000,10,No disponible,1930,Homerocolunga322@viajes.cl,Palma de Mallorca,Getafe,76,2403,193000,RZD (Rusia),2025-09-21,2025-09-22,"{Comida,Baño,""Aire acondicionado"",""Asientos reclinables"",Calefacción}",
128048,61706,2025-01-06,116000,1,No disponible,116,Horaciolucio884@viajes.cl,Irún,Santander,19,2400,116000,KLM,2025-09-20,,{},
92445,55707,2025-01-21,392000,2,No disponible,392,Hugoleyva186@viajes.cl,Manresa,Gijón,80,1586,196000,Wizz Air,2025-07-09,2025-07-10,{},
116726,66434,2025-04-22,1272000,8,No disponible,1272,Ignacioholguín519@viajes.cl,Sevilla,Ciudad Real,,2089,159000,Wizz Air,2025-06-29,2025-06-30,{},
150054,,,,,Disponible,0,Jacobodelgadillo820@viajes.cl,Cuenta,Dos Hermanas,9,592,192000,SBB (Suiza),2025-01-16,2025-02-09,"{Calefacción,Baño,""Asientos reclinables""}",
93518,59538,2025-05-02,1085000,5,No disponible,1085,Javiergodínez122@viajes.cl,Torrejón de Ardoz,Rubí,13,2240,217000,ŽSSK (Eslovaquia),2025-08-26,2025-08-27,"{Wifi,Agua,TV,""Asientos reclinables"",Baño}",
148641,,,,,Disponible,0,Javiermateo256@viajes.cl,Alcalá de Henares,,70,3651,451000,Italo,2025-07-25,2025-12-24,"{Comida,Baño,Wifi,""Aire acondicionado"",Agua,TV,""Asientos reclinables""}",
116295,57201,2025-02-21,2016000,7,No disponible,2016,Javiernieves797@viajes.cl,Mérida,Castellón de la Plana,69,2667,288000,Ryanair,2025-05-12,2025-05-13,{},
79514,65191,2026-04-09,966000,6,No disponible,966,Jesúsayala953@viajes.cl,Mollet del Vallés,Estepona,10,1747,161000,CD (República Checa),2026-06-06,2026-06-07,"{Comida,Agua,""Asientos reclinables"",""Aire acondicionado""}",
121105,56357,2025-01-31,2410000,10,No disponible,2410,Joaquíndelatorre512@viajes.cl,Cuenta,Gijón,92,2600,241000,AVE,2025-02-17,2025-02-18,"{Calefacción,Baño,Wifi,Comida,""Asientos reclinables""}",
147094,,,,,Disponible,0,Josefinapichardo787@viajes.cl,Molina de Segura,Algeciras,54,473,175000,British Airways,2025-02-14,,,
105150,65145,2025-03-05,222000,3,No disponible,222,Josébañuelos691@viajes.cl,Manresa,San Fernando,32,562,74000,SBB (Suiza),2026-04-09,2026-04-09,{},
149024,,,,,Disponible,0,Juliaruelas849@viajes.cl,Arrecife,Sanlúcar de Barrameda,96,149,87000,Thalys,2025-07-02,2025-07-08,"{Wifi,TV,""Aire acondicionado""}",
148933,,,,,Disponible,0,Leonorlira295@viajes.cl,Fuengirola,Pontevedra,91,3688,380000,ZSSK (Eslovaquia),2025-09-28,2026-02-28,"{Wifi,Baño,""Aire acondicionado"",TV,Calefacción,Agua,Comida}",
92301,62209,2025-02-04,1990000,10,No disponible,1990,Leticiadelarosa551@viajes.cl,Almería,Mollet del Vallés,77,2012,199000,AVE,2026-01-01,2026-01-02,"{Comida,TV,Agua,Baño}",
97781,59825,2025-04-22,2088000,9,No disponible,2088,Lorenzoiglesias999@viajes.cl,Elda,Cerdañola del Vallés,,3161,232000,Air New Zealand,2025-11-12,2025-11-14,{},
148353,,,,,Disponible,0,Luciabañuelos420@viajes.cl,Zaragoza,Torrelavega,92,1699,110000,Delta Air Lines,2025-02-16,2025-04-27,{},
131145,60933,2025-01-19,1805000,5,No disponible,1805,Luciacasillas408@viajes.cl,Torrelavega,Ferrol,30,2990,361000,Qatar Airways,2025-03-11,2025-03-13,{},
101285,65931,2025-01-19,119000,1,No disponible,119,Luisasoliz819@viajes.cl,Collado Villalba,Madrid,44,2042,119000,United Airlines,2025-04-11,2025-04-12,{},
109222,61708,2025-02-15,2120000,5,No disponible,2120,Luisayala555@viajes.cl,Orihuela,Santa Coloma de Gramanet,85,3676,424000,,2025-04-01,2025-04-03,{},
126875,59078,2025-11-13,282000,1,No disponible,282,Magdalenabrito986@viajes.cl,Cartagena,Fuenlabrada,49,3578,282000,ŽFBH (Bosnia y Herzegovina),2026-07-04,2026-07-06,"{Calefacción,Agua,""Asientos reclinables"",Comida,TV,""Aire acondicionado""}",
105670,60488,2025-01-27,3830000,10,No disponible,3830,Marcocortez795@viajes.cl,Santander,Alicante,52,3204,383000,Etihad Airways,2025-06-08,2025-06-10,{},
122529,61791,2026-04-02,1210000,10,No disponible,1210,Marcoharo601@viajes.cl,Albacete,Alcoy,47,3493,121000,Spirit Airlines,2026-04-05,2026-04-07,{},
121637,60051,2025-05-10,892000,4,No disponible,892,Marcoscorrales762@viajes.cl,Fuengirola,Fuengirola,10,2369,223000,Air France,2026-02-18,,{},
149128,,,,,Disponible,0,Marcosledesma340@viajes.cl,Las Palmas de Gran Canaria,Coslada,77,2296,237000,Eurostar,2026-05-05,2026-08-08,"{""Asientos reclinables"",Wifi,Calefacción,""Aire acondicionado"",Comida}",
146130,,,,,Disponible,0,Marianoheredia641@viajes.cl,Ceuta,Lugo,37,1471,180000,Alsa,2026-08-15,,"{Agua,Wifi,Comida}",
107168,55812,2025-02-01,131000,1,No disponible,131,Maríabecerra494@viajes.cl,La Coruña,Barcelona,1,3075,131000,SJ (Suecia),2026-03-26,2026-03-28,"{TV,""Asientos reclinables"",Calefacción,""Aire acondicionado"",Agua,Wifi}",
118521,59229,2026-09-12,752000,8,No disponible,752,Maríacavazos182@viajes.cl,Cádiz,Lugo,81,166,94000,United Airlines,2026-11-27,2026-11-27,{},
150009,,,,,Disponible,0,Maríadelrío618@viajes.cl,Gijón,Orihuela,86,3780,378000,NSB (Noruega),2026-06-07,2026-11-11,"{Comida,""Aire acondicionado"",Wifi,TV,Agua,""Asientos reclinables"",Calefacción}",
143692,56836,2025-03-08,895000,5,No disponible,895,Maríadelvalle249@viajes.cl,Paterna,Estepona,42,1764,179000,ZS (Eslovenia),2025-03-16,2025-03-17,"{""Aire acondicionado"",Agua,Calefacción,TV}",
93677,66319,2025-01-02,4482000,9,No disponible,4482,Maríaespinoza975@viajes.cl,Torremolinos,Jaén,63,4102,498000,SBB (Suiza),2025-02-16,2025-02-18,"{Calefacción,TV,Agua,Wifi,""Asientos reclinables"",Comida,""Aire acondicionado""}",
89656,65703,2025-01-23,1421000,7,No disponible,1421,Maríarubio434@viajes.cl,Gerona,Córdoba,57,3021,203000,Ethiopian Airlines,2026-07-20,2026-07-22,,
104542,62830,2025-06-17,1456000,8,No disponible,1456,Maríasaldivar717@viajes.cl,Ponferrada,Roquetas de Mar,,2850,182000,DSB (Dinamarca),2026-01-31,2026-02-01,"{Wifi,Baño,Calefacción,""Aire acondicionado"",TV}",
107995,64659,2025-06-18,2830000,10,No disponible,2830,Mateofarías500@viajes.cl,Zamora,Santa Cruz de Tenerife,75,2879,283000,AVE,2025-08-31,2025-09-01,,
104328,62019,2025-06-12,1116000,6,No disponible,1116,Mayteaponte518@viajes.cl,Sanlúcar de Barrameda,Murcia,12,1655,186000,SBB (Suiza),2026-01-01,2026-01-02,,
114505,60837,2025-04-07,2051000,7,No disponible,2051,Octaviosanches648@viajes.cl,Zamora,Puertollano,88,2519,293000,,2025-10-18,2025-10-19,"{""Aire acondicionado"",TV,Comida,Baño,Wifi}",
88099,61215,2025-04-27,2574000,9,No disponible,2574,Pablonaranjo381@viajes.cl,Lugo,Benidorm,26,2812,286000,Spirit Airlines,2026-05-31,2026-06-01,{},
147853,,,,,Disponible,0,Patriciocerda695@viajes.cl,Reus,Huelva,62,3984,461000,,2025-02-09,2025-07-25,{},
115608,55955,2026-04-22,3008000,8,No disponible,3008,Pedrolugo488@viajes.cl,Vitoria,Sagunto,26,3227,376000,Air France,2026-05-05,2026-05-07,{},
137129,65042,2025-02-09,690000,10,No disponible,690,Pedromondragón963@viajes.cl,Torremolinos,Avilés,73,1752,69000,AVE,2025-02-11,2025-02-12,"{TV,Baño,Calefacción,Comida}",
128214,62236,2025-08-08,276000,1,No disponible,276,Ramirobarajas244@viajes.cl,Guadalajara,Molina de Segura,19,3562,276000,ŽFBH (Bosnia y Herzegovina),2026-03-25,2026-03-27,"{Comida,Agua,TV,""Aire acondicionado"",Wifi,Baño}",
148438,,,,,Disponible,0,Ramónverduzco522@viajes.cl,El Prat de LLobregat,Cuenta,78,874,69000,EasyJet,2025-09-12,2025-10-18,{},
149950,,,,,Disponible,0,Raquellira938@viajes.cl,,Almería,38,499,80000,,2025-09-29,2025-10-19,"{Wifi,TV,Baño,""Aire acondicionado"",Calefacción,Comida}",
129605,59142,2026-08-14,550000,10,No disponible,550,Raquelvillalobos916@viajes.cl,San Sebastián,Burgos,56,1321,55000,Air New Zealand,2026-10-23,2026-10-23,{},
148111,,,,,Disponible,0,Raúlbadillo577@viajes.cl,Torrevieja,Dos Hermanas,94,2127,89000,EasyJet,2025-05-30,2025-08-26,{},
117635,59163,2025-02-01,3105000,9,No disponible,3105,Robertosandoval817@viajes.cl,El Ejido,Móstoles,4,3619,345000,Lufthansa,2025-03-27,2025-03-29,{},
147501,,,,,Disponible,0,Rocioanguiano798@viajes.cl,Elda,Albacete,81,1384,86000,Aeroméxico,2026-07-27,2026-09-22,{},
130107,61049,2025-05-07,56000,1,No disponible,56,Rociomuro732@viajes.cl,Benalmádena,Segovia,91,1039,56000,ŽSSK (Eslovaquia),2026-04-14,2026-04-14,"{Wifi,Baño,Calefacción}",
102577,59540,2025-02-25,262000,2,No disponible,262,Rodrigosolís188@viajes.cl,Alicante,Lérida,96,3387,131000,Nederlandse Sp,2025-04-27,2025-04-29,"{Agua,Calefacción,""Aire acondicionado"",Wifi,""Asientos reclinables"",TV}",
92671,56790,2025-07-18,414000,3,No disponible,414,Rosaceballos545@viajes.cl,Logroño,,65,2277,138000,PKP (Polonia),2026-05-13,2026-05-14,"{Baño,Comida,""Asientos reclinables"",TV,Wifi}",
105115,56546,2025-05-08,124000,2,No disponible,124,Rubéngracia541@viajes.cl,Mollet del Vallés,Motril,39,4200,62000,Buses Nilahue,2025-11-21,2025-11-23,"{TV,Agua,Comida}",
143677,62411,2025-03-14,560000,7,No disponible,560,Samuelmenéndez181@viajes.cl,Alicante,Santa Cruz de Tenerife,1,2706,80000,Qatar Airways,2025-09-02,2025-09-03,{},
126014,65399,2026-06-02,408000,4,No disponible,408,Sanchobétancourt392@viajes.cl,Alicante,Vigo,95,258,102000,Wizz Air,2026-10-18,2026-10-18,{},
122661,64807,2025-08-04,253000,1,No disponible,253,Sanchoponce341@viajes.cl,Benalmádena,Jaén,90,3290,253000,Air France,2025-08-29,2025-08-31,{},
112021,65865,2025-03-23,805000,7,No disponible,805,Santiagorivas862@viajes.cl,Ávila,Torremolinos,99,2222,115000,VR (Finlandia),2026-06-29,2026-06-30,"{""Asientos reclinables"",TV,""Aire acondicionado"",Calefacción,Wifi}",
124824,57022,2025-04-10,2810000,10,No disponible,2810,Sergioromo646@viajes.cl,Alcalá de Henares,Rubí,50,2815,281000,Air New Zealand,2025-09-06,2025-09-07,{},
118018,60246,2025-08-12,560000,10,No disponible,560,Silviaarreola496@viajes.cl,Santa Lucía de Tirajana,Oviedo,83,417,56000,ŽFBH (Bosnia y Herzegovina),2026-08-19,2026-08-19,{},
102077,60499,2025-02-18,970000,5,No disponible,970,Silviasantacruz103@viajes.cl,Zamora,Zaragoza,82,3880,194000,Alaska Airlines,2025-12-12,2025-12-14,{},
149507,,,,,Disponible,0,Sofiaportillo314@viajes.cl,Gijón,Palencia,67,199,29000,TGV (SNCF),2026-07-05,2026-07-13,"{Calefacción,TV,""Asientos reclinables""}",
147544,,,,,Disponible,0,Sr.adorno886@viajes.cl,La Coruña,Granada,1,1399,43000,LATAM Airlines,2025-07-29,2025-09-25,{},
149778,,,,,Disponible,0,Sr.castañeda350@viajes.cl,Ferrol,Torremolinos,85,767,56000,SNCB (Bélgica),2026-11-22,2026-12-23,"{TV,Wifi,""Asientos reclinables""}",
127539,60407,2025-01-28,702000,6,No disponible,702,Sr.limón373@viajes.cl,Parla,Majadahonda,57,834,117000,Frontier Airlines,2026-09-18,2026-09-18,{},
149566,,,,,Disponible,0,Sr.soliz253@viajes.cl,Palencia,Leganés,43,3333,226000,Nederlandse Sp,2026-01-10,2026-05-28,"{Baño,Comida,TV,""Aire acondicionado"",Agua,Wifi}",
131950,60687,2025-12-17,1280000,10,No disponible,1280,Sr.treviño590@viajes.cl,Gandía,San Sebastían de los Reyes,79,1347,128000,NSB (Noruega),2026-05-12,2026-05-12,"{""Aire acondicionado"",TV,Agua}",
105407,60865,2026-08-11,524000,4,No disponible,524,Sra.collado965@viajes.cl,Getafe,Reus,37,3186,131000,Omnibus de México,2026-10-20,2026-10-22,"{Calefacción,Baño,""Asientos reclinables""}",
133857,65982,2025-12-13,1610000,7,No disponible,1610,Sra.escamilla417@viajes.cl,Toledo,Granollers,81,2701,230000,EasyJet,2026-03-21,2026-03-22,{},
109927,63596,2025-03-06,408000,4,No disponible,408,Sra.leyva287@viajes.cl,Baracaldo,Gijón,48,3899,102000,Via Bariloche,2025-04-21,2025-04-23,"{Baño,TV,Wifi}",
148463,,,,,Disponible,0,Sra.munguía627@viajes.cl,Getafe,Ciudad Real,92,2170,248000,Singapore Airlines,2025-03-31,2025-06-29,{},
142927,62375,2025-03-22,900000,9,No disponible,900,Sra.reyes599@viajes.cl,Granollers,Gecho,93,241,100000,MÁV (Hungría),2025-05-19,2025-05-19,{},
141398,62209,2025-01-07,1212000,6,No disponible,1212,Sra.toledo641@viajes.cl,Getafe,Palencia,95,2165,202000,Thalys,2026-03-15,2026-03-16,"{Wifi,Comida,""Aire acondicionado"",Baño,Agua}",
91157,66410,2025-02-20,51000,1,No disponible,51,Sta.casares518@viajes.cl,Gijón,Alcobendas,,1402,51000,British Airways,2025-11-27,2025-11-27,{},
146948,,,,,Disponible,0,Sta.colunga585@viajes.cl,Mijas,Vigo,,1175,63000,All Nippon Airways (ANA),2026-07-12,2026-08-29,{},
130128,61703,2025-03-19,780000,10,No disponible,780,Sta.contreras629@viajes.cl,Orihuela,La Línea de la Concepción,55,2104,78000,Southwest Airlines,2025-05-30,2025-05-31,{},
148359,,,,,Disponible,0,Sta.gaona818@viajes.cl,Alcalá de Guadaira,Cartagena,30,3221,320000,Air New Zealand,2025-05-29,2025-10-10,{},
146985,,,,,Disponible,0,Sta.mesa478@viajes.cl,Albacete,Badajoz,67,2863,297000,Southwest Airlines,2026-06-04,2026-10-01,{},
148109,,,,,Disponible,0,Sta.miranda323@viajes.cl,Viladecans,Ponferrada,4,2846,107000,KLM,2025-12-31,,{},
147524,,,,,Disponible,0,Sta.pantoja641@viajes.cl,Ponferrada,,13,2027,123000,Air Canada,2025-11-29,2026-02-21,{},
88276,59179,2025-03-03,993000,3,No disponible,993,Sta.valdez219@viajes.cl,,Cartagena,65,3918,331000,ZFBH (Bosnia y Herzegovina),2026-07-14,2026-07-16,"{Comida,Agua,TV,Baño,Calefacción,Wifi,""Aire acondicionado""}",
147339,,,,,Disponible,0,Timoteogodoy576@viajes.cl,Santa Coloma de Gramanet,Fuenlabrada,12,2295,220000,Wizz Air,2025-08-10,,{},
149590,,,,,Disponible,0,Timoteomercado843@viajes.cl,Huelva,Salamanca,20,1489,108000,Italo,2025-05-06,2025-07-07,"{Wifi,Agua,Baño,""Asientos reclinables""}",
111621,57776,2025-11-26,483000,3,No disponible,483,Timoteoortega395@viajes.cl,Ponferrada,Baracaldo,85,1872,161000,,2026-09-19,2026-09-20,"{""Asientos reclinables"",Wifi,TV,Calefacción}",
115613,61658,2025-01-13,960000,10,No disponible,960,Timoteoparra548@viajes.cl,Palencia,Ferrol,50,2241,96000,Air France,2025-03-30,2025-03-31,{},
104299,63094,2025-07-21,540000,6,No disponible,540,Vicenteescobar772@viajes.cl,Elda,Jaén,34,848,90000,All Nippon Airways (ANA),2025-09-05,2025-09-05,{},
89605,56451,2025-12-15,900000,9,No disponible,900,Virginiazepeda399@viajes.cl,Almería,Getafe,56,1961,100000,ZS (Eslovenia),2026-07-11,2026-07-12,"{Calefacción,Wifi,Agua,""Aire acondicionado""}",
90852,58421,2025-06-25,960000,5,No disponible,960,adbebé714@viajes.cl,Torrelavega,Pozuelo de Alarcón,48,1314,192000,Crucero del Norte,2025-09-17,2025-09-17,"{""Aire acondicionado"",""Asientos reclinables"",Wifi}",
136857,55574,2025-01-24,342000,9,No disponible,342,agustín1537237@viajes.cl,Gecho,Benidorm,42,1189,38000,CD (República Checa),2025-05-21,2025-05-21,"{TV,Calefacción,Agua}",
81457,64205,2025-07-29,199000,1,No disponible,199,agustín2891970@viajes.cl,Granada,Sanlúcar de Barrameda,72,2358,199000,Renfe,2026-05-14,2026-05-15,"{Agua,""Aire acondicionado"",Calefacción,Wifi,Baño}",
136184,57876,2025-03-30,624000,4,No disponible,624,alberto9508888@viajes.cl,Santa Lucía de Tirajana,Torrejón de Ardoz,15,3252,156000,Wizz Air,2026-08-10,2026-08-12,{},
110237,64920,2025-07-31,299000,1,No disponible,299,albuta656@viajes.cl,Torrejón de Ardoz,,7,3051,299000,Thalys,2026-04-08,2026-04-10,"{""Asientos reclinables"",Agua,Baño,Comida,TV,""Aire acondicionado""}",
102704,55784,2025-06-29,1070000,10,No disponible,1070,alejandra1046907@viajes.cl,Alcorcón,Oviedo,71,2880,107000,,2025-07-13,2025-07-15,"{TV,Calefacción,""Aire acondicionado"",Agua,""Asientos reclinables""}",
93715,58522,2025-10-22,994000,7,No disponible,994,alejandra5219541@viajes.cl,Huelva,Linares,47,2760,142000,SNCB (Bélgica),2026-01-23,2026-01-24,"{Baño,Comida,""Asientos reclinables"",TV,Wifi}",
136973,56259,2025-01-31,1134000,9,No disponible,1134,alejandra9343406@viajes.cl,Orihuela,Dos Hermanas,5,2711,126000,ŽSSK (Eslovaquia),2025-02-27,2025-02-28,"{Baño,""Aire acondicionado"",""Asientos reclinables"",Wifi,Agua}",
147851,,,,,Disponible,0,alfonso9925642@viajes.cl,Majadahonda,Chiclana de la Frontera,,2565,267000,Lufthansa,2025-04-02,2025-07-17,{},
94167,56839,2025-01-25,308000,2,No disponible,308,alraba458@viajes.cl,Málaga,,60,1759,154000,Alaska Airlines,2025-09-16,2025-09-17,,
147361,,,,,Disponible,0,alraga536@viajes.cl,Parla,Elda,100,1818,149000,Turkish Airlines,2025-06-10,,{},
83588,58673,2025-06-29,2493000,9,No disponible,2493,amalia1638984@viajes.cl,Orense,Torrevieja,86,2248,277000,Southwest Airlines,2026-11-26,2026-11-27,{},
149902,,,,,Disponible,0,amalia8518314@viajes.cl,La Coruña,Palencia,91,4206,195000,HŽ (Croacia),2026-01-29,2026-07-23,"{""Aire acondicionado"",Baño,Calefacción,""Asientos reclinables"",TV,Agua,Wifi}",
98098,57294,2025-02-08,300000,5,No disponible,300,andrés6213400@viajes.cl,Mérida,Torrejón de Ardoz,11,981,60000,Frontier Airlines,2025-03-26,2025-03-26,{},
140460,61690,2025-08-29,805000,7,No disponible,805,andrés6545340@viajes.cl,Las Palmas de Gran Canaria,Arrecife,45,736,115000,NS International,2025-09-02,2025-09-02,"{Calefacción,""Asientos reclinables"",Wifi}",
120746,62826,2025-05-19,1712000,8,No disponible,1712,angaal636@viajes.cl,Málaga,Gecho,,4074,214000,ZS (Eslovenia),2026-10-27,2026-10-29,"{Agua,Comida,""Asientos reclinables"",TV,""Aire acondicionado"",Baño,Wifi}",
82241,63258,2025-02-11,936000,8,No disponible,936,anrove982@viajes.cl,Castellón de la Plana,,39,2293,117000,Primera Plus,2026-03-06,2026-03-07,"{Wifi,Agua,Calefacción}",
126913,62411,2025-01-17,2272000,8,No disponible,2272,antonia3604496@viajes.cl,Palencia,Zamora,34,3386,284000,ZSSK (Eslovaquia),2025-02-24,2025-02-26,"{TV,Calefacción,Baño,Agua,""Aire acondicionado"",Comida}",
147789,,,,,Disponible,0,arabma748@viajes.cl,Murcia,Segovia,58,3534,287000,Delta Air Lines,2025-09-29,2026-02-23,{},
86620,66354,2025-03-02,1668000,6,No disponible,1668,ardepe428@viajes.cl,Dos Hermanas,Torrevieja,63,2304,278000,Japan Airlines,2026-04-11,2026-04-12,{},
105090,60075,2025-04-30,220000,10,No disponible,220,ariadna2612725@viajes.cl,Parla,Elda,85,675,22000,CD (República Checa),2026-01-29,,{},
148415,,,,,Disponible,0,armede997@viajes.cl,Castellón de la Plana,Valdemoro,68,2959,328000,Singapore Airlines,2026-02-03,2026-06-06,,
111943,60361,2026-01-06,3204000,9,No disponible,3204,arradeje840@viajes.cl,San Cristróbal de la Laguna,Toledo,57,3449,356000,SNCB (Bélgica),2026-06-19,2026-06-21,"{Calefacción,Comida,""Aire acondicionado"",Baño,""Asientos reclinables"",TV}",
101831,61359,2025-07-13,805000,5,No disponible,805,baalma673@viajes.cl,Tarragona,,40,512,161000,Aeroméxico,2026-03-13,2026-03-13,{},
150061,,,,,Disponible,0,beatriz8478831@viajes.cl,Mérida,Vigo,94,3346,259000,ZS (Eslovenia),2026-05-29,2026-10-15,"{Calefacción,Baño,TV,""Aire acondicionado"",Wifi,Agua}",
100433,59823,2025-05-07,1736000,8,No disponible,1736,bernardo1555269@viajes.cl,Sagunto,Bilbao,65,3107,217000,Air France,2025-05-28,2025-05-30,{},
148425,,,,,Disponible,0,cacasa738@viajes.cl,Santa Coloma de Gramanet,Toledo,7,496,79000,Singapore Airlines,2025-05-26,2025-06-15,{},
131627,62892,2026-04-04,504000,3,No disponible,504,caridad8115247@viajes.cl,Alcobendas,Telde,,2186,168000,NS International,2026-08-23,2026-08-24,"{Baño,Calefacción,TV,""Asientos reclinables"",""Aire acondicionado""}",
148249,,,,,Disponible,0,caroba415@viajes.cl,Palma de Mallorca,Valencia,51,560,31000,JetBlue,2026-11-02,2026-11-25,{},
129970,63062,2025-07-09,1200000,4,No disponible,1200,casore427@viajes.cl,Hospitalet de LLobregat,Telde,51,2679,300000,ŽSSK (Eslovaquia),2025-09-01,2025-09-02,"{Comida,Calefacción,""Asientos reclinables"",""Aire acondicionado"",Baño}",
109893,56469,2026-01-07,270000,6,No disponible,270,cavare416@viajes.cl,Orihuela,Valdemoro,66,1015,45000,Alaska Airlines,2026-05-19,2026-05-19,{},
135428,62764,2025-03-16,852000,3,No disponible,852,cehega692@viajes.cl,Alcorcón,Viladecans,,2318,284000,BDZ (Bulgaria),2026-02-25,2026-02-26,"{""Aire acondicionado"",TV,Agua,""Asientos reclinables"",Baño}",
105351,58584,2025-04-20,1134000,9,No disponible,1134,clara7771923@viajes.cl,Gecho,Granollers,41,1755,126000,Qantas,2026-02-02,2026-02-03,{},
147027,,,,,Disponible,0,claudio8130894@viajes.cl,Torrevieja,Arrecife,10,2731,169000,British Airways,2025-08-29,2025-12-20,{},
93774,57761,2026-06-13,180000,1,No disponible,180,clbeáv539@viajes.cl,Talavera de la Reina,,56,584,180000,Vueling,2026-08-16,2026-08-16,{},
105013,58163,2025-11-15,358000,2,No disponible,358,clmeni227@viajes.cl,Huelva,San Sebastían de los Reyes,38,3597,179000,AVE,2026-02-10,2026-02-12,"{""Aire acondicionado"",""Asientos reclinables"",Comida,Agua,TV,Wifi}",
118455,66480,2025-01-21,170000,1,No disponible,170,clteur278@viajes.cl,Alcoy,Móstoles,62,2979,170000,Iberia,2026-01-24,2026-01-26,,
119920,58844,2025-01-01,984000,6,No disponible,984,coheca878@viajes.cl,Albacete,Orense,68,1918,164000,Thalys,2025-04-12,,"{Calefacción,""Aire acondicionado"",Baño,Comida}",
118867,60771,2025-10-26,1100000,10,No disponible,1100,conchita5857983@viajes.cl,Mataró,Vitoria,69,2531,110000,SJ (Suecia),2026-11-07,2026-11-08,"{Wifi,Calefacción,Baño,Agua,TV}",
101567,64429,2025-03-19,1160000,10,No disponible,1160,cralfa791@viajes.cl,El Prat de LLobregat,Bilbao,67,1789,116000,CD (República Checa),2025-08-22,2025-08-23,"{Comida,""Aire acondicionado"",TV,Agua}",
81857,65294,2025-01-30,395000,5,No disponible,395,crelpa783@viajes.cl,Marbella,Alcorcón,84,250,79000,American Airlines,2026-02-15,2026-02-15,,
111599,56555,2025-03-25,684000,4,No disponible,684,cristina2812921@viajes.cl,Valladolid,Vigo,36,4173,171000,EasyJet,2026-09-26,2026-09-28,{},
144335,58947,2026-03-29,318000,6,No disponible,318,cristina3540137@viajes.cl,Mollet del Vallés,Santa Lucía de Tirajana,17,1647,53000,Spirit Airlines,2026-10-07,2026-10-08,{},
140621,57652,2025-05-25,1578000,6,No disponible,1578,cristobal8378989@viajes.cl,Móstoles,Paterna,19,2674,263000,Frontier Airlines,2026-03-18,2026-03-19,{},
127707,66630,2025-07-13,790000,10,No disponible,790,cristobal9956481@viajes.cl,Cáceres,Alcalá de Henares,22,1300,79000,Amtrak,2026-07-21,2026-07-21,"{Agua,TV,Baño}",
80056,56366,2025-03-17,3101000,7,No disponible,3101,crnách772@viajes.cl,San Sebastián,Fuenlabrada,96,4052,443000,CP (Portugal),2025-04-16,2025-04-18,"{Wifi,Baño,Agua,""Aire acondicionado"",""Asientos reclinables"",TV,Comida}",
140672,58267,2025-02-13,2540000,10,No disponible,2540,crrelo319@viajes.cl,Alcalá de Henares,León,48,3621,254000,SJ (Suecia),2025-03-17,2025-03-19,"{""Aire acondicionado"",TV,Wifi,Agua,""Asientos reclinables"",Baño,Calefacción}",
145359,,,,,Disponible,0,cébahu990@viajes.cl,Torrejón de Ardoz,Santa Cruz de Tenerife,34,4033,83000,Buses Bio Bio,2026-04-04,,"{""Aire acondicionado"",""Asientos reclinables"",TV}",
141992,57982,2026-07-18,1914000,6,No disponible,1914,daalno295@viajes.cl,Cartagena,León,48,3153,319000,,2026-12-04,2026-12-06,{},
147954,,,,,Disponible,0,daniel7623906@viajes.cl,Ferrol,Reus,48,2242,190000,WestJet,2026-05-01,2026-08-02,,
94437,63977,2025-07-10,2682000,9,No disponible,2682,david6622548@viajes.cl,,Sanlúcar de Barrameda,99,2557,298000,Italo,2026-03-02,2026-03-03,,
88713,58210,2025-06-03,1089000,9,No disponible,1089,diana2611597@viajes.cl,Valencia,Ferrol,60,689,121000,Southwest Airlines,2025-06-08,,{},
149844,,,,,Disponible,0,diego1376309@viajes.cl,Dos Hermanas,Palma de Mallorca,21,729,78000,Renfe,2025-08-20,,"{Wifi,Calefacción,Agua}",
81176,63161,2025-03-31,655000,5,No disponible,655,docafr798@viajes.cl,Badalona,,29,1756,131000,Renfe,2025-10-18,2025-10-19,"{Wifi,""Aire acondicionado"",Baño,""Asientos reclinables""}",
147945,,,,,Disponible,0,dogari515@viajes.cl,Valencia,Badajoz,21,3527,253000,Frontier Airlines,2026-08-30,2027-01-23,{},
150003,,,,,Disponible,0,dolores6875267@viajes.cl,San Sebastián,Fuenlabrada,,3297,388000,ZSSK (Eslovaquia),2025-03-16,2025-07-31,"{""Asientos reclinables"",Comida,Agua,Baño,TV,""Aire acondicionado""}",
144115,60468,2025-02-01,1705000,5,No disponible,1705,dorotea3969297@viajes.cl,Murcia,Cáceres,26,3928,341000,ŽSSK (Eslovaquia),2025-02-28,2025-03-02,"{Baño,Wifi,TV,Agua,""Asientos reclinables"",""Aire acondicionado"",Comida}",
99666,55936,2025-05-28,1870000,10,No disponible,1870,elena7103571@viajes.cl,Burgos,Albacete,53,1493,187000,Ethiopian Airlines,2026-03-08,2026-03-09,{},
110984,57498,2025-02-12,668000,4,No disponible,668,elmape385@viajes.cl,Molina de Segura,Santander,10,3836,167000,SBB (Suiza),2025-05-05,2025-05-07,"{Calefacción,TV,Baño,Comida,""Asientos reclinables"",Agua,""Aire acondicionado""}",
104535,65217,2025-04-10,1476000,6,No disponible,1476,eloisa1741681@viajes.cl,Santa Cruz de Tenerife,Badalona,43,2878,246000,ZSSK (Eslovaquia),2025-06-23,,"{Agua,Wifi,""Asientos reclinables"",Calefacción,TV}",
149702,,,,,Disponible,0,elpolo665@viajes.cl,Huelva,San Fernando,47,3516,133000,NS International,2025-01-27,2025-06-22,"{TV,Comida,Calefacción,Baño,Agua,""Asientos reclinables""}",
148949,,,,,Disponible,0,ernesto9095694@viajes.cl,San Sebastián,Cerdañola del Vallés,5,3221,378000,Italo,2026-07-13,2026-11-24,"{Wifi,Agua,Calefacción,Comida,""Asientos reclinables"",""Aire acondicionado""}",
129172,61441,2025-02-17,459000,9,No disponible,459,ersave294@viajes.cl,Inca,Cornellá de Llobregat,17,1442,51000,Eurostar,2025-03-11,2025-03-12,"{Baño,Calefacción,""Asientos reclinables"",TV}",
147884,,,,,Disponible,0,esgudu455@viajes.cl,Guadalajara,Alcorcón,98,2776,125000,Ethiopian Airlines,2026-07-05,2026-10-28,{},
125231,56052,2025-08-13,1539000,9,No disponible,1539,esmavi421@viajes.cl,Murcia,Móstoles,64,2677,171000,Wizz Air,2026-01-13,2026-01-14,{},
89458,64421,2025-02-18,1288000,8,No disponible,1288,estela8832682@viajes.cl,Granollers,Córdoba,88,2210,161000,RZD (Rusia),2025-05-22,2025-05-23,"{Calefacción,Agua,""Aire acondicionado"",Comida,Baño}",
104394,66218,2026-01-18,616000,7,No disponible,616,femova106@viajes.cl,La Coruña,Tarrasa,95,818,88000,HŽ (Croacia),2026-01-26,2026-01-26,"{Wifi,TV,Baño}",
148226,,,,,Disponible,0,feorfr504@viajes.cl,Málaga,Ceuta,4,1506,116000,Avianca,2026-07-31,2026-10-01,{},
131616,56746,2025-02-12,1485000,9,No disponible,1485,ferova525@viajes.cl,,Vigo,33,3146,165000,JetSur,2025-10-05,2025-10-07,"{Comida,""Asientos reclinables"",TV}",
126334,62505,2025-07-19,231000,3,No disponible,231,fesoma882@viajes.cl,Burgos,Mérida,91,1061,77000,BDZ (Bulgaria),2026-01-04,2026-01-04,"{Agua,""Asientos reclinables"",Calefacción}",
149986,,,,,Disponible,0,francisco4781858@viajes.cl,Sagunto,Parla,,3656,436000,ÖBB (Austria),2025-06-29,2025-11-28,"{Baño,""Asientos reclinables"",Wifi,Comida,""Aire acondicionado"",TV,Calefacción}",
147759,,,,,Disponible,0,gabriel1504795@viajes.cl,Torremolinos,Viladecans,24,1506,182000,LATAM Airlines,2025-12-30,2026-03-02,,
102825,59103,2025-08-17,672000,6,No disponible,672,gabriela6221917@viajes.cl,San Sebastían de los Reyes,Benidorm,78,2583,112000,ŽFBH (Bosnia y Herzegovina),2026-06-01,2026-06-02,"{Calefacción,Comida,TV,Agua,Baño}",
147563,,,,,Disponible,0,garoca621@viajes.cl,Irún,Valdemoro,71,4212,438000,Air New Zealand,2025-03-07,2025-08-29,{},
147941,,,,,Disponible,0,geheze803@viajes.cl,Getafe,Elche,92,3136,306000,Aeroméxico,2026-01-07,2026-05-17,{},
121471,62242,2025-01-21,1130000,10,No disponible,1130,gemodo459@viajes.cl,Mataró,Hospitalet de LLobregat,,1514,113000,ZSSK (Eslovaquia),2025-04-05,2025-04-06,"{TV,""Asientos reclinables"",Wifi,Agua}",
85842,60892,2025-07-03,910000,5,No disponible,910,germán7240829@viajes.cl,Linares,Mataró,3,3427,182000,SJ (Suecia),2025-10-08,2025-10-10,"{Calefacción,""Asientos reclinables"",Baño,Agua,TV,Comida}",
123479,56626,2025-01-20,704000,8,No disponible,704,germán782451@viajes.cl,Majadahonda,,46,515,88000,Flecha Bus,2026-02-20,2026-02-20,"{Agua,Baño,TV}",
89208,55952,2025-07-27,1116000,9,No disponible,1116,gilberto6987804@viajes.cl,San Sebastían de los Reyes,,96,344,124000,Turkish Airlines,2025-10-31,2025-10-31,{},
93439,62311,2025-10-16,364000,2,No disponible,364,glmápa136@viajes.cl,Castellón de la Plana,Paterna,47,336,182000,Ethiopian Airlines,2026-08-15,2026-08-15,{},
142174,63015,2025-01-01,72000,1,No disponible,72,graciela7587437@viajes.cl,Valdemoro,Pamplona,25,1638,72000,CD (República Checa),2025-02-02,2025-02-03,"{Comida,Baño,Agua,""Aire acondicionado""}",
94222,60821,2026-02-01,2925000,9,No disponible,2925,grnúca824@viajes.cl,Talavera de la Reina,Baracaldo,28,2929,325000,CD (República Checa),2026-02-27,2026-03-01,"{Calefacción,Agua,""Aire acondicionado"",TV,Baño,""Asientos reclinables""}",
147169,,,,,Disponible,0,grrode416@viajes.cl,Inca,Motril,73,3499,392000,WestJet,2026-07-28,2026-12-20,{},
149619,,,,,Disponible,0,guesag522@viajes.cl,Gecho,Benidorm,49,1480,187000,SJ (Suecia),2026-06-04,2026-08-04,"{TV,""Asientos reclinables"",Calefacción,Baño}",
148057,,,,,Disponible,0,gufequ609@viajes.cl,Alcalá de Guadaira,Cartagena,19,3544,122000,Avianca,2026-09-13,2027-02-07,{},
127763,66338,2025-11-05,425000,5,No disponible,425,guillermina1356638@viajes.cl,Rivas-Vaciamadrid,Santiago de Compostela,88,1345,85000,United Airlines,2026-06-05,2026-06-05,{},
148044,,,,,Disponible,0,gutosa423@viajes.cl,Lugo,Córdoba,51,4309,338000,Southwest Airlines,2025-03-05,2025-08-31,{},
148323,,,,,Disponible,0,guveav526@viajes.cl,Castellón de la Plana,Alcoy,41,4277,197000,United Airlines,2025-10-31,2026-04-27,{},
105884,61513,2026-10-25,1026000,6,No disponible,1026,guvema594@viajes.cl,Alcobendas,,98,3692,171000,SBB (Suiza),2026-11-25,2026-11-27,"{Agua,Comida,Baño,""Asientos reclinables"",TV,Calefacción,Wifi}",
125206,63355,2025-05-06,1964000,4,No disponible,1964,horacio2597856@viajes.cl,Marbella,Fuenlabrada,38,4043,491000,ZS (Eslovenia),2025-06-13,2025-06-15,,
125870,57136,2025-03-07,345000,3,No disponible,345,hugo989362@viajes.cl,Toledo,Jaén,67,223,115000,RZD (Rusia),2025-06-04,2025-06-04,{},
88913,56953,2026-10-02,171000,3,No disponible,171,huprar955@viajes.cl,Badalona,Mijas,48,837,57000,,2026-11-08,2026-11-08,,
111192,58158,2025-04-21,1785000,7,No disponible,1785,isabne770@viajes.cl,Molina de Segura,Valdemoro,8,3767,255000,HŽ (Croacia),2026-07-02,2026-07-04,,
118385,56309,2025-05-23,3129000,7,No disponible,3129,isbubé706@viajes.cl,Segovia,Jaén,27,4242,447000,ÖBB (Austria),2025-08-02,2025-08-04,"{Baño,""Aire acondicionado"",Calefacción,Agua,""Asientos reclinables"",Wifi,TV}",
100581,60101,2025-03-13,798000,3,No disponible,798,iscamo240@viajes.cl,Elda,Tarragona,97,3278,266000,ZFBH (Bosnia y Herzegovina),2026-06-10,2026-06-12,"{Calefacción,""Aire acondicionado"",Agua,""Asientos reclinables"",Baño,TV}",
92058,56331,2026-01-02,1300000,5,No disponible,1300,jabaqu694@viajes.cl,Fuengirola,Baracaldo,81,3511,260000,ŽSSK (Eslovaquia),2026-06-15,2026-06-17,"{TV,Baño,""Asientos reclinables"",""Aire acondicionado"",Calefacción,Comida}",
129074,61458,2025-02-13,74000,2,No disponible,74,jacobo2952233@viajes.cl,Leganés,Lérida,85,272,37000,Emirates,2025-04-30,2025-04-30,,
101493,65529,2025-04-16,354000,6,No disponible,354,jaime4919793@viajes.cl,Pamplona,Segovia,59,235,59000,Southwest Airlines,2026-02-03,2026-02-03,{},
147242,,,,,Disponible,0,jamava511@viajes.cl,Estepona,Sevilla,23,1090,65000,Lufthansa,2026-02-02,2026-03-19,{},
122843,65768,2025-01-19,774000,3,No disponible,774,japaca917@viajes.cl,Logroño,Santa Cruz de Tenerife,73,3491,258000,,2026-03-30,2026-04-01,{},
98946,63836,2025-03-26,1080000,10,No disponible,1080,japasa758@viajes.cl,Murcia,Dos Hermanas,35,1187,108000,HŽ (Croacia),2026-05-05,,"{Baño,Agua,""Asientos reclinables""}",
130770,59629,2025-09-05,558000,2,No disponible,558,jarodo529@viajes.cl,Fuenlabrada,Majadahonda,46,2861,279000,American Airlines,2026-03-11,2026-03-12,{},
119652,60676,2025-01-10,346000,2,No disponible,346,javier3160596@viajes.cl,Santa Cruz de Tenerife,León,35,3600,173000,KLM,2025-01-29,2025-01-31,{},
87683,63004,2025-12-18,950000,10,No disponible,950,javier3975512@viajes.cl,Gecho,Huelva,54,561,95000,,2026-08-20,2026-08-20,{},
139362,63068,2025-03-14,940000,10,No disponible,940,javier5533113@viajes.cl,Valdemoro,Alcorcón,93,1440,94000,Nederlandse Sp,2026-04-18,2026-04-19,"{Agua,""Asientos reclinables"",""Aire acondicionado""}",
149077,,,,,Disponible,0,jesús102436@viajes.cl,Cáceres,Viladecans,2,2372,285000,ZSSK (Eslovaquia),2025-03-14,2025-06-20,"{Comida,TV,Agua,Calefacción,Wifi}",
116771,62131,2025-11-13,2950000,10,No disponible,2950,joaquín1973311@viajes.cl,Almería,Cuenta,46,2570,295000,Aeroméxico,2026-03-04,2026-03-05,{},
127951,59134,2025-08-01,245000,5,No disponible,245,joaquín2078868@viajes.cl,Santa Coloma de Gramanet,Cádiz,82,120,49000,Air France,2026-03-16,2026-03-16,{},
147370,,,,,Disponible,0,joedmopo307@viajes.cl,Palencia,Rivas-Vaciamadrid,56,3046,145000,EasyJet,2025-04-22,2025-08-26,{},
110699,59220,2025-01-21,1268000,4,No disponible,1268,jogoma467@viajes.cl,Ponferrada,Algeciras,90,4236,317000,Aeroméxico,2025-04-29,2025-05-01,{},
83442,60669,2025-01-03,936000,8,No disponible,936,johisi671@viajes.cl,Palencia,Leganés,53,2303,117000,Italo,2025-02-28,2025-03-01,"{""Aire acondicionado"",Comida,Wifi,Calefacción,""Asientos reclinables""}",
124947,57636,2025-04-25,1845000,9,No disponible,1845,jolualca163@viajes.cl,Rubí,Cáceres,98,2185,205000,Japan Airlines,2025-05-28,2025-05-29,{},
93452,60352,2025-01-09,260000,2,No disponible,260,jomacaol823@viajes.cl,Lérida,Calahorra,16,595,130000,WestJet,2025-02-08,2025-02-08,{},
149877,,,,,Disponible,0,jomaesca675@viajes.cl,Alcoy,Vitoria,95,1616,96000,PKP (Polonia),2025-09-16,2025-11-22,"{""Aire acondicionado"",TV,Calefacción,Agua}",
93967,60191,2025-07-28,2448000,8,No disponible,2448,joocle772@viajes.cl,Estepona,Santander,52,3537,306000,Air France,2025-09-14,2025-09-16,{},
109645,59055,2025-10-10,546000,3,No disponible,546,joquna220@viajes.cl,Getafe,Zaragoza,20,2845,182000,Lufthansa,2025-12-01,2025-12-02,{},
121336,65369,2025-05-21,125000,1,No disponible,125,jorge5266606@viajes.cl,Benalmádena,Benalmádena,53,451,125000,Thalys,2025-12-27,2025-12-27,{},
125678,58027,2026-06-06,302000,2,No disponible,302,jorge8296732@viajes.cl,Talavera de la Reina,Alcalá de Henares,12,2787,151000,,2026-07-31,2026-08-01,"{TV,""Aire acondicionado"",Wifi,""Asientos reclinables"",Comida}",
142737,64524,2025-02-28,936000,6,No disponible,936,jorge8870623@viajes.cl,Marbella,Cornellá de Llobregat,53,4196,156000,Renfe,2026-03-06,2026-03-08,,
148348,,,,,Disponible,0,josé4978470@viajes.cl,Motril,Gijón,15,2214,230000,Qatar Airways,2025-02-01,2025-05-04,{},
148882,,,,,Disponible,0,joulbe128@viajes.cl,Reus,Alcalá de Guadaira,91,2364,163000,HŽ (Croacia),2026-09-24,2026-12-31,"{""Asientos reclinables"",""Aire acondicionado"",Comida,Baño,Calefacción}",
109782,61952,2025-01-27,333000,3,No disponible,333,jovepo298@viajes.cl,Cornellá de Llobregat,Orense,79,659,111000,WestJet,2026-03-12,2026-03-12,,
87466,66390,2025-03-03,1780000,10,No disponible,1780,juan5148253@viajes.cl,Sevilla,Hospitalet de LLobregat,56,1551,178000,MÁV (Hungría),2025-10-14,2025-10-15,"{Calefacción,Wifi,Agua,Comida}",
143169,59428,2025-03-28,928000,8,No disponible,928,jubáor209@viajes.cl,Palencia,,95,1930,116000,Qatar Airways,2026-09-09,2026-09-10,{},
132919,65009,2025-01-23,72000,4,No disponible,72,julia1347590@viajes.cl,Logroño,Alcoy,46,209,18000,Flecha Bus,2025-10-10,2025-10-10,,
96367,66343,2025-06-30,760000,2,No disponible,760,julia5060345@viajes.cl,Ferrol,,53,3103,380000,Delta Air Lines,2026-04-04,2026-04-06,{},
93432,62311,2025-04-10,290000,2,No disponible,290,julio3900607@viajes.cl,Collado Villalba,Linares,41,874,145000,Vueling,2026-08-08,2026-08-08,{},
141767,57027,2025-05-04,1476000,3,No disponible,1476,julio6692906@viajes.cl,Gijón,Fuenlabrada,60,3873,492000,Aeroméxico,2025-05-15,2025-05-17,{},
128006,58330,2025-09-25,360000,10,No disponible,360,julio8213563@viajes.cl,Elda,Torrejón de Ardoz,96,774,36000,HŽ (Croacia),2026-04-14,2026-04-14,"{Comida,Agua,Calefacción}",
146968,,,,,Disponible,0,lehiqu538@viajes.cl,San Fernando,Badajoz,52,2208,140000,Air France,2025-06-10,2025-09-10,{},
86265,61683,2025-01-05,2570000,10,No disponible,2570,leluma183@viajes.cl,Segovia,Toledo,62,2273,257000,Renfe,2025-02-21,2025-02-22,"{Comida,Wifi,Baño,""Asientos reclinables"",""Aire acondicionado""}",
149274,,,,,Disponible,0,leonor6713388@viajes.cl,Madrid,Cornellá de Llobregat,13,2372,225000,HŽ (Croacia),2025-10-28,2026-02-03,"{""Asientos reclinables"",Wifi,Baño,Calefacción,Agua}",
143923,58714,2025-10-09,1320000,3,No disponible,1320,leticia6431720@viajes.cl,Murcia,Alcobendas,5,3879,440000,Trenitalia,2025-11-22,2025-11-24,"{""Aire acondicionado"",TV,Agua,Wifi,""Asientos reclinables"",Calefacción,Comida}",
149377,,,,,Disponible,0,loarva272@viajes.cl,Mérida,Cáceres,51,1356,81000,,2025-09-09,2025-11-04,"{Calefacción,""Asientos reclinables"",""Aire acondicionado""}",
109332,60033,2025-07-06,2862000,9,No disponible,2862,locaji731@viajes.cl,,Telde,99,3813,318000,Italo,2025-09-25,2025-09-27,"{Calefacción,Wifi,""Aire acondicionado"",Baño,Agua,TV,""Asientos reclinables""}",
119123,59554,2025-02-26,424000,8,No disponible,424,lodope981@viajes.cl,Logroño,Málaga,75,327,53000,Deutsche Bahn (DB),2025-09-06,2025-09-06,,
79224,55943,2025-11-30,1140000,5,No disponible,1140,lola7104104@viajes.cl,Leganés,Vitoria,71,2462,228000,Amtrak,2026-05-13,2026-05-14,"{Calefacción,""Aire acondicionado"",Baño,Agua,TV}",
108571,59614,2025-03-02,1176000,8,No disponible,1176,lomaáv687@viajes.cl,,Valdemoro,34,394,147000,LATAM Airlines,2025-09-11,2025-09-11,{},
133269,57883,2025-04-13,235000,1,No disponible,235,lorena2481523@viajes.cl,Mollet del Vallés,Leganés,20,3975,235000,Lufthansa,2025-05-19,2025-05-21,{},
148131,,,,,Disponible,0,lorenzo7727311@viajes.cl,Mataró,Lorca,78,502,107000,Qatar Airways,2026-08-10,2026-08-30,{},
148384,,,,,Disponible,0,lourdes3752581@viajes.cl,Jaén,Bilbao,30,776,108000,WestJet,2025-01-13,2025-02-14,{},
147424,,,,,Disponible,0,lourdes8362869@viajes.cl,Oviedo,Paterna,,3644,485000,Aeroméxico,2025-10-26,2026-03-26,{},
138057,62437,2026-02-12,365000,5,No disponible,365,lucari551@viajes.cl,,Santa Cruz de Tenerife,86,443,73000,KLM,2026-02-16,2026-02-16,{},
134351,60238,2025-07-10,152000,2,No disponible,152,luenhe662@viajes.cl,Linares,Molina de Segura,51,2147,76000,BDZ (Bulgaria),2026-02-07,,"{Baño,Agua,""Asientos reclinables"",Comida}",
118868,60771,2025-11-09,1810000,10,No disponible,1810,luisa6260852@viajes.cl,Vitoria,,6,419,181000,RZD (Rusia),2026-11-08,2026-11-08,{},
124767,58840,2025-09-15,1035000,9,No disponible,1035,lumialca380@viajes.cl,Leganés,Alicante,38,2891,115000,Air France,2026-10-25,2026-10-27,{},
97389,62178,2026-01-06,128000,1,No disponible,128,luz2860610@viajes.cl,San Cristróbal de la Laguna,,42,130,128000,EasyJet,2026-11-04,2026-11-04,{},
147684,,,,,Disponible,0,maancare777@viajes.cl,Molina de Segura,Salamanca,87,2931,119000,Aeroméxico,2025-06-19,2025-10-19,{},
86105,57310,2025-05-10,596000,4,No disponible,596,mabahe502@viajes.cl,Salamanca,Lérida,85,1420,149000,Qatar Airways,2025-05-26,2025-05-26,{},
79432,63981,2025-05-05,736000,4,No disponible,736,madecamavi101@viajes.cl,Reus,Inca,,308,184000,CD (República Checa),2025-10-07,,{},
149141,,,,,Disponible,0,maelabco272@viajes.cl,San Fernando,Alcalá de Guadaira,92,920,68000,SJ (Suecia),2026-08-01,2026-09-08,"{""Asientos reclinables"",TV,Wifi}",
149397,,,,,Disponible,0,maeumaso244@viajes.cl,Badalona,Santa Lucía de Tirajana,81,2327,296000,NS International,2026-01-04,2026-04-10,"{TV,Comida,""Aire acondicionado"",Baño,""Asientos reclinables""}",
106611,62805,2025-07-18,264000,3,No disponible,264,maeurobo361@viajes.cl,Rubí,Barcelona,23,726,88000,ŽFBH (Bosnia y Herzegovina),2025-11-24,2025-11-24,"{""Aire acondicionado"",Baño,Calefacción}",
87090,58366,2025-01-16,2500000,10,No disponible,2500,maflji375@viajes.cl,Burgos,Ferrol,98,2599,250000,MÁV (Hungría),2026-03-31,2026-04-01,"{TV,Comida,Wifi,""Aire acondicionado"",Calefacción}",
108159,58545,2025-05-23,1108000,4,No disponible,1108,magdalena1234556@viajes.cl,Arrecife,Torrelavega,72,2560,277000,,2025-06-03,2025-06-04,"{Baño,TV,""Asientos reclinables"",Agua,""Aire acondicionado""}",
147839,,,,,Disponible,0,majáro736@viajes.cl,Alcoy,Getafe,88,523,18000,Ryanair,2026-10-10,,,
149714,,,,,Disponible,0,manuel2099816@viajes.cl,Collado Villalba,Alcorcón,5,1530,141000,DSB (Dinamarca),2025-09-18,2025-11-20,"{Comida,""Asientos reclinables"",""Aire acondicionado"",Wifi}",
83125,65742,2025-02-14,165000,1,No disponible,165,manuel3575963@viajes.cl,Ciudad Real,Rivas-Vaciamadrid,90,2168,165000,LATAM Airlines,2025-02-15,2025-02-16,{},
148592,,,,,Disponible,0,maqupa704@viajes.cl,Chiclana de la Frontera,El Ejido,66,392,12000,Lufthansa,2025-12-03,2025-12-19,{},
146962,,,,,Disponible,0,marcos9487992@viajes.cl,Sevilla,Gerona,75,3806,455000,Ryanair,2025-11-02,2026-04-09,{},
124903,57658,2025-06-11,1295000,7,No disponible,1295,mario3257633@viajes.cl,,Guadalajara,93,419,185000,DSB (Dinamarca),2026-02-13,2026-02-13,{},
144102,56137,2025-09-07,192000,3,No disponible,192,mario9200187@viajes.cl,Zaragoza,La Coruña,48,972,64000,Amtrak,2025-11-22,2025-11-22,"{Baño,TV,""Asientos reclinables""}",
119884,57492,2026-02-09,2065000,7,No disponible,2065,maroma719@viajes.cl,Vitoria,Elche,19,3965,295000,Wizz Air,2026-07-01,2026-07-03,{},
149343,,,,,Disponible,0,marta9050347@viajes.cl,Cáceres,Almería,40,1335,144000,ZS (Eslovenia),2026-09-16,2026-11-10,"{Comida,Calefacción,""Asientos reclinables""}",
79766,62948,2025-08-16,2187000,9,No disponible,2187,maría1288820@viajes.cl,Puertollano,Badajoz,10,3692,243000,Eurostar,2025-12-31,2026-01-02,"{TV,Calefacción,Wifi,Comida,""Aire acondicionado"",Baño,Agua}",
143901,59703,2026-01-28,2870000,10,No disponible,2870,maría165242@viajes.cl,Málaga,,98,3465,287000,Italo,2026-06-15,2026-06-17,"{""Asientos reclinables"",Wifi,""Aire acondicionado"",Agua,TV,Baño}",
147086,,,,,Disponible,0,maría3238354@viajes.cl,Valdemoro,Lérida,82,2257,253000,Aeroméxico,2026-11-27,,{},
97854,56579,2025-03-09,302000,2,No disponible,302,maría4032410@viajes.cl,Cáceres,Gandía,79,3453,151000,CFR (Rumania),2025-04-19,2025-04-21,"{Calefacción,Baño,""Asientos reclinables"",Agua,""Aire acondicionado"",Comida}",
88734,65573,2025-02-05,1145000,5,No disponible,1145,maría4547699@viajes.cl,Torrejón de Ardoz,Majadahonda,39,3666,229000,Emirates,2026-06-08,2026-06-10,{},
99352,65956,2025-07-10,142000,2,No disponible,142,maría5802899@viajes.cl,Irún,Alcalá de Guadaira,58,488,71000,CFR (Rumania),2025-07-27,2025-07-27,{},
146785,,,,,Disponible,0,maría6183440@viajes.cl,Tarragona,Fuengirola,39,419,65000,FlixBus,2025-07-22,,"{Baño,TV,Calefacción}",
85901,61692,2025-09-24,864000,9,No disponible,864,maría6988790@viajes.cl,Avilés,Rubí,44,1506,96000,SJ (Suecia),2026-02-21,2026-02-22,"{Agua,""Aire acondicionado"",Wifi,Calefacción}",
82972,63326,2025-06-16,1190000,7,No disponible,1190,masovama326@viajes.cl,Pamplona,La Línea de la Concepción,77,2257,170000,Nederlandse Sp,2025-06-19,2025-06-20,"{TV,Agua,""Aire acondicionado"",Wifi,""Asientos reclinables""}",
79231,55943,2025-01-31,1425000,5,No disponible,1425,mavega737@viajes.cl,Vitoria,San Fernando,26,3974,285000,Eurostar,2026-05-20,2026-05-22,"{TV,Agua,Baño,Comida,Calefacción,Wifi,""Asientos reclinables""}",
116325,61317,2025-06-14,244000,2,No disponible,244,mercedes966447@viajes.cl,Talavera de la Reina,Marbella,31,2741,122000,NSB (Noruega),2026-08-05,2026-08-06,"{Wifi,Agua,TV,Comida,Baño}",
96215,63716,2025-03-15,1176000,4,No disponible,1176,micaela3633872@viajes.cl,Zamora,Manresa,74,3260,294000,Amtrak,2025-08-05,2025-08-07,"{Calefacción,Comida,Wifi,Agua,TV,""Asientos reclinables""}",
148811,,,,,Disponible,0,miguel1703488@viajes.cl,Santander,San Cristróbal de la Laguna,32,4028,322000,ZS (Eslovenia),2025-05-27,2025-11-10,"{Comida,Agua,Wifi,""Asientos reclinables"",Calefacción,TV,Baño}",
118866,60771,2025-07-17,3140000,10,No disponible,3140,miguel7248711@viajes.cl,Lérida,Mataró,81,3727,314000,Italo,2026-11-05,2026-11-07,"{""Aire acondicionado"",Wifi,""Asientos reclinables"",Calefacción,TV,Baño,Agua}",
85118,63299,2025-05-30,179000,1,No disponible,179,mimaco244@viajes.cl,Telde,Sevilla,27,2172,179000,ZSSK (Eslovaquia),2025-07-18,2025-07-19,"{""Asientos reclinables"",Calefacción,""Aire acondicionado"",Agua,Baño}",
139969,58992,2025-05-02,36000,3,No disponible,36,miántial875@viajes.cl,Santiago de Compostela,Madrid,37,562,12000,Deutsche Bahn (DB),2025-08-25,2025-08-25,{},
90292,57572,2026-03-22,198000,1,No disponible,198,mónica6343775@viajes.cl,Huelva,Gijón,,1807,198000,ŽFBH (Bosnia y Herzegovina),2026-10-31,2026-11-01,"{Wifi,Agua,TV,""Asientos reclinables""}",
103654,62371,2025-02-24,848000,8,No disponible,848,mónica938945@viajes.cl,Molina de Segura,Alcorcón,51,1874,106000,BDZ (Bulgaria),2025-02-28,2025-03-01,"{TV,Calefacción,Agua,""Asientos reclinables""}",
126621,61226,2025-01-08,747000,9,No disponible,747,naalmu963@viajes.cl,Zaragoza,Mollet del Vallés,100,1294,83000,Thalys,2026-02-08,2026-02-08,"{Comida,""Asientos reclinables"",Wifi}",
148066,,,,,Disponible,0,nacaca348@viajes.cl,El Ejido,San Cristróbal de la Laguna,74,1707,134000,Iberia,2025-12-23,2026-03-04,{},
93770,57761,2025-05-01,30000,1,No disponible,30,nanise574@viajes.cl,La Línea de la Concepción,Talavera de la Reina,12,1007,30000,Alaska Airlines,2026-08-13,2026-08-13,{},
114639,58674,2025-06-13,3204000,9,No disponible,3204,naroro910@viajes.cl,Alcobendas,,47,3022,356000,KLM,2026-01-19,2026-01-21,{},
81536,56208,2025-06-02,450000,2,No disponible,450,naseag466@viajes.cl,Santander,Torrevieja,57,2666,225000,DSB (Dinamarca),2026-06-27,2026-06-28,"{Agua,TV,Calefacción,""Asientos reclinables"",""Aire acondicionado""}",
120816,64526,2025-10-21,875000,5,No disponible,875,nisabá861@viajes.cl,Torrevieja,Chiclana de la Frontera,27,1820,175000,SNCB (Bélgica),2026-02-23,,"{Wifi,""Aire acondicionado"",Baño,""Asientos reclinables""}",
116679,64531,2025-05-09,595000,7,No disponible,595,noméru838@viajes.cl,Sagunto,Zamora,75,2281,85000,DSB (Dinamarca),2026-10-05,2026-10-06,"{""Aire acondicionado"",Calefacción,Wifi,Baño,TV}",
104340,59107,2025-02-03,560000,10,No disponible,560,norma6125104@viajes.cl,Ferrol,Pamplona,81,619,56000,Renfe,2025-02-05,2025-02-05,{},
129396,61307,2025-05-14,750000,3,No disponible,750,ocarsa130@viajes.cl,Tarrasa,Torrevieja,23,2951,250000,ZSSK (Eslovaquia),2026-05-15,2026-05-17,"{Baño,Agua,Calefacción,TV,Wifi,Comida}",
147822,,,,,Disponible,0,oldeanco821@viajes.cl,Jerez de la Frontera,Sanlúcar de Barrameda,41,3431,169000,Spirit Airlines,2026-03-27,2026-08-16,{},
99104,56691,2025-03-10,400000,2,No disponible,400,olivia854628@viajes.cl,Lérida,Zaragoza,77,1963,200000,JetBlue,2025-07-23,2025-07-24,{},
143234,62809,2025-03-08,912000,8,No disponible,912,paroga838@viajes.cl,Torrevieja,Algeciras,47,371,114000,DSB (Dinamarca),2025-10-14,2025-10-14,{},
147626,,,,,Disponible,0,patricia3238325@viajes.cl,Santa Cruz de Tenerife,Zaragoza,46,671,58000,Air New Zealand,2026-05-12,2026-06-08,{},
149369,,,,,Disponible,0,pilar5469194@viajes.cl,Cartagena,Toledo,,3534,124000,NSB (Noruega),2025-09-28,,"{Wifi,Baño,""Asientos reclinables"",""Aire acondicionado"",Calefacción,TV}",
86517,62779,2025-04-07,133000,1,No disponible,133,piurch784@viajes.cl,El Prat de LLobregat,Las Palmas de Gran Canaria,81,2561,133000,ŽFBH (Bosnia y Herzegovina),2026-04-25,2026-04-26,"{Wifi,TV,Calefacción,Agua,Comida}",
149358,,,,,Disponible,0,racofl956@viajes.cl,La Coruña,Cartagena,41,3406,333000,SBB (Suiza),2025-04-13,2025-09-01,"{Wifi,""Asientos reclinables"",Baño,""Aire acondicionado"",Calefacción,TV}",
140154,64643,2026-02-18,303000,1,No disponible,303,racolo733@viajes.cl,Hospitalet de LLobregat,Zamora,8,3035,303000,ŽSSK (Eslovaquia),2026-02-23,2026-02-25,"{""Asientos reclinables"",Wifi,Agua,Calefacción,Comida,Baño}",
96909,58081,2026-01-23,1860000,10,No disponible,1860,raqucr272@viajes.cl,Cádiz,Bilbao,49,3863,186000,NSB (Noruega),2026-07-04,2026-07-06,"{TV,""Aire acondicionado"",Comida,Baño,Agua,Calefacción,Wifi}",
83630,65737,2025-08-18,1688000,8,No disponible,1688,readma267@viajes.cl,,Ferrol,26,4187,211000,NS International,2025-12-18,,"{Baño,TV,Wifi,Calefacción,Comida,Agua,""Asientos reclinables""}",
148977,,,,,Disponible,0,rebale699@viajes.cl,Estepona,Cornellá de Llobregat,24,976,80000,VR (Finlandia),2025-12-18,2026-01-27,"{Agua,TV,Wifi}",
103117,63337,2026-03-07,2673000,9,No disponible,2673,rebeca2742263@viajes.cl,Dos Hermanas,Guadalajara,1,3492,297000,Ethiopian Airlines,2026-04-27,2026-04-29,{},
87137,60467,2025-07-08,896000,4,No disponible,896,reocpo678@viajes.cl,Estepona,Manresa,62,3352,224000,RZD (Rusia),2025-07-28,2025-07-30,"{Agua,Baño,""Asientos reclinables"",""Aire acondicionado"",TV,Wifi}",
139216,58118,2026-03-14,2044000,7,No disponible,2044,revaor825@viajes.cl,Tarrasa,Elche,69,3083,292000,Air France,2026-05-16,2026-05-18,{},
148113,,,,,Disponible,0,rodrigo4810214@viajes.cl,Tarragona,Bilbao,31,1094,122000,All Nippon Airways (ANA),2026-05-17,2026-07-01,{},
143412,58883,2025-05-09,2970000,10,No disponible,2970,sara3658705@viajes.cl,Hospitalet de LLobregat,Pontevedra,39,2422,297000,Japan Airlines,2025-07-20,2025-07-21,{},
116196,57859,2025-11-04,288000,1,No disponible,288,savaon858@viajes.cl,Rivas-Vaciamadrid,Baracaldo,100,2344,288000,,2025-11-17,2025-11-18,{},
93068,58619,2025-12-29,355000,5,No disponible,355,silvia4184684@viajes.cl,Santa Coloma de Gramanet,Fuengirola,45,1503,71000,WestJet,2026-02-24,2026-02-25,{},
119542,66042,2025-04-29,1800000,9,No disponible,1800,siurga784@viajes.cl,Córdoba,Cádiz,14,4278,200000,RZD (Rusia),2025-06-29,2025-07-01,"{Agua,Baño,""Asientos reclinables"",Comida,Wifi,""Aire acondicionado"",Calefacción}",
107573,62893,2025-04-06,1590000,5,No disponible,1590,sofia1431695@viajes.cl,Talavera de la Reina,Avilés,64,4106,318000,Iberia,2026-01-31,2026-02-02,{},
147349,,,,,Disponible,0,soledad4866400@viajes.cl,Cuenta,Alcorcón,77,3467,209000,LATAM Airlines,2025-12-06,2026-04-29,{},
149368,,,,,Disponible,0,sr.2820699@viajes.cl,Barcelona,Málaga,98,1722,174000,ŽFBH (Bosnia y Herzegovina),2025-07-31,2025-10-10,"{Comida,""Aire acondicionado"",""Asientos reclinables"",TV}",
147476,,,,,Disponible,0,sr.3043160@viajes.cl,Sabadell,Molina de Segura,67,4135,282000,Wizz Air,2025-01-01,,{},
139050,55637,2025-05-04,1690000,10,No disponible,1690,sr.3134211@viajes.cl,Alcalá de Henares,Telde,73,381,169000,Qantas,2026-06-03,2026-06-03,{},
103284,58437,2025-04-28,3933000,9,No disponible,3933,sr.3211682@viajes.cl,Ciudad Real,Córdoba,9,4309,437000,Air France,2025-11-04,,{},
148291,,,,,Disponible,0,sr.3383439@viajes.cl,Valencia,Vigo,35,2962,366000,Air Canada,2026-04-30,2026-08-31,{},
113472,58283,2025-07-05,495000,3,No disponible,495,sr.3664786@viajes.cl,Valladolid,Collado Villalba,93,1627,165000,Turkish Airlines,2025-08-06,,{},
149120,,,,,Disponible,0,sr.3951766@viajes.cl,León,,9,4144,263000,Eurostar,2026-09-17,2027-03-08,"{TV,Wifi,Baño,""Aire acondicionado"",""Asientos reclinables"",Agua,Calefacción}",
82681,57879,2025-04-17,1125000,9,No disponible,1125,sr.4903927@viajes.cl,Santa Coloma de Gramanet,Benalmádena,89,1332,125000,,2026-03-08,,"{""Asientos reclinables"",Baño,TV}",
82206,63614,2025-03-21,1205000,5,No disponible,1205,sr.590458@viajes.cl,Zamora,Pamplona,3,3343,241000,LATAM Airlines,2025-06-09,,{},
147284,,,,,Disponible,0,sr.8656807@viajes.cl,San Sebastían de los Reyes,El Puerto de Santa María,45,980,54000,United Airlines,2025-12-25,2026-02-03,{},
149991,,,,,Disponible,0,sra.1459233@viajes.cl,Parla,Almería,100,404,194000,SBB (Suiza),2025-01-06,2025-01-22,"{""Aire acondicionado"",Comida,Agua,TV,Wifi}",
148526,,,,,Disponible,0,sra.2941122@viajes.cl,Gecho,Chiclana de la Frontera,42,2131,138000,Iberia,2026-09-23,2026-12-20,{},
89187,61905,2025-04-24,2502000,6,No disponible,2502,sra.3023927@viajes.cl,Mérida,,30,4055,417000,ŽFBH (Bosnia y Herzegovina),2025-08-07,2025-08-09,"{Wifi,Agua,Baño,TV,""Asientos reclinables"",Comida,Calefacción}",
123082,64810,2025-01-25,840000,8,No disponible,840,sra.4531821@viajes.cl,Málaga,Mollet del Vallés,34,1023,105000,Lufthansa,2025-05-06,2025-05-06,{},
149167,,,,,Disponible,0,sra.6277717@viajes.cl,Roquetas de Mar,Granada,49,1531,128000,HŽ (Croacia),2025-11-30,2026-02-01,"{""Aire acondicionado"",TV,Agua,""Asientos reclinables""}",
107891,57940,2025-02-12,288000,6,No disponible,288,sra.8471206@viajes.cl,Granollers,Badajoz,79,251,48000,,2025-02-21,2025-02-21,{},
135622,66250,2025-06-03,180000,1,No disponible,180,sra.8766158@viajes.cl,Salamanca,La Coruña,100,2365,180000,Emirates,2025-10-10,2025-10-11,{},
122890,61874,2025-05-23,3177000,9,No disponible,3177,sra.9402989@viajes.cl,Benidorm,Avilés,18,3268,353000,Thalys,2026-03-09,2026-03-11,"{Calefacción,TV,Wifi,""Aire acondicionado"",""Asientos reclinables"",Agua}",
127149,60007,2025-04-03,106000,1,No disponible,106,sra.9489774@viajes.cl,Benalmádena,Viladecans,,678,106000,CD (República Checa),2025-08-29,2025-08-29,{},
81241,61734,2025-04-12,770000,5,No disponible,770,sradcatr480@viajes.cl,Orihuela,Tarrasa,78,3205,154000,Renfe,2025-08-29,,"{TV,""Asientos reclinables"",Wifi,Baño,Calefacción,Agua}",
85852,66095,2025-06-11,990000,5,No disponible,990,sramgalo790@viajes.cl,Huelva,Fuengirola,58,3890,198000,Ethiopian Airlines,2026-06-27,,{},
107009,58424,2026-02-09,994000,7,No disponible,994,sranjiqu198@viajes.cl,Vigo,Gerona,100,425,142000,TGV (SNCF),2026-03-02,2026-03-02,{},
123879,62429,2026-04-30,1752000,6,No disponible,1752,srcébrse308@viajes.cl,Alcoy,Motril,64,3169,292000,Italo,2026-10-19,2026-10-21,"{""Asientos reclinables"",Comida,Baño,TV,Calefacción,""Aire acondicionado""}",
136789,57221,2025-01-15,370000,10,No disponible,370,srflsolu390@viajes.cl,Santander,Leganés,12,364,37000,American Airlines,2026-11-13,2026-11-13,,
148004,,,,,Disponible,0,srgebegr871@viajes.cl,Huelva,Ceuta,,3593,107000,Wizz Air,2025-10-13,2026-03-11,{},
94942,58022,2025-03-02,1060000,10,No disponible,1060,srgepili368@viajes.cl,Burgos,Alcorcón,87,2128,106000,Frontier Airlines,2025-03-23,2025-03-24,{},
112621,66317,2025-07-03,532000,4,No disponible,532,srjolumupe583@viajes.cl,Linares,Benalmádena,62,129,133000,NSB (Noruega),2026-01-01,2026-01-01,{},
86253,64359,2026-08-31,3458000,7,No disponible,3458,srjuardeje698@viajes.cl,Benidorm,,,3923,494000,Japan Airlines,2026-11-02,,{},
149211,,,,,Disponible,0,srjugáce908@viajes.cl,Alcobendas,Lugo,99,204,64000,Italo,2026-11-18,2026-11-26,"{""Asientos reclinables"",Comida,Agua,""Aire acondicionado"",Baño}",
81866,59317,2025-01-31,2648000,8,No disponible,2648,srlogaro943@viajes.cl,Elche,Logroño,44,3286,331000,Italo,2025-03-25,2025-03-27,"{Wifi,Baño,TV,""Aire acondicionado"",""Asientos reclinables"",Comida}",
147823,,,,,Disponible,0,srluququ687@viajes.cl,Torrelavega,Ceuta,89,596,68000,,2025-08-03,2025-08-27,{},
148161,,,,,Disponible,0,srmacaes852@viajes.cl,Cornellá de Llobregat,Mataró,95,1270,127000,American Airlines,2026-10-27,2026-12-18,{},
104718,58803,2025-03-26,1572000,4,No disponible,1572,srmaeltrca573@viajes.cl,Palencia,Arrecife,60,4311,393000,ZS (Eslovenia),2025-04-07,2025-04-09,"{Calefacción,TV,Agua,Wifi,""Asientos reclinables"",""Aire acondicionado"",Comida}",
149267,,,,,Disponible,0,srmairri729@viajes.cl,Baracaldo,Jerez de la Frontera,83,3087,105000,ZFBH (Bosnia y Herzegovina),2026-03-16,2026-07-22,,
139779,62714,2025-04-09,620000,4,No disponible,620,srmajopémi861@viajes.cl,La Coruña,San Fernando,9,3670,155000,TGV (SNCF),2025-12-27,2025-12-29,"{Comida,Agua,Calefacción,Baño,""Asientos reclinables"",TV,Wifi}",
130319,59682,2025-02-07,350000,7,No disponible,350,srmaorga483@viajes.cl,Pamplona,Cádiz,50,3981,50000,Megabus,2025-02-13,2025-02-15,"{Wifi,""Asientos reclinables"",Calefacción}",
147097,,,,,Disponible,0,srmasodues715@viajes.cl,Alcobendas,Reus,61,1630,84000,JetBlue,2026-09-05,2026-11-11,{},
94024,60807,2025-02-05,936000,8,No disponible,936,srromesa573@viajes.cl,Ponferrada,Rubí,22,1824,117000,,2026-07-03,2026-07-04,"{Comida,""Asientos reclinables"",Calefacción,TV}",
81842,58918,2025-09-23,2316000,6,No disponible,2316,srsigagr821@viajes.cl,Torremolinos,El Ejido,44,4232,386000,Italo,2025-10-10,2025-10-12,"{""Aire acondicionado"",Wifi,Comida,Agua,""Asientos reclinables"",TV,Baño}",
144240,62426,2025-04-01,405000,5,No disponible,405,srvefrap151@viajes.cl,Vitoria,Cartagena,52,2210,81000,CP (Portugal),2025-10-03,2025-10-04,"{TV,Wifi,Comida,Agua,Calefacción}",
89415,56723,2025-11-21,942000,3,No disponible,942,sta.1409702@viajes.cl,Torrelavega,San Cristróbal de la Laguna,78,3322,314000,Frontier Airlines,2026-07-14,2026-07-16,{},
96040,63654,2025-04-03,594000,3,No disponible,594,sta.3082939@viajes.cl,Rivas-Vaciamadrid,Torrelavega,6,3259,198000,American Airlines,2025-06-02,2025-06-04,{},
145644,,,,,Disponible,0,sta.3467980@viajes.cl,Las Palmas de Gran Canaria,Telde,39,2093,141000,FlixBus,2026-01-27,,"{Calefacción,TV,""Aire acondicionado""}",
99967,60834,2026-01-09,2198000,7,No disponible,2198,sta.4160875@viajes.cl,Albacete,Cáceres,99,3668,314000,HŽ (Croacia),2026-09-27,2026-09-29,"{""Asientos reclinables"",Wifi,TV,Calefacción,Agua,Comida,""Aire acondicionado""}",
121014,63714,2025-11-17,676000,4,No disponible,676,sta.4757439@viajes.cl,El Prat de LLobregat,Paterna,95,3665,169000,Renfe,2026-09-06,2026-09-08,"{Agua,Baño,""Asientos reclinables"",Comida,TV,Wifi,Calefacción}",
139237,58024,2025-01-28,3906000,9,No disponible,3906,sta.5063904@viajes.cl,Elda,Barcelona,18,3700,434000,Air New Zealand,2025-10-08,2025-10-10,{},
149910,,,,,Disponible,0,sta.9052328@viajes.cl,,Salamanca,40,2589,111000,NSB (Noruega),2025-03-21,2025-07-06,"{Agua,Baño,""Aire acondicionado"",""Asientos reclinables"",Wifi}",
122486,65380,2025-08-06,105000,3,No disponible,105,stararal347@viajes.cl,Parla,,94,125,35000,Trenitalia,2025-10-10,2025-10-10,{},
149481,,,,,Disponible,0,sthemagi384@viajes.cl,Hospitalet de LLobregat,Salamanca,56,2566,292000,Deutsche Bahn (DB),2026-05-28,2026-09-11,"{Agua,""Asientos reclinables"",TV,Wifi,Baño}",
100769,59153,2025-04-25,2106000,6,No disponible,2106,stjopoal797@viajes.cl,Cornellá de Llobregat,,30,2971,351000,CP (Portugal),2026-08-12,2026-08-14,"{""Asientos reclinables"",Calefacción,Wifi,Agua,Baño,Comida}",
80551,55886,2025-06-16,4320000,9,No disponible,4320,stlumamu560@viajes.cl,El Prat de LLobregat,El Puerto de Santa María,10,3968,480000,HŽ (Croacia),2025-07-04,2025-07-06,"{Comida,Baño,Agua,""Aire acondicionado"",TV,Calefacción,""Asientos reclinables""}",
105717,56934,2025-08-06,133000,7,No disponible,133,stpiríen858@viajes.cl,Santa Coloma de Gramanet,Molina de Segura,86,354,19000,Singapore Airlines,2026-08-16,2026-08-16,{},
148834,,,,,Disponible,0,teveba618@viajes.cl,,Toledo,20,336,16000,VRZ (Croacia),2026-09-19,2026-10-03,"{Baño,""Aire acondicionado"",""Asientos reclinables"",Calefacción,TV,Wifi,Agua}",
149978,,,,,Disponible,0,tiaggi246@viajes.cl,Alcoy,Santa Cruz de Tenerife,95,1644,85000,Italo,2025-09-15,2025-11-22,,
108506,60457,2025-03-26,288000,8,No disponible,288,tomás4604467@viajes.cl,Barcelona,Bilbao,23,457,36000,Eurostar,2026-01-01,2026-01-01,{},
117626,57178,2025-09-05,656000,8,No disponible,656,toolac769@viajes.cl,El Prat de LLobregat,Collado Villalba,,2868,82000,Via Bariloche,2025-12-25,2025-12-26,"{Comida,""Asientos reclinables"",""Aire acondicionado""}",
147331,,,,,Disponible,0,toquma393@viajes.cl,Cáceres,San Fernando,71,3708,332000,Etihad Airways,2026-01-03,2026-06-06,{},
129613,56058,2026-02-20,666000,9,No disponible,666,toviag268@viajes.cl,Alcobendas,Móstoles,2,439,74000,Frontier Airlines,2026-04-23,2026-04-23,{},
148203,,,,,Disponible,0,vicaes693@viajes.cl,San Cristróbal de la Laguna,,44,1109,136000,Air New Zealand,2025-06-01,2025-07-17,{},
101496,62148,2025-01-04,1134000,7,No disponible,1134,vicente5224724@viajes.cl,Sagunto,Santa Lucía de Tirajana,89,477,162000,ZFBH (Bosnia y Herzegovina),2025-04-04,2025-04-04,{},
148800,,,,,Disponible,0,vicente9770936@viajes.cl,Vitoria,Málaga,26,4139,285000,BDZ (Bulgaria),2025-03-01,2025-08-20,"{Wifi,Baño,""Asientos reclinables"",""Aire acondicionado"",Agua,Comida,Calefacción}",
88197,58019,2025-04-29,855000,5,No disponible,855,victoria3901472@viajes.cl,Arrecife,,64,618,171000,,2025-05-03,2025-05-03,{},
94376,66161,2025-03-17,968000,8,No disponible,968,victoria904873@viajes.cl,San Cristróbal de la Laguna,Puertollano,53,990,121000,NSB (Noruega),2025-06-28,2025-06-28,"{Baño,Agua,Comida}",
125405,57963,2025-01-04,1080000,4,No disponible,1080,vitóan636@viajes.cl,Alcobendas,Castellón de la Plana,11,2886,270000,Nederlandse Sp,2025-01-20,2025-01-22,"{""Asientos reclinables"",Agua,Wifi,Comida,TV,""Aire acondicionado""}",
149421,,,,,Disponible,0,vivimi661@viajes.cl,Sagunto,El Puerto de Santa María,64,3973,333000,Trenitalia,2026-03-06,2026-08-18,"{Agua,Calefacción,Comida,Baño,TV,Wifi,""Aire acondicionado""}",
133100,62806,2025-12-19,162000,1,No disponible,162,víctor4658817@viajes.cl,San Cristróbal de la Laguna,Baracaldo,96,1579,162000,Alaska Airlines,2026-08-07,,{},
115838,56672,2025-04-08,450000,3,No disponible,450,víctor880107@viajes.cl,Sabadell,Calahorra,17,1866,150000,TGV (SNCF),2025-08-12,2025-08-13,"{Wifi,TV,Calefacción,Baño}",
137533,63049,2025-04-20,286000,2,No disponible,286,yoanma528@viajes.cl,San Fernando,Talavera de la Reina,36,703,143000,ÖBB (Austria),2026-08-11,2026-08-11,{},
147741,,,,,Disponible,0,áncava459@viajes.cl,,Estepona,52,4179,444000,Qantas,2026-06-30,2026-12-21,{},
149385,,,,,Disponible,0,ángaga278@viajes.cl,Palencia,Barcelona,57,128,68000,CFR (Rumania),2025-05-06,2025-05-11,"{Calefacción,Agua,TV}",
93391,61199,2025-11-19,510000,6,No disponible,510,ángela4947162@viajes.cl,,Sagunto,79,749,85000,Spirit Airlines,2026-03-26,2026-03-26,{},
147124,,,,,Disponible,0,óscar7955474@viajes.cl,,Elda,,200,189000,JetBlue,2025-05-11,2025-05-19,{},
85876,61081,2025-01-02,904000,8,No disponible,904,óscoes804@viajes.cl,Tarragona,Guadalajara,35,2096,113000,HŽ (Croacia),2025-01-05,2025-01-06,"{TV,Agua,Wifi,""Asientos reclinables""}",
101508,62148,2025-01-22,1316000,7,No disponible,1316,ósfrse369@viajes.cl,Segovia,Córdoba,30,2238,188000,ZFBH (Bosnia y Herzegovina),2025-04-15,2025-04-16,"{Comida,Wifi,TV,""Aire acondicionado"",Calefacción}",
112079,63804,2025-02-02,820000,10,No disponible,820,ósnapa647@viajes.cl,Hospitalet de LLobregat,Alcobendas,96,1175,82000,Southwest Airlines,2025-12-03,2025-12-03,{},
143382,62487,2025-04-19,295000,5,No disponible,295,Albertoocasio669@viajes.cl,Viladecans,Reus,91,379,59000,JetBlue,2025-11-13,,{},
107762,65379,2025-01-11,1386000,7,No disponible,1386,Albertoybarra929@viajes.cl,San Cristróbal de la Laguna,Gerona,61,303,198000,HŽ (Croacia),2025-02-17,2025-02-17,{},
140230,57950,2025-07-09,258000,6,No disponible,258,Alejandramurillo755@viajes.cl,Huelva,Viladecans,53,1388,43000,Spirit Airlines,2025-09-03,2025-09-03,{},
88354,57771,2025-01-26,490000,5,No disponible,490,Alejandroserrato929@viajes.cl,Salamanca,Lérida,72,2657,98000,ZFBH (Bosnia y Herzegovina),2025-06-14,2025-06-15,"{Agua,TV,Comida,Wifi,""Aire acondicionado""}",
136955,60555,2025-06-03,86000,2,No disponible,86,Anarivero619@viajes.cl,Móstoles,León,53,1415,43000,Amtrak,2026-11-24,2026-11-24,"{Calefacción,Baño,""Asientos reclinables""}",
147637,,,,,Disponible,0,Andreagriego524@viajes.cl,Albacete,Gandía,60,3982,408000,Vueling,2026-07-28,2027-01-09,{},
117933,64156,2025-01-07,819000,7,No disponible,819,Andreatrujillo333@viajes.cl,Sabadell,Collado Villalba,27,452,117000,ÖBB (Austria),2025-05-07,,{},
147811,,,,,Disponible,0,Anitallamas291@viajes.cl,Cerdañola del Vallés,Cáceres,21,1383,42000,Copa Airlines,2026-07-18,2026-09-13,{},
148828,,,,,Disponible,0,Benitocardona170@viajes.cl,Fuenlabrada,,81,2649,145000,SBB (Suiza),2026-09-26,2027-01-14,"{Baño,Calefacción,TV,Wifi,""Aire acondicionado""}",
91619,66121,2025-04-30,102000,1,No disponible,102,Benitoterán216@viajes.cl,Palma de Mallorca,Cartagena,62,1882,102000,ZSSK (Eslovaquia),2025-06-08,2025-06-09,"{Comida,TV,Baño,""Asientos reclinables""}",
147766,,,,,Disponible,0,Benjamínjiménez670@viajes.cl,Lugo,Cuenta,80,1272,36000,American Airlines,2025-09-10,2025-11-02,{},
131810,55777,2025-09-30,488000,4,No disponible,488,Benjamínsisneros202@viajes.cl,Palencia,Pamplona,16,2036,122000,ZFBH (Bosnia y Herzegovina),2025-10-04,,"{""Aire acondicionado"",TV,Agua,Comida}",
113994,62047,2025-08-06,35000,1,No disponible,35,Bernardoelizondo645@viajes.cl,,Cartagena,21,310,35000,CP (Portugal),2025-08-11,2025-08-11,{},
80793,61651,2025-05-07,420000,10,No disponible,420,Carlosabeyta963@viajes.cl,Ávila,Albacete,41,1108,42000,NS International,2025-12-15,2025-12-15,"{Baño,TV,""Asientos reclinables""}",
103144,63675,2025-03-29,864000,8,No disponible,864,Carlosrosales796@viajes.cl,Alcalá de Guadaira,Linares,98,1973,108000,ŽFBH (Bosnia y Herzegovina),2025-12-30,2025-12-31,"{Comida,Calefacción,Baño,Wifi}",
83552,62440,2025-01-03,1270000,10,No disponible,1270,Carolinabaca615@viajes.cl,,Vigo,,2091,127000,ÖBB (Austria),2025-02-04,2025-02-05,"{Agua,TV,""Asientos reclinables"",Wifi}",
118907,62189,2025-04-04,2259000,9,No disponible,2259,Catalinavarela631@viajes.cl,Tarragona,Gandía,91,3307,251000,RZD (Rusia),2025-12-23,2025-12-25,"{Comida,""Aire acondicionado"",""Asientos reclinables"",Agua,TV,Calefacción}",
148158,,,,,Disponible,0,Claudiocantú636@viajes.cl,Rubí,Ferrol,58,1691,75000,Vueling,2026-09-03,2026-11-12,{},
149894,,,,,Disponible,0,Clementedelacrúz671@viajes.cl,Majadahonda,Zamora,67,2314,191000,NSB (Noruega),2026-02-21,2026-05-28,"{Calefacción,Agua,Baño,""Aire acondicionado"",Comida}",
128318,58605,2025-02-02,272000,4,No disponible,272,Cristinatijerina877@viajes.cl,Fuengirola,Parla,14,2028,68000,,2026-08-14,2026-08-15,{},
143695,63911,2025-05-01,1880000,8,No disponible,1880,Danielavillalpando367@viajes.cl,Majadahonda,Cartagena,73,2314,235000,PKP (Polonia),2025-12-12,2025-12-13,"{Agua,Comida,Calefacción,Wifi,TV}",
149303,,,,,Disponible,0,Dianamontero898@viajes.cl,Pamplona,Arrecife,1,3582,309000,Amtrak,2025-07-04,2025-11-30,"{""Asientos reclinables"",TV,Wifi,Baño,Comida,""Aire acondicionado""}",
128241,55938,2025-04-15,1816000,8,No disponible,1816,Doloresroybal738@viajes.cl,Cuenta,Palma de Mallorca,86,2317,227000,Alaska Airlines,2026-02-16,2026-02-17,{},
124116,60975,2025-02-03,120000,2,No disponible,120,Doroteabétancourt155@viajes.cl,Mataró,Sagunto,,3095,60000,Turbus,2025-02-08,,"{Wifi,""Asientos reclinables"",Comida}",
143795,63212,2025-07-14,1323000,9,No disponible,1323,Elisarubio933@viajes.cl,Valdemoro,Irún,67,3407,147000,Qatar Airways,2025-10-22,2025-10-24,{},
150073,,,,,Disponible,0,Elsanájera336@viajes.cl,Gandía,,70,3908,180000,Renfe,2025-12-08,2026-05-19,"{TV,""Aire acondicionado"",Comida,Agua,Baño,Calefacción,Wifi}",
147297,,,,,Disponible,0,Elviraiglesias305@viajes.cl,La Coruña,Alcalá de Guadaira,41,4096,218000,Frontier Airlines,2026-10-18,2027-04-06,{},
148174,,,,,Disponible,0,Estelareyna597@viajes.cl,Mérida,Mollet del Vallés,49,3353,353000,EasyJet,2025-12-17,2026-05-05,{},
79276,59783,2025-03-09,502000,2,No disponible,502,Estelavelázquez978@viajes.cl,Palma de Mallorca,Baracaldo,,3817,251000,ŽSSK (Eslovaquia),2025-03-15,2025-03-17,"{Wifi,TV,Comida,""Aire acondicionado"",Baño,Calefacción,Agua}",
147978,,,,,Disponible,0,Evanavarrete220@viajes.cl,San Cristróbal de la Laguna,Ávila,49,1294,131000,Spirit Airlines,2025-09-20,2025-11-12,{},
149226,,,,,Disponible,0,Feliperojo857@viajes.cl,,Madrid,1,1096,67000,Amtrak,2025-01-12,2025-02-26,"{""Aire acondicionado"",Calefacción,Wifi}",
102039,60097,2025-01-30,180000,5,No disponible,180,Fernandomuñoz208@viajes.cl,Sagunto,,,1280,36000,AVE,2025-05-30,2025-05-30,"{Baño,Calefacción,Comida}",
111755,55573,2026-06-05,160000,2,No disponible,160,Franciscaabeyta645@viajes.cl,Ávila,Las Palmas de Gran Canaria,,1985,80000,RZD (Rusia),2026-11-27,2026-11-28,"{TV,Agua,Baño,Calefacción}",
109212,60566,2025-07-31,2712000,8,No disponible,2712,Franciscamontalvo506@viajes.cl,Santa Lucía de Tirajana,Castellón de la Plana,50,3836,339000,Southwest Airlines,2026-04-15,2026-04-17,{},
148817,,,,,Disponible,0,Gilbertoramón421@viajes.cl,Orense,Santiago de Compostela,76,4319,229000,Nederlandse Sp,2026-07-31,2027-01-26,"{Calefacción,""Asientos reclinables"",TV,Comida,Agua,Baño,""Aire acondicionado""}",
147664,,,,,Disponible,0,Gonzalocervántez728@viajes.cl,Lugo,Pamplona,56,1621,109000,Air France,2025-05-06,2025-07-12,{},
147097,,,,,Disponible,0,srmasodues715@viajes.cl,Alcobendas,Reus,61,1630,84000,JetBlue,2026-09-05,2026-11-11,{},
148319,,,,,Disponible,0,Gregorioverdugo611@viajes.cl,Sanlúcar de Barrameda,Lorca,1,725,50000,Singapore Airlines,2025-03-19,2025-04-18,{},
80376,58400,2025-04-21,224000,2,No disponible,224,Guillerminacerda636@viajes.cl,San Cristróbal de la Laguna,Manresa,76,1854,112000,RZD (Rusia),2025-12-08,2025-12-09,"{Agua,TV,""Aire acondicionado"",""Asientos reclinables""}",
149475,,,,,Disponible,0,Guillermoolivares662@viajes.cl,Alcoy,Gandía,14,1180,59000,NSB (Noruega),2026-07-10,2026-08-28,"{Baño,""Asientos reclinables"",""Aire acondicionado""}",
143299,66550,2025-04-13,1930000,10,No disponible,1930,Homerocolunga322@viajes.cl,Palma de Mallorca,Getafe,76,2403,193000,RZD (Rusia),2025-09-21,2025-09-22,"{Comida,Baño,""Aire acondicionado"",""Asientos reclinables"",Calefacción}",
128048,61706,2025-01-06,116000,1,No disponible,116,Horaciolucio884@viajes.cl,Irún,Santander,19,2400,116000,KLM,2025-09-20,,{},
92445,55707,2025-01-21,392000,2,No disponible,392,Hugoleyva186@viajes.cl,Manresa,Gijón,80,1586,196000,Wizz Air,2025-07-09,2025-07-10,{},
116726,66434,2025-04-22,1272000,8,No disponible,1272,Ignacioholguín519@viajes.cl,Sevilla,Ciudad Real,,2089,159000,Wizz Air,2025-06-29,2025-06-30,{},
150054,,,,,Disponible,0,Jacobodelgadillo820@viajes.cl,Cuenta,Dos Hermanas,9,592,192000,SBB (Suiza),2025-01-16,2025-02-09,"{Calefacción,Baño,""Asientos reclinables""}",
93518,59538,2025-05-02,1085000,5,No disponible,1085,Javiergodínez122@viajes.cl,Torrejón de Ardoz,Rubí,13,2240,217000,ŽSSK (Eslovaquia),2025-08-26,2025-08-27,"{Wifi,Agua,TV,""Asientos reclinables"",Baño}",
148641,,,,,Disponible,0,Javiermateo256@viajes.cl,Alcalá de Henares,,70,3651,451000,Italo,2025-07-25,2025-12-24,"{Comida,Baño,Wifi,""Aire acondicionado"",Agua,TV,""Asientos reclinables""}",
116295,57201,2025-02-21,2016000,7,No disponible,2016,Javiernieves797@viajes.cl,Mérida,Castellón de la Plana,69,2667,288000,Ryanair,2025-05-12,2025-05-13,{},
79514,65191,2026-04-09,966000,6,No disponible,966,Jesúsayala953@viajes.cl,Mollet del Vallés,Estepona,10,1747,161000,CD (República Checa),2026-06-06,2026-06-07,"{Comida,Agua,""Asientos reclinables"",""Aire acondicionado""}",
121105,56357,2025-01-31,2410000,10,No disponible,2410,Joaquíndelatorre512@viajes.cl,Cuenta,Gijón,92,2600,241000,AVE,2025-02-17,2025-02-18,"{Calefacción,Baño,Wifi,Comida,""Asientos reclinables""}",
147094,,,,,Disponible,0,Josefinapichardo787@viajes.cl,Molina de Segura,Algeciras,54,473,175000,British Airways,2025-02-14,,,
105150,65145,2025-03-05,222000,3,No disponible,222,Josébañuelos691@viajes.cl,Manresa,San Fernando,32,562,74000,SBB (Suiza),2026-04-09,2026-04-09,{},
148933,,,,,Disponible,0,Leonorlira295@viajes.cl,Fuengirola,Pontevedra,91,3688,380000,ZSSK (Eslovaquia),2025-09-28,2026-02-28,"{Wifi,Baño,""Aire acondicionado"",TV,Calefacción,Agua,Comida}",
92301,62209,2025-02-04,1990000,10,No disponible,1990,Leticiadelarosa551@viajes.cl,Almería,Mollet del Vallés,77,2012,199000,AVE,2026-01-01,2026-01-02,"{Comida,TV,Agua,Baño}",
97781,59825,2025-04-22,2088000,9,No disponible,2088,Lorenzoiglesias999@viajes.cl,Elda,Cerdañola del Vallés,,3161,232000,Air New Zealand,2025-11-12,2025-11-14,{},
148353,,,,,Disponible,0,Luciabañuelos420@viajes.cl,Zaragoza,Torrelavega,92,1699,110000,Delta Air Lines,2025-02-16,2025-04-27,{},
131145,60933,2025-01-19,1805000,5,No disponible,1805,Luciacasillas408@viajes.cl,Torrelavega,Ferrol,30,2990,361000,Qatar Airways,2025-03-11,2025-03-13,{},
101285,65931,2025-01-19,119000,1,No disponible,119,Luisasoliz819@viajes.cl,Collado Villalba,Madrid,44,2042,119000,United Airlines,2025-04-11,2025-04-12,{},
126875,59078,2025-11-13,282000,1,No disponible,282,Magdalenabrito986@viajes.cl,Cartagena,Fuenlabrada,49,3578,282000,ŽFBH (Bosnia y Herzegovina),2026-07-04,2026-07-06,"{Calefacción,Agua,""Asientos reclinables"",Comida,TV,""Aire acondicionado""}",
105670,60488,2025-01-27,3830000,10,No disponible,3830,Marcocortez795@viajes.cl,Santander,Alicante,52,3204,383000,Etihad Airways,2025-06-08,2025-06-10,{},
122529,61791,2026-04-02,1210000,10,No disponible,1210,Marcoharo601@viajes.cl,Albacete,Alcoy,47,3493,121000,Spirit Airlines,2026-04-05,2026-04-07,{},
121637,60051,2025-05-10,892000,4,No disponible,892,Marcoscorrales762@viajes.cl,Fuengirola,Fuengirola,10,2369,223000,Air France,2026-02-18,,{},
149128,,,,,Disponible,0,Marcosledesma340@viajes.cl,Las Palmas de Gran Canaria,Coslada,77,2296,237000,Eurostar,2026-05-05,2026-08-08,"{""Asientos reclinables"",Wifi,Calefacción,""Aire acondicionado"",Comida}",
146130,,,,,Disponible,0,Marianoheredia641@viajes.cl,Ceuta,Lugo,37,1471,180000,Alsa,2026-08-15,,"{Agua,Wifi,Comida}",
107168,55812,2025-02-01,131000,1,No disponible,131,Maríabecerra494@viajes.cl,La Coruña,Barcelona,1,3075,131000,SJ (Suecia),2026-03-26,2026-03-28,"{TV,""Asientos reclinables"",Calefacción,""Aire acondicionado"",Agua,Wifi}",
118521,59229,2026-09-12,752000,8,No disponible,752,Maríacavazos182@viajes.cl,Cádiz,Lugo,81,166,94000,United Airlines,2026-11-27,2026-11-27,{},
150009,,,,,Disponible,0,Maríadelrío618@viajes.cl,Gijón,Orihuela,86,3780,378000,NSB (Noruega),2026-06-07,2026-11-11,"{Comida,""Aire acondicionado"",Wifi,TV,Agua,""Asientos reclinables"",Calefacción}",
143692,56836,2025-03-08,895000,5,No disponible,895,Maríadelvalle249@viajes.cl,Paterna,Estepona,42,1764,179000,ZS (Eslovenia),2025-03-16,2025-03-17,"{""Aire acondicionado"",Agua,Calefacción,TV}",
93677,66319,2025-01-02,4482000,9,No disponible,4482,Maríaespinoza975@viajes.cl,Torremolinos,Jaén,63,4102,498000,SBB (Suiza),2025-02-16,2025-02-18,"{Calefacción,TV,Agua,Wifi,""Asientos reclinables"",Comida,""Aire acondicionado""}",
89656,65703,2025-01-23,1421000,7,No disponible,1421,Maríarubio434@viajes.cl,Gerona,Córdoba,57,3021,203000,Ethiopian Airlines,2026-07-20,2026-07-22,,
104542,62830,2025-06-17,1456000,8,No disponible,1456,Maríasaldivar717@viajes.cl,Ponferrada,Roquetas de Mar,,2850,182000,DSB (Dinamarca),2026-01-31,2026-02-01,"{Wifi,Baño,Calefacción,""Aire acondicionado"",TV}",
107995,64659,2025-06-18,2830000,10,No disponible,2830,Mateofarías500@viajes.cl,Zamora,Santa Cruz de Tenerife,75,2879,283000,AVE,2025-08-31,2025-09-01,,
104328,62019,2025-06-12,1116000,6,No disponible,1116,Mayteaponte518@viajes.cl,Sanlúcar de Barrameda,Murcia,12,1655,186000,SBB (Suiza),2026-01-01,2026-01-02,,
88099,61215,2025-04-27,2574000,9,No disponible,2574,Pablonaranjo381@viajes.cl,Lugo,Benidorm,26,2812,286000,Spirit Airlines,2026-05-31,2026-06-01,{},
147853,,,,,Disponible,0,Patriciocerda695@viajes.cl,Reus,Huelva,62,3984,461000,,2025-02-09,2025-07-25,{},
115608,55955,2026-04-22,3008000,8,No disponible,3008,Pedrolugo488@viajes.cl,Vitoria,Sagunto,26,3227,376000,Air France,2026-05-05,2026-05-07,{},
137129,65042,2025-02-09,690000,10,No disponible,690,Pedromondragón963@viajes.cl,Torremolinos,Avilés,73,1752,69000,AVE,2025-02-11,2025-02-12,"{TV,Baño,Calefacción,Comida}",
128214,62236,2025-08-08,276000,1,No disponible,276,Ramirobarajas244@viajes.cl,Guadalajara,Molina de Segura,19,3562,276000,ŽFBH (Bosnia y Herzegovina),2026-03-25,2026-03-27,"{Comida,Agua,TV,""Aire acondicionado"",Wifi,Baño}",
148438,,,,,Disponible,0,Ramónverduzco522@viajes.cl,El Prat de LLobregat,Cuenta,78,874,69000,EasyJet,2025-09-12,2025-10-18,{},
149950,,,,,Disponible,0,Raquellira938@viajes.cl,,Almería,38,499,80000,,2025-09-29,2025-10-19,"{Wifi,TV,Baño,""Aire acondicionado"",Calefacción,Comida}",
129605,59142,2026-08-14,550000,10,No disponible,550,Raquelvillalobos916@viajes.cl,San Sebastián,Burgos,56,1321,55000,Air New Zealand,2026-10-23,2026-10-23,{},
148111,,,,,Disponible,0,Raúlbadillo577@viajes.cl,Torrevieja,Dos Hermanas,94,2127,89000,EasyJet,2025-05-30,2025-08-26,{},
147501,,,,,Disponible,0,Rocioanguiano798@viajes.cl,Elda,Albacete,81,1384,86000,Aeroméxico,2026-07-27,2026-09-22,{},
130107,61049,2025-05-07,56000,1,No disponible,56,Rociomuro732@viajes.cl,Benalmádena,Segovia,91,1039,56000,ŽSSK (Eslovaquia),2026-04-14,2026-04-14,"{Wifi,Baño,Calefacción}",
102577,59540,2025-02-25,262000,2,No disponible,262,Rodrigosolís188@viajes.cl,Alicante,Lérida,96,3387,131000,Nederlandse Sp,2025-04-27,2025-04-29,"{Agua,Calefacción,""Aire acondicionado"",Wifi,""Asientos reclinables"",TV}",
92671,56790,2025-07-18,414000,3,No disponible,414,Rosaceballos545@viajes.cl,Logroño,,65,2277,138000,PKP (Polonia),2026-05-13,2026-05-14,"{Baño,Comida,""Asientos reclinables"",TV,Wifi}",
105115,56546,2025-05-08,124000,2,No disponible,124,Rubéngracia541@viajes.cl,Mollet del Vallés,Motril,39,4200,62000,Buses Nilahue,2025-11-21,2025-11-23,"{TV,Agua,Comida}",
143677,62411,2025-03-14,560000,7,No disponible,560,Samuelmenéndez181@viajes.cl,Alicante,Santa Cruz de Tenerife,1,2706,80000,Qatar Airways,2025-09-02,2025-09-03,{},
126014,65399,2026-06-02,408000,4,No disponible,408,Sanchobétancourt392@viajes.cl,Alicante,Vigo,95,258,102000,Wizz Air,2026-10-18,2026-10-18,{},
122661,64807,2025-08-04,253000,1,No disponible,253,Sanchoponce341@viajes.cl,Benalmádena,Jaén,90,3290,253000,Air France,2025-08-29,2025-08-31,{},
112021,65865,2025-03-23,805000,7,No disponible,805,Santiagorivas862@viajes.cl,Ávila,Torremolinos,99,2222,115000,VR (Finlandia),2026-06-29,2026-06-30,"{""Asientos reclinables"",TV,""Aire acondicionado"",Calefacción,Wifi}",
124824,57022,2025-04-10,2810000,10,No disponible,2810,Sergioromo646@viajes.cl,Alcalá de Henares,Rubí,50,2815,281000,Air New Zealand,2025-09-06,2025-09-07,{},
118018,60246,2025-08-12,560000,10,No disponible,560,Silviaarreola496@viajes.cl,Santa Lucía de Tirajana,Oviedo,83,417,56000,ŽFBH (Bosnia y Herzegovina),2026-08-19,2026-08-19,{},
102077,60499,2025-02-18,970000,5,No disponible,970,Silviasantacruz103@viajes.cl,Zamora,Zaragoza,82,3880,194000,Alaska Airlines,2025-12-12,2025-12-14,{},
149507,,,,,Disponible,0,Sofiaportillo314@viajes.cl,Gijón,Palencia,67,199,29000,TGV (SNCF),2026-07-05,2026-07-13,"{Calefacción,TV,""Asientos reclinables""}",
147544,,,,,Disponible,0,Sr.adorno886@viajes.cl,La Coruña,Granada,1,1399,43000,LATAM Airlines,2025-07-29,2025-09-25,{},
149778,,,,,Disponible,0,Sr.castañeda350@viajes.cl,Ferrol,Torremolinos,85,767,56000,SNCB (Bélgica),2026-11-22,2026-12-23,"{TV,Wifi,""Asientos reclinables""}",
127539,60407,2025-01-28,702000,6,No disponible,702,Sr.limón373@viajes.cl,Parla,Majadahonda,57,834,117000,Frontier Airlines,2026-09-18,2026-09-18,{},
149566,,,,,Disponible,0,Sr.soliz253@viajes.cl,Palencia,Leganés,43,3333,226000,Nederlandse Sp,2026-01-10,2026-05-28,"{Baño,Comida,TV,""Aire acondicionado"",Agua,Wifi}",
131950,60687,2025-12-17,1280000,10,No disponible,1280,Sr.treviño590@viajes.cl,Gandía,San Sebastían de los Reyes,79,1347,128000,NSB (Noruega),2026-05-12,2026-05-12,"{""Aire acondicionado"",TV,Agua}",
105407,60865,2026-08-11,524000,4,No disponible,524,Sra.collado965@viajes.cl,Getafe,Reus,37,3186,131000,Omnibus de México,2026-10-20,2026-10-22,"{Calefacción,Baño,""Asientos reclinables""}",
133857,65982,2025-12-13,1610000,7,No disponible,1610,Sra.escamilla417@viajes.cl,Toledo,Granollers,81,2701,230000,EasyJet,2026-03-21,2026-03-22,{},
109927,63596,2025-03-06,408000,4,No disponible,408,Sra.leyva287@viajes.cl,Baracaldo,Gijón,48,3899,102000,Via Bariloche,2025-04-21,2025-04-23,"{Baño,TV,Wifi}",
148463,,,,,Disponible,0,Sra.munguía627@viajes.cl,Getafe,Ciudad Real,92,2170,248000,Singapore Airlines,2025-03-31,2025-06-29,{},
142927,62375,2025-03-22,900000,9,No disponible,900,Sra.reyes599@viajes.cl,Granollers,Gecho,93,241,100000,MÁV (Hungría),2025-05-19,2025-05-19,{},
141398,62209,2025-01-07,1212000,6,No disponible,1212,Sra.toledo641@viajes.cl,Getafe,Palencia,95,2165,202000,Thalys,2026-03-15,2026-03-16,"{Wifi,Comida,""Aire acondicionado"",Baño,Agua}",
91157,66410,2025-02-20,51000,1,No disponible,51,Sta.casares518@viajes.cl,Gijón,Alcobendas,,1402,51000,British Airways,2025-11-27,2025-11-27,{},
146948,,,,,Disponible,0,Sta.colunga585@viajes.cl,Mijas,Vigo,,1175,63000,All Nippon Airways (ANA),2026-07-12,2026-08-29,{},
130128,61703,2025-03-19,780000,10,No disponible,780,Sta.contreras629@viajes.cl,Orihuela,La Línea de la Concepción,55,2104,78000,Southwest Airlines,2025-05-30,2025-05-31,{},
148359,,,,,Disponible,0,Sta.gaona818@viajes.cl,Alcalá de Guadaira,Cartagena,30,3221,320000,Air New Zealand,2025-05-29,2025-10-10,{},
146985,,,,,Disponible,0,Sta.mesa478@viajes.cl,Albacete,Badajoz,67,2863,297000,Southwest Airlines,2026-06-04,2026-10-01,{},
148109,,,,,Disponible,0,Sta.miranda323@viajes.cl,Viladecans,Ponferrada,4,2846,107000,KLM,2025-12-31,,{},
147524,,,,,Disponible,0,Sta.pantoja641@viajes.cl,Ponferrada,,13,2027,123000,Air Canada,2025-11-29,2026-02-21,{},
88276,59179,2025-03-03,993000,3,No disponible,993,Sta.valdez219@viajes.cl,,Cartagena,65,3918,331000,ZFBH (Bosnia y Herzegovina),2026-07-14,2026-07-16,"{Comida,Agua,TV,Baño,Calefacción,Wifi,""Aire acondicionado""}",
147339,,,,,Disponible,0,Timoteogodoy576@viajes.cl,Santa Coloma de Gramanet,Fuenlabrada,12,2295,220000,Wizz Air,2025-08-10,,{},
149590,,,,,Disponible,0,Timoteomercado843@viajes.cl,Huelva,Salamanca,20,1489,108000,Italo,2025-05-06,2025-07-07,"{Wifi,Agua,Baño,""Asientos reclinables""}",
111621,57776,2025-11-26,483000,3,No disponible,483,Timoteoortega395@viajes.cl,Ponferrada,Baracaldo,85,1872,161000,,2026-09-19,2026-09-20,"{""Asientos reclinables"",Wifi,TV,Calefacción}",
115613,61658,2025-01-13,960000,10,No disponible,960,Timoteoparra548@viajes.cl,Palencia,Ferrol,50,2241,96000,Air France,2025-03-30,2025-03-31,{},
104299,63094,2025-07-21,540000,6,No disponible,540,Vicenteescobar772@viajes.cl,Elda,Jaén,34,848,90000,All Nippon Airways (ANA),2025-09-05,2025-09-05,{},
90852,58421,2025-06-25,960000,5,No disponible,960,adbebé714@viajes.cl,Torrelavega,Pozuelo de Alarcón,48,1314,192000,Crucero del Norte,2025-09-17,2025-09-17,"{""Aire acondicionado"",""Asientos reclinables"",Wifi}",
136857,55574,2025-01-24,342000,9,No disponible,342,agustín1537237@viajes.cl,Gecho,Benidorm,42,1189,38000,CD (República Checa),2025-05-21,2025-05-21,"{TV,Calefacción,Agua}",
81457,64205,2025-07-29,199000,1,No disponible,199,agustín2891970@viajes.cl,Granada,Sanlúcar de Barrameda,72,2358,199000,Renfe,2026-05-14,2026-05-15,"{Agua,""Aire acondicionado"",Calefacción,Wifi,Baño}",
136184,57876,2025-03-30,624000,4,No disponible,624,alberto9508888@viajes.cl,Santa Lucía de Tirajana,Torrejón de Ardoz,15,3252,156000,Wizz Air,2026-08-10,2026-08-12,{},
110237,64920,2025-07-31,299000,1,No disponible,299,albuta656@viajes.cl,Torrejón de Ardoz,,7,3051,299000,Thalys,2026-04-08,2026-04-10,"{""Asientos reclinables"",Agua,Baño,Comida,TV,""Aire acondicionado""}",
102704,55784,2025-06-29,1070000,10,No disponible,1070,alejandra1046907@viajes.cl,Alcorcón,Oviedo,71,2880,107000,,2025-07-13,2025-07-15,"{TV,Calefacción,""Aire acondicionado"",Agua,""Asientos reclinables""}",
93715,58522,2025-10-22,994000,7,No disponible,994,alejandra5219541@viajes.cl,Huelva,Linares,47,2760,142000,SNCB (Bélgica),2026-01-23,2026-01-24,"{Baño,Comida,""Asientos reclinables"",TV,Wifi}",
147703,,,,,Disponible,0,sra.9139309@viajes.cl,Gijón,Valencia,34,434,133000,KLM,2026-08-26,2026-09-13,{},
136973,56259,2025-01-31,1134000,9,No disponible,1134,alejandra9343406@viajes.cl,Orihuela,Dos Hermanas,5,2711,126000,ŽSSK (Eslovaquia),2025-02-27,2025-02-28,"{Baño,""Aire acondicionado"",""Asientos reclinables"",Wifi,Agua}",
94167,56839,2025-01-25,308000,2,No disponible,308,alraba458@viajes.cl,Málaga,,60,1759,154000,Alaska Airlines,2025-09-16,2025-09-17,,
147361,,,,,Disponible,0,alraga536@viajes.cl,Parla,Elda,100,1818,149000,Turkish Airlines,2025-06-10,,{},
149902,,,,,Disponible,0,amalia8518314@viajes.cl,La Coruña,Palencia,91,4206,195000,HŽ (Croacia),2026-01-29,2026-07-23,"{""Aire acondicionado"",Baño,Calefacción,""Asientos reclinables"",TV,Agua,Wifi}",
98098,57294,2025-02-08,300000,5,No disponible,300,andrés6213400@viajes.cl,Mérida,Torrejón de Ardoz,11,981,60000,Frontier Airlines,2025-03-26,2025-03-26,{},
140460,61690,2025-08-29,805000,7,No disponible,805,andrés6545340@viajes.cl,Las Palmas de Gran Canaria,Arrecife,45,736,115000,NS International,2025-09-02,2025-09-02,"{Calefacción,""Asientos reclinables"",Wifi}",
120746,62826,2025-05-19,1712000,8,No disponible,1712,angaal636@viajes.cl,Málaga,Gecho,,4074,214000,ZS (Eslovenia),2026-10-27,2026-10-29,"{Agua,Comida,""Asientos reclinables"",TV,""Aire acondicionado"",Baño,Wifi}",
82241,63258,2025-02-11,936000,8,No disponible,936,anrove982@viajes.cl,Castellón de la Plana,,39,2293,117000,Primera Plus,2026-03-06,2026-03-07,"{Wifi,Agua,Calefacción}",
126913,62411,2025-01-17,2272000,8,No disponible,2272,antonia3604496@viajes.cl,Palencia,Zamora,34,3386,284000,ZSSK (Eslovaquia),2025-02-24,2025-02-26,"{TV,Calefacción,Baño,Agua,""Aire acondicionado"",Comida}",
86620,66354,2025-03-02,1668000,6,No disponible,1668,ardepe428@viajes.cl,Dos Hermanas,Torrevieja,63,2304,278000,Japan Airlines,2026-04-11,2026-04-12,{},
105090,60075,2025-04-30,220000,10,No disponible,220,ariadna2612725@viajes.cl,Parla,Elda,85,675,22000,CD (República Checa),2026-01-29,,{},
148415,,,,,Disponible,0,armede997@viajes.cl,Castellón de la Plana,Valdemoro,68,2959,328000,Singapore Airlines,2026-02-03,2026-06-06,,
111943,60361,2026-01-06,3204000,9,No disponible,3204,arradeje840@viajes.cl,San Cristróbal de la Laguna,Toledo,57,3449,356000,SNCB (Bélgica),2026-06-19,2026-06-21,"{Calefacción,Comida,""Aire acondicionado"",Baño,""Asientos reclinables"",TV}",
101831,61359,2025-07-13,805000,5,No disponible,805,baalma673@viajes.cl,Tarragona,,40,512,161000,Aeroméxico,2026-03-13,2026-03-13,{},
150061,,,,,Disponible,0,beatriz8478831@viajes.cl,Mérida,Vigo,94,3346,259000,ZS (Eslovenia),2026-05-29,2026-10-15,"{Calefacción,Baño,TV,""Aire acondicionado"",Wifi,Agua}",
100433,59823,2025-05-07,1736000,8,No disponible,1736,bernardo1555269@viajes.cl,Sagunto,Bilbao,65,3107,217000,Air France,2025-05-28,2025-05-30,{},
148425,,,,,Disponible,0,cacasa738@viajes.cl,Santa Coloma de Gramanet,Toledo,7,496,79000,Singapore Airlines,2025-05-26,2025-06-15,{},
131627,62892,2026-04-04,504000,3,No disponible,504,caridad8115247@viajes.cl,Alcobendas,Telde,,2186,168000,NS International,2026-08-23,2026-08-24,"{Baño,Calefacción,TV,""Asientos reclinables"",""Aire acondicionado""}",
148249,,,,,Disponible,0,caroba415@viajes.cl,Palma de Mallorca,Valencia,51,560,31000,JetBlue,2026-11-02,2026-11-25,{},
129970,63062,2025-07-09,1200000,4,No disponible,1200,casore427@viajes.cl,Hospitalet de LLobregat,Telde,51,2679,300000,ŽSSK (Eslovaquia),2025-09-01,2025-09-02,"{Comida,Calefacción,""Asientos reclinables"",""Aire acondicionado"",Baño}",
109893,56469,2026-01-07,270000,6,No disponible,270,cavare416@viajes.cl,Orihuela,Valdemoro,66,1015,45000,Alaska Airlines,2026-05-19,2026-05-19,{},
130770,59629,2025-09-05,558000,2,No disponible,558,jarodo529@viajes.cl,Fuenlabrada,Majadahonda,46,2861,279000,American Airlines,2026-03-11,2026-03-12,{},
135428,62764,2025-03-16,852000,3,No disponible,852,cehega692@viajes.cl,Alcorcón,Viladecans,,2318,284000,BDZ (Bulgaria),2026-02-25,2026-02-26,"{""Aire acondicionado"",TV,Agua,""Asientos reclinables"",Baño}",
105351,58584,2025-04-20,1134000,9,No disponible,1134,clara7771923@viajes.cl,Gecho,Granollers,41,1755,126000,Qantas,2026-02-02,2026-02-03,{},
147027,,,,,Disponible,0,claudio8130894@viajes.cl,Torrevieja,Arrecife,10,2731,169000,British Airways,2025-08-29,2025-12-20,{},
93774,57761,2026-06-13,180000,1,No disponible,180,clbeáv539@viajes.cl,Talavera de la Reina,,56,584,180000,Vueling,2026-08-16,2026-08-16,{},
105013,58163,2025-11-15,358000,2,No disponible,358,clmeni227@viajes.cl,Huelva,San Sebastían de los Reyes,38,3597,179000,AVE,2026-02-10,2026-02-12,"{""Aire acondicionado"",""Asientos reclinables"",Comida,Agua,TV,Wifi}",
118455,66480,2025-01-21,170000,1,No disponible,170,clteur278@viajes.cl,Alcoy,Móstoles,62,2979,170000,Iberia,2026-01-24,2026-01-26,,
119920,58844,2025-01-01,984000,6,No disponible,984,coheca878@viajes.cl,Albacete,Orense,68,1918,164000,Thalys,2025-04-12,,"{Calefacción,""Aire acondicionado"",Baño,Comida}",
118867,60771,2025-10-26,1100000,10,No disponible,1100,conchita5857983@viajes.cl,Mataró,Vitoria,69,2531,110000,SJ (Suecia),2026-11-07,2026-11-08,"{Wifi,Calefacción,Baño,Agua,TV}",
101567,64429,2025-03-19,1160000,10,No disponible,1160,cralfa791@viajes.cl,El Prat de LLobregat,Bilbao,67,1789,116000,CD (República Checa),2025-08-22,2025-08-23,"{Comida,""Aire acondicionado"",TV,Agua}",
81857,65294,2025-01-30,395000,5,No disponible,395,crelpa783@viajes.cl,Marbella,Alcorcón,84,250,79000,American Airlines,2026-02-15,2026-02-15,,
111599,56555,2025-03-25,684000,4,No disponible,684,cristina2812921@viajes.cl,Valladolid,Vigo,36,4173,171000,EasyJet,2026-09-26,2026-09-28,{},
144335,58947,2026-03-29,318000,6,No disponible,318,cristina3540137@viajes.cl,Mollet del Vallés,Santa Lucía de Tirajana,17,1647,53000,Spirit Airlines,2026-10-07,2026-10-08,{},
127707,66630,2025-07-13,790000,10,No disponible,790,cristobal9956481@viajes.cl,Cáceres,Alcalá de Henares,22,1300,79000,Amtrak,2026-07-21,2026-07-21,"{Agua,TV,Baño}",
80056,56366,2025-03-17,3101000,7,No disponible,3101,crnách772@viajes.cl,San Sebastián,Fuenlabrada,96,4052,443000,CP (Portugal),2025-04-16,2025-04-18,"{Wifi,Baño,Agua,""Aire acondicionado"",""Asientos reclinables"",TV,Comida}",
140672,58267,2025-02-13,2540000,10,No disponible,2540,crrelo319@viajes.cl,Alcalá de Henares,León,48,3621,254000,SJ (Suecia),2025-03-17,2025-03-19,"{""Aire acondicionado"",TV,Wifi,Agua,""Asientos reclinables"",Baño,Calefacción}",
145359,,,,,Disponible,0,cébahu990@viajes.cl,Torrejón de Ardoz,Santa Cruz de Tenerife,34,4033,83000,Buses Bio Bio,2026-04-04,,"{""Aire acondicionado"",""Asientos reclinables"",TV}",
147524,,,,,Disponible,0,Sta.pantoja641@viajes.cl,Ponferrada,,13,2027,123000,Air Canada,2025-11-29,2026-02-21,{},
141992,57982,2026-07-18,1914000,6,No disponible,1914,daalno295@viajes.cl,Cartagena,León,48,3153,319000,,2026-12-04,2026-12-06,{},
147954,,,,,Disponible,0,daniel7623906@viajes.cl,Ferrol,Reus,48,2242,190000,WestJet,2026-05-01,2026-08-02,,
94437,63977,2025-07-10,2682000,9,No disponible,2682,david6622548@viajes.cl,,Sanlúcar de Barrameda,99,2557,298000,Italo,2026-03-02,2026-03-03,,
88713,58210,2025-06-03,1089000,9,No disponible,1089,diana2611597@viajes.cl,Valencia,Ferrol,60,689,121000,Southwest Airlines,2025-06-08,,{},
149844,,,,,Disponible,0,diego1376309@viajes.cl,Dos Hermanas,Palma de Mallorca,21,729,78000,Renfe,2025-08-20,,"{Wifi,Calefacción,Agua}",
81176,63161,2025-03-31,655000,5,No disponible,655,docafr798@viajes.cl,Badalona,,29,1756,131000,Renfe,2025-10-18,2025-10-19,"{Wifi,""Aire acondicionado"",Baño,""Asientos reclinables""}",
147945,,,,,Disponible,0,dogari515@viajes.cl,Valencia,Badajoz,21,3527,253000,Frontier Airlines,2026-08-30,2027-01-23,{},
150003,,,,,Disponible,0,dolores6875267@viajes.cl,San Sebastián,Fuenlabrada,,3297,388000,ZSSK (Eslovaquia),2025-03-16,2025-07-31,"{""Asientos reclinables"",Comida,Agua,Baño,TV,""Aire acondicionado""}",
144115,60468,2025-02-01,1705000,5,No disponible,1705,dorotea3969297@viajes.cl,Murcia,Cáceres,26,3928,341000,ŽSSK (Eslovaquia),2025-02-28,2025-03-02,"{Baño,Wifi,TV,Agua,""Asientos reclinables"",""Aire acondicionado"",Comida}",
99666,55936,2025-05-28,1870000,10,No disponible,1870,elena7103571@viajes.cl,Burgos,Albacete,53,1493,187000,Ethiopian Airlines,2026-03-08,2026-03-09,{},
110984,57498,2025-02-12,668000,4,No disponible,668,elmape385@viajes.cl,Molina de Segura,Santander,10,3836,167000,SBB (Suiza),2025-05-05,2025-05-07,"{Calefacción,TV,Baño,Comida,""Asientos reclinables"",Agua,""Aire acondicionado""}",
104535,65217,2025-04-10,1476000,6,No disponible,1476,eloisa1741681@viajes.cl,Santa Cruz de Tenerife,Badalona,43,2878,246000,ZSSK (Eslovaquia),2025-06-23,,"{Agua,Wifi,""Asientos reclinables"",Calefacción,TV}",
149702,,,,,Disponible,0,elpolo665@viajes.cl,Huelva,San Fernando,47,3516,133000,NS International,2025-01-27,2025-06-22,"{TV,Comida,Calefacción,Baño,Agua,""Asientos reclinables""}",
148949,,,,,Disponible,0,ernesto9095694@viajes.cl,San Sebastián,Cerdañola del Vallés,5,3221,378000,Italo,2026-07-13,2026-11-24,"{Wifi,Agua,Calefacción,Comida,""Asientos reclinables"",""Aire acondicionado""}",
129172,61441,2025-02-17,459000,9,No disponible,459,ersave294@viajes.cl,Inca,Cornellá de Llobregat,17,1442,51000,Eurostar,2025-03-11,2025-03-12,"{Baño,Calefacción,""Asientos reclinables"",TV}",
147884,,,,,Disponible,0,esgudu455@viajes.cl,Guadalajara,Alcorcón,98,2776,125000,Ethiopian Airlines,2026-07-05,2026-10-28,{},
125231,56052,2025-08-13,1539000,9,No disponible,1539,esmavi421@viajes.cl,Murcia,Móstoles,64,2677,171000,Wizz Air,2026-01-13,2026-01-14,{},
89458,64421,2025-02-18,1288000,8,No disponible,1288,estela8832682@viajes.cl,Granollers,Córdoba,88,2210,161000,RZD (Rusia),2025-05-22,2025-05-23,"{Calefacción,Agua,""Aire acondicionado"",Comida,Baño}",
104394,66218,2026-01-18,616000,7,No disponible,616,femova106@viajes.cl,La Coruña,Tarrasa,95,818,88000,HŽ (Croacia),2026-01-26,2026-01-26,"{Wifi,TV,Baño}",
148226,,,,,Disponible,0,feorfr504@viajes.cl,Málaga,Ceuta,4,1506,116000,Avianca,2026-07-31,2026-10-01,{},
131616,56746,2025-02-12,1485000,9,No disponible,1485,ferova525@viajes.cl,,Vigo,33,3146,165000,JetSur,2025-10-05,2025-10-07,"{Comida,""Asientos reclinables"",TV}",
149986,,,,,Disponible,0,francisco4781858@viajes.cl,Sagunto,Parla,,3656,436000,ÖBB (Austria),2025-06-29,2025-11-28,"{Baño,""Asientos reclinables"",Wifi,Comida,""Aire acondicionado"",TV,Calefacción}",
147759,,,,,Disponible,0,gabriel1504795@viajes.cl,Torremolinos,Viladecans,24,1506,182000,LATAM Airlines,2025-12-30,2026-03-02,,
102825,59103,2025-08-17,672000,6,No disponible,672,gabriela6221917@viajes.cl,San Sebastían de los Reyes,Benidorm,78,2583,112000,ŽFBH (Bosnia y Herzegovina),2026-06-01,2026-06-02,"{Calefacción,Comida,TV,Agua,Baño}",
147563,,,,,Disponible,0,garoca621@viajes.cl,Irún,Valdemoro,71,4212,438000,Air New Zealand,2025-03-07,2025-08-29,{},
147941,,,,,Disponible,0,geheze803@viajes.cl,Getafe,Elche,92,3136,306000,Aeroméxico,2026-01-07,2026-05-17,{},
121471,62242,2025-01-21,1130000,10,No disponible,1130,gemodo459@viajes.cl,Mataró,Hospitalet de LLobregat,,1514,113000,ZSSK (Eslovaquia),2025-04-05,2025-04-06,"{TV,""Asientos reclinables"",Wifi,Agua}",
85842,60892,2025-07-03,910000,5,No disponible,910,germán7240829@viajes.cl,Linares,Mataró,3,3427,182000,SJ (Suecia),2025-10-08,2025-10-10,"{Calefacción,""Asientos reclinables"",Baño,Agua,TV,Comida}",
123479,56626,2025-01-20,704000,8,No disponible,704,germán782451@viajes.cl,Majadahonda,,46,515,88000,Flecha Bus,2026-02-20,2026-02-20,"{Agua,Baño,TV}",
89208,55952,2025-07-27,1116000,9,No disponible,1116,gilberto6987804@viajes.cl,San Sebastían de los Reyes,,96,344,124000,Turkish Airlines,2025-10-31,2025-10-31,{},
93439,62311,2025-10-16,364000,2,No disponible,364,glmápa136@viajes.cl,Castellón de la Plana,Paterna,47,336,182000,Ethiopian Airlines,2026-08-15,2026-08-15,{},
142174,63015,2025-01-01,72000,1,No disponible,72,graciela7587437@viajes.cl,Valdemoro,Pamplona,25,1638,72000,CD (República Checa),2025-02-02,2025-02-03,"{Comida,Baño,Agua,""Aire acondicionado""}",
94222,60821,2026-02-01,2925000,9,No disponible,2925,grnúca824@viajes.cl,Talavera de la Reina,Baracaldo,28,2929,325000,CD (República Checa),2026-02-27,2026-03-01,"{Calefacción,Agua,""Aire acondicionado"",TV,Baño,""Asientos reclinables""}",
147169,,,,,Disponible,0,grrode416@viajes.cl,Inca,Motril,73,3499,392000,WestJet,2026-07-28,2026-12-20,{},
149619,,,,,Disponible,0,guesag522@viajes.cl,Gecho,Benidorm,49,1480,187000,SJ (Suecia),2026-06-04,2026-08-04,"{TV,""Asientos reclinables"",Calefacción,Baño}",
148057,,,,,Disponible,0,gufequ609@viajes.cl,Alcalá de Guadaira,Cartagena,19,3544,122000,Avianca,2026-09-13,2027-02-07,{},
127763,66338,2025-11-05,425000,5,No disponible,425,guillermina1356638@viajes.cl,Rivas-Vaciamadrid,Santiago de Compostela,88,1345,85000,United Airlines,2026-06-05,2026-06-05,{},
148044,,,,,Disponible,0,gutosa423@viajes.cl,Lugo,Córdoba,51,4309,338000,Southwest Airlines,2025-03-05,2025-08-31,{},
148323,,,,,Disponible,0,guveav526@viajes.cl,Castellón de la Plana,Alcoy,41,4277,197000,United Airlines,2025-10-31,2026-04-27,{},
105884,61513,2026-10-25,1026000,6,No disponible,1026,guvema594@viajes.cl,Alcobendas,,98,3692,171000,SBB (Suiza),2026-11-25,2026-11-27,"{Agua,Comida,Baño,""Asientos reclinables"",TV,Calefacción,Wifi}",
125206,63355,2025-05-06,1964000,4,No disponible,1964,horacio2597856@viajes.cl,Marbella,Fuenlabrada,38,4043,491000,ZS (Eslovenia),2025-06-13,2025-06-15,,
125870,57136,2025-03-07,345000,3,No disponible,345,hugo989362@viajes.cl,Toledo,Jaén,67,223,115000,RZD (Rusia),2025-06-04,2025-06-04,{},
88913,56953,2026-10-02,171000,3,No disponible,171,huprar955@viajes.cl,Badalona,Mijas,48,837,57000,,2026-11-08,2026-11-08,,
111192,58158,2025-04-21,1785000,7,No disponible,1785,isabne770@viajes.cl,Molina de Segura,Valdemoro,8,3767,255000,HŽ (Croacia),2026-07-02,2026-07-04,,
118385,56309,2025-05-23,3129000,7,No disponible,3129,isbubé706@viajes.cl,Segovia,Jaén,27,4242,447000,ÖBB (Austria),2025-08-02,2025-08-04,"{Baño,""Aire acondicionado"",Calefacción,Agua,""Asientos reclinables"",Wifi,TV}",
100581,60101,2025-03-13,798000,3,No disponible,798,iscamo240@viajes.cl,Elda,Tarragona,97,3278,266000,ZFBH (Bosnia y Herzegovina),2026-06-10,2026-06-12,"{Calefacción,""Aire acondicionado"",Agua,""Asientos reclinables"",Baño,TV}",
92058,56331,2026-01-02,1300000,5,No disponible,1300,jabaqu694@viajes.cl,Fuengirola,Baracaldo,81,3511,260000,ŽSSK (Eslovaquia),2026-06-15,2026-06-17,"{TV,Baño,""Asientos reclinables"",""Aire acondicionado"",Calefacción,Comida}",
129074,61458,2025-02-13,74000,2,No disponible,74,jacobo2952233@viajes.cl,Leganés,Lérida,85,272,37000,Emirates,2025-04-30,2025-04-30,,
101493,65529,2025-04-16,354000,6,No disponible,354,jaime4919793@viajes.cl,Pamplona,Segovia,59,235,59000,Southwest Airlines,2026-02-03,2026-02-03,{},
122843,65768,2025-01-19,774000,3,No disponible,774,japaca917@viajes.cl,Logroño,Santa Cruz de Tenerife,73,3491,258000,,2026-03-30,2026-04-01,{},
98946,63836,2025-03-26,1080000,10,No disponible,1080,japasa758@viajes.cl,Murcia,Dos Hermanas,35,1187,108000,HŽ (Croacia),2026-05-05,,"{Baño,Agua,""Asientos reclinables""}",
119652,60676,2025-01-10,346000,2,No disponible,346,javier3160596@viajes.cl,Santa Cruz de Tenerife,León,35,3600,173000,KLM,2025-01-29,2025-01-31,{},
87683,63004,2025-12-18,950000,10,No disponible,950,javier3975512@viajes.cl,Gecho,Huelva,54,561,95000,,2026-08-20,2026-08-20,{},
139362,63068,2025-03-14,940000,10,No disponible,940,javier5533113@viajes.cl,Valdemoro,Alcorcón,93,1440,94000,Nederlandse Sp,2026-04-18,2026-04-19,"{Agua,""Asientos reclinables"",""Aire acondicionado""}",
149077,,,,,Disponible,0,jesús102436@viajes.cl,Cáceres,Viladecans,2,2372,285000,ZSSK (Eslovaquia),2025-03-14,2025-06-20,"{Comida,TV,Agua,Calefacción,Wifi}",
116771,62131,2025-11-13,2950000,10,No disponible,2950,joaquín1973311@viajes.cl,Almería,Cuenta,46,2570,295000,Aeroméxico,2026-03-04,2026-03-05,{},
127951,59134,2025-08-01,245000,5,No disponible,245,joaquín2078868@viajes.cl,Santa Coloma de Gramanet,Cádiz,82,120,49000,Air France,2026-03-16,2026-03-16,{},
110699,59220,2025-01-21,1268000,4,No disponible,1268,jogoma467@viajes.cl,Ponferrada,Algeciras,90,4236,317000,Aeroméxico,2025-04-29,2025-05-01,{},
83442,60669,2025-01-03,936000,8,No disponible,936,johisi671@viajes.cl,Palencia,Leganés,53,2303,117000,Italo,2025-02-28,2025-03-01,"{""Aire acondicionado"",Comida,Wifi,Calefacción,""Asientos reclinables""}",
124947,57636,2025-04-25,1845000,9,No disponible,1845,jolualca163@viajes.cl,Rubí,Cáceres,98,2185,205000,Japan Airlines,2025-05-28,2025-05-29,{},
149877,,,,,Disponible,0,jomaesca675@viajes.cl,Alcoy,Vitoria,95,1616,96000,PKP (Polonia),2025-09-16,2025-11-22,"{""Aire acondicionado"",TV,Calefacción,Agua}",
93967,60191,2025-07-28,2448000,8,No disponible,2448,joocle772@viajes.cl,Estepona,Santander,52,3537,306000,Air France,2025-09-14,2025-09-16,{},
109645,59055,2025-10-10,546000,3,No disponible,546,joquna220@viajes.cl,Getafe,Zaragoza,20,2845,182000,Lufthansa,2025-12-01,2025-12-02,{},
121336,65369,2025-05-21,125000,1,No disponible,125,jorge5266606@viajes.cl,Benalmádena,Benalmádena,53,451,125000,Thalys,2025-12-27,2025-12-27,{},
125678,58027,2026-06-06,302000,2,No disponible,302,jorge8296732@viajes.cl,Talavera de la Reina,Alcalá de Henares,12,2787,151000,,2026-07-31,2026-08-01,"{TV,""Aire acondicionado"",Wifi,""Asientos reclinables"",Comida}",
142737,64524,2025-02-28,936000,6,No disponible,936,jorge8870623@viajes.cl,Marbella,Cornellá de Llobregat,53,4196,156000,Renfe,2026-03-06,2026-03-08,,
148348,,,,,Disponible,0,josé4978470@viajes.cl,Motril,Gijón,15,2214,230000,Qatar Airways,2025-02-01,2025-05-04,{},
148882,,,,,Disponible,0,joulbe128@viajes.cl,Reus,Alcalá de Guadaira,91,2364,163000,HŽ (Croacia),2026-09-24,2026-12-31,"{""Asientos reclinables"",""Aire acondicionado"",Comida,Baño,Calefacción}",
109782,61952,2025-01-27,333000,3,No disponible,333,jovepo298@viajes.cl,Cornellá de Llobregat,Orense,79,659,111000,WestJet,2026-03-12,2026-03-12,,
143169,59428,2025-03-28,928000,8,No disponible,928,jubáor209@viajes.cl,Palencia,,95,1930,116000,Qatar Airways,2026-09-09,2026-09-10,{},
132919,65009,2025-01-23,72000,4,No disponible,72,julia1347590@viajes.cl,Logroño,Alcoy,46,209,18000,Flecha Bus,2025-10-10,2025-10-10,,
96367,66343,2025-06-30,760000,2,No disponible,760,julia5060345@viajes.cl,Ferrol,,53,3103,380000,Delta Air Lines,2026-04-04,2026-04-06,{},
93432,62311,2025-04-10,290000,2,No disponible,290,julio3900607@viajes.cl,Collado Villalba,Linares,41,874,145000,Vueling,2026-08-08,2026-08-08,{},
141767,57027,2025-05-04,1476000,3,No disponible,1476,julio6692906@viajes.cl,Gijón,Fuenlabrada,60,3873,492000,Aeroméxico,2025-05-15,2025-05-17,{},
128006,58330,2025-09-25,360000,10,No disponible,360,julio8213563@viajes.cl,Elda,Torrejón de Ardoz,96,774,36000,HŽ (Croacia),2026-04-14,2026-04-14,"{Comida,Agua,Calefacción}",
146968,,,,,Disponible,0,lehiqu538@viajes.cl,San Fernando,Badajoz,52,2208,140000,Air France,2025-06-10,2025-09-10,{},
86265,61683,2025-01-05,2570000,10,No disponible,2570,leluma183@viajes.cl,Segovia,Toledo,62,2273,257000,Renfe,2025-02-21,2025-02-22,"{Comida,Wifi,Baño,""Asientos reclinables"",""Aire acondicionado""}",
149274,,,,,Disponible,0,leonor6713388@viajes.cl,Madrid,Cornellá de Llobregat,13,2372,225000,HŽ (Croacia),2025-10-28,2026-02-03,"{""Asientos reclinables"",Wifi,Baño,Calefacción,Agua}",
143923,58714,2025-10-09,1320000,3,No disponible,1320,leticia6431720@viajes.cl,Murcia,Alcobendas,5,3879,440000,Trenitalia,2025-11-22,2025-11-24,"{""Aire acondicionado"",TV,Agua,Wifi,""Asientos reclinables"",Calefacción,Comida}",
149377,,,,,Disponible,0,loarva272@viajes.cl,Mérida,Cáceres,51,1356,81000,,2025-09-09,2025-11-04,"{Calefacción,""Asientos reclinables"",""Aire acondicionado""}",
109332,60033,2025-07-06,2862000,9,No disponible,2862,locaji731@viajes.cl,,Telde,99,3813,318000,Italo,2025-09-25,2025-09-27,"{Calefacción,Wifi,""Aire acondicionado"",Baño,Agua,TV,""Asientos reclinables""}",
119123,59554,2025-02-26,424000,8,No disponible,424,lodope981@viajes.cl,Logroño,Málaga,75,327,53000,Deutsche Bahn (DB),2025-09-06,2025-09-06,,
79224,55943,2025-11-30,1140000,5,No disponible,1140,lola7104104@viajes.cl,Leganés,Vitoria,71,2462,228000,Amtrak,2026-05-13,2026-05-14,"{Calefacción,""Aire acondicionado"",Baño,Agua,TV}",
108571,59614,2025-03-02,1176000,8,No disponible,1176,lomaáv687@viajes.cl,,Valdemoro,34,394,147000,LATAM Airlines,2025-09-11,2025-09-11,{},
133269,57883,2025-04-13,235000,1,No disponible,235,lorena2481523@viajes.cl,Mollet del Vallés,Leganés,20,3975,235000,Lufthansa,2025-05-19,2025-05-21,{},
148131,,,,,Disponible,0,lorenzo7727311@viajes.cl,Mataró,Lorca,78,502,107000,Qatar Airways,2026-08-10,2026-08-30,{},
148384,,,,,Disponible,0,lourdes3752581@viajes.cl,Jaén,Bilbao,30,776,108000,WestJet,2025-01-13,2025-02-14,{},
147424,,,,,Disponible,0,lourdes8362869@viajes.cl,Oviedo,Paterna,,3644,485000,Aeroméxico,2025-10-26,2026-03-26,{},
138057,62437,2026-02-12,365000,5,No disponible,365,lucari551@viajes.cl,,Santa Cruz de Tenerife,86,443,73000,KLM,2026-02-16,2026-02-16,{},
134351,60238,2025-07-10,152000,2,No disponible,152,luenhe662@viajes.cl,Linares,Molina de Segura,51,2147,76000,BDZ (Bulgaria),2026-02-07,,"{Baño,Agua,""Asientos reclinables"",Comida}",
118868,60771,2025-11-09,1810000,10,No disponible,1810,luisa6260852@viajes.cl,Vitoria,,6,419,181000,RZD (Rusia),2026-11-08,2026-11-08,{},
124767,58840,2025-09-15,1035000,9,No disponible,1035,lumialca380@viajes.cl,Leganés,Alicante,38,2891,115000,Air France,2026-10-25,2026-10-27,{},
97389,62178,2026-01-06,128000,1,No disponible,128,luz2860610@viajes.cl,San Cristróbal de la Laguna,,42,130,128000,EasyJet,2026-11-04,2026-11-04,{},
147684,,,,,Disponible,0,maancare777@viajes.cl,Molina de Segura,Salamanca,87,2931,119000,Aeroméxico,2025-06-19,2025-10-19,{},
86105,57310,2025-05-10,596000,4,No disponible,596,mabahe502@viajes.cl,Salamanca,Lérida,85,1420,149000,Qatar Airways,2025-05-26,2025-05-26,{},
79432,63981,2025-05-05,736000,4,No disponible,736,madecamavi101@viajes.cl,Reus,Inca,,308,184000,CD (República Checa),2025-10-07,,{},
149141,,,,,Disponible,0,maelabco272@viajes.cl,San Fernando,Alcalá de Guadaira,92,920,68000,SJ (Suecia),2026-08-01,2026-09-08,"{""Asientos reclinables"",TV,Wifi}",
149397,,,,,Disponible,0,maeumaso244@viajes.cl,Badalona,Santa Lucía de Tirajana,81,2327,296000,NS International,2026-01-04,2026-04-10,"{TV,Comida,""Aire acondicionado"",Baño,""Asientos reclinables""}",
130319,59682,2025-02-07,350000,7,No disponible,350,srmaorga483@viajes.cl,Pamplona,Cádiz,50,3981,50000,Megabus,2025-02-13,2025-02-15,"{Wifi,""Asientos reclinables"",Calefacción}",
106611,62805,2025-07-18,264000,3,No disponible,264,maeurobo361@viajes.cl,Rubí,Barcelona,23,726,88000,ŽFBH (Bosnia y Herzegovina),2025-11-24,2025-11-24,"{""Aire acondicionado"",Baño,Calefacción}",
87090,58366,2025-01-16,2500000,10,No disponible,2500,maflji375@viajes.cl,Burgos,Ferrol,98,2599,250000,MÁV (Hungría),2026-03-31,2026-04-01,"{TV,Comida,Wifi,""Aire acondicionado"",Calefacción}",
108159,58545,2025-05-23,1108000,4,No disponible,1108,magdalena1234556@viajes.cl,Arrecife,Torrelavega,72,2560,277000,,2025-06-03,2025-06-04,"{Baño,TV,""Asientos reclinables"",Agua,""Aire acondicionado""}",
147839,,,,,Disponible,0,majáro736@viajes.cl,Alcoy,Getafe,88,523,18000,Ryanair,2026-10-10,,,
83125,65742,2025-02-14,165000,1,No disponible,165,manuel3575963@viajes.cl,Ciudad Real,Rivas-Vaciamadrid,90,2168,165000,LATAM Airlines,2025-02-15,2025-02-16,{},
148592,,,,,Disponible,0,maqupa704@viajes.cl,Chiclana de la Frontera,El Ejido,66,392,12000,Lufthansa,2025-12-03,2025-12-19,{},
146962,,,,,Disponible,0,marcos9487992@viajes.cl,Sevilla,Gerona,75,3806,455000,Ryanair,2025-11-02,2026-04-09,{},
124903,57658,2025-06-11,1295000,7,No disponible,1295,mario3257633@viajes.cl,,Guadalajara,93,419,185000,DSB (Dinamarca),2026-02-13,2026-02-13,{},
144102,56137,2025-09-07,192000,3,No disponible,192,mario9200187@viajes.cl,Zaragoza,La Coruña,48,972,64000,Amtrak,2025-11-22,2025-11-22,"{Baño,TV,""Asientos reclinables""}",
119884,57492,2026-02-09,2065000,7,No disponible,2065,maroma719@viajes.cl,Vitoria,Elche,19,3965,295000,Wizz Air,2026-07-01,2026-07-03,{},
149343,,,,,Disponible,0,marta9050347@viajes.cl,Cáceres,Almería,40,1335,144000,ZS (Eslovenia),2026-09-16,2026-11-10,"{Comida,Calefacción,""Asientos reclinables""}",
79766,62948,2025-08-16,2187000,9,No disponible,2187,maría1288820@viajes.cl,Puertollano,Badajoz,10,3692,243000,Eurostar,2025-12-31,2026-01-02,"{TV,Calefacción,Wifi,Comida,""Aire acondicionado"",Baño,Agua}",
143901,59703,2026-01-28,2870000,10,No disponible,2870,maría165242@viajes.cl,Málaga,,98,3465,287000,Italo,2026-06-15,2026-06-17,"{""Asientos reclinables"",Wifi,""Aire acondicionado"",Agua,TV,Baño}",
147086,,,,,Disponible,0,maría3238354@viajes.cl,Valdemoro,Lérida,82,2257,253000,Aeroméxico,2026-11-27,,{},
97854,56579,2025-03-09,302000,2,No disponible,302,maría4032410@viajes.cl,Cáceres,Gandía,79,3453,151000,CFR (Rumania),2025-04-19,2025-04-21,"{Calefacción,Baño,""Asientos reclinables"",Agua,""Aire acondicionado"",Comida}",
88734,65573,2025-02-05,1145000,5,No disponible,1145,maría4547699@viajes.cl,Torrejón de Ardoz,Majadahonda,39,3666,229000,Emirates,2026-06-08,2026-06-10,{},
99352,65956,2025-07-10,142000,2,No disponible,142,maría5802899@viajes.cl,Irún,Alcalá de Guadaira,58,488,71000,CFR (Rumania),2025-07-27,2025-07-27,{},
146785,,,,,Disponible,0,maría6183440@viajes.cl,Tarragona,Fuengirola,39,419,65000,FlixBus,2025-07-22,,"{Baño,TV,Calefacción}",
85901,61692,2025-09-24,864000,9,No disponible,864,maría6988790@viajes.cl,Avilés,Rubí,44,1506,96000,SJ (Suecia),2026-02-21,2026-02-22,"{Agua,""Aire acondicionado"",Wifi,Calefacción}",
82972,63326,2025-06-16,1190000,7,No disponible,1190,masovama326@viajes.cl,Pamplona,La Línea de la Concepción,77,2257,170000,Nederlandse Sp,2025-06-19,2025-06-20,"{TV,Agua,""Aire acondicionado"",Wifi,""Asientos reclinables""}",
79231,55943,2025-01-31,1425000,5,No disponible,1425,mavega737@viajes.cl,Vitoria,San Fernando,26,3974,285000,Eurostar,2026-05-20,2026-05-22,"{TV,Agua,Baño,Comida,Calefacción,Wifi,""Asientos reclinables""}",
116325,61317,2025-06-14,244000,2,No disponible,244,mercedes966447@viajes.cl,Talavera de la Reina,Marbella,31,2741,122000,NSB (Noruega),2026-08-05,2026-08-06,"{Wifi,Agua,TV,Comida,Baño}",
96215,63716,2025-03-15,1176000,4,No disponible,1176,micaela3633872@viajes.cl,Zamora,Manresa,74,3260,294000,Amtrak,2025-08-05,2025-08-07,"{Calefacción,Comida,Wifi,Agua,TV,""Asientos reclinables""}",
148811,,,,,Disponible,0,miguel1703488@viajes.cl,Santander,San Cristróbal de la Laguna,32,4028,322000,ZS (Eslovenia),2025-05-27,2025-11-10,"{Comida,Agua,Wifi,""Asientos reclinables"",Calefacción,TV,Baño}",
118866,60771,2025-07-17,3140000,10,No disponible,3140,miguel7248711@viajes.cl,Lérida,Mataró,81,3727,314000,Italo,2026-11-05,2026-11-07,"{""Aire acondicionado"",Wifi,""Asientos reclinables"",Calefacción,TV,Baño,Agua}",
85118,63299,2025-05-30,179000,1,No disponible,179,mimaco244@viajes.cl,Telde,Sevilla,27,2172,179000,ZSSK (Eslovaquia),2025-07-18,2025-07-19,"{""Asientos reclinables"",Calefacción,""Aire acondicionado"",Agua,Baño}",
139969,58992,2025-05-02,36000,3,No disponible,36,miántial875@viajes.cl,Santiago de Compostela,Madrid,37,562,12000,Deutsche Bahn (DB),2025-08-25,2025-08-25,{},
90292,57572,2026-03-22,198000,1,No disponible,198,mónica6343775@viajes.cl,Huelva,Gijón,,1807,198000,ŽFBH (Bosnia y Herzegovina),2026-10-31,2026-11-01,"{Wifi,Agua,TV,""Asientos reclinables""}",
103654,62371,2025-02-24,848000,8,No disponible,848,mónica938945@viajes.cl,Molina de Segura,Alcorcón,51,1874,106000,BDZ (Bulgaria),2025-02-28,2025-03-01,"{TV,Calefacción,Agua,""Asientos reclinables""}",
126621,61226,2025-01-08,747000,9,No disponible,747,naalmu963@viajes.cl,Zaragoza,Mollet del Vallés,100,1294,83000,Thalys,2026-02-08,2026-02-08,"{Comida,""Asientos reclinables"",Wifi}",
148066,,,,,Disponible,0,nacaca348@viajes.cl,El Ejido,San Cristróbal de la Laguna,74,1707,134000,Iberia,2025-12-23,2026-03-04,{},
93770,57761,2025-05-01,30000,1,No disponible,30,nanise574@viajes.cl,La Línea de la Concepción,Talavera de la Reina,12,1007,30000,Alaska Airlines,2026-08-13,2026-08-13,{},
114639,58674,2025-06-13,3204000,9,No disponible,3204,naroro910@viajes.cl,Alcobendas,,47,3022,356000,KLM,2026-01-19,2026-01-21,{},
81536,56208,2025-06-02,450000,2,No disponible,450,naseag466@viajes.cl,Santander,Torrevieja,57,2666,225000,DSB (Dinamarca),2026-06-27,2026-06-28,"{Agua,TV,Calefacción,""Asientos reclinables"",""Aire acondicionado""}",
120816,64526,2025-10-21,875000,5,No disponible,875,nisabá861@viajes.cl,Torrevieja,Chiclana de la Frontera,27,1820,175000,SNCB (Bélgica),2026-02-23,,"{Wifi,""Aire acondicionado"",Baño,""Asientos reclinables""}",
116679,64531,2025-05-09,595000,7,No disponible,595,noméru838@viajes.cl,Sagunto,Zamora,75,2281,85000,DSB (Dinamarca),2026-10-05,2026-10-06,"{""Aire acondicionado"",Calefacción,Wifi,Baño,TV}",
104340,59107,2025-02-03,560000,10,No disponible,560,norma6125104@viajes.cl,Ferrol,Pamplona,81,619,56000,Renfe,2025-02-05,2025-02-05,{},
129396,61307,2025-05-14,750000,3,No disponible,750,ocarsa130@viajes.cl,Tarrasa,Torrevieja,23,2951,250000,ZSSK (Eslovaquia),2026-05-15,2026-05-17,"{Baño,Agua,Calefacción,TV,Wifi,Comida}",
147822,,,,,Disponible,0,oldeanco821@viajes.cl,Jerez de la Frontera,Sanlúcar de Barrameda,41,3431,169000,Spirit Airlines,2026-03-27,2026-08-16,{},
143234,62809,2025-03-08,912000,8,No disponible,912,paroga838@viajes.cl,Torrevieja,Algeciras,47,371,114000,DSB (Dinamarca),2025-10-14,2025-10-14,{},
147626,,,,,Disponible,0,patricia3238325@viajes.cl,Santa Cruz de Tenerife,Zaragoza,46,671,58000,Air New Zealand,2026-05-12,2026-06-08,{},
149369,,,,,Disponible,0,pilar5469194@viajes.cl,Cartagena,Toledo,,3534,124000,NSB (Noruega),2025-09-28,,"{Wifi,Baño,""Asientos reclinables"",""Aire acondicionado"",Calefacción,TV}",
86517,62779,2025-04-07,133000,1,No disponible,133,piurch784@viajes.cl,El Prat de LLobregat,Las Palmas de Gran Canaria,81,2561,133000,ŽFBH (Bosnia y Herzegovina),2026-04-25,2026-04-26,"{Wifi,TV,Calefacción,Agua,Comida}",
149358,,,,,Disponible,0,racofl956@viajes.cl,La Coruña,Cartagena,41,3406,333000,SBB (Suiza),2025-04-13,2025-09-01,"{Wifi,""Asientos reclinables"",Baño,""Aire acondicionado"",Calefacción,TV}",
140154,64643,2026-02-18,303000,1,No disponible,303,racolo733@viajes.cl,Hospitalet de LLobregat,Zamora,8,3035,303000,ŽSSK (Eslovaquia),2026-02-23,2026-02-25,"{""Asientos reclinables"",Wifi,Agua,Calefacción,Comida,Baño}",
96909,58081,2026-01-23,1860000,10,No disponible,1860,raqucr272@viajes.cl,Cádiz,Bilbao,49,3863,186000,NSB (Noruega),2026-07-04,2026-07-06,"{TV,""Aire acondicionado"",Comida,Baño,Agua,Calefacción,Wifi}",
83630,65737,2025-08-18,1688000,8,No disponible,1688,readma267@viajes.cl,,Ferrol,26,4187,211000,NS International,2025-12-18,,"{Baño,TV,Wifi,Calefacción,Comida,Agua,""Asientos reclinables""}",
148977,,,,,Disponible,0,rebale699@viajes.cl,Estepona,Cornellá de Llobregat,24,976,80000,VR (Finlandia),2025-12-18,2026-01-27,"{Agua,TV,Wifi}",
103117,63337,2026-03-07,2673000,9,No disponible,2673,rebeca2742263@viajes.cl,Dos Hermanas,Guadalajara,1,3492,297000,Ethiopian Airlines,2026-04-27,2026-04-29,{},
87137,60467,2025-07-08,896000,4,No disponible,896,reocpo678@viajes.cl,Estepona,Manresa,62,3352,224000,RZD (Rusia),2025-07-28,2025-07-30,"{Agua,Baño,""Asientos reclinables"",""Aire acondicionado"",TV,Wifi}",
139216,58118,2026-03-14,2044000,7,No disponible,2044,revaor825@viajes.cl,Tarrasa,Elche,69,3083,292000,Air France,2026-05-16,2026-05-18,{},
148113,,,,,Disponible,0,rodrigo4810214@viajes.cl,Tarragona,Bilbao,31,1094,122000,All Nippon Airways (ANA),2026-05-17,2026-07-01,{},
143412,58883,2025-05-09,2970000,10,No disponible,2970,sara3658705@viajes.cl,Hospitalet de LLobregat,Pontevedra,39,2422,297000,Japan Airlines,2025-07-20,2025-07-21,{},
116196,57859,2025-11-04,288000,1,No disponible,288,savaon858@viajes.cl,Rivas-Vaciamadrid,Baracaldo,100,2344,288000,,2025-11-17,2025-11-18,{},
93068,58619,2025-12-29,355000,5,No disponible,355,silvia4184684@viajes.cl,Santa Coloma de Gramanet,Fuengirola,45,1503,71000,WestJet,2026-02-24,2026-02-25,{},
119542,66042,2025-04-29,1800000,9,No disponible,1800,siurga784@viajes.cl,Córdoba,Cádiz,14,4278,200000,RZD (Rusia),2025-06-29,2025-07-01,"{Agua,Baño,""Asientos reclinables"",Comida,Wifi,""Aire acondicionado"",Calefacción}",
107573,62893,2025-04-06,1590000,5,No disponible,1590,sofia1431695@viajes.cl,Talavera de la Reina,Avilés,64,4106,318000,Iberia,2026-01-31,2026-02-02,{},
147349,,,,,Disponible,0,soledad4866400@viajes.cl,Cuenta,Alcorcón,77,3467,209000,LATAM Airlines,2025-12-06,2026-04-29,{},
149368,,,,,Disponible,0,sr.2820699@viajes.cl,Barcelona,Málaga,98,1722,174000,ŽFBH (Bosnia y Herzegovina),2025-07-31,2025-10-10,"{Comida,""Aire acondicionado"",""Asientos reclinables"",TV}",
147476,,,,,Disponible,0,sr.3043160@viajes.cl,Sabadell,Molina de Segura,67,4135,282000,Wizz Air,2025-01-01,,{},
139050,55637,2025-05-04,1690000,10,No disponible,1690,sr.3134211@viajes.cl,Alcalá de Henares,Telde,73,381,169000,Qantas,2026-06-03,2026-06-03,{},
103284,58437,2025-04-28,3933000,9,No disponible,3933,sr.3211682@viajes.cl,Ciudad Real,Córdoba,9,4309,437000,Air France,2025-11-04,,{},
148291,,,,,Disponible,0,sr.3383439@viajes.cl,Valencia,Vigo,35,2962,366000,Air Canada,2026-04-30,2026-08-31,{},
113472,58283,2025-07-05,495000,3,No disponible,495,sr.3664786@viajes.cl,Valladolid,Collado Villalba,93,1627,165000,Turkish Airlines,2025-08-06,,{},
149120,,,,,Disponible,0,sr.3951766@viajes.cl,León,,9,4144,263000,Eurostar,2026-09-17,2027-03-08,"{TV,Wifi,Baño,""Aire acondicionado"",""Asientos reclinables"",Agua,Calefacción}",
82681,57879,2025-04-17,1125000,9,No disponible,1125,sr.4903927@viajes.cl,Santa Coloma de Gramanet,Benalmádena,89,1332,125000,,2026-03-08,,"{""Asientos reclinables"",Baño,TV}",
82206,63614,2025-03-21,1205000,5,No disponible,1205,sr.590458@viajes.cl,Zamora,Pamplona,3,3343,241000,LATAM Airlines,2025-06-09,,{},
149991,,,,,Disponible,0,sra.1459233@viajes.cl,Parla,Almería,100,404,194000,SBB (Suiza),2025-01-06,2025-01-22,"{""Aire acondicionado"",Comida,Agua,TV,Wifi}",
148526,,,,,Disponible,0,sra.2941122@viajes.cl,Gecho,Chiclana de la Frontera,42,2131,138000,Iberia,2026-09-23,2026-12-20,{},
89187,61905,2025-04-24,2502000,6,No disponible,2502,sra.3023927@viajes.cl,Mérida,,30,4055,417000,ŽFBH (Bosnia y Herzegovina),2025-08-07,2025-08-09,"{Wifi,Agua,Baño,TV,""Asientos reclinables"",Comida,Calefacción}",
123082,64810,2025-01-25,840000,8,No disponible,840,sra.4531821@viajes.cl,Málaga,Mollet del Vallés,34,1023,105000,Lufthansa,2025-05-06,2025-05-06,{},
149167,,,,,Disponible,0,sra.6277717@viajes.cl,Roquetas de Mar,Granada,49,1531,128000,HŽ (Croacia),2025-11-30,2026-02-01,"{""Aire acondicionado"",TV,Agua,""Asientos reclinables""}",
107891,57940,2025-02-12,288000,6,No disponible,288,sra.8471206@viajes.cl,Granollers,Badajoz,79,251,48000,,2025-02-21,2025-02-21,{},
135622,66250,2025-06-03,180000,1,No disponible,180,sra.8766158@viajes.cl,Salamanca,La Coruña,100,2365,180000,Emirates,2025-10-10,2025-10-11,{},
122890,61874,2025-05-23,3177000,9,No disponible,3177,sra.9402989@viajes.cl,Benidorm,Avilés,18,3268,353000,Thalys,2026-03-09,2026-03-11,"{Calefacción,TV,Wifi,""Aire acondicionado"",""Asientos reclinables"",Agua}",
127149,60007,2025-04-03,106000,1,No disponible,106,sra.9489774@viajes.cl,Benalmádena,Viladecans,,678,106000,CD (República Checa),2025-08-29,2025-08-29,{},
81241,61734,2025-04-12,770000,5,No disponible,770,sradcatr480@viajes.cl,Orihuela,Tarrasa,78,3205,154000,Renfe,2025-08-29,,"{TV,""Asientos reclinables"",Wifi,Baño,Calefacción,Agua}",
85852,66095,2025-06-11,990000,5,No disponible,990,sramgalo790@viajes.cl,Huelva,Fuengirola,58,3890,198000,Ethiopian Airlines,2026-06-27,,{},
107009,58424,2026-02-09,994000,7,No disponible,994,sranjiqu198@viajes.cl,Vigo,Gerona,100,425,142000,TGV (SNCF),2026-03-02,2026-03-02,{},
123879,62429,2026-04-30,1752000,6,No disponible,1752,srcébrse308@viajes.cl,Alcoy,Motril,64,3169,292000,Italo,2026-10-19,2026-10-21,"{""Asientos reclinables"",Comida,Baño,TV,Calefacción,""Aire acondicionado""}",
136789,57221,2025-01-15,370000,10,No disponible,370,srflsolu390@viajes.cl,Santander,Leganés,12,364,37000,American Airlines,2026-11-13,2026-11-13,,
148004,,,,,Disponible,0,srgebegr871@viajes.cl,Huelva,Ceuta,,3593,107000,Wizz Air,2025-10-13,2026-03-11,{},
112621,66317,2025-07-03,532000,4,No disponible,532,srjolumupe583@viajes.cl,Linares,Benalmádena,62,129,133000,NSB (Noruega),2026-01-01,2026-01-01,{},
86253,64359,2026-08-31,3458000,7,No disponible,3458,srjuardeje698@viajes.cl,Benidorm,,,3923,494000,Japan Airlines,2026-11-02,,{},
149211,,,,,Disponible,0,srjugáce908@viajes.cl,Alcobendas,Lugo,99,204,64000,Italo,2026-11-18,2026-11-26,"{""Asientos reclinables"",Comida,Agua,""Aire acondicionado"",Baño}",
81866,59317,2025-01-31,2648000,8,No disponible,2648,srlogaro943@viajes.cl,Elche,Logroño,44,3286,331000,Italo,2025-03-25,2025-03-27,"{Wifi,Baño,TV,""Aire acondicionado"",""Asientos reclinables"",Comida}",
148161,,,,,Disponible,0,srmacaes852@viajes.cl,Cornellá de Llobregat,Mataró,95,1270,127000,American Airlines,2026-10-27,2026-12-18,{},
104718,58803,2025-03-26,1572000,4,No disponible,1572,srmaeltrca573@viajes.cl,Palencia,Arrecife,60,4311,393000,ZS (Eslovenia),2025-04-07,2025-04-09,"{Calefacción,TV,Agua,Wifi,""Asientos reclinables"",""Aire acondicionado"",Comida}",
149267,,,,,Disponible,0,srmairri729@viajes.cl,Baracaldo,Jerez de la Frontera,83,3087,105000,ZFBH (Bosnia y Herzegovina),2026-03-16,2026-07-22,,
94024,60807,2025-02-05,936000,8,No disponible,936,srromesa573@viajes.cl,Ponferrada,Rubí,22,1824,117000,,2026-07-03,2026-07-04,"{Comida,""Asientos reclinables"",Calefacción,TV}",
81842,58918,2025-09-23,2316000,6,No disponible,2316,srsigagr821@viajes.cl,Torremolinos,El Ejido,44,4232,386000,Italo,2025-10-10,2025-10-12,"{""Aire acondicionado"",Wifi,Comida,Agua,""Asientos reclinables"",TV,Baño}",
144240,62426,2025-04-01,405000,5,No disponible,405,srvefrap151@viajes.cl,Vitoria,Cartagena,52,2210,81000,CP (Portugal),2025-10-03,2025-10-04,"{TV,Wifi,Comida,Agua,Calefacción}",
89415,56723,2025-11-21,942000,3,No disponible,942,sta.1409702@viajes.cl,Torrelavega,San Cristróbal de la Laguna,78,3322,314000,Frontier Airlines,2026-07-14,2026-07-16,{},
96040,63654,2025-04-03,594000,3,No disponible,594,sta.3082939@viajes.cl,Rivas-Vaciamadrid,Torrelavega,6,3259,198000,American Airlines,2025-06-02,2025-06-04,{},
145644,,,,,Disponible,0,sta.3467980@viajes.cl,Las Palmas de Gran Canaria,Telde,39,2093,141000,FlixBus,2026-01-27,,"{Calefacción,TV,""Aire acondicionado""}",
99967,60834,2026-01-09,2198000,7,No disponible,2198,sta.4160875@viajes.cl,Albacete,Cáceres,99,3668,314000,HŽ (Croacia),2026-09-27,2026-09-29,"{""Asientos reclinables"",Wifi,TV,Calefacción,Agua,Comida,""Aire acondicionado""}",
121014,63714,2025-11-17,676000,4,No disponible,676,sta.4757439@viajes.cl,El Prat de LLobregat,Paterna,95,3665,169000,Renfe,2026-09-06,2026-09-08,"{Agua,Baño,""Asientos reclinables"",Comida,TV,Wifi,Calefacción}",
139237,58024,2025-01-28,3906000,9,No disponible,3906,sta.5063904@viajes.cl,Elda,Barcelona,18,3700,434000,Air New Zealand,2025-10-08,2025-10-10,{},
149910,,,,,Disponible,0,sta.9052328@viajes.cl,,Salamanca,40,2589,111000,NSB (Noruega),2025-03-21,2025-07-06,"{Agua,Baño,""Aire acondicionado"",""Asientos reclinables"",Wifi}",
149481,,,,,Disponible,0,sthemagi384@viajes.cl,Hospitalet de LLobregat,Salamanca,56,2566,292000,Deutsche Bahn (DB),2026-05-28,2026-09-11,"{Agua,""Asientos reclinables"",TV,Wifi,Baño}",
100769,59153,2025-04-25,2106000,6,No disponible,2106,stjopoal797@viajes.cl,Cornellá de Llobregat,,30,2971,351000,CP (Portugal),2026-08-12,2026-08-14,"{""Asientos reclinables"",Calefacción,Wifi,Agua,Baño,Comida}",
80551,55886,2025-06-16,4320000,9,No disponible,4320,stlumamu560@viajes.cl,El Prat de LLobregat,El Puerto de Santa María,10,3968,480000,HŽ (Croacia),2025-07-04,2025-07-06,"{Comida,Baño,Agua,""Aire acondicionado"",TV,Calefacción,""Asientos reclinables""}",
105717,56934,2025-08-06,133000,7,No disponible,133,stpiríen858@viajes.cl,Santa Coloma de Gramanet,Molina de Segura,86,354,19000,Singapore Airlines,2026-08-16,2026-08-16,{},
148834,,,,,Disponible,0,teveba618@viajes.cl,,Toledo,20,336,16000,VRZ (Croacia),2026-09-19,2026-10-03,"{Baño,""Aire acondicionado"",""Asientos reclinables"",Calefacción,TV,Wifi,Agua}",
149978,,,,,Disponible,0,tiaggi246@viajes.cl,Alcoy,Santa Cruz de Tenerife,95,1644,85000,Italo,2025-09-15,2025-11-22,,
108506,60457,2025-03-26,288000,8,No disponible,288,tomás4604467@viajes.cl,Barcelona,Bilbao,23,457,36000,Eurostar,2026-01-01,2026-01-01,{},
117626,57178,2025-09-05,656000,8,No disponible,656,toolac769@viajes.cl,El Prat de LLobregat,Collado Villalba,,2868,82000,Via Bariloche,2025-12-25,2025-12-26,"{Comida,""Asientos reclinables"",""Aire acondicionado""}",
147331,,,,,Disponible,0,toquma393@viajes.cl,Cáceres,San Fernando,71,3708,332000,Etihad Airways,2026-01-03,2026-06-06,{},
129613,56058,2026-02-20,666000,9,No disponible,666,toviag268@viajes.cl,Alcobendas,Móstoles,2,439,74000,Frontier Airlines,2026-04-23,2026-04-23,{},
148203,,,,,Disponible,0,vicaes693@viajes.cl,San Cristróbal de la Laguna,,44,1109,136000,Air New Zealand,2025-06-01,2025-07-17,{},
101496,62148,2025-01-04,1134000,7,No disponible,1134,vicente5224724@viajes.cl,Sagunto,Santa Lucía de Tirajana,89,477,162000,ZFBH (Bosnia y Herzegovina),2025-04-04,2025-04-04,{},
148800,,,,,Disponible,0,vicente9770936@viajes.cl,Vitoria,Málaga,26,4139,285000,BDZ (Bulgaria),2025-03-01,2025-08-20,"{Wifi,Baño,""Asientos reclinables"",""Aire acondicionado"",Agua,Comida,Calefacción}",
88197,58019,2025-04-29,855000,5,No disponible,855,victoria3901472@viajes.cl,Arrecife,,64,618,171000,,2025-05-03,2025-05-03,{},
94376,66161,2025-03-17,968000,8,No disponible,968,victoria904873@viajes.cl,San Cristróbal de la Laguna,Puertollano,53,990,121000,NSB (Noruega),2025-06-28,2025-06-28,"{Baño,Agua,Comida}",
125405,57963,2025-01-04,1080000,4,No disponible,1080,vitóan636@viajes.cl,Alcobendas,Castellón de la Plana,11,2886,270000,Nederlandse Sp,2025-01-20,2025-01-22,"{""Asientos reclinables"",Agua,Wifi,Comida,TV,""Aire acondicionado""}",
149421,,,,,Disponible,0,vivimi661@viajes.cl,Sagunto,El Puerto de Santa María,64,3973,333000,Trenitalia,2026-03-06,2026-08-18,"{Agua,Calefacción,Comida,Baño,TV,Wifi,""Aire acondicionado""}",
133100,62806,2025-12-19,162000,1,No disponible,162,víctor4658817@viajes.cl,San Cristróbal de la Laguna,Baracaldo,96,1579,162000,Alaska Airlines,2026-08-07,,{},
115838,56672,2025-04-08,450000,3,No disponible,450,víctor880107@viajes.cl,Sabadell,Calahorra,17,1866,150000,TGV (SNCF),2025-08-12,2025-08-13,"{Wifi,TV,Calefacción,Baño}",
137533,63049,2025-04-20,286000,2,No disponible,286,yoanma528@viajes.cl,San Fernando,Talavera de la Reina,36,703,143000,ÖBB (Austria),2026-08-11,2026-08-11,{},
147741,,,,,Disponible,0,áncava459@viajes.cl,,Estepona,52,4179,444000,Qantas,2026-06-30,2026-12-21,{},
149385,,,,,Disponible,0,ángaga278@viajes.cl,Palencia,Barcelona,57,128,68000,CFR (Rumania),2025-05-06,2025-05-11,"{Calefacción,Agua,TV}",
93391,61199,2025-11-19,510000,6,No disponible,510,ángela4947162@viajes.cl,,Sagunto,79,749,85000,Spirit Airlines,2026-03-26,2026-03-26,{},
147124,,,,,Disponible,0,óscar7955474@viajes.cl,,Elda,,200,189000,JetBlue,2025-05-11,2025-05-19,{},
85876,61081,2025-01-02,904000,8,No disponible,904,óscoes804@viajes.cl,Tarragona,Guadalajara,35,2096,113000,HŽ (Croacia),2025-01-05,2025-01-06,"{TV,Agua,Wifi,""Asientos reclinables""}",
101508,62148,2025-01-22,1316000,7,No disponible,1316,ósfrse369@viajes.cl,Segovia,Córdoba,30,2238,188000,ZFBH (Bosnia y Herzegovina),2025-04-15,2025-04-16,"{Comida,Wifi,TV,""Aire acondicionado"",Calefacción}",
112079,63804,2025-02-02,820000,10,No disponible,820,ósnapa647@viajes.cl,Hospitalet de LLobregat,Alcobendas,96,1175,82000,Southwest Airlines,2025-12-03,2025-12-03,{},
143382,62487,2025-04-19,295000,5,No disponible,295,Albertoocasio669@viajes.cl,Viladecans,Reus,91,379,59000,JetBlue,2025-11-13,,{},
107762,65379,2025-01-11,1386000,7,No disponible,1386,Albertoybarra929@viajes.cl,San Cristróbal de la Laguna,Gerona,61,303,198000,HŽ (Croacia),2025-02-17,2025-02-17,{},
140230,57950,2025-07-09,258000,6,No disponible,258,Alejandramurillo755@viajes.cl,Huelva,Viladecans,53,1388,43000,Spirit Airlines,2025-09-03,2025-09-03,{},
88354,57771,2025-01-26,490000,5,No disponible,490,Alejandroserrato929@viajes.cl,Salamanca,Lérida,72,2657,98000,ZFBH (Bosnia y Herzegovina),2025-06-14,2025-06-15,"{Agua,TV,Comida,Wifi,""Aire acondicionado""}",
136955,60555,2025-06-03,86000,2,No disponible,86,Anarivero619@viajes.cl,Móstoles,León,53,1415,43000,Amtrak,2026-11-24,2026-11-24,"{Calefacción,Baño,""Asientos reclinables""}",
147637,,,,,Disponible,0,Andreagriego524@viajes.cl,Albacete,Gandía,60,3982,408000,Vueling,2026-07-28,2027-01-09,{},
117933,64156,2025-01-07,819000,7,No disponible,819,Andreatrujillo333@viajes.cl,Sabadell,Collado Villalba,27,452,117000,ÖBB (Austria),2025-05-07,,{},
147811,,,,,Disponible,0,Anitallamas291@viajes.cl,Cerdañola del Vallés,Cáceres,21,1383,42000,Copa Airlines,2026-07-18,2026-09-13,{},
148828,,,,,Disponible,0,Benitocardona170@viajes.cl,Fuenlabrada,,81,2649,145000,SBB (Suiza),2026-09-26,2027-01-14,"{Baño,Calefacción,TV,Wifi,""Aire acondicionado""}",
91619,66121,2025-04-30,102000,1,No disponible,102,Benitoterán216@viajes.cl,Palma de Mallorca,Cartagena,62,1882,102000,ZSSK (Eslovaquia),2025-06-08,2025-06-09,"{Comida,TV,Baño,""Asientos reclinables""}",
147766,,,,,Disponible,0,Benjamínjiménez670@viajes.cl,Lugo,Cuenta,80,1272,36000,American Airlines,2025-09-10,2025-11-02,{},
131810,55777,2025-09-30,488000,4,No disponible,488,Benjamínsisneros202@viajes.cl,Palencia,Pamplona,16,2036,122000,ZFBH (Bosnia y Herzegovina),2025-10-04,,"{""Aire acondicionado"",TV,Agua,Comida}",
113994,62047,2025-08-06,35000,1,No disponible,35,Bernardoelizondo645@viajes.cl,,Cartagena,21,310,35000,CP (Portugal),2025-08-11,2025-08-11,{},
80793,61651,2025-05-07,420000,10,No disponible,420,Carlosabeyta963@viajes.cl,Ávila,Albacete,41,1108,42000,NS International,2025-12-15,2025-12-15,"{Baño,TV,""Asientos reclinables""}",
103144,63675,2025-03-29,864000,8,No disponible,864,Carlosrosales796@viajes.cl,Alcalá de Guadaira,Linares,98,1973,108000,ŽFBH (Bosnia y Herzegovina),2025-12-30,2025-12-31,"{Comida,Calefacción,Baño,Wifi}",
83552,62440,2025-01-03,1270000,10,No disponible,1270,Carolinabaca615@viajes.cl,,Vigo,,2091,127000,ÖBB (Austria),2025-02-04,2025-02-05,"{Agua,TV,""Asientos reclinables"",Wifi}",
118907,62189,2025-04-04,2259000,9,No disponible,2259,Catalinavarela631@viajes.cl,Tarragona,Gandía,91,3307,251000,RZD (Rusia),2025-12-23,2025-12-25,"{Comida,""Aire acondicionado"",""Asientos reclinables"",Agua,TV,Calefacción}",
148158,,,,,Disponible,0,Claudiocantú636@viajes.cl,Rubí,Ferrol,58,1691,75000,Vueling,2026-09-03,2026-11-12,{},
149894,,,,,Disponible,0,Clementedelacrúz671@viajes.cl,Majadahonda,Zamora,67,2314,191000,NSB (Noruega),2026-02-21,2026-05-28,"{Calefacción,Agua,Baño,""Aire acondicionado"",Comida}",
128318,58605,2025-02-02,272000,4,No disponible,272,Cristinatijerina877@viajes.cl,Fuengirola,Parla,14,2028,68000,,2026-08-14,2026-08-15,{},
143695,63911,2025-05-01,1880000,8,No disponible,1880,Danielavillalpando367@viajes.cl,Majadahonda,Cartagena,73,2314,235000,PKP (Polonia),2025-12-12,2025-12-13,"{Agua,Comida,Calefacción,Wifi,TV}",
149303,,,,,Disponible,0,Dianamontero898@viajes.cl,Pamplona,Arrecife,1,3582,309000,Amtrak,2025-07-04,2025-11-30,"{""Asientos reclinables"",TV,Wifi,Baño,Comida,""Aire acondicionado""}",
128241,55938,2025-04-15,1816000,8,No disponible,1816,Doloresroybal738@viajes.cl,Cuenta,Palma de Mallorca,86,2317,227000,Alaska Airlines,2026-02-16,2026-02-17,{},
124116,60975,2025-02-03,120000,2,No disponible,120,Doroteabétancourt155@viajes.cl,Mataró,Sagunto,,3095,60000,Turbus,2025-02-08,,"{Wifi,""Asientos reclinables"",Comida}",
143795,63212,2025-07-14,1323000,9,No disponible,1323,Elisarubio933@viajes.cl,Valdemoro,Irún,67,3407,147000,Qatar Airways,2025-10-22,2025-10-24,{},
150073,,,,,Disponible,0,Elsanájera336@viajes.cl,Gandía,,70,3908,180000,Renfe,2025-12-08,2026-05-19,"{TV,""Aire acondicionado"",Comida,Agua,Baño,Calefacción,Wifi}",
147297,,,,,Disponible,0,Elviraiglesias305@viajes.cl,La Coruña,Alcalá de Guadaira,41,4096,218000,Frontier Airlines,2026-10-18,2027-04-06,{},
148174,,,,,Disponible,0,Estelareyna597@viajes.cl,Mérida,Mollet del Vallés,49,3353,353000,EasyJet,2025-12-17,2026-05-05,{},
79276,59783,2025-03-09,502000,2,No disponible,502,Estelavelázquez978@viajes.cl,Palma de Mallorca,Baracaldo,,3817,251000,ŽSSK (Eslovaquia),2025-03-15,2025-03-17,"{Wifi,TV,Comida,""Aire acondicionado"",Baño,Calefacción,Agua}",
147978,,,,,Disponible,0,Evanavarrete220@viajes.cl,San Cristróbal de la Laguna,Ávila,49,1294,131000,Spirit Airlines,2025-09-20,2025-11-12,{},
149226,,,,,Disponible,0,Feliperojo857@viajes.cl,,Madrid,1,1096,67000,Amtrak,2025-01-12,2025-02-26,"{""Aire acondicionado"",Calefacción,Wifi}",
102039,60097,2025-01-30,180000,5,No disponible,180,Fernandomuñoz208@viajes.cl,Sagunto,,,1280,36000,AVE,2025-05-30,2025-05-30,"{Baño,Calefacción,Comida}",
111755,55573,2026-06-05,160000,2,No disponible,160,Franciscaabeyta645@viajes.cl,Ávila,Las Palmas de Gran Canaria,,1985,80000,RZD (Rusia),2026-11-27,2026-11-28,"{TV,Agua,Baño,Calefacción}",
109212,60566,2025-07-31,2712000,8,No disponible,2712,Franciscamontalvo506@viajes.cl,Santa Lucía de Tirajana,Castellón de la Plana,50,3836,339000,Southwest Airlines,2026-04-15,2026-04-17,{},
148817,,,,,Disponible,0,Gilbertoramón421@viajes.cl,Orense,Santiago de Compostela,76,4319,229000,Nederlandse Sp,2026-07-31,2027-01-26,"{Calefacción,""Asientos reclinables"",TV,Comida,Agua,Baño,""Aire acondicionado""}",
147664,,,,,Disponible,0,Gonzalocervántez728@viajes.cl,Lugo,Pamplona,56,1621,109000,Air France,2025-05-06,2025-07-12,{},
148319,,,,,Disponible,0,Gregorioverdugo611@viajes.cl,Sanlúcar de Barrameda,Lorca,1,725,50000,Singapore Airlines,2025-03-19,2025-04-18,{},
80376,58400,2025-04-21,224000,2,No disponible,224,Guillerminacerda636@viajes.cl,San Cristróbal de la Laguna,Manresa,76,1854,112000,RZD (Rusia),2025-12-08,2025-12-09,"{Agua,TV,""Aire acondicionado"",""Asientos reclinables""}",
149475,,,,,Disponible,0,Guillermoolivares662@viajes.cl,Alcoy,Gandía,14,1180,59000,NSB (Noruega),2026-07-10,2026-08-28,"{Baño,""Asientos reclinables"",""Aire acondicionado""}",
143299,66550,2025-04-13,1930000,10,No disponible,1930,Homerocolunga322@viajes.cl,Palma de Mallorca,Getafe,76,2403,193000,RZD (Rusia),2025-09-21,2025-09-22,"{Comida,Baño,""Aire acondicionado"",""Asientos reclinables"",Calefacción}",
128048,61706,2025-01-06,116000,1,No disponible,116,Horaciolucio884@viajes.cl,Irún,Santander,19,2400,116000,KLM,2025-09-20,,{},
92445,55707,2025-01-21,392000,2,No disponible,392,Hugoleyva186@viajes.cl,Manresa,Gijón,80,1586,196000,Wizz Air,2025-07-09,2025-07-10,{},
116726,66434,2025-04-22,1272000,8,No disponible,1272,Ignacioholguín519@viajes.cl,Sevilla,Ciudad Real,,2089,159000,Wizz Air,2025-06-29,2025-06-30,{},
150054,,,,,Disponible,0,Jacobodelgadillo820@viajes.cl,Cuenta,Dos Hermanas,9,592,192000,SBB (Suiza),2025-01-16,2025-02-09,"{Calefacción,Baño,""Asientos reclinables""}",
93518,59538,2025-05-02,1085000,5,No disponible,1085,Javiergodínez122@viajes.cl,Torrejón de Ardoz,Rubí,13,2240,217000,ŽSSK (Eslovaquia),2025-08-26,2025-08-27,"{Wifi,Agua,TV,""Asientos reclinables"",Baño}",
148641,,,,,Disponible,0,Javiermateo256@viajes.cl,Alcalá de Henares,,70,3651,451000,Italo,2025-07-25,2025-12-24,"{Comida,Baño,Wifi,""Aire acondicionado"",Agua,TV,""Asientos reclinables""}",
116295,57201,2025-02-21,2016000,7,No disponible,2016,Javiernieves797@viajes.cl,Mérida,Castellón de la Plana,69,2667,288000,Ryanair,2025-05-12,2025-05-13,{},
79514,65191,2026-04-09,966000,6,No disponible,966,Jesúsayala953@viajes.cl,Mollet del Vallés,Estepona,10,1747,161000,CD (República Checa),2026-06-06,2026-06-07,"{Comida,Agua,""Asientos reclinables"",""Aire acondicionado""}",
121105,56357,2025-01-31,2410000,10,No disponible,2410,Joaquíndelatorre512@viajes.cl,Cuenta,Gijón,92,2600,241000,AVE,2025-02-17,2025-02-18,"{Calefacción,Baño,Wifi,Comida,""Asientos reclinables""}",
147094,,,,,Disponible,0,Josefinapichardo787@viajes.cl,Molina de Segura,Algeciras,54,473,175000,British Airways,2025-02-14,,,
105150,65145,2025-03-05,222000,3,No disponible,222,Josébañuelos691@viajes.cl,Manresa,San Fernando,32,562,74000,SBB (Suiza),2026-04-09,2026-04-09,{},
148933,,,,,Disponible,0,Leonorlira295@viajes.cl,Fuengirola,Pontevedra,91,3688,380000,ZSSK (Eslovaquia),2025-09-28,2026-02-28,"{Wifi,Baño,""Aire acondicionado"",TV,Calefacción,Agua,Comida}",
92301,62209,2025-02-04,1990000,10,No disponible,1990,Leticiadelarosa551@viajes.cl,Almería,Mollet del Vallés,77,2012,199000,AVE,2026-01-01,2026-01-02,"{Comida,TV,Agua,Baño}",
97781,59825,2025-04-22,2088000,9,No disponible,2088,Lorenzoiglesias999@viajes.cl,Elda,Cerdañola del Vallés,,3161,232000,Air New Zealand,2025-11-12,2025-11-14,{},
148353,,,,,Disponible,0,Luciabañuelos420@viajes.cl,Zaragoza,Torrelavega,92,1699,110000,Delta Air Lines,2025-02-16,2025-04-27,{},
131145,60933,2025-01-19,1805000,5,No disponible,1805,Luciacasillas408@viajes.cl,Torrelavega,Ferrol,30,2990,361000,Qatar Airways,2025-03-11,2025-03-13,{},
101285,65931,2025-01-19,119000,1,No disponible,119,Luisasoliz819@viajes.cl,Collado Villalba,Madrid,44,2042,119000,United Airlines,2025-04-11,2025-04-12,{},
126875,59078,2025-11-13,282000,1,No disponible,282,Magdalenabrito986@viajes.cl,Cartagena,Fuenlabrada,49,3578,282000,ŽFBH (Bosnia y Herzegovina),2026-07-04,2026-07-06,"{Calefacción,Agua,""Asientos reclinables"",Comida,TV,""Aire acondicionado""}",
105670,60488,2025-01-27,3830000,10,No disponible,3830,Marcocortez795@viajes.cl,Santander,Alicante,52,3204,383000,Etihad Airways,2025-06-08,2025-06-10,{},
122529,61791,2026-04-02,1210000,10,No disponible,1210,Marcoharo601@viajes.cl,Albacete,Alcoy,47,3493,121000,Spirit Airlines,2026-04-05,2026-04-07,{},
121637,60051,2025-05-10,892000,4,No disponible,892,Marcoscorrales762@viajes.cl,Fuengirola,Fuengirola,10,2369,223000,Air France,2026-02-18,,{},
149128,,,,,Disponible,0,Marcosledesma340@viajes.cl,Las Palmas de Gran Canaria,Coslada,77,2296,237000,Eurostar,2026-05-05,2026-08-08,"{""Asientos reclinables"",Wifi,Calefacción,""Aire acondicionado"",Comida}",
146130,,,,,Disponible,0,Marianoheredia641@viajes.cl,Ceuta,Lugo,37,1471,180000,Alsa,2026-08-15,,"{Agua,Wifi,Comida}",
107168,55812,2025-02-01,131000,1,No disponible,131,Maríabecerra494@viajes.cl,La Coruña,Barcelona,1,3075,131000,SJ (Suecia),2026-03-26,2026-03-28,"{TV,""Asientos reclinables"",Calefacción,""Aire acondicionado"",Agua,Wifi}",
118521,59229,2026-09-12,752000,8,No disponible,752,Maríacavazos182@viajes.cl,Cádiz,Lugo,81,166,94000,United Airlines,2026-11-27,2026-11-27,{},
150009,,,,,Disponible,0,Maríadelrío618@viajes.cl,Gijón,Orihuela,86,3780,378000,NSB (Noruega),2026-06-07,2026-11-11,"{Comida,""Aire acondicionado"",Wifi,TV,Agua,""Asientos reclinables"",Calefacción}",
143692,56836,2025-03-08,895000,5,No disponible,895,Maríadelvalle249@viajes.cl,Paterna,Estepona,42,1764,179000,ZS (Eslovenia),2025-03-16,2025-03-17,"{""Aire acondicionado"",Agua,Calefacción,TV}",
93677,66319,2025-01-02,4482000,9,No disponible,4482,Maríaespinoza975@viajes.cl,Torremolinos,Jaén,63,4102,498000,SBB (Suiza),2025-02-16,2025-02-18,"{Calefacción,TV,Agua,Wifi,""Asientos reclinables"",Comida,""Aire acondicionado""}",
89656,65703,2025-01-23,1421000,7,No disponible,1421,Maríarubio434@viajes.cl,Gerona,Córdoba,57,3021,203000,Ethiopian Airlines,2026-07-20,2026-07-22,,
104542,62830,2025-06-17,1456000,8,No disponible,1456,Maríasaldivar717@viajes.cl,Ponferrada,Roquetas de Mar,,2850,182000,DSB (Dinamarca),2026-01-31,2026-02-01,"{Wifi,Baño,Calefacción,""Aire acondicionado"",TV}",
107995,64659,2025-06-18,2830000,10,No disponible,2830,Mateofarías500@viajes.cl,Zamora,Santa Cruz de Tenerife,75,2879,283000,AVE,2025-08-31,2025-09-01,,
104328,62019,2025-06-12,1116000,6,No disponible,1116,Mayteaponte518@viajes.cl,Sanlúcar de Barrameda,Murcia,12,1655,186000,SBB (Suiza),2026-01-01,2026-01-02,,
88099,61215,2025-04-27,2574000,9,No disponible,2574,Pablonaranjo381@viajes.cl,Lugo,Benidorm,26,2812,286000,Spirit Airlines,2026-05-31,2026-06-01,{},
147853,,,,,Disponible,0,Patriciocerda695@viajes.cl,Reus,Huelva,62,3984,461000,,2025-02-09,2025-07-25,{},
115608,55955,2026-04-22,3008000,8,No disponible,3008,Pedrolugo488@viajes.cl,Vitoria,Sagunto,26,3227,376000,Air France,2026-05-05,2026-05-07,{},
137129,65042,2025-02-09,690000,10,No disponible,690,Pedromondragón963@viajes.cl,Torremolinos,Avilés,73,1752,69000,AVE,2025-02-11,2025-02-12,"{TV,Baño,Calefacción,Comida}",
128214,62236,2025-08-08,276000,1,No disponible,276,Ramirobarajas244@viajes.cl,Guadalajara,Molina de Segura,19,3562,276000,ŽFBH (Bosnia y Herzegovina),2026-03-25,2026-03-27,"{Comida,Agua,TV,""Aire acondicionado"",Wifi,Baño}",
148438,,,,,Disponible,0,Ramónverduzco522@viajes.cl,El Prat de LLobregat,Cuenta,78,874,69000,EasyJet,2025-09-12,2025-10-18,{},
149950,,,,,Disponible,0,Raquellira938@viajes.cl,,Almería,38,499,80000,,2025-09-29,2025-10-19,"{Wifi,TV,Baño,""Aire acondicionado"",Calefacción,Comida}",
129605,59142,2026-08-14,550000,10,No disponible,550,Raquelvillalobos916@viajes.cl,San Sebastián,Burgos,56,1321,55000,Air New Zealand,2026-10-23,2026-10-23,{},
148111,,,,,Disponible,0,Raúlbadillo577@viajes.cl,Torrevieja,Dos Hermanas,94,2127,89000,EasyJet,2025-05-30,2025-08-26,{},
147501,,,,,Disponible,0,Rocioanguiano798@viajes.cl,Elda,Albacete,81,1384,86000,Aeroméxico,2026-07-27,2026-09-22,{},
130107,61049,2025-05-07,56000,1,No disponible,56,Rociomuro732@viajes.cl,Benalmádena,Segovia,91,1039,56000,ŽSSK (Eslovaquia),2026-04-14,2026-04-14,"{Wifi,Baño,Calefacción}",
102577,59540,2025-02-25,262000,2,No disponible,262,Rodrigosolís188@viajes.cl,Alicante,Lérida,96,3387,131000,Nederlandse Sp,2025-04-27,2025-04-29,"{Agua,Calefacción,""Aire acondicionado"",Wifi,""Asientos reclinables"",TV}",
92671,56790,2025-07-18,414000,3,No disponible,414,Rosaceballos545@viajes.cl,Logroño,,65,2277,138000,PKP (Polonia),2026-05-13,2026-05-14,"{Baño,Comida,""Asientos reclinables"",TV,Wifi}",
105115,56546,2025-05-08,124000,2,No disponible,124,Rubéngracia541@viajes.cl,Mollet del Vallés,Motril,39,4200,62000,Buses Nilahue,2025-11-21,2025-11-23,"{TV,Agua,Comida}",
143677,62411,2025-03-14,560000,7,No disponible,560,Samuelmenéndez181@viajes.cl,Alicante,Santa Cruz de Tenerife,1,2706,80000,Qatar Airways,2025-09-02,2025-09-03,{},
126014,65399,2026-06-02,408000,4,No disponible,408,Sanchobétancourt392@viajes.cl,Alicante,Vigo,95,258,102000,Wizz Air,2026-10-18,2026-10-18,{},
122661,64807,2025-08-04,253000,1,No disponible,253,Sanchoponce341@viajes.cl,Benalmádena,Jaén,90,3290,253000,Air France,2025-08-29,2025-08-31,{},
112021,65865,2025-03-23,805000,7,No disponible,805,Santiagorivas862@viajes.cl,Ávila,Torremolinos,99,2222,115000,VR (Finlandia),2026-06-29,2026-06-30,"{""Asientos reclinables"",TV,""Aire acondicionado"",Calefacción,Wifi}",
124824,57022,2025-04-10,2810000,10,No disponible,2810,Sergioromo646@viajes.cl,Alcalá de Henares,Rubí,50,2815,281000,Air New Zealand,2025-09-06,2025-09-07,{},
118018,60246,2025-08-12,560000,10,No disponible,560,Silviaarreola496@viajes.cl,Santa Lucía de Tirajana,Oviedo,83,417,56000,ŽFBH (Bosnia y Herzegovina),2026-08-19,2026-08-19,{},
102077,60499,2025-02-18,970000,5,No disponible,970,Silviasantacruz103@viajes.cl,Zamora,Zaragoza,82,3880,194000,Alaska Airlines,2025-12-12,2025-12-14,{},
149507,,,,,Disponible,0,Sofiaportillo314@viajes.cl,Gijón,Palencia,67,199,29000,TGV (SNCF),2026-07-05,2026-07-13,"{Calefacción,TV,""Asientos reclinables""}",
147544,,,,,Disponible,0,Sr.adorno886@viajes.cl,La Coruña,Granada,1,1399,43000,LATAM Airlines,2025-07-29,2025-09-25,{},
149778,,,,,Disponible,0,Sr.castañeda350@viajes.cl,Ferrol,Torremolinos,85,767,56000,SNCB (Bélgica),2026-11-22,2026-12-23,"{TV,Wifi,""Asientos reclinables""}",
127539,60407,2025-01-28,702000,6,No disponible,702,Sr.limón373@viajes.cl,Parla,Majadahonda,57,834,117000,Frontier Airlines,2026-09-18,2026-09-18,{},
149566,,,,,Disponible,0,Sr.soliz253@viajes.cl,Palencia,Leganés,43,3333,226000,Nederlandse Sp,2026-01-10,2026-05-28,"{Baño,Comida,TV,""Aire acondicionado"",Agua,Wifi}",
131950,60687,2025-12-17,1280000,10,No disponible,1280,Sr.treviño590@viajes.cl,Gandía,San Sebastían de los Reyes,79,1347,128000,NSB (Noruega),2026-05-12,2026-05-12,"{""Aire acondicionado"",TV,Agua}",
105407,60865,2026-08-11,524000,4,No disponible,524,Sra.collado965@viajes.cl,Getafe,Reus,37,3186,131000,Omnibus de México,2026-10-20,2026-10-22,"{Calefacción,Baño,""Asientos reclinables""}",
133857,65982,2025-12-13,1610000,7,No disponible,1610,Sra.escamilla417@viajes.cl,Toledo,Granollers,81,2701,230000,EasyJet,2026-03-21,2026-03-22,{},
109927,63596,2025-03-06,408000,4,No disponible,408,Sra.leyva287@viajes.cl,Baracaldo,Gijón,48,3899,102000,Via Bariloche,2025-04-21,2025-04-23,"{Baño,TV,Wifi}",
148463,,,,,Disponible,0,Sra.munguía627@viajes.cl,Getafe,Ciudad Real,92,2170,248000,Singapore Airlines,2025-03-31,2025-06-29,{},
142927,62375,2025-03-22,900000,9,No disponible,900,Sra.reyes599@viajes.cl,Granollers,Gecho,93,241,100000,MÁV (Hungría),2025-05-19,2025-05-19,{},
141398,62209,2025-01-07,1212000,6,No disponible,1212,Sra.toledo641@viajes.cl,Getafe,Palencia,95,2165,202000,Thalys,2026-03-15,2026-03-16,"{Wifi,Comida,""Aire acondicionado"",Baño,Agua}",
91157,66410,2025-02-20,51000,1,No disponible,51,Sta.casares518@viajes.cl,Gijón,Alcobendas,,1402,51000,British Airways,2025-11-27,2025-11-27,{},
146948,,,,,Disponible,0,Sta.colunga585@viajes.cl,Mijas,Vigo,,1175,63000,All Nippon Airways (ANA),2026-07-12,2026-08-29,{},
130128,61703,2025-03-19,780000,10,No disponible,780,Sta.contreras629@viajes.cl,Orihuela,La Línea de la Concepción,55,2104,78000,Southwest Airlines,2025-05-30,2025-05-31,{},
148359,,,,,Disponible,0,Sta.gaona818@viajes.cl,Alcalá de Guadaira,Cartagena,30,3221,320000,Air New Zealand,2025-05-29,2025-10-10,{},
146985,,,,,Disponible,0,Sta.mesa478@viajes.cl,Albacete,Badajoz,67,2863,297000,Southwest Airlines,2026-06-04,2026-10-01,{},
148109,,,,,Disponible,0,Sta.miranda323@viajes.cl,Viladecans,Ponferrada,4,2846,107000,KLM,2025-12-31,,{},
147524,,,,,Disponible,0,Sta.pantoja641@viajes.cl,Ponferrada,,13,2027,123000,Air Canada,2025-11-29,2026-02-21,{},
88276,59179,2025-03-03,993000,3,No disponible,993,Sta.valdez219@viajes.cl,,Cartagena,65,3918,331000,ZFBH (Bosnia y Herzegovina),2026-07-14,2026-07-16,"{Comida,Agua,TV,Baño,Calefacción,Wifi,""Aire acondicionado""}",
147339,,,,,Disponible,0,Timoteogodoy576@viajes.cl,Santa Coloma de Gramanet,Fuenlabrada,12,2295,220000,Wizz Air,2025-08-10,,{},
149590,,,,,Disponible,0,Timoteomercado843@viajes.cl,Huelva,Salamanca,20,1489,108000,Italo,2025-05-06,2025-07-07,"{Wifi,Agua,Baño,""Asientos reclinables""}",
111621,57776,2025-11-26,483000,3,No disponible,483,Timoteoortega395@viajes.cl,Ponferrada,Baracaldo,85,1872,161000,,2026-09-19,2026-09-20,"{""Asientos reclinables"",Wifi,TV,Calefacción}",
115613,61658,2025-01-13,960000,10,No disponible,960,Timoteoparra548@viajes.cl,Palencia,Ferrol,50,2241,96000,Air France,2025-03-30,2025-03-31,{},
104299,63094,2025-07-21,540000,6,No disponible,540,Vicenteescobar772@viajes.cl,Elda,Jaén,34,848,90000,All Nippon Airways (ANA),2025-09-05,2025-09-05,{},
90852,58421,2025-06-25,960000,5,No disponible,960,adbebé714@viajes.cl,Torrelavega,Pozuelo de Alarcón,48,1314,192000,Crucero del Norte,2025-09-17,2025-09-17,"{""Aire acondicionado"",""Asientos reclinables"",Wifi}",
136857,55574,2025-01-24,342000,9,No disponible,342,agustín1537237@viajes.cl,Gecho,Benidorm,42,1189,38000,CD (República Checa),2025-05-21,2025-05-21,"{TV,Calefacción,Agua}",
81457,64205,2025-07-29,199000,1,No disponible,199,agustín2891970@viajes.cl,Granada,Sanlúcar de Barrameda,72,2358,199000,Renfe,2026-05-14,2026-05-15,"{Agua,""Aire acondicionado"",Calefacción,Wifi,Baño}",
136184,57876,2025-03-30,624000,4,No disponible,624,alberto9508888@viajes.cl,Santa Lucía de Tirajana,Torrejón de Ardoz,15,3252,156000,Wizz Air,2026-08-10,2026-08-12,{},
110237,64920,2025-07-31,299000,1,No disponible,299,albuta656@viajes.cl,Torrejón de Ardoz,,7,3051,299000,Thalys,2026-04-08,2026-04-10,"{""Asientos reclinables"",Agua,Baño,Comida,TV,""Aire acondicionado""}",
102704,55784,2025-06-29,1070000,10,No disponible,1070,alejandra1046907@viajes.cl,Alcorcón,Oviedo,71,2880,107000,,2025-07-13,2025-07-15,"{TV,Calefacción,""Aire acondicionado"",Agua,""Asientos reclinables""}",
93715,58522,2025-10-22,994000,7,No disponible,994,alejandra5219541@viajes.cl,Huelva,Linares,47,2760,142000,SNCB (Bélgica),2026-01-23,2026-01-24,"{Baño,Comida,""Asientos reclinables"",TV,Wifi}",
136973,56259,2025-01-31,1134000,9,No disponible,1134,alejandra9343406@viajes.cl,Orihuela,Dos Hermanas,5,2711,126000,ŽSSK (Eslovaquia),2025-02-27,2025-02-28,"{Baño,""Aire acondicionado"",""Asientos reclinables"",Wifi,Agua}",
94167,56839,2025-01-25,308000,2,No disponible,308,alraba458@viajes.cl,Málaga,,60,1759,154000,Alaska Airlines,2025-09-16,2025-09-17,,
147361,,,,,Disponible,0,alraga536@viajes.cl,Parla,Elda,100,1818,149000,Turkish Airlines,2025-06-10,,{},
149902,,,,,Disponible,0,amalia8518314@viajes.cl,La Coruña,Palencia,91,4206,195000,HŽ (Croacia),2026-01-29,2026-07-23,"{""Aire acondicionado"",Baño,Calefacción,""Asientos reclinables"",TV,Agua,Wifi}",
98098,57294,2025-02-08,300000,5,No disponible,300,andrés6213400@viajes.cl,Mérida,Torrejón de Ardoz,11,981,60000,Frontier Airlines,2025-03-26,2025-03-26,{},
140460,61690,2025-08-29,805000,7,No disponible,805,andrés6545340@viajes.cl,Las Palmas de Gran Canaria,Arrecife,45,736,115000,NS International,2025-09-02,2025-09-02,"{Calefacción,""Asientos reclinables"",Wifi}",
120746,62826,2025-05-19,1712000,8,No disponible,1712,angaal636@viajes.cl,Málaga,Gecho,,4074,214000,ZS (Eslovenia),2026-10-27,2026-10-29,"{Agua,Comida,""Asientos reclinables"",TV,""Aire acondicionado"",Baño,Wifi}",
82241,63258,2025-02-11,936000,8,No disponible,936,anrove982@viajes.cl,Castellón de la Plana,,39,2293,117000,Primera Plus,2026-03-06,2026-03-07,"{Wifi,Agua,Calefacción}",
126913,62411,2025-01-17,2272000,8,No disponible,2272,antonia3604496@viajes.cl,Palencia,Zamora,34,3386,284000,ZSSK (Eslovaquia),2025-02-24,2025-02-26,"{TV,Calefacción,Baño,Agua,""Aire acondicionado"",Comida}",
86620,66354,2025-03-02,1668000,6,No disponible,1668,ardepe428@viajes.cl,Dos Hermanas,Torrevieja,63,2304,278000,Japan Airlines,2026-04-11,2026-04-12,{},
105090,60075,2025-04-30,220000,10,No disponible,220,ariadna2612725@viajes.cl,Parla,Elda,85,675,22000,CD (República Checa),2026-01-29,,{},
148415,,,,,Disponible,0,armede997@viajes.cl,Castellón de la Plana,Valdemoro,68,2959,328000,Singapore Airlines,2026-02-03,2026-06-06,,
111943,60361,2026-01-06,3204000,9,No disponible,3204,arradeje840@viajes.cl,San Cristróbal de la Laguna,Toledo,57,3449,356000,SNCB (Bélgica),2026-06-19,2026-06-21,"{Calefacción,Comida,""Aire acondicionado"",Baño,""Asientos reclinables"",TV}",
101831,61359,2025-07-13,805000,5,No disponible,805,baalma673@viajes.cl,Tarragona,,40,512,161000,Aeroméxico,2026-03-13,2026-03-13,{},
150061,,,,,Disponible,0,beatriz8478831@viajes.cl,Mérida,Vigo,94,3346,259000,ZS (Eslovenia),2026-05-29,2026-10-15,"{Calefacción,Baño,TV,""Aire acondicionado"",Wifi,Agua}",
100433,59823,2025-05-07,1736000,8,No disponible,1736,bernardo1555269@viajes.cl,Sagunto,Bilbao,65,3107,217000,Air France,2025-05-28,2025-05-30,{},
148425,,,,,Disponible,0,cacasa738@viajes.cl,Santa Coloma de Gramanet,Toledo,7,496,79000,Singapore Airlines,2025-05-26,2025-06-15,{},
131627,62892,2026-04-04,504000,3,No disponible,504,caridad8115247@viajes.cl,Alcobendas,Telde,,2186,168000,NS International,2026-08-23,2026-08-24,"{Baño,Calefacción,TV,""Asientos reclinables"",""Aire acondicionado""}",
148249,,,,,Disponible,0,caroba415@viajes.cl,Palma de Mallorca,Valencia,51,560,31000,JetBlue,2026-11-02,2026-11-25,{},
129970,63062,2025-07-09,1200000,4,No disponible,1200,casore427@viajes.cl,Hospitalet de LLobregat,Telde,51,2679,300000,ŽSSK (Eslovaquia),2025-09-01,2025-09-02,"{Comida,Calefacción,""Asientos reclinables"",""Aire acondicionado"",Baño}",
109893,56469,2026-01-07,270000,6,No disponible,270,cavare416@viajes.cl,Orihuela,Valdemoro,66,1015,45000,Alaska Airlines,2026-05-19,2026-05-19,{},
135428,62764,2025-03-16,852000,3,No disponible,852,cehega692@viajes.cl,Alcorcón,Viladecans,,2318,284000,BDZ (Bulgaria),2026-02-25,2026-02-26,"{""Aire acondicionado"",TV,Agua,""Asientos reclinables"",Baño}",
105351,58584,2025-04-20,1134000,9,No disponible,1134,clara7771923@viajes.cl,Gecho,Granollers,41,1755,126000,Qantas,2026-02-02,2026-02-03,{},
147027,,,,,Disponible,0,claudio8130894@viajes.cl,Torrevieja,Arrecife,10,2731,169000,British Airways,2025-08-29,2025-12-20,{},
93774,57761,2026-06-13,180000,1,No disponible,180,clbeáv539@viajes.cl,Talavera de la Reina,,56,584,180000,Vueling,2026-08-16,2026-08-16,{},
105013,58163,2025-11-15,358000,2,No disponible,358,clmeni227@viajes.cl,Huelva,San Sebastían de los Reyes,38,3597,179000,AVE,2026-02-10,2026-02-12,"{""Aire acondicionado"",""Asientos reclinables"",Comida,Agua,TV,Wifi}",
118455,66480,2025-01-21,170000,1,No disponible,170,clteur278@viajes.cl,Alcoy,Móstoles,62,2979,170000,Iberia,2026-01-24,2026-01-26,,
119920,58844,2025-01-01,984000,6,No disponible,984,coheca878@viajes.cl,Albacete,Orense,68,1918,164000,Thalys,2025-04-12,,"{Calefacción,""Aire acondicionado"",Baño,Comida}",
118867,60771,2025-10-26,1100000,10,No disponible,1100,conchita5857983@viajes.cl,Mataró,Vitoria,69,2531,110000,SJ (Suecia),2026-11-07,2026-11-08,"{Wifi,Calefacción,Baño,Agua,TV}",
101567,64429,2025-03-19,1160000,10,No disponible,1160,cralfa791@viajes.cl,El Prat de LLobregat,Bilbao,67,1789,116000,CD (República Checa),2025-08-22,2025-08-23,"{Comida,""Aire acondicionado"",TV,Agua}",
81857,65294,2025-01-30,395000,5,No disponible,395,crelpa783@viajes.cl,Marbella,Alcorcón,84,250,79000,American Airlines,2026-02-15,2026-02-15,,
111599,56555,2025-03-25,684000,4,No disponible,684,cristina2812921@viajes.cl,Valladolid,Vigo,36,4173,171000,EasyJet,2026-09-26,2026-09-28,{},
144335,58947,2026-03-29,318000,6,No disponible,318,cristina3540137@viajes.cl,Mollet del Vallés,Santa Lucía de Tirajana,17,1647,53000,Spirit Airlines,2026-10-07,2026-10-08,{},
127707,66630,2025-07-13,790000,10,No disponible,790,cristobal9956481@viajes.cl,Cáceres,Alcalá de Henares,22,1300,79000,Amtrak,2026-07-21,2026-07-21,"{Agua,TV,Baño}",
80056,56366,2025-03-17,3101000,7,No disponible,3101,crnách772@viajes.cl,San Sebastián,Fuenlabrada,96,4052,443000,CP (Portugal),2025-04-16,2025-04-18,"{Wifi,Baño,Agua,""Aire acondicionado"",""Asientos reclinables"",TV,Comida}",
140672,58267,2025-02-13,2540000,10,No disponible,2540,crrelo319@viajes.cl,Alcalá de Henares,León,48,3621,254000,SJ (Suecia),2025-03-17,2025-03-19,"{""Aire acondicionado"",TV,Wifi,Agua,""Asientos reclinables"",Baño,Calefacción}",
145359,,,,,Disponible,0,cébahu990@viajes.cl,Torrejón de Ardoz,Santa Cruz de Tenerife,34,4033,83000,Buses Bio Bio,2026-04-04,,"{""Aire acondicionado"",""Asientos reclinables"",TV}",
141992,57982,2026-07-18,1914000,6,No disponible,1914,daalno295@viajes.cl,Cartagena,León,48,3153,319000,,2026-12-04,2026-12-06,{},
147954,,,,,Disponible,0,daniel7623906@viajes.cl,Ferrol,Reus,48,2242,190000,WestJet,2026-05-01,2026-08-02,,
94437,63977,2025-07-10,2682000,9,No disponible,2682,david6622548@viajes.cl,,Sanlúcar de Barrameda,99,2557,298000,Italo,2026-03-02,2026-03-03,,
88713,58210,2025-06-03,1089000,9,No disponible,1089,diana2611597@viajes.cl,Valencia,Ferrol,60,689,121000,Southwest Airlines,2025-06-08,,{},
149844,,,,,Disponible,0,diego1376309@viajes.cl,Dos Hermanas,Palma de Mallorca,21,729,78000,Renfe,2025-08-20,,"{Wifi,Calefacción,Agua}",
81176,63161,2025-03-31,655000,5,No disponible,655,docafr798@viajes.cl,Badalona,,29,1756,131000,Renfe,2025-10-18,2025-10-19,"{Wifi,""Aire acondicionado"",Baño,""Asientos reclinables""}",
147945,,,,,Disponible,0,dogari515@viajes.cl,Valencia,Badajoz,21,3527,253000,Frontier Airlines,2026-08-30,2027-01-23,{},
150003,,,,,Disponible,0,dolores6875267@viajes.cl,San Sebastián,Fuenlabrada,,3297,388000,ZSSK (Eslovaquia),2025-03-16,2025-07-31,"{""Asientos reclinables"",Comida,Agua,Baño,TV,""Aire acondicionado""}",
144115,60468,2025-02-01,1705000,5,No disponible,1705,dorotea3969297@viajes.cl,Murcia,Cáceres,26,3928,341000,ŽSSK (Eslovaquia),2025-02-28,2025-03-02,"{Baño,Wifi,TV,Agua,""Asientos reclinables"",""Aire acondicionado"",Comida}",
99666,55936,2025-05-28,1870000,10,No disponible,1870,elena7103571@viajes.cl,Burgos,Albacete,53,1493,187000,Ethiopian Airlines,2026-03-08,2026-03-09,{},
110984,57498,2025-02-12,668000,4,No disponible,668,elmape385@viajes.cl,Molina de Segura,Santander,10,3836,167000,SBB (Suiza),2025-05-05,2025-05-07,"{Calefacción,TV,Baño,Comida,""Asientos reclinables"",Agua,""Aire acondicionado""}",
104535,65217,2025-04-10,1476000,6,No disponible,1476,eloisa1741681@viajes.cl,Santa Cruz de Tenerife,Badalona,43,2878,246000,ZSSK (Eslovaquia),2025-06-23,,"{Agua,Wifi,""Asientos reclinables"",Calefacción,TV}",
149702,,,,,Disponible,0,elpolo665@viajes.cl,Huelva,San Fernando,47,3516,133000,NS International,2025-01-27,2025-06-22,"{TV,Comida,Calefacción,Baño,Agua,""Asientos reclinables""}",
148949,,,,,Disponible,0,ernesto9095694@viajes.cl,San Sebastián,Cerdañola del Vallés,5,3221,378000,Italo,2026-07-13,2026-11-24,"{Wifi,Agua,Calefacción,Comida,""Asientos reclinables"",""Aire acondicionado""}",
129172,61441,2025-02-17,459000,9,No disponible,459,ersave294@viajes.cl,Inca,Cornellá de Llobregat,17,1442,51000,Eurostar,2025-03-11,2025-03-12,"{Baño,Calefacción,""Asientos reclinables"",TV}",
147884,,,,,Disponible,0,esgudu455@viajes.cl,Guadalajara,Alcorcón,98,2776,125000,Ethiopian Airlines,2026-07-05,2026-10-28,{},
125231,56052,2025-08-13,1539000,9,No disponible,1539,esmavi421@viajes.cl,Murcia,Móstoles,64,2677,171000,Wizz Air,2026-01-13,2026-01-14,{},
89458,64421,2025-02-18,1288000,8,No disponible,1288,estela8832682@viajes.cl,Granollers,Córdoba,88,2210,161000,RZD (Rusia),2025-05-22,2025-05-23,"{Calefacción,Agua,""Aire acondicionado"",Comida,Baño}",
104394,66218,2026-01-18,616000,7,No disponible,616,femova106@viajes.cl,La Coruña,Tarrasa,95,818,88000,HŽ (Croacia),2026-01-26,2026-01-26,"{Wifi,TV,Baño}",
148226,,,,,Disponible,0,feorfr504@viajes.cl,Málaga,Ceuta,4,1506,116000,Avianca,2026-07-31,2026-10-01,{},
131616,56746,2025-02-12,1485000,9,No disponible,1485,ferova525@viajes.cl,,Vigo,33,3146,165000,JetSur,2025-10-05,2025-10-07,"{Comida,""Asientos reclinables"",TV}",
149986,,,,,Disponible,0,francisco4781858@viajes.cl,Sagunto,Parla,,3656,436000,ÖBB (Austria),2025-06-29,2025-11-28,"{Baño,""Asientos reclinables"",Wifi,Comida,""Aire acondicionado"",TV,Calefacción}",
147759,,,,,Disponible,0,gabriel1504795@viajes.cl,Torremolinos,Viladecans,24,1506,182000,LATAM Airlines,2025-12-30,2026-03-02,,
149127,,,,,Disponible,0,srcegasá733@viajes.cl,Vigo,Irún,20,4231,396000,DSB (Dinamarca),2025-09-15,2026-03-10,,
102825,59103,2025-08-17,672000,6,No disponible,672,gabriela6221917@viajes.cl,San Sebastían de los Reyes,Benidorm,78,2583,112000,ŽFBH (Bosnia y Herzegovina),2026-06-01,2026-06-02,"{Calefacción,Comida,TV,Agua,Baño}",
147563,,,,,Disponible,0,garoca621@viajes.cl,Irún,Valdemoro,71,4212,438000,Air New Zealand,2025-03-07,2025-08-29,{},
147941,,,,,Disponible,0,geheze803@viajes.cl,Getafe,Elche,92,3136,306000,Aeroméxico,2026-01-07,2026-05-17,{},
121471,62242,2025-01-21,1130000,10,No disponible,1130,gemodo459@viajes.cl,Mataró,Hospitalet de LLobregat,,1514,113000,ZSSK (Eslovaquia),2025-04-05,2025-04-06,"{TV,""Asientos reclinables"",Wifi,Agua}",
85842,60892,2025-07-03,910000,5,No disponible,910,germán7240829@viajes.cl,Linares,Mataró,3,3427,182000,SJ (Suecia),2025-10-08,2025-10-10,"{Calefacción,""Asientos reclinables"",Baño,Agua,TV,Comida}",
123479,56626,2025-01-20,704000,8,No disponible,704,germán782451@viajes.cl,Majadahonda,,46,515,88000,Flecha Bus,2026-02-20,2026-02-20,"{Agua,Baño,TV}",
89208,55952,2025-07-27,1116000,9,No disponible,1116,gilberto6987804@viajes.cl,San Sebastían de los Reyes,,96,344,124000,Turkish Airlines,2025-10-31,2025-10-31,{},
93439,62311,2025-10-16,364000,2,No disponible,364,glmápa136@viajes.cl,Castellón de la Plana,Paterna,47,336,182000,Ethiopian Airlines,2026-08-15,2026-08-15,{},
142174,63015,2025-01-01,72000,1,No disponible,72,graciela7587437@viajes.cl,Valdemoro,Pamplona,25,1638,72000,CD (República Checa),2025-02-02,2025-02-03,"{Comida,Baño,Agua,""Aire acondicionado""}",
94222,60821,2026-02-01,2925000,9,No disponible,2925,grnúca824@viajes.cl,Talavera de la Reina,Baracaldo,28,2929,325000,CD (República Checa),2026-02-27,2026-03-01,"{Calefacción,Agua,""Aire acondicionado"",TV,Baño,""Asientos reclinables""}",
147169,,,,,Disponible,0,grrode416@viajes.cl,Inca,Motril,73,3499,392000,WestJet,2026-07-28,2026-12-20,{},
149619,,,,,Disponible,0,guesag522@viajes.cl,Gecho,Benidorm,49,1480,187000,SJ (Suecia),2026-06-04,2026-08-04,"{TV,""Asientos reclinables"",Calefacción,Baño}",
148057,,,,,Disponible,0,gufequ609@viajes.cl,Alcalá de Guadaira,Cartagena,19,3544,122000,Avianca,2026-09-13,2027-02-07,{},
127763,66338,2025-11-05,425000,5,No disponible,425,guillermina1356638@viajes.cl,Rivas-Vaciamadrid,Santiago de Compostela,88,1345,85000,United Airlines,2026-06-05,2026-06-05,{},
148044,,,,,Disponible,0,gutosa423@viajes.cl,Lugo,Córdoba,51,4309,338000,Southwest Airlines,2025-03-05,2025-08-31,{},
148323,,,,,Disponible,0,guveav526@viajes.cl,Castellón de la Plana,Alcoy,41,4277,197000,United Airlines,2025-10-31,2026-04-27,{},
105884,61513,2026-10-25,1026000,6,No disponible,1026,guvema594@viajes.cl,Alcobendas,,98,3692,171000,SBB (Suiza),2026-11-25,2026-11-27,"{Agua,Comida,Baño,""Asientos reclinables"",TV,Calefacción,Wifi}",
125206,63355,2025-05-06,1964000,4,No disponible,1964,horacio2597856@viajes.cl,Marbella,Fuenlabrada,38,4043,491000,ZS (Eslovenia),2025-06-13,2025-06-15,,
125870,57136,2025-03-07,345000,3,No disponible,345,hugo989362@viajes.cl,Toledo,Jaén,67,223,115000,RZD (Rusia),2025-06-04,2025-06-04,{},
88913,56953,2026-10-02,171000,3,No disponible,171,huprar955@viajes.cl,Badalona,Mijas,48,837,57000,,2026-11-08,2026-11-08,,
111192,58158,2025-04-21,1785000,7,No disponible,1785,isabne770@viajes.cl,Molina de Segura,Valdemoro,8,3767,255000,HŽ (Croacia),2026-07-02,2026-07-04,,
118385,56309,2025-05-23,3129000,7,No disponible,3129,isbubé706@viajes.cl,Segovia,Jaén,27,4242,447000,ÖBB (Austria),2025-08-02,2025-08-04,"{Baño,""Aire acondicionado"",Calefacción,Agua,""Asientos reclinables"",Wifi,TV}",
100581,60101,2025-03-13,798000,3,No disponible,798,iscamo240@viajes.cl,Elda,Tarragona,97,3278,266000,ZFBH (Bosnia y Herzegovina),2026-06-10,2026-06-12,"{Calefacción,""Aire acondicionado"",Agua,""Asientos reclinables"",Baño,TV}",
92058,56331,2026-01-02,1300000,5,No disponible,1300,jabaqu694@viajes.cl,Fuengirola,Baracaldo,81,3511,260000,ŽSSK (Eslovaquia),2026-06-15,2026-06-17,"{TV,Baño,""Asientos reclinables"",""Aire acondicionado"",Calefacción,Comida}",
129074,61458,2025-02-13,74000,2,No disponible,74,jacobo2952233@viajes.cl,Leganés,Lérida,85,272,37000,Emirates,2025-04-30,2025-04-30,,
101493,65529,2025-04-16,354000,6,No disponible,354,jaime4919793@viajes.cl,Pamplona,Segovia,59,235,59000,Southwest Airlines,2026-02-03,2026-02-03,{},
122843,65768,2025-01-19,774000,3,No disponible,774,japaca917@viajes.cl,Logroño,Santa Cruz de Tenerife,73,3491,258000,,2026-03-30,2026-04-01,{},
98946,63836,2025-03-26,1080000,10,No disponible,1080,japasa758@viajes.cl,Murcia,Dos Hermanas,35,1187,108000,HŽ (Croacia),2026-05-05,,"{Baño,Agua,""Asientos reclinables""}",
130770,59629,2025-09-05,558000,2,No disponible,558,jarodo529@viajes.cl,Fuenlabrada,Majadahonda,46,2861,279000,American Airlines,2026-03-11,2026-03-12,{},
119652,60676,2025-01-10,346000,2,No disponible,346,javier3160596@viajes.cl,Santa Cruz de Tenerife,León,35,3600,173000,KLM,2025-01-29,2025-01-31,{},
87683,63004,2025-12-18,950000,10,No disponible,950,javier3975512@viajes.cl,Gecho,Huelva,54,561,95000,,2026-08-20,2026-08-20,{},
139362,63068,2025-03-14,940000,10,No disponible,940,javier5533113@viajes.cl,Valdemoro,Alcorcón,93,1440,94000,Nederlandse Sp,2026-04-18,2026-04-19,"{Agua,""Asientos reclinables"",""Aire acondicionado""}",
149077,,,,,Disponible,0,jesús102436@viajes.cl,Cáceres,Viladecans,2,2372,285000,ZSSK (Eslovaquia),2025-03-14,2025-06-20,"{Comida,TV,Agua,Calefacción,Wifi}",
116771,62131,2025-11-13,2950000,10,No disponible,2950,joaquín1973311@viajes.cl,Almería,Cuenta,46,2570,295000,Aeroméxico,2026-03-04,2026-03-05,{},
127951,59134,2025-08-01,245000,5,No disponible,245,joaquín2078868@viajes.cl,Santa Coloma de Gramanet,Cádiz,82,120,49000,Air France,2026-03-16,2026-03-16,{},
110699,59220,2025-01-21,1268000,4,No disponible,1268,jogoma467@viajes.cl,Ponferrada,Algeciras,90,4236,317000,Aeroméxico,2025-04-29,2025-05-01,{},
83442,60669,2025-01-03,936000,8,No disponible,936,johisi671@viajes.cl,Palencia,Leganés,53,2303,117000,Italo,2025-02-28,2025-03-01,"{""Aire acondicionado"",Comida,Wifi,Calefacción,""Asientos reclinables""}",
124947,57636,2025-04-25,1845000,9,No disponible,1845,jolualca163@viajes.cl,Rubí,Cáceres,98,2185,205000,Japan Airlines,2025-05-28,2025-05-29,{},
149877,,,,,Disponible,0,jomaesca675@viajes.cl,Alcoy,Vitoria,95,1616,96000,PKP (Polonia),2025-09-16,2025-11-22,"{""Aire acondicionado"",TV,Calefacción,Agua}",
93967,60191,2025-07-28,2448000,8,No disponible,2448,joocle772@viajes.cl,Estepona,Santander,52,3537,306000,Air France,2025-09-14,2025-09-16,{},
109645,59055,2025-10-10,546000,3,No disponible,546,joquna220@viajes.cl,Getafe,Zaragoza,20,2845,182000,Lufthansa,2025-12-01,2025-12-02,{},
121336,65369,2025-05-21,125000,1,No disponible,125,jorge5266606@viajes.cl,Benalmádena,Benalmádena,53,451,125000,Thalys,2025-12-27,2025-12-27,{},
125678,58027,2026-06-06,302000,2,No disponible,302,jorge8296732@viajes.cl,Talavera de la Reina,Alcalá de Henares,12,2787,151000,,2026-07-31,2026-08-01,"{TV,""Aire acondicionado"",Wifi,""Asientos reclinables"",Comida}",
142737,64524,2025-02-28,936000,6,No disponible,936,jorge8870623@viajes.cl,Marbella,Cornellá de Llobregat,53,4196,156000,Renfe,2026-03-06,2026-03-08,,
148348,,,,,Disponible,0,josé4978470@viajes.cl,Motril,Gijón,15,2214,230000,Qatar Airways,2025-02-01,2025-05-04,{},
148882,,,,,Disponible,0,joulbe128@viajes.cl,Reus,Alcalá de Guadaira,91,2364,163000,HŽ (Croacia),2026-09-24,2026-12-31,"{""Asientos reclinables"",""Aire acondicionado"",Comida,Baño,Calefacción}",
109782,61952,2025-01-27,333000,3,No disponible,333,jovepo298@viajes.cl,Cornellá de Llobregat,Orense,79,659,111000,WestJet,2026-03-12,2026-03-12,,
143169,59428,2025-03-28,928000,8,No disponible,928,jubáor209@viajes.cl,Palencia,,95,1930,116000,Qatar Airways,2026-09-09,2026-09-10,{},
132919,65009,2025-01-23,72000,4,No disponible,72,julia1347590@viajes.cl,Logroño,Alcoy,46,209,18000,Flecha Bus,2025-10-10,2025-10-10,,
96367,66343,2025-06-30,760000,2,No disponible,760,julia5060345@viajes.cl,Ferrol,,53,3103,380000,Delta Air Lines,2026-04-04,2026-04-06,{},
93432,62311,2025-04-10,290000,2,No disponible,290,julio3900607@viajes.cl,Collado Villalba,Linares,41,874,145000,Vueling,2026-08-08,2026-08-08,{},
141767,57027,2025-05-04,1476000,3,No disponible,1476,julio6692906@viajes.cl,Gijón,Fuenlabrada,60,3873,492000,Aeroméxico,2025-05-15,2025-05-17,{},
128006,58330,2025-09-25,360000,10,No disponible,360,julio8213563@viajes.cl,Elda,Torrejón de Ardoz,96,774,36000,HŽ (Croacia),2026-04-14,2026-04-14,"{Comida,Agua,Calefacción}",
146968,,,,,Disponible,0,lehiqu538@viajes.cl,San Fernando,Badajoz,52,2208,140000,Air France,2025-06-10,2025-09-10,{},
86265,61683,2025-01-05,2570000,10,No disponible,2570,leluma183@viajes.cl,Segovia,Toledo,62,2273,257000,Renfe,2025-02-21,2025-02-22,"{Comida,Wifi,Baño,""Asientos reclinables"",""Aire acondicionado""}",
149274,,,,,Disponible,0,leonor6713388@viajes.cl,Madrid,Cornellá de Llobregat,13,2372,225000,HŽ (Croacia),2025-10-28,2026-02-03,"{""Asientos reclinables"",Wifi,Baño,Calefacción,Agua}",
143923,58714,2025-10-09,1320000,3,No disponible,1320,leticia6431720@viajes.cl,Murcia,Alcobendas,5,3879,440000,Trenitalia,2025-11-22,2025-11-24,"{""Aire acondicionado"",TV,Agua,Wifi,""Asientos reclinables"",Calefacción,Comida}",
149377,,,,,Disponible,0,loarva272@viajes.cl,Mérida,Cáceres,51,1356,81000,,2025-09-09,2025-11-04,"{Calefacción,""Asientos reclinables"",""Aire acondicionado""}",
109332,60033,2025-07-06,2862000,9,No disponible,2862,locaji731@viajes.cl,,Telde,99,3813,318000,Italo,2025-09-25,2025-09-27,"{Calefacción,Wifi,""Aire acondicionado"",Baño,Agua,TV,""Asientos reclinables""}",
119123,59554,2025-02-26,424000,8,No disponible,424,lodope981@viajes.cl,Logroño,Málaga,75,327,53000,Deutsche Bahn (DB),2025-09-06,2025-09-06,,
79224,55943,2025-11-30,1140000,5,No disponible,1140,lola7104104@viajes.cl,Leganés,Vitoria,71,2462,228000,Amtrak,2026-05-13,2026-05-14,"{Calefacción,""Aire acondicionado"",Baño,Agua,TV}",
108571,59614,2025-03-02,1176000,8,No disponible,1176,lomaáv687@viajes.cl,,Valdemoro,34,394,147000,LATAM Airlines,2025-09-11,2025-09-11,{},
133269,57883,2025-04-13,235000,1,No disponible,235,lorena2481523@viajes.cl,Mollet del Vallés,Leganés,20,3975,235000,Lufthansa,2025-05-19,2025-05-21,{},
148131,,,,,Disponible,0,lorenzo7727311@viajes.cl,Mataró,Lorca,78,502,107000,Qatar Airways,2026-08-10,2026-08-30,{},
148384,,,,,Disponible,0,lourdes3752581@viajes.cl,Jaén,Bilbao,30,776,108000,WestJet,2025-01-13,2025-02-14,{},
147424,,,,,Disponible,0,lourdes8362869@viajes.cl,Oviedo,Paterna,,3644,485000,Aeroméxico,2025-10-26,2026-03-26,{},
138057,62437,2026-02-12,365000,5,No disponible,365,lucari551@viajes.cl,,Santa Cruz de Tenerife,86,443,73000,KLM,2026-02-16,2026-02-16,{},
134351,60238,2025-07-10,152000,2,No disponible,152,luenhe662@viajes.cl,Linares,Molina de Segura,51,2147,76000,BDZ (Bulgaria),2026-02-07,,"{Baño,Agua,""Asientos reclinables"",Comida}",
118868,60771,2025-11-09,1810000,10,No disponible,1810,luisa6260852@viajes.cl,Vitoria,,6,419,181000,RZD (Rusia),2026-11-08,2026-11-08,{},
124767,58840,2025-09-15,1035000,9,No disponible,1035,lumialca380@viajes.cl,Leganés,Alicante,38,2891,115000,Air France,2026-10-25,2026-10-27,{},
97389,62178,2026-01-06,128000,1,No disponible,128,luz2860610@viajes.cl,San Cristróbal de la Laguna,,42,130,128000,EasyJet,2026-11-04,2026-11-04,{},
147684,,,,,Disponible,0,maancare777@viajes.cl,Molina de Segura,Salamanca,87,2931,119000,Aeroméxico,2025-06-19,2025-10-19,{},
86105,57310,2025-05-10,596000,4,No disponible,596,mabahe502@viajes.cl,Salamanca,Lérida,85,1420,149000,Qatar Airways,2025-05-26,2025-05-26,{},
79432,63981,2025-05-05,736000,4,No disponible,736,madecamavi101@viajes.cl,Reus,Inca,,308,184000,CD (República Checa),2025-10-07,,{},
149141,,,,,Disponible,0,maelabco272@viajes.cl,San Fernando,Alcalá de Guadaira,92,920,68000,SJ (Suecia),2026-08-01,2026-09-08,"{""Asientos reclinables"",TV,Wifi}",
149397,,,,,Disponible,0,maeumaso244@viajes.cl,Badalona,Santa Lucía de Tirajana,81,2327,296000,NS International,2026-01-04,2026-04-10,"{TV,Comida,""Aire acondicionado"",Baño,""Asientos reclinables""}",
106611,62805,2025-07-18,264000,3,No disponible,264,maeurobo361@viajes.cl,Rubí,Barcelona,23,726,88000,ŽFBH (Bosnia y Herzegovina),2025-11-24,2025-11-24,"{""Aire acondicionado"",Baño,Calefacción}",
87090,58366,2025-01-16,2500000,10,No disponible,2500,maflji375@viajes.cl,Burgos,Ferrol,98,2599,250000,MÁV (Hungría),2026-03-31,2026-04-01,"{TV,Comida,Wifi,""Aire acondicionado"",Calefacción}",
108159,58545,2025-05-23,1108000,4,No disponible,1108,magdalena1234556@viajes.cl,Arrecife,Torrelavega,72,2560,277000,,2025-06-03,2025-06-04,"{Baño,TV,""Asientos reclinables"",Agua,""Aire acondicionado""}",
147839,,,,,Disponible,0,majáro736@viajes.cl,Alcoy,Getafe,88,523,18000,Ryanair,2026-10-10,,,
83125,65742,2025-02-14,165000,1,No disponible,165,manuel3575963@viajes.cl,Ciudad Real,Rivas-Vaciamadrid,90,2168,165000,LATAM Airlines,2025-02-15,2025-02-16,{},
148592,,,,,Disponible,0,maqupa704@viajes.cl,Chiclana de la Frontera,El Ejido,66,392,12000,Lufthansa,2025-12-03,2025-12-19,{},
146962,,,,,Disponible,0,marcos9487992@viajes.cl,Sevilla,Gerona,75,3806,455000,Ryanair,2025-11-02,2026-04-09,{},
124903,57658,2025-06-11,1295000,7,No disponible,1295,mario3257633@viajes.cl,,Guadalajara,93,419,185000,DSB (Dinamarca),2026-02-13,2026-02-13,{},
144102,56137,2025-09-07,192000,3,No disponible,192,mario9200187@viajes.cl,Zaragoza,La Coruña,48,972,64000,Amtrak,2025-11-22,2025-11-22,"{Baño,TV,""Asientos reclinables""}",
119884,57492,2026-02-09,2065000,7,No disponible,2065,maroma719@viajes.cl,Vitoria,Elche,19,3965,295000,Wizz Air,2026-07-01,2026-07-03,{},
149343,,,,,Disponible,0,marta9050347@viajes.cl,Cáceres,Almería,40,1335,144000,ZS (Eslovenia),2026-09-16,2026-11-10,"{Comida,Calefacción,""Asientos reclinables""}",
79766,62948,2025-08-16,2187000,9,No disponible,2187,maría1288820@viajes.cl,Puertollano,Badajoz,10,3692,243000,Eurostar,2025-12-31,2026-01-02,"{TV,Calefacción,Wifi,Comida,""Aire acondicionado"",Baño,Agua}",
143901,59703,2026-01-28,2870000,10,No disponible,2870,maría165242@viajes.cl,Málaga,,98,3465,287000,Italo,2026-06-15,2026-06-17,"{""Asientos reclinables"",Wifi,""Aire acondicionado"",Agua,TV,Baño}",
147086,,,,,Disponible,0,maría3238354@viajes.cl,Valdemoro,Lérida,82,2257,253000,Aeroméxico,2026-11-27,,{},
97854,56579,2025-03-09,302000,2,No disponible,302,maría4032410@viajes.cl,Cáceres,Gandía,79,3453,151000,CFR (Rumania),2025-04-19,2025-04-21,"{Calefacción,Baño,""Asientos reclinables"",Agua,""Aire acondicionado"",Comida}",
88734,65573,2025-02-05,1145000,5,No disponible,1145,maría4547699@viajes.cl,Torrejón de Ardoz,Majadahonda,39,3666,229000,Emirates,2026-06-08,2026-06-10,{},
99352,65956,2025-07-10,142000,2,No disponible,142,maría5802899@viajes.cl,Irún,Alcalá de Guadaira,58,488,71000,CFR (Rumania),2025-07-27,2025-07-27,{},
146785,,,,,Disponible,0,maría6183440@viajes.cl,Tarragona,Fuengirola,39,419,65000,FlixBus,2025-07-22,,"{Baño,TV,Calefacción}",
85901,61692,2025-09-24,864000,9,No disponible,864,maría6988790@viajes.cl,Avilés,Rubí,44,1506,96000,SJ (Suecia),2026-02-21,2026-02-22,"{Agua,""Aire acondicionado"",Wifi,Calefacción}",
82972,63326,2025-06-16,1190000,7,No disponible,1190,masovama326@viajes.cl,Pamplona,La Línea de la Concepción,77,2257,170000,Nederlandse Sp,2025-06-19,2025-06-20,"{TV,Agua,""Aire acondicionado"",Wifi,""Asientos reclinables""}",
79231,55943,2025-01-31,1425000,5,No disponible,1425,mavega737@viajes.cl,Vitoria,San Fernando,26,3974,285000,Eurostar,2026-05-20,2026-05-22,"{TV,Agua,Baño,Comida,Calefacción,Wifi,""Asientos reclinables""}",
116325,61317,2025-06-14,244000,2,No disponible,244,mercedes966447@viajes.cl,Talavera de la Reina,Marbella,31,2741,122000,NSB (Noruega),2026-08-05,2026-08-06,"{Wifi,Agua,TV,Comida,Baño}",
96215,63716,2025-03-15,1176000,4,No disponible,1176,micaela3633872@viajes.cl,Zamora,Manresa,74,3260,294000,Amtrak,2025-08-05,2025-08-07,"{Calefacción,Comida,Wifi,Agua,TV,""Asientos reclinables""}",
148811,,,,,Disponible,0,miguel1703488@viajes.cl,Santander,San Cristróbal de la Laguna,32,4028,322000,ZS (Eslovenia),2025-05-27,2025-11-10,"{Comida,Agua,Wifi,""Asientos reclinables"",Calefacción,TV,Baño}",
118866,60771,2025-07-17,3140000,10,No disponible,3140,miguel7248711@viajes.cl,Lérida,Mataró,81,3727,314000,Italo,2026-11-05,2026-11-07,"{""Aire acondicionado"",Wifi,""Asientos reclinables"",Calefacción,TV,Baño,Agua}",
85118,63299,2025-05-30,179000,1,No disponible,179,mimaco244@viajes.cl,Telde,Sevilla,27,2172,179000,ZSSK (Eslovaquia),2025-07-18,2025-07-19,"{""Asientos reclinables"",Calefacción,""Aire acondicionado"",Agua,Baño}",
139969,58992,2025-05-02,36000,3,No disponible,36,miántial875@viajes.cl,Santiago de Compostela,Madrid,37,562,12000,Deutsche Bahn (DB),2025-08-25,2025-08-25,{},
90292,57572,2026-03-22,198000,1,No disponible,198,mónica6343775@viajes.cl,Huelva,Gijón,,1807,198000,ŽFBH (Bosnia y Herzegovina),2026-10-31,2026-11-01,"{Wifi,Agua,TV,""Asientos reclinables""}",
103654,62371,2025-02-24,848000,8,No disponible,848,mónica938945@viajes.cl,Molina de Segura,Alcorcón,51,1874,106000,BDZ (Bulgaria),2025-02-28,2025-03-01,"{TV,Calefacción,Agua,""Asientos reclinables""}",
126621,61226,2025-01-08,747000,9,No disponible,747,naalmu963@viajes.cl,Zaragoza,Mollet del Vallés,100,1294,83000,Thalys,2026-02-08,2026-02-08,"{Comida,""Asientos reclinables"",Wifi}",
148066,,,,,Disponible,0,nacaca348@viajes.cl,El Ejido,San Cristróbal de la Laguna,74,1707,134000,Iberia,2025-12-23,2026-03-04,{},
93770,57761,2025-05-01,30000,1,No disponible,30,nanise574@viajes.cl,La Línea de la Concepción,Talavera de la Reina,12,1007,30000,Alaska Airlines,2026-08-13,2026-08-13,{},
114639,58674,2025-06-13,3204000,9,No disponible,3204,naroro910@viajes.cl,Alcobendas,,47,3022,356000,KLM,2026-01-19,2026-01-21,{},
81536,56208,2025-06-02,450000,2,No disponible,450,naseag466@viajes.cl,Santander,Torrevieja,57,2666,225000,DSB (Dinamarca),2026-06-27,2026-06-28,"{Agua,TV,Calefacción,""Asientos reclinables"",""Aire acondicionado""}",
120816,64526,2025-10-21,875000,5,No disponible,875,nisabá861@viajes.cl,Torrevieja,Chiclana de la Frontera,27,1820,175000,SNCB (Bélgica),2026-02-23,,"{Wifi,""Aire acondicionado"",Baño,""Asientos reclinables""}",
116679,64531,2025-05-09,595000,7,No disponible,595,noméru838@viajes.cl,Sagunto,Zamora,75,2281,85000,DSB (Dinamarca),2026-10-05,2026-10-06,"{""Aire acondicionado"",Calefacción,Wifi,Baño,TV}",
104340,59107,2025-02-03,560000,10,No disponible,560,norma6125104@viajes.cl,Ferrol,Pamplona,81,619,56000,Renfe,2025-02-05,2025-02-05,{},
129396,61307,2025-05-14,750000,3,No disponible,750,ocarsa130@viajes.cl,Tarrasa,Torrevieja,23,2951,250000,ZSSK (Eslovaquia),2026-05-15,2026-05-17,"{Baño,Agua,Calefacción,TV,Wifi,Comida}",
147822,,,,,Disponible,0,oldeanco821@viajes.cl,Jerez de la Frontera,Sanlúcar de Barrameda,41,3431,169000,Spirit Airlines,2026-03-27,2026-08-16,{},
143234,62809,2025-03-08,912000,8,No disponible,912,paroga838@viajes.cl,Torrevieja,Algeciras,47,371,114000,DSB (Dinamarca),2025-10-14,2025-10-14,{},
147626,,,,,Disponible,0,patricia3238325@viajes.cl,Santa Cruz de Tenerife,Zaragoza,46,671,58000,Air New Zealand,2026-05-12,2026-06-08,{},
149369,,,,,Disponible,0,pilar5469194@viajes.cl,Cartagena,Toledo,,3534,124000,NSB (Noruega),2025-09-28,,"{Wifi,Baño,""Asientos reclinables"",""Aire acondicionado"",Calefacción,TV}",
86517,62779,2025-04-07,133000,1,No disponible,133,piurch784@viajes.cl,El Prat de LLobregat,Las Palmas de Gran Canaria,81,2561,133000,ŽFBH (Bosnia y Herzegovina),2026-04-25,2026-04-26,"{Wifi,TV,Calefacción,Agua,Comida}",
149358,,,,,Disponible,0,racofl956@viajes.cl,La Coruña,Cartagena,41,3406,333000,SBB (Suiza),2025-04-13,2025-09-01,"{Wifi,""Asientos reclinables"",Baño,""Aire acondicionado"",Calefacción,TV}",
140154,64643,2026-02-18,303000,1,No disponible,303,racolo733@viajes.cl,Hospitalet de LLobregat,Zamora,8,3035,303000,ŽSSK (Eslovaquia),2026-02-23,2026-02-25,"{""Asientos reclinables"",Wifi,Agua,Calefacción,Comida,Baño}",
96909,58081,2026-01-23,1860000,10,No disponible,1860,raqucr272@viajes.cl,Cádiz,Bilbao,49,3863,186000,NSB (Noruega),2026-07-04,2026-07-06,"{TV,""Aire acondicionado"",Comida,Baño,Agua,Calefacción,Wifi}",
83630,65737,2025-08-18,1688000,8,No disponible,1688,readma267@viajes.cl,,Ferrol,26,4187,211000,NS International,2025-12-18,,"{Baño,TV,Wifi,Calefacción,Comida,Agua,""Asientos reclinables""}",
148977,,,,,Disponible,0,rebale699@viajes.cl,Estepona,Cornellá de Llobregat,24,976,80000,VR (Finlandia),2025-12-18,2026-01-27,"{Agua,TV,Wifi}",
103117,63337,2026-03-07,2673000,9,No disponible,2673,rebeca2742263@viajes.cl,Dos Hermanas,Guadalajara,1,3492,297000,Ethiopian Airlines,2026-04-27,2026-04-29,{},
87137,60467,2025-07-08,896000,4,No disponible,896,reocpo678@viajes.cl,Estepona,Manresa,62,3352,224000,RZD (Rusia),2025-07-28,2025-07-30,"{Agua,Baño,""Asientos reclinables"",""Aire acondicionado"",TV,Wifi}",
139216,58118,2026-03-14,2044000,7,No disponible,2044,revaor825@viajes.cl,Tarrasa,Elche,69,3083,292000,Air France,2026-05-16,2026-05-18,{},
148113,,,,,Disponible,0,rodrigo4810214@viajes.cl,Tarragona,Bilbao,31,1094,122000,All Nippon Airways (ANA),2026-05-17,2026-07-01,{},
143412,58883,2025-05-09,2970000,10,No disponible,2970,sara3658705@viajes.cl,Hospitalet de LLobregat,Pontevedra,39,2422,297000,Japan Airlines,2025-07-20,2025-07-21,{},
116196,57859,2025-11-04,288000,1,No disponible,288,savaon858@viajes.cl,Rivas-Vaciamadrid,Baracaldo,100,2344,288000,,2025-11-17,2025-11-18,{},
93068,58619,2025-12-29,355000,5,No disponible,355,silvia4184684@viajes.cl,Santa Coloma de Gramanet,Fuengirola,45,1503,71000,WestJet,2026-02-24,2026-02-25,{},
119542,66042,2025-04-29,1800000,9,No disponible,1800,siurga784@viajes.cl,Córdoba,Cádiz,14,4278,200000,RZD (Rusia),2025-06-29,2025-07-01,"{Agua,Baño,""Asientos reclinables"",Comida,Wifi,""Aire acondicionado"",Calefacción}",
107573,62893,2025-04-06,1590000,5,No disponible,1590,sofia1431695@viajes.cl,Talavera de la Reina,Avilés,64,4106,318000,Iberia,2026-01-31,2026-02-02,{},
147349,,,,,Disponible,0,soledad4866400@viajes.cl,Cuenta,Alcorcón,77,3467,209000,LATAM Airlines,2025-12-06,2026-04-29,{},
149368,,,,,Disponible,0,sr.2820699@viajes.cl,Barcelona,Málaga,98,1722,174000,ŽFBH (Bosnia y Herzegovina),2025-07-31,2025-10-10,"{Comida,""Aire acondicionado"",""Asientos reclinables"",TV}",
147476,,,,,Disponible,0,sr.3043160@viajes.cl,Sabadell,Molina de Segura,67,4135,282000,Wizz Air,2025-01-01,,{},
139050,55637,2025-05-04,1690000,10,No disponible,1690,sr.3134211@viajes.cl,Alcalá de Henares,Telde,73,381,169000,Qantas,2026-06-03,2026-06-03,{},
103284,58437,2025-04-28,3933000,9,No disponible,3933,sr.3211682@viajes.cl,Ciudad Real,Córdoba,9,4309,437000,Air France,2025-11-04,,{},
148291,,,,,Disponible,0,sr.3383439@viajes.cl,Valencia,Vigo,35,2962,366000,Air Canada,2026-04-30,2026-08-31,{},
113472,58283,2025-07-05,495000,3,No disponible,495,sr.3664786@viajes.cl,Valladolid,Collado Villalba,93,1627,165000,Turkish Airlines,2025-08-06,,{},
149120,,,,,Disponible,0,sr.3951766@viajes.cl,León,,9,4144,263000,Eurostar,2026-09-17,2027-03-08,"{TV,Wifi,Baño,""Aire acondicionado"",""Asientos reclinables"",Agua,Calefacción}",
82681,57879,2025-04-17,1125000,9,No disponible,1125,sr.4903927@viajes.cl,Santa Coloma de Gramanet,Benalmádena,89,1332,125000,,2026-03-08,,"{""Asientos reclinables"",Baño,TV}",
82206,63614,2025-03-21,1205000,5,No disponible,1205,sr.590458@viajes.cl,Zamora,Pamplona,3,3343,241000,LATAM Airlines,2025-06-09,,{},
149991,,,,,Disponible,0,sra.1459233@viajes.cl,Parla,Almería,100,404,194000,SBB (Suiza),2025-01-06,2025-01-22,"{""Aire acondicionado"",Comida,Agua,TV,Wifi}",
148526,,,,,Disponible,0,sra.2941122@viajes.cl,Gecho,Chiclana de la Frontera,42,2131,138000,Iberia,2026-09-23,2026-12-20,{},
89187,61905,2025-04-24,2502000,6,No disponible,2502,sra.3023927@viajes.cl,Mérida,,30,4055,417000,ŽFBH (Bosnia y Herzegovina),2025-08-07,2025-08-09,"{Wifi,Agua,Baño,TV,""Asientos reclinables"",Comida,Calefacción}",
123082,64810,2025-01-25,840000,8,No disponible,840,sra.4531821@viajes.cl,Málaga,Mollet del Vallés,34,1023,105000,Lufthansa,2025-05-06,2025-05-06,{},
149167,,,,,Disponible,0,sra.6277717@viajes.cl,Roquetas de Mar,Granada,49,1531,128000,HŽ (Croacia),2025-11-30,2026-02-01,"{""Aire acondicionado"",TV,Agua,""Asientos reclinables""}",
107891,57940,2025-02-12,288000,6,No disponible,288,sra.8471206@viajes.cl,Granollers,Badajoz,79,251,48000,,2025-02-21,2025-02-21,{},
135622,66250,2025-06-03,180000,1,No disponible,180,sra.8766158@viajes.cl,Salamanca,La Coruña,100,2365,180000,Emirates,2025-10-10,2025-10-11,{},
122890,61874,2025-05-23,3177000,9,No disponible,3177,sra.9402989@viajes.cl,Benidorm,Avilés,18,3268,353000,Thalys,2026-03-09,2026-03-11,"{Calefacción,TV,Wifi,""Aire acondicionado"",""Asientos reclinables"",Agua}",
127149,60007,2025-04-03,106000,1,No disponible,106,sra.9489774@viajes.cl,Benalmádena,Viladecans,,678,106000,CD (República Checa),2025-08-29,2025-08-29,{},
81241,61734,2025-04-12,770000,5,No disponible,770,sradcatr480@viajes.cl,Orihuela,Tarrasa,78,3205,154000,Renfe,2025-08-29,,"{TV,""Asientos reclinables"",Wifi,Baño,Calefacción,Agua}",
85852,66095,2025-06-11,990000,5,No disponible,990,sramgalo790@viajes.cl,Huelva,Fuengirola,58,3890,198000,Ethiopian Airlines,2026-06-27,,{},
107009,58424,2026-02-09,994000,7,No disponible,994,sranjiqu198@viajes.cl,Vigo,Gerona,100,425,142000,TGV (SNCF),2026-03-02,2026-03-02,{},
123879,62429,2026-04-30,1752000,6,No disponible,1752,srcébrse308@viajes.cl,Alcoy,Motril,64,3169,292000,Italo,2026-10-19,2026-10-21,"{""Asientos reclinables"",Comida,Baño,TV,Calefacción,""Aire acondicionado""}",
136789,57221,2025-01-15,370000,10,No disponible,370,srflsolu390@viajes.cl,Santander,Leganés,12,364,37000,American Airlines,2026-11-13,2026-11-13,,
148004,,,,,Disponible,0,srgebegr871@viajes.cl,Huelva,Ceuta,,3593,107000,Wizz Air,2025-10-13,2026-03-11,{},
112621,66317,2025-07-03,532000,4,No disponible,532,srjolumupe583@viajes.cl,Linares,Benalmádena,62,129,133000,NSB (Noruega),2026-01-01,2026-01-01,{},
86253,64359,2026-08-31,3458000,7,No disponible,3458,srjuardeje698@viajes.cl,Benidorm,,,3923,494000,Japan Airlines,2026-11-02,,{},
149211,,,,,Disponible,0,srjugáce908@viajes.cl,Alcobendas,Lugo,99,204,64000,Italo,2026-11-18,2026-11-26,"{""Asientos reclinables"",Comida,Agua,""Aire acondicionado"",Baño}",
81866,59317,2025-01-31,2648000,8,No disponible,2648,srlogaro943@viajes.cl,Elche,Logroño,44,3286,331000,Italo,2025-03-25,2025-03-27,"{Wifi,Baño,TV,""Aire acondicionado"",""Asientos reclinables"",Comida}",
148161,,,,,Disponible,0,srmacaes852@viajes.cl,Cornellá de Llobregat,Mataró,95,1270,127000,American Airlines,2026-10-27,2026-12-18,{},
104718,58803,2025-03-26,1572000,4,No disponible,1572,srmaeltrca573@viajes.cl,Palencia,Arrecife,60,4311,393000,ZS (Eslovenia),2025-04-07,2025-04-09,"{Calefacción,TV,Agua,Wifi,""Asientos reclinables"",""Aire acondicionado"",Comida}",
149267,,,,,Disponible,0,srmairri729@viajes.cl,Baracaldo,Jerez de la Frontera,83,3087,105000,ZFBH (Bosnia y Herzegovina),2026-03-16,2026-07-22,,
130319,59682,2025-02-07,350000,7,No disponible,350,srmaorga483@viajes.cl,Pamplona,Cádiz,50,3981,50000,Megabus,2025-02-13,2025-02-15,"{Wifi,""Asientos reclinables"",Calefacción}",
147097,,,,,Disponible,0,srmasodues715@viajes.cl,Alcobendas,Reus,61,1630,84000,JetBlue,2026-09-05,2026-11-11,{},
94024,60807,2025-02-05,936000,8,No disponible,936,srromesa573@viajes.cl,Ponferrada,Rubí,22,1824,117000,,2026-07-03,2026-07-04,"{Comida,""Asientos reclinables"",Calefacción,TV}",
81842,58918,2025-09-23,2316000,6,No disponible,2316,srsigagr821@viajes.cl,Torremolinos,El Ejido,44,4232,386000,Italo,2025-10-10,2025-10-12,"{""Aire acondicionado"",Wifi,Comida,Agua,""Asientos reclinables"",TV,Baño}",
144240,62426,2025-04-01,405000,5,No disponible,405,srvefrap151@viajes.cl,Vitoria,Cartagena,52,2210,81000,CP (Portugal),2025-10-03,2025-10-04,"{TV,Wifi,Comida,Agua,Calefacción}",
89415,56723,2025-11-21,942000,3,No disponible,942,sta.1409702@viajes.cl,Torrelavega,San Cristróbal de la Laguna,78,3322,314000,Frontier Airlines,2026-07-14,2026-07-16,{},
96040,63654,2025-04-03,594000,3,No disponible,594,sta.3082939@viajes.cl,Rivas-Vaciamadrid,Torrelavega,6,3259,198000,American Airlines,2025-06-02,2025-06-04,{},
145644,,,,,Disponible,0,sta.3467980@viajes.cl,Las Palmas de Gran Canaria,Telde,39,2093,141000,FlixBus,2026-01-27,,"{Calefacción,TV,""Aire acondicionado""}",
99967,60834,2026-01-09,2198000,7,No disponible,2198,sta.4160875@viajes.cl,Albacete,Cáceres,99,3668,314000,HŽ (Croacia),2026-09-27,2026-09-29,"{""Asientos reclinables"",Wifi,TV,Calefacción,Agua,Comida,""Aire acondicionado""}",
121014,63714,2025-11-17,676000,4,No disponible,676,sta.4757439@viajes.cl,El Prat de LLobregat,Paterna,95,3665,169000,Renfe,2026-09-06,2026-09-08,"{Agua,Baño,""Asientos reclinables"",Comida,TV,Wifi,Calefacción}",
139237,58024,2025-01-28,3906000,9,No disponible,3906,sta.5063904@viajes.cl,Elda,Barcelona,18,3700,434000,Air New Zealand,2025-10-08,2025-10-10,{},
149910,,,,,Disponible,0,sta.9052328@viajes.cl,,Salamanca,40,2589,111000,NSB (Noruega),2025-03-21,2025-07-06,"{Agua,Baño,""Aire acondicionado"",""Asientos reclinables"",Wifi}",
149481,,,,,Disponible,0,sthemagi384@viajes.cl,Hospitalet de LLobregat,Salamanca,56,2566,292000,Deutsche Bahn (DB),2026-05-28,2026-09-11,"{Agua,""Asientos reclinables"",TV,Wifi,Baño}",
100769,59153,2025-04-25,2106000,6,No disponible,2106,stjopoal797@viajes.cl,Cornellá de Llobregat,,30,2971,351000,CP (Portugal),2026-08-12,2026-08-14,"{""Asientos reclinables"",Calefacción,Wifi,Agua,Baño,Comida}",
80551,55886,2025-06-16,4320000,9,No disponible,4320,stlumamu560@viajes.cl,El Prat de LLobregat,El Puerto de Santa María,10,3968,480000,HŽ (Croacia),2025-07-04,2025-07-06,"{Comida,Baño,Agua,""Aire acondicionado"",TV,Calefacción,""Asientos reclinables""}",
105717,56934,2025-08-06,133000,7,No disponible,133,stpiríen858@viajes.cl,Santa Coloma de Gramanet,Molina de Segura,86,354,19000,Singapore Airlines,2026-08-16,2026-08-16,{},
148834,,,,,Disponible,0,teveba618@viajes.cl,,Toledo,20,336,16000,VRZ (Croacia),2026-09-19,2026-10-03,"{Baño,""Aire acondicionado"",""Asientos reclinables"",Calefacción,TV,Wifi,Agua}",
149978,,,,,Disponible,0,tiaggi246@viajes.cl,Alcoy,Santa Cruz de Tenerife,95,1644,85000,Italo,2025-09-15,2025-11-22,,
108506,60457,2025-03-26,288000,8,No disponible,288,tomás4604467@viajes.cl,Barcelona,Bilbao,23,457,36000,Eurostar,2026-01-01,2026-01-01,{},
117626,57178,2025-09-05,656000,8,No disponible,656,toolac769@viajes.cl,El Prat de LLobregat,Collado Villalba,,2868,82000,Via Bariloche,2025-12-25,2025-12-26,"{Comida,""Asientos reclinables"",""Aire acondicionado""}",
147331,,,,,Disponible,0,toquma393@viajes.cl,Cáceres,San Fernando,71,3708,332000,Etihad Airways,2026-01-03,2026-06-06,{},
129613,56058,2026-02-20,666000,9,No disponible,666,toviag268@viajes.cl,Alcobendas,Móstoles,2,439,74000,Frontier Airlines,2026-04-23,2026-04-23,{},
148203,,,,,Disponible,0,vicaes693@viajes.cl,San Cristróbal de la Laguna,,44,1109,136000,Air New Zealand,2025-06-01,2025-07-17,{},
101496,62148,2025-01-04,1134000,7,No disponible,1134,vicente5224724@viajes.cl,Sagunto,Santa Lucía de Tirajana,89,477,162000,ZFBH (Bosnia y Herzegovina),2025-04-04,2025-04-04,{},
148800,,,,,Disponible,0,vicente9770936@viajes.cl,Vitoria,Málaga,26,4139,285000,BDZ (Bulgaria),2025-03-01,2025-08-20,"{Wifi,Baño,""Asientos reclinables"",""Aire acondicionado"",Agua,Comida,Calefacción}",
88197,58019,2025-04-29,855000,5,No disponible,855,victoria3901472@viajes.cl,Arrecife,,64,618,171000,,2025-05-03,2025-05-03,{},
94376,66161,2025-03-17,968000,8,No disponible,968,victoria904873@viajes.cl,San Cristróbal de la Laguna,Puertollano,53,990,121000,NSB (Noruega),2025-06-28,2025-06-28,"{Baño,Agua,Comida}",
125405,57963,2025-01-04,1080000,4,No disponible,1080,vitóan636@viajes.cl,Alcobendas,Castellón de la Plana,11,2886,270000,Nederlandse Sp,2025-01-20,2025-01-22,"{""Asientos reclinables"",Agua,Wifi,Comida,TV,""Aire acondicionado""}",
149421,,,,,Disponible,0,vivimi661@viajes.cl,Sagunto,El Puerto de Santa María,64,3973,333000,Trenitalia,2026-03-06,2026-08-18,"{Agua,Calefacción,Comida,Baño,TV,Wifi,""Aire acondicionado""}",
133100,62806,2025-12-19,162000,1,No disponible,162,víctor4658817@viajes.cl,San Cristróbal de la Laguna,Baracaldo,96,1579,162000,Alaska Airlines,2026-08-07,,{},
115838,56672,2025-04-08,450000,3,No disponible,450,víctor880107@viajes.cl,Sabadell,Calahorra,17,1866,150000,TGV (SNCF),2025-08-12,2025-08-13,"{Wifi,TV,Calefacción,Baño}",
137533,63049,2025-04-20,286000,2,No disponible,286,yoanma528@viajes.cl,San Fernando,Talavera de la Reina,36,703,143000,ÖBB (Austria),2026-08-11,2026-08-11,{},
147741,,,,,Disponible,0,áncava459@viajes.cl,,Estepona,52,4179,444000,Qantas,2026-06-30,2026-12-21,{},
149385,,,,,Disponible,0,ángaga278@viajes.cl,Palencia,Barcelona,57,128,68000,CFR (Rumania),2025-05-06,2025-05-11,"{Calefacción,Agua,TV}",
93391,61199,2025-11-19,510000,6,No disponible,510,ángela4947162@viajes.cl,,Sagunto,79,749,85000,Spirit Airlines,2026-03-26,2026-03-26,{},
147124,,,,,Disponible,0,óscar7955474@viajes.cl,,Elda,,200,189000,JetBlue,2025-05-11,2025-05-19,{},
85876,61081,2025-01-02,904000,8,No disponible,904,óscoes804@viajes.cl,Tarragona,Guadalajara,35,2096,113000,HŽ (Croacia),2025-01-05,2025-01-06,"{TV,Agua,Wifi,""Asientos reclinables""}",
101508,62148,2025-01-22,1316000,7,No disponible,1316,ósfrse369@viajes.cl,Segovia,Córdoba,30,2238,188000,ZFBH (Bosnia y Herzegovina),2025-04-15,2025-04-16,"{Comida,Wifi,TV,""Aire acondicionado"",Calefacción}",
112079,63804,2025-02-02,820000,10,No disponible,820,ósnapa647@viajes.cl,Hospitalet de LLobregat,Alcobendas,96,1175,82000,Southwest Airlines,2025-12-03,2025-12-03,{},
143382,62487,2025-04-19,295000,5,No disponible,295,Albertoocasio669@viajes.cl,Viladecans,Reus,91,379,59000,JetBlue,2025-11-13,,{},
107762,65379,2025-01-11,1386000,7,No disponible,1386,Albertoybarra929@viajes.cl,San Cristróbal de la Laguna,Gerona,61,303,198000,HŽ (Croacia),2025-02-17,2025-02-17,{},
140230,57950,2025-07-09,258000,6,No disponible,258,Alejandramurillo755@viajes.cl,Huelva,Viladecans,53,1388,43000,Spirit Airlines,2025-09-03,2025-09-03,{},
88354,57771,2025-01-26,490000,5,No disponible,490,Alejandroserrato929@viajes.cl,Salamanca,Lérida,72,2657,98000,ZFBH (Bosnia y Herzegovina),2025-06-14,2025-06-15,"{Agua,TV,Comida,Wifi,""Aire acondicionado""}",
136955,60555,2025-06-03,86000,2,No disponible,86,Anarivero619@viajes.cl,Móstoles,León,53,1415,43000,Amtrak,2026-11-24,2026-11-24,"{Calefacción,Baño,""Asientos reclinables""}",
147637,,,,,Disponible,0,Andreagriego524@viajes.cl,Albacete,Gandía,60,3982,408000,Vueling,2026-07-28,2027-01-09,{},
117933,64156,2025-01-07,819000,7,No disponible,819,Andreatrujillo333@viajes.cl,Sabadell,Collado Villalba,27,452,117000,ÖBB (Austria),2025-05-07,,{},
147811,,,,,Disponible,0,Anitallamas291@viajes.cl,Cerdañola del Vallés,Cáceres,21,1383,42000,Copa Airlines,2026-07-18,2026-09-13,{},
148828,,,,,Disponible,0,Benitocardona170@viajes.cl,Fuenlabrada,,81,2649,145000,SBB (Suiza),2026-09-26,2027-01-14,"{Baño,Calefacción,TV,Wifi,""Aire acondicionado""}",
91619,66121,2025-04-30,102000,1,No disponible,102,Benitoterán216@viajes.cl,Palma de Mallorca,Cartagena,62,1882,102000,ZSSK (Eslovaquia),2025-06-08,2025-06-09,"{Comida,TV,Baño,""Asientos reclinables""}",
147766,,,,,Disponible,0,Benjamínjiménez670@viajes.cl,Lugo,Cuenta,80,1272,36000,American Airlines,2025-09-10,2025-11-02,{},
131810,55777,2025-09-30,488000,4,No disponible,488,Benjamínsisneros202@viajes.cl,Palencia,Pamplona,16,2036,122000,ZFBH (Bosnia y Herzegovina),2025-10-04,,"{""Aire acondicionado"",TV,Agua,Comida}",
113994,62047,2025-08-06,35000,1,No disponible,35,Bernardoelizondo645@viajes.cl,,Cartagena,21,310,35000,CP (Portugal),2025-08-11,2025-08-11,{},
80793,61651,2025-05-07,420000,10,No disponible,420,Carlosabeyta963@viajes.cl,Ávila,Albacete,41,1108,42000,NS International,2025-12-15,2025-12-15,"{Baño,TV,""Asientos reclinables""}",
103144,63675,2025-03-29,864000,8,No disponible,864,Carlosrosales796@viajes.cl,Alcalá de Guadaira,Linares,98,1973,108000,ŽFBH (Bosnia y Herzegovina),2025-12-30,2025-12-31,"{Comida,Calefacción,Baño,Wifi}",
83552,62440,2025-01-03,1270000,10,No disponible,1270,Carolinabaca615@viajes.cl,,Vigo,,2091,127000,ÖBB (Austria),2025-02-04,2025-02-05,"{Agua,TV,""Asientos reclinables"",Wifi}",
118907,62189,2025-04-04,2259000,9,No disponible,2259,Catalinavarela631@viajes.cl,Tarragona,Gandía,91,3307,251000,RZD (Rusia),2025-12-23,2025-12-25,"{Comida,""Aire acondicionado"",""Asientos reclinables"",Agua,TV,Calefacción}",
148158,,,,,Disponible,0,Claudiocantú636@viajes.cl,Rubí,Ferrol,58,1691,75000,Vueling,2026-09-03,2026-11-12,{},
149894,,,,,Disponible,0,Clementedelacrúz671@viajes.cl,Majadahonda,Zamora,67,2314,191000,NSB (Noruega),2026-02-21,2026-05-28,"{Calefacción,Agua,Baño,""Aire acondicionado"",Comida}",
128318,58605,2025-02-02,272000,4,No disponible,272,Cristinatijerina877@viajes.cl,Fuengirola,Parla,14,2028,68000,,2026-08-14,2026-08-15,{},
143695,63911,2025-05-01,1880000,8,No disponible,1880,Danielavillalpando367@viajes.cl,Majadahonda,Cartagena,73,2314,235000,PKP (Polonia),2025-12-12,2025-12-13,"{Agua,Comida,Calefacción,Wifi,TV}",
149303,,,,,Disponible,0,Dianamontero898@viajes.cl,Pamplona,Arrecife,1,3582,309000,Amtrak,2025-07-04,2025-11-30,"{""Asientos reclinables"",TV,Wifi,Baño,Comida,""Aire acondicionado""}",
128241,55938,2025-04-15,1816000,8,No disponible,1816,Doloresroybal738@viajes.cl,Cuenta,Palma de Mallorca,86,2317,227000,Alaska Airlines,2026-02-16,2026-02-17,{},
124116,60975,2025-02-03,120000,2,No disponible,120,Doroteabétancourt155@viajes.cl,Mataró,Sagunto,,3095,60000,Turbus,2025-02-08,,"{Wifi,""Asientos reclinables"",Comida}",
143795,63212,2025-07-14,1323000,9,No disponible,1323,Elisarubio933@viajes.cl,Valdemoro,Irún,67,3407,147000,Qatar Airways,2025-10-22,2025-10-24,{},
150073,,,,,Disponible,0,Elsanájera336@viajes.cl,Gandía,,70,3908,180000,Renfe,2025-12-08,2026-05-19,"{TV,""Aire acondicionado"",Comida,Agua,Baño,Calefacción,Wifi}",
147297,,,,,Disponible,0,Elviraiglesias305@viajes.cl,La Coruña,Alcalá de Guadaira,41,4096,218000,Frontier Airlines,2026-10-18,2027-04-06,{},
148174,,,,,Disponible,0,Estelareyna597@viajes.cl,Mérida,Mollet del Vallés,49,3353,353000,EasyJet,2025-12-17,2026-05-05,{},
79276,59783,2025-03-09,502000,2,No disponible,502,Estelavelázquez978@viajes.cl,Palma de Mallorca,Baracaldo,,3817,251000,ŽSSK (Eslovaquia),2025-03-15,2025-03-17,"{Wifi,TV,Comida,""Aire acondicionado"",Baño,Calefacción,Agua}",
147978,,,,,Disponible,0,Evanavarrete220@viajes.cl,San Cristróbal de la Laguna,Ávila,49,1294,131000,Spirit Airlines,2025-09-20,2025-11-12,{},
149226,,,,,Disponible,0,Feliperojo857@viajes.cl,,Madrid,1,1096,67000,Amtrak,2025-01-12,2025-02-26,"{""Aire acondicionado"",Calefacción,Wifi}",
102039,60097,2025-01-30,180000,5,No disponible,180,Fernandomuñoz208@viajes.cl,Sagunto,,,1280,36000,AVE,2025-05-30,2025-05-30,"{Baño,Calefacción,Comida}",
111755,55573,2026-06-05,160000,2,No disponible,160,Franciscaabeyta645@viajes.cl,Ávila,Las Palmas de Gran Canaria,,1985,80000,RZD (Rusia),2026-11-27,2026-11-28,"{TV,Agua,Baño,Calefacción}",
109212,60566,2025-07-31,2712000,8,No disponible,2712,Franciscamontalvo506@viajes.cl,Santa Lucía de Tirajana,Castellón de la Plana,50,3836,339000,Southwest Airlines,2026-04-15,2026-04-17,{},
148817,,,,,Disponible,0,Gilbertoramón421@viajes.cl,Orense,Santiago de Compostela,76,4319,229000,Nederlandse Sp,2026-07-31,2027-01-26,"{Calefacción,""Asientos reclinables"",TV,Comida,Agua,Baño,""Aire acondicionado""}",
147664,,,,,Disponible,0,Gonzalocervántez728@viajes.cl,Lugo,Pamplona,56,1621,109000,Air France,2025-05-06,2025-07-12,{},
148319,,,,,Disponible,0,Gregorioverdugo611@viajes.cl,Sanlúcar de Barrameda,Lorca,1,725,50000,Singapore Airlines,2025-03-19,2025-04-18,{},
80376,58400,2025-04-21,224000,2,No disponible,224,Guillerminacerda636@viajes.cl,San Cristróbal de la Laguna,Manresa,76,1854,112000,RZD (Rusia),2025-12-08,2025-12-09,"{Agua,TV,""Aire acondicionado"",""Asientos reclinables""}",
149475,,,,,Disponible,0,Guillermoolivares662@viajes.cl,Alcoy,Gandía,14,1180,59000,NSB (Noruega),2026-07-10,2026-08-28,"{Baño,""Asientos reclinables"",""Aire acondicionado""}",
143299,66550,2025-04-13,1930000,10,No disponible,1930,Homerocolunga322@viajes.cl,Palma de Mallorca,Getafe,76,2403,193000,RZD (Rusia),2025-09-21,2025-09-22,"{Comida,Baño,""Aire acondicionado"",""Asientos reclinables"",Calefacción}",
128048,61706,2025-01-06,116000,1,No disponible,116,Horaciolucio884@viajes.cl,Irún,Santander,19,2400,116000,KLM,2025-09-20,,{},
92445,55707,2025-01-21,392000,2,No disponible,392,Hugoleyva186@viajes.cl,Manresa,Gijón,80,1586,196000,Wizz Air,2025-07-09,2025-07-10,{},
116726,66434,2025-04-22,1272000,8,No disponible,1272,Ignacioholguín519@viajes.cl,Sevilla,Ciudad Real,,2089,159000,Wizz Air,2025-06-29,2025-06-30,{},
150054,,,,,Disponible,0,Jacobodelgadillo820@viajes.cl,Cuenta,Dos Hermanas,9,592,192000,SBB (Suiza),2025-01-16,2025-02-09,"{Calefacción,Baño,""Asientos reclinables""}",
93518,59538,2025-05-02,1085000,5,No disponible,1085,Javiergodínez122@viajes.cl,Torrejón de Ardoz,Rubí,13,2240,217000,ŽSSK (Eslovaquia),2025-08-26,2025-08-27,"{Wifi,Agua,TV,""Asientos reclinables"",Baño}",
148641,,,,,Disponible,0,Javiermateo256@viajes.cl,Alcalá de Henares,,70,3651,451000,Italo,2025-07-25,2025-12-24,"{Comida,Baño,Wifi,""Aire acondicionado"",Agua,TV,""Asientos reclinables""}",
116295,57201,2025-02-21,2016000,7,No disponible,2016,Javiernieves797@viajes.cl,Mérida,Castellón de la Plana,69,2667,288000,Ryanair,2025-05-12,2025-05-13,{},
79514,65191,2026-04-09,966000,6,No disponible,966,Jesúsayala953@viajes.cl,Mollet del Vallés,Estepona,10,1747,161000,CD (República Checa),2026-06-06,2026-06-07,"{Comida,Agua,""Asientos reclinables"",""Aire acondicionado""}",
121105,56357,2025-01-31,2410000,10,No disponible,2410,Joaquíndelatorre512@viajes.cl,Cuenta,Gijón,92,2600,241000,AVE,2025-02-17,2025-02-18,"{Calefacción,Baño,Wifi,Comida,""Asientos reclinables""}",
147094,,,,,Disponible,0,Josefinapichardo787@viajes.cl,Molina de Segura,Algeciras,54,473,175000,British Airways,2025-02-14,,,
105150,65145,2025-03-05,222000,3,No disponible,222,Josébañuelos691@viajes.cl,Manresa,San Fernando,32,562,74000,SBB (Suiza),2026-04-09,2026-04-09,{},
148933,,,,,Disponible,0,Leonorlira295@viajes.cl,Fuengirola,Pontevedra,91,3688,380000,ZSSK (Eslovaquia),2025-09-28,2026-02-28,"{Wifi,Baño,""Aire acondicionado"",TV,Calefacción,Agua,Comida}",
92301,62209,2025-02-04,1990000,10,No disponible,1990,Leticiadelarosa551@viajes.cl,Almería,Mollet del Vallés,77,2012,199000,AVE,2026-01-01,2026-01-02,"{Comida,TV,Agua,Baño}",
97781,59825,2025-04-22,2088000,9,No disponible,2088,Lorenzoiglesias999@viajes.cl,Elda,Cerdañola del Vallés,,3161,232000,Air New Zealand,2025-11-12,2025-11-14,{},
148353,,,,,Disponible,0,Luciabañuelos420@viajes.cl,Zaragoza,Torrelavega,92,1699,110000,Delta Air Lines,2025-02-16,2025-04-27,{},
131145,60933,2025-01-19,1805000,5,No disponible,1805,Luciacasillas408@viajes.cl,Torrelavega,Ferrol,30,2990,361000,Qatar Airways,2025-03-11,2025-03-13,{},
101285,65931,2025-01-19,119000,1,No disponible,119,Luisasoliz819@viajes.cl,Collado Villalba,Madrid,44,2042,119000,United Airlines,2025-04-11,2025-04-12,{},
126875,59078,2025-11-13,282000,1,No disponible,282,Magdalenabrito986@viajes.cl,Cartagena,Fuenlabrada,49,3578,282000,ŽFBH (Bosnia y Herzegovina),2026-07-04,2026-07-06,"{Calefacción,Agua,""Asientos reclinables"",Comida,TV,""Aire acondicionado""}",
105670,60488,2025-01-27,3830000,10,No disponible,3830,Marcocortez795@viajes.cl,Santander,Alicante,52,3204,383000,Etihad Airways,2025-06-08,2025-06-10,{},
122529,61791,2026-04-02,1210000,10,No disponible,1210,Marcoharo601@viajes.cl,Albacete,Alcoy,47,3493,121000,Spirit Airlines,2026-04-05,2026-04-07,{},
121637,60051,2025-05-10,892000,4,No disponible,892,Marcoscorrales762@viajes.cl,Fuengirola,Fuengirola,10,2369,223000,Air France,2026-02-18,,{},
149128,,,,,Disponible,0,Marcosledesma340@viajes.cl,Las Palmas de Gran Canaria,Coslada,77,2296,237000,Eurostar,2026-05-05,2026-08-08,"{""Asientos reclinables"",Wifi,Calefacción,""Aire acondicionado"",Comida}",
146130,,,,,Disponible,0,Marianoheredia641@viajes.cl,Ceuta,Lugo,37,1471,180000,Alsa,2026-08-15,,"{Agua,Wifi,Comida}",
107168,55812,2025-02-01,131000,1,No disponible,131,Maríabecerra494@viajes.cl,La Coruña,Barcelona,1,3075,131000,SJ (Suecia),2026-03-26,2026-03-28,"{TV,""Asientos reclinables"",Calefacción,""Aire acondicionado"",Agua,Wifi}",
118521,59229,2026-09-12,752000,8,No disponible,752,Maríacavazos182@viajes.cl,Cádiz,Lugo,81,166,94000,United Airlines,2026-11-27,2026-11-27,{},
150009,,,,,Disponible,0,Maríadelrío618@viajes.cl,Gijón,Orihuela,86,3780,378000,NSB (Noruega),2026-06-07,2026-11-11,"{Comida,""Aire acondicionado"",Wifi,TV,Agua,""Asientos reclinables"",Calefacción}",
143692,56836,2025-03-08,895000,5,No disponible,895,Maríadelvalle249@viajes.cl,Paterna,Estepona,42,1764,179000,ZS (Eslovenia),2025-03-16,2025-03-17,"{""Aire acondicionado"",Agua,Calefacción,TV}",
93677,66319,2025-01-02,4482000,9,No disponible,4482,Maríaespinoza975@viajes.cl,Torremolinos,Jaén,63,4102,498000,SBB (Suiza),2025-02-16,2025-02-18,"{Calefacción,TV,Agua,Wifi,""Asientos reclinables"",Comida,""Aire acondicionado""}",
89656,65703,2025-01-23,1421000,7,No disponible,1421,Maríarubio434@viajes.cl,Gerona,Córdoba,57,3021,203000,Ethiopian Airlines,2026-07-20,2026-07-22,,
104542,62830,2025-06-17,1456000,8,No disponible,1456,Maríasaldivar717@viajes.cl,Ponferrada,Roquetas de Mar,,2850,182000,DSB (Dinamarca),2026-01-31,2026-02-01,"{Wifi,Baño,Calefacción,""Aire acondicionado"",TV}",
107995,64659,2025-06-18,2830000,10,No disponible,2830,Mateofarías500@viajes.cl,Zamora,Santa Cruz de Tenerife,75,2879,283000,AVE,2025-08-31,2025-09-01,,
104328,62019,2025-06-12,1116000,6,No disponible,1116,Mayteaponte518@viajes.cl,Sanlúcar de Barrameda,Murcia,12,1655,186000,SBB (Suiza),2026-01-01,2026-01-02,,
88099,61215,2025-04-27,2574000,9,No disponible,2574,Pablonaranjo381@viajes.cl,Lugo,Benidorm,26,2812,286000,Spirit Airlines,2026-05-31,2026-06-01,{},
147853,,,,,Disponible,0,Patriciocerda695@viajes.cl,Reus,Huelva,62,3984,461000,,2025-02-09,2025-07-25,{},
115608,55955,2026-04-22,3008000,8,No disponible,3008,Pedrolugo488@viajes.cl,Vitoria,Sagunto,26,3227,376000,Air France,2026-05-05,2026-05-07,{},
137129,65042,2025-02-09,690000,10,No disponible,690,Pedromondragón963@viajes.cl,Torremolinos,Avilés,73,1752,69000,AVE,2025-02-11,2025-02-12,"{TV,Baño,Calefacción,Comida}",
128214,62236,2025-08-08,276000,1,No disponible,276,Ramirobarajas244@viajes.cl,Guadalajara,Molina de Segura,19,3562,276000,ŽFBH (Bosnia y Herzegovina),2026-03-25,2026-03-27,"{Comida,Agua,TV,""Aire acondicionado"",Wifi,Baño}",
148438,,,,,Disponible,0,Ramónverduzco522@viajes.cl,El Prat de LLobregat,Cuenta,78,874,69000,EasyJet,2025-09-12,2025-10-18,{},
149950,,,,,Disponible,0,Raquellira938@viajes.cl,,Almería,38,499,80000,,2025-09-29,2025-10-19,"{Wifi,TV,Baño,""Aire acondicionado"",Calefacción,Comida}",
129605,59142,2026-08-14,550000,10,No disponible,550,Raquelvillalobos916@viajes.cl,San Sebastián,Burgos,56,1321,55000,Air New Zealand,2026-10-23,2026-10-23,{},
148111,,,,,Disponible,0,Raúlbadillo577@viajes.cl,Torrevieja,Dos Hermanas,94,2127,89000,EasyJet,2025-05-30,2025-08-26,{},
147501,,,,,Disponible,0,Rocioanguiano798@viajes.cl,Elda,Albacete,81,1384,86000,Aeroméxico,2026-07-27,2026-09-22,{},
130107,61049,2025-05-07,56000,1,No disponible,56,Rociomuro732@viajes.cl,Benalmádena,Segovia,91,1039,56000,ŽSSK (Eslovaquia),2026-04-14,2026-04-14,"{Wifi,Baño,Calefacción}",
102577,59540,2025-02-25,262000,2,No disponible,262,Rodrigosolís188@viajes.cl,Alicante,Lérida,96,3387,131000,Nederlandse Sp,2025-04-27,2025-04-29,"{Agua,Calefacción,""Aire acondicionado"",Wifi,""Asientos reclinables"",TV}",
92671,56790,2025-07-18,414000,3,No disponible,414,Rosaceballos545@viajes.cl,Logroño,,65,2277,138000,PKP (Polonia),2026-05-13,2026-05-14,"{Baño,Comida,""Asientos reclinables"",TV,Wifi}",
105115,56546,2025-05-08,124000,2,No disponible,124,Rubéngracia541@viajes.cl,Mollet del Vallés,Motril,39,4200,62000,Buses Nilahue,2025-11-21,2025-11-23,"{TV,Agua,Comida}",
143677,62411,2025-03-14,560000,7,No disponible,560,Samuelmenéndez181@viajes.cl,Alicante,Santa Cruz de Tenerife,1,2706,80000,Qatar Airways,2025-09-02,2025-09-03,{},
126014,65399,2026-06-02,408000,4,No disponible,408,Sanchobétancourt392@viajes.cl,Alicante,Vigo,95,258,102000,Wizz Air,2026-10-18,2026-10-18,{},
122661,64807,2025-08-04,253000,1,No disponible,253,Sanchoponce341@viajes.cl,Benalmádena,Jaén,90,3290,253000,Air France,2025-08-29,2025-08-31,{},
112021,65865,2025-03-23,805000,7,No disponible,805,Santiagorivas862@viajes.cl,Ávila,Torremolinos,99,2222,115000,VR (Finlandia),2026-06-29,2026-06-30,"{""Asientos reclinables"",TV,""Aire acondicionado"",Calefacción,Wifi}",
124824,57022,2025-04-10,2810000,10,No disponible,2810,Sergioromo646@viajes.cl,Alcalá de Henares,Rubí,50,2815,281000,Air New Zealand,2025-09-06,2025-09-07,{},
118018,60246,2025-08-12,560000,10,No disponible,560,Silviaarreola496@viajes.cl,Santa Lucía de Tirajana,Oviedo,83,417,56000,ŽFBH (Bosnia y Herzegovina),2026-08-19,2026-08-19,{},
102077,60499,2025-02-18,970000,5,No disponible,970,Silviasantacruz103@viajes.cl,Zamora,Zaragoza,82,3880,194000,Alaska Airlines,2025-12-12,2025-12-14,{},
149507,,,,,Disponible,0,Sofiaportillo314@viajes.cl,Gijón,Palencia,67,199,29000,TGV (SNCF),2026-07-05,2026-07-13,"{Calefacción,TV,""Asientos reclinables""}",
147544,,,,,Disponible,0,Sr.adorno886@viajes.cl,La Coruña,Granada,1,1399,43000,LATAM Airlines,2025-07-29,2025-09-25,{},
149778,,,,,Disponible,0,Sr.castañeda350@viajes.cl,Ferrol,Torremolinos,85,767,56000,SNCB (Bélgica),2026-11-22,2026-12-23,"{TV,Wifi,""Asientos reclinables""}",
127539,60407,2025-01-28,702000,6,No disponible,702,Sr.limón373@viajes.cl,Parla,Majadahonda,57,834,117000,Frontier Airlines,2026-09-18,2026-09-18,{},
149566,,,,,Disponible,0,Sr.soliz253@viajes.cl,Palencia,Leganés,43,3333,226000,Nederlandse Sp,2026-01-10,2026-05-28,"{Baño,Comida,TV,""Aire acondicionado"",Agua,Wifi}",
131950,60687,2025-12-17,1280000,10,No disponible,1280,Sr.treviño590@viajes.cl,Gandía,San Sebastían de los Reyes,79,1347,128000,NSB (Noruega),2026-05-12,2026-05-12,"{""Aire acondicionado"",TV,Agua}",
105407,60865,2026-08-11,524000,4,No disponible,524,Sra.collado965@viajes.cl,Getafe,Reus,37,3186,131000,Omnibus de México,2026-10-20,2026-10-22,"{Calefacción,Baño,""Asientos reclinables""}",
133857,65982,2025-12-13,1610000,7,No disponible,1610,Sra.escamilla417@viajes.cl,Toledo,Granollers,81,2701,230000,EasyJet,2026-03-21,2026-03-22,{},
109927,63596,2025-03-06,408000,4,No disponible,408,Sra.leyva287@viajes.cl,Baracaldo,Gijón,48,3899,102000,Via Bariloche,2025-04-21,2025-04-23,"{Baño,TV,Wifi}",
148463,,,,,Disponible,0,Sra.munguía627@viajes.cl,Getafe,Ciudad Real,92,2170,248000,Singapore Airlines,2025-03-31,2025-06-29,{},
142927,62375,2025-03-22,900000,9,No disponible,900,Sra.reyes599@viajes.cl,Granollers,Gecho,93,241,100000,MÁV (Hungría),2025-05-19,2025-05-19,{},
141398,62209,2025-01-07,1212000,6,No disponible,1212,Sra.toledo641@viajes.cl,Getafe,Palencia,95,2165,202000,Thalys,2026-03-15,2026-03-16,"{Wifi,Comida,""Aire acondicionado"",Baño,Agua}",
91157,66410,2025-02-20,51000,1,No disponible,51,Sta.casares518@viajes.cl,Gijón,Alcobendas,,1402,51000,British Airways,2025-11-27,2025-11-27,{},
146948,,,,,Disponible,0,Sta.colunga585@viajes.cl,Mijas,Vigo,,1175,63000,All Nippon Airways (ANA),2026-07-12,2026-08-29,{},
130128,61703,2025-03-19,780000,10,No disponible,780,Sta.contreras629@viajes.cl,Orihuela,La Línea de la Concepción,55,2104,78000,Southwest Airlines,2025-05-30,2025-05-31,{},
148359,,,,,Disponible,0,Sta.gaona818@viajes.cl,Alcalá de Guadaira,Cartagena,30,3221,320000,Air New Zealand,2025-05-29,2025-10-10,{},
146985,,,,,Disponible,0,Sta.mesa478@viajes.cl,Albacete,Badajoz,67,2863,297000,Southwest Airlines,2026-06-04,2026-10-01,{},
148109,,,,,Disponible,0,Sta.miranda323@viajes.cl,Viladecans,Ponferrada,4,2846,107000,KLM,2025-12-31,,{},
88276,59179,2025-03-03,993000,3,No disponible,993,Sta.valdez219@viajes.cl,,Cartagena,65,3918,331000,ZFBH (Bosnia y Herzegovina),2026-07-14,2026-07-16,"{Comida,Agua,TV,Baño,Calefacción,Wifi,""Aire acondicionado""}",
147339,,,,,Disponible,0,Timoteogodoy576@viajes.cl,Santa Coloma de Gramanet,Fuenlabrada,12,2295,220000,Wizz Air,2025-08-10,,{},
149590,,,,,Disponible,0,Timoteomercado843@viajes.cl,Huelva,Salamanca,20,1489,108000,Italo,2025-05-06,2025-07-07,"{Wifi,Agua,Baño,""Asientos reclinables""}",
111621,57776,2025-11-26,483000,3,No disponible,483,Timoteoortega395@viajes.cl,Ponferrada,Baracaldo,85,1872,161000,,2026-09-19,2026-09-20,"{""Asientos reclinables"",Wifi,TV,Calefacción}",
115613,61658,2025-01-13,960000,10,No disponible,960,Timoteoparra548@viajes.cl,Palencia,Ferrol,50,2241,96000,Air France,2025-03-30,2025-03-31,{},
104299,63094,2025-07-21,540000,6,No disponible,540,Vicenteescobar772@viajes.cl,Elda,Jaén,34,848,90000,All Nippon Airways (ANA),2025-09-05,2025-09-05,{},
90852,58421,2025-06-25,960000,5,No disponible,960,adbebé714@viajes.cl,Torrelavega,Pozuelo de Alarcón,48,1314,192000,Crucero del Norte,2025-09-17,2025-09-17,"{""Aire acondicionado"",""Asientos reclinables"",Wifi}",
136857,55574,2025-01-24,342000,9,No disponible,342,agustín1537237@viajes.cl,Gecho,Benidorm,42,1189,38000,CD (República Checa),2025-05-21,2025-05-21,"{TV,Calefacción,Agua}",
81457,64205,2025-07-29,199000,1,No disponible,199,agustín2891970@viajes.cl,Granada,Sanlúcar de Barrameda,72,2358,199000,Renfe,2026-05-14,2026-05-15,"{Agua,""Aire acondicionado"",Calefacción,Wifi,Baño}",
136184,57876,2025-03-30,624000,4,No disponible,624,alberto9508888@viajes.cl,Santa Lucía de Tirajana,Torrejón de Ardoz,15,3252,156000,Wizz Air,2026-08-10,2026-08-12,{},
110237,64920,2025-07-31,299000,1,No disponible,299,albuta656@viajes.cl,Torrejón de Ardoz,,7,3051,299000,Thalys,2026-04-08,2026-04-10,"{""Asientos reclinables"",Agua,Baño,Comida,TV,""Aire acondicionado""}",
102704,55784,2025-06-29,1070000,10,No disponible,1070,alejandra1046907@viajes.cl,Alcorcón,Oviedo,71,2880,107000,,2025-07-13,2025-07-15,"{TV,Calefacción,""Aire acondicionado"",Agua,""Asientos reclinables""}",
93715,58522,2025-10-22,994000,7,No disponible,994,alejandra5219541@viajes.cl,Huelva,Linares,47,2760,142000,SNCB (Bélgica),2026-01-23,2026-01-24,"{Baño,Comida,""Asientos reclinables"",TV,Wifi}",
136973,56259,2025-01-31,1134000,9,No disponible,1134,alejandra9343406@viajes.cl,Orihuela,Dos Hermanas,5,2711,126000,ŽSSK (Eslovaquia),2025-02-27,2025-02-28,"{Baño,""Aire acondicionado"",""Asientos reclinables"",Wifi,Agua}",
94167,56839,2025-01-25,308000,2,No disponible,308,alraba458@viajes.cl,Málaga,,60,1759,154000,Alaska Airlines,2025-09-16,2025-09-17,,
147361,,,,,Disponible,0,alraga536@viajes.cl,Parla,Elda,100,1818,149000,Turkish Airlines,2025-06-10,,{},
149902,,,,,Disponible,0,amalia8518314@viajes.cl,La Coruña,Palencia,91,4206,195000,HŽ (Croacia),2026-01-29,2026-07-23,"{""Aire acondicionado"",Baño,Calefacción,""Asientos reclinables"",TV,Agua,Wifi}",
98098,57294,2025-02-08,300000,5,No disponible,300,andrés6213400@viajes.cl,Mérida,Torrejón de Ardoz,11,981,60000,Frontier Airlines,2025-03-26,2025-03-26,{},
140460,61690,2025-08-29,805000,7,No disponible,805,andrés6545340@viajes.cl,Las Palmas de Gran Canaria,Arrecife,45,736,115000,NS International,2025-09-02,2025-09-02,"{Calefacción,""Asientos reclinables"",Wifi}",
120746,62826,2025-05-19,1712000,8,No disponible,1712,angaal636@viajes.cl,Málaga,Gecho,,4074,214000,ZS (Eslovenia),2026-10-27,2026-10-29,"{Agua,Comida,""Asientos reclinables"",TV,""Aire acondicionado"",Baño,Wifi}",
82241,63258,2025-02-11,936000,8,No disponible,936,anrove982@viajes.cl,Castellón de la Plana,,39,2293,117000,Primera Plus,2026-03-06,2026-03-07,"{Wifi,Agua,Calefacción}",
126913,62411,2025-01-17,2272000,8,No disponible,2272,antonia3604496@viajes.cl,Palencia,Zamora,34,3386,284000,ZSSK (Eslovaquia),2025-02-24,2025-02-26,"{TV,Calefacción,Baño,Agua,""Aire acondicionado"",Comida}",
86620,66354,2025-03-02,1668000,6,No disponible,1668,ardepe428@viajes.cl,Dos Hermanas,Torrevieja,63,2304,278000,Japan Airlines,2026-04-11,2026-04-12,{},
105090,60075,2025-04-30,220000,10,No disponible,220,ariadna2612725@viajes.cl,Parla,Elda,85,675,22000,CD (República Checa),2026-01-29,,{},
148415,,,,,Disponible,0,armede997@viajes.cl,Castellón de la Plana,Valdemoro,68,2959,328000,Singapore Airlines,2026-02-03,2026-06-06,,
111943,60361,2026-01-06,3204000,9,No disponible,3204,arradeje840@viajes.cl,San Cristróbal de la Laguna,Toledo,57,3449,356000,SNCB (Bélgica),2026-06-19,2026-06-21,"{Calefacción,Comida,""Aire acondicionado"",Baño,""Asientos reclinables"",TV}",
101831,61359,2025-07-13,805000,5,No disponible,805,baalma673@viajes.cl,Tarragona,,40,512,161000,Aeroméxico,2026-03-13,2026-03-13,{},
150061,,,,,Disponible,0,beatriz8478831@viajes.cl,Mérida,Vigo,94,3346,259000,ZS (Eslovenia),2026-05-29,2026-10-15,"{Calefacción,Baño,TV,""Aire acondicionado"",Wifi,Agua}",
100433,59823,2025-05-07,1736000,8,No disponible,1736,bernardo1555269@viajes.cl,Sagunto,Bilbao,65,3107,217000,Air France,2025-05-28,2025-05-30,{},
148425,,,,,Disponible,0,cacasa738@viajes.cl,Santa Coloma de Gramanet,Toledo,7,496,79000,Singapore Airlines,2025-05-26,2025-06-15,{},
131627,62892,2026-04-04,504000,3,No disponible,504,caridad8115247@viajes.cl,Alcobendas,Telde,,2186,168000,NS International,2026-08-23,2026-08-24,"{Baño,Calefacción,TV,""Asientos reclinables"",""Aire acondicionado""}",
148249,,,,,Disponible,0,caroba415@viajes.cl,Palma de Mallorca,Valencia,51,560,31000,JetBlue,2026-11-02,2026-11-25,{},
129970,63062,2025-07-09,1200000,4,No disponible,1200,casore427@viajes.cl,Hospitalet de LLobregat,Telde,51,2679,300000,ŽSSK (Eslovaquia),2025-09-01,2025-09-02,"{Comida,Calefacción,""Asientos reclinables"",""Aire acondicionado"",Baño}",
109893,56469,2026-01-07,270000,6,No disponible,270,cavare416@viajes.cl,Orihuela,Valdemoro,66,1015,45000,Alaska Airlines,2026-05-19,2026-05-19,{},
135428,62764,2025-03-16,852000,3,No disponible,852,cehega692@viajes.cl,Alcorcón,Viladecans,,2318,284000,BDZ (Bulgaria),2026-02-25,2026-02-26,"{""Aire acondicionado"",TV,Agua,""Asientos reclinables"",Baño}",
105351,58584,2025-04-20,1134000,9,No disponible,1134,clara7771923@viajes.cl,Gecho,Granollers,41,1755,126000,Qantas,2026-02-02,2026-02-03,{},
147027,,,,,Disponible,0,claudio8130894@viajes.cl,Torrevieja,Arrecife,10,2731,169000,British Airways,2025-08-29,2025-12-20,{},
93774,57761,2026-06-13,180000,1,No disponible,180,clbeáv539@viajes.cl,Talavera de la Reina,,56,584,180000,Vueling,2026-08-16,2026-08-16,{},
105013,58163,2025-11-15,358000,2,No disponible,358,clmeni227@viajes.cl,Huelva,San Sebastían de los Reyes,38,3597,179000,AVE,2026-02-10,2026-02-12,"{""Aire acondicionado"",""Asientos reclinables"",Comida,Agua,TV,Wifi}",
118455,66480,2025-01-21,170000,1,No disponible,170,clteur278@viajes.cl,Alcoy,Móstoles,62,2979,170000,Iberia,2026-01-24,2026-01-26,,
119920,58844,2025-01-01,984000,6,No disponible,984,coheca878@viajes.cl,Albacete,Orense,68,1918,164000,Thalys,2025-04-12,,"{Calefacción,""Aire acondicionado"",Baño,Comida}",
118867,60771,2025-10-26,1100000,10,No disponible,1100,conchita5857983@viajes.cl,Mataró,Vitoria,69,2531,110000,SJ (Suecia),2026-11-07,2026-11-08,"{Wifi,Calefacción,Baño,Agua,TV}",
101567,64429,2025-03-19,1160000,10,No disponible,1160,cralfa791@viajes.cl,El Prat de LLobregat,Bilbao,67,1789,116000,CD (República Checa),2025-08-22,2025-08-23,"{Comida,""Aire acondicionado"",TV,Agua}",
81857,65294,2025-01-30,395000,5,No disponible,395,crelpa783@viajes.cl,Marbella,Alcorcón,84,250,79000,American Airlines,2026-02-15,2026-02-15,,
111599,56555,2025-03-25,684000,4,No disponible,684,cristina2812921@viajes.cl,Valladolid,Vigo,36,4173,171000,EasyJet,2026-09-26,2026-09-28,{},
144335,58947,2026-03-29,318000,6,No disponible,318,cristina3540137@viajes.cl,Mollet del Vallés,Santa Lucía de Tirajana,17,1647,53000,Spirit Airlines,2026-10-07,2026-10-08,{},
127707,66630,2025-07-13,790000,10,No disponible,790,cristobal9956481@viajes.cl,Cáceres,Alcalá de Henares,22,1300,79000,Amtrak,2026-07-21,2026-07-21,"{Agua,TV,Baño}",
80056,56366,2025-03-17,3101000,7,No disponible,3101,crnách772@viajes.cl,San Sebastián,Fuenlabrada,96,4052,443000,CP (Portugal),2025-04-16,2025-04-18,"{Wifi,Baño,Agua,""Aire acondicionado"",""Asientos reclinables"",TV,Comida}",
140672,58267,2025-02-13,2540000,10,No disponible,2540,crrelo319@viajes.cl,Alcalá de Henares,León,48,3621,254000,SJ (Suecia),2025-03-17,2025-03-19,"{""Aire acondicionado"",TV,Wifi,Agua,""Asientos reclinables"",Baño,Calefacción}",
145359,,,,,Disponible,0,cébahu990@viajes.cl,Torrejón de Ardoz,Santa Cruz de Tenerife,34,4033,83000,Buses Bio Bio,2026-04-04,,"{""Aire acondicionado"",""Asientos reclinables"",TV}",
141992,57982,2026-07-18,1914000,6,No disponible,1914,daalno295@viajes.cl,Cartagena,León,48,3153,319000,,2026-12-04,2026-12-06,{},
147954,,,,,Disponible,0,daniel7623906@viajes.cl,Ferrol,Reus,48,2242,190000,WestJet,2026-05-01,2026-08-02,,
94437,63977,2025-07-10,2682000,9,No disponible,2682,david6622548@viajes.cl,,Sanlúcar de Barrameda,99,2557,298000,Italo,2026-03-02,2026-03-03,,
88713,58210,2025-06-03,1089000,9,No disponible,1089,diana2611597@viajes.cl,Valencia,Ferrol,60,689,121000,Southwest Airlines,2025-06-08,,{},
149844,,,,,Disponible,0,diego1376309@viajes.cl,Dos Hermanas,Palma de Mallorca,21,729,78000,Renfe,2025-08-20,,"{Wifi,Calefacción,Agua}",
81176,63161,2025-03-31,655000,5,No disponible,655,docafr798@viajes.cl,Badalona,,29,1756,131000,Renfe,2025-10-18,2025-10-19,"{Wifi,""Aire acondicionado"",Baño,""Asientos reclinables""}",
147945,,,,,Disponible,0,dogari515@viajes.cl,Valencia,Badajoz,21,3527,253000,Frontier Airlines,2026-08-30,2027-01-23,{},
150003,,,,,Disponible,0,dolores6875267@viajes.cl,San Sebastián,Fuenlabrada,,3297,388000,ZSSK (Eslovaquia),2025-03-16,2025-07-31,"{""Asientos reclinables"",Comida,Agua,Baño,TV,""Aire acondicionado""}",
144115,60468,2025-02-01,1705000,5,No disponible,1705,dorotea3969297@viajes.cl,Murcia,Cáceres,26,3928,341000,ŽSSK (Eslovaquia),2025-02-28,2025-03-02,"{Baño,Wifi,TV,Agua,""Asientos reclinables"",""Aire acondicionado"",Comida}",
99666,55936,2025-05-28,1870000,10,No disponible,1870,elena7103571@viajes.cl,Burgos,Albacete,53,1493,187000,Ethiopian Airlines,2026-03-08,2026-03-09,{},
110984,57498,2025-02-12,668000,4,No disponible,668,elmape385@viajes.cl,Molina de Segura,Santander,10,3836,167000,SBB (Suiza),2025-05-05,2025-05-07,"{Calefacción,TV,Baño,Comida,""Asientos reclinables"",Agua,""Aire acondicionado""}",
104535,65217,2025-04-10,1476000,6,No disponible,1476,eloisa1741681@viajes.cl,Santa Cruz de Tenerife,Badalona,43,2878,246000,ZSSK (Eslovaquia),2025-06-23,,"{Agua,Wifi,""Asientos reclinables"",Calefacción,TV}",
149702,,,,,Disponible,0,elpolo665@viajes.cl,Huelva,San Fernando,47,3516,133000,NS International,2025-01-27,2025-06-22,"{TV,Comida,Calefacción,Baño,Agua,""Asientos reclinables""}",
148949,,,,,Disponible,0,ernesto9095694@viajes.cl,San Sebastián,Cerdañola del Vallés,5,3221,378000,Italo,2026-07-13,2026-11-24,"{Wifi,Agua,Calefacción,Comida,""Asientos reclinables"",""Aire acondicionado""}",
129172,61441,2025-02-17,459000,9,No disponible,459,ersave294@viajes.cl,Inca,Cornellá de Llobregat,17,1442,51000,Eurostar,2025-03-11,2025-03-12,"{Baño,Calefacción,""Asientos reclinables"",TV}",
147884,,,,,Disponible,0,esgudu455@viajes.cl,Guadalajara,Alcorcón,98,2776,125000,Ethiopian Airlines,2026-07-05,2026-10-28,{},
125231,56052,2025-08-13,1539000,9,No disponible,1539,esmavi421@viajes.cl,Murcia,Móstoles,64,2677,171000,Wizz Air,2026-01-13,2026-01-14,{},
89458,64421,2025-02-18,1288000,8,No disponible,1288,estela8832682@viajes.cl,Granollers,Córdoba,88,2210,161000,RZD (Rusia),2025-05-22,2025-05-23,"{Calefacción,Agua,""Aire acondicionado"",Comida,Baño}",
104394,66218,2026-01-18,616000,7,No disponible,616,femova106@viajes.cl,La Coruña,Tarrasa,95,818,88000,HŽ (Croacia),2026-01-26,2026-01-26,"{Wifi,TV,Baño}",
148226,,,,,Disponible,0,feorfr504@viajes.cl,Málaga,Ceuta,4,1506,116000,Avianca,2026-07-31,2026-10-01,{},
131616,56746,2025-02-12,1485000,9,No disponible,1485,ferova525@viajes.cl,,Vigo,33,3146,165000,JetSur,2025-10-05,2025-10-07,"{Comida,""Asientos reclinables"",TV}",
149986,,,,,Disponible,0,francisco4781858@viajes.cl,Sagunto,Parla,,3656,436000,ÖBB (Austria),2025-06-29,2025-11-28,"{Baño,""Asientos reclinables"",Wifi,Comida,""Aire acondicionado"",TV,Calefacción}",
147759,,,,,Disponible,0,gabriel1504795@viajes.cl,Torremolinos,Viladecans,24,1506,182000,LATAM Airlines,2025-12-30,2026-03-02,,
102825,59103,2025-08-17,672000,6,No disponible,672,gabriela6221917@viajes.cl,San Sebastían de los Reyes,Benidorm,78,2583,112000,ŽFBH (Bosnia y Herzegovina),2026-06-01,2026-06-02,"{Calefacción,Comida,TV,Agua,Baño}",
147563,,,,,Disponible,0,garoca621@viajes.cl,Irún,Valdemoro,71,4212,438000,Air New Zealand,2025-03-07,2025-08-29,{},
147941,,,,,Disponible,0,geheze803@viajes.cl,Getafe,Elche,92,3136,306000,Aeroméxico,2026-01-07,2026-05-17,{},
121471,62242,2025-01-21,1130000,10,No disponible,1130,gemodo459@viajes.cl,Mataró,Hospitalet de LLobregat,,1514,113000,ZSSK (Eslovaquia),2025-04-05,2025-04-06,"{TV,""Asientos reclinables"",Wifi,Agua}",
85842,60892,2025-07-03,910000,5,No disponible,910,germán7240829@viajes.cl,Linares,Mataró,3,3427,182000,SJ (Suecia),2025-10-08,2025-10-10,"{Calefacción,""Asientos reclinables"",Baño,Agua,TV,Comida}",
123479,56626,2025-01-20,704000,8,No disponible,704,germán782451@viajes.cl,Majadahonda,,46,515,88000,Flecha Bus,2026-02-20,2026-02-20,"{Agua,Baño,TV}",
89208,55952,2025-07-27,1116000,9,No disponible,1116,gilberto6987804@viajes.cl,San Sebastían de los Reyes,,96,344,124000,Turkish Airlines,2025-10-31,2025-10-31,{},
93439,62311,2025-10-16,364000,2,No disponible,364,glmápa136@viajes.cl,Castellón de la Plana,Paterna,47,336,182000,Ethiopian Airlines,2026-08-15,2026-08-15,{},
142174,63015,2025-01-01,72000,1,No disponible,72,graciela7587437@viajes.cl,Valdemoro,Pamplona,25,1638,72000,CD (República Checa),2025-02-02,2025-02-03,"{Comida,Baño,Agua,""Aire acondicionado""}",
94222,60821,2026-02-01,2925000,9,No disponible,2925,grnúca824@viajes.cl,Talavera de la Reina,Baracaldo,28,2929,325000,CD (República Checa),2026-02-27,2026-03-01,"{Calefacción,Agua,""Aire acondicionado"",TV,Baño,""Asientos reclinables""}",
147169,,,,,Disponible,0,grrode416@viajes.cl,Inca,Motril,73,3499,392000,WestJet,2026-07-28,2026-12-20,{},
149619,,,,,Disponible,0,guesag522@viajes.cl,Gecho,Benidorm,49,1480,187000,SJ (Suecia),2026-06-04,2026-08-04,"{TV,""Asientos reclinables"",Calefacción,Baño}",
148057,,,,,Disponible,0,gufequ609@viajes.cl,Alcalá de Guadaira,Cartagena,19,3544,122000,Avianca,2026-09-13,2027-02-07,{},
127763,66338,2025-11-05,425000,5,No disponible,425,guillermina1356638@viajes.cl,Rivas-Vaciamadrid,Santiago de Compostela,88,1345,85000,United Airlines,2026-06-05,2026-06-05,{},
148044,,,,,Disponible,0,gutosa423@viajes.cl,Lugo,Córdoba,51,4309,338000,Southwest Airlines,2025-03-05,2025-08-31,{},
148323,,,,,Disponible,0,guveav526@viajes.cl,Castellón de la Plana,Alcoy,41,4277,197000,United Airlines,2025-10-31,2026-04-27,{},
105884,61513,2026-10-25,1026000,6,No disponible,1026,guvema594@viajes.cl,Alcobendas,,98,3692,171000,SBB (Suiza),2026-11-25,2026-11-27,"{Agua,Comida,Baño,""Asientos reclinables"",TV,Calefacción,Wifi}",
125206,63355,2025-05-06,1964000,4,No disponible,1964,horacio2597856@viajes.cl,Marbella,Fuenlabrada,38,4043,491000,ZS (Eslovenia),2025-06-13,2025-06-15,,
125870,57136,2025-03-07,345000,3,No disponible,345,hugo989362@viajes.cl,Toledo,Jaén,67,223,115000,RZD (Rusia),2025-06-04,2025-06-04,{},
88913,56953,2026-10-02,171000,3,No disponible,171,huprar955@viajes.cl,Badalona,Mijas,48,837,57000,,2026-11-08,2026-11-08,,
111192,58158,2025-04-21,1785000,7,No disponible,1785,isabne770@viajes.cl,Molina de Segura,Valdemoro,8,3767,255000,HŽ (Croacia),2026-07-02,2026-07-04,,
118385,56309,2025-05-23,3129000,7,No disponible,3129,isbubé706@viajes.cl,Segovia,Jaén,27,4242,447000,ÖBB (Austria),2025-08-02,2025-08-04,"{Baño,""Aire acondicionado"",Calefacción,Agua,""Asientos reclinables"",Wifi,TV}",
100581,60101,2025-03-13,798000,3,No disponible,798,iscamo240@viajes.cl,Elda,Tarragona,97,3278,266000,ZFBH (Bosnia y Herzegovina),2026-06-10,2026-06-12,"{Calefacción,""Aire acondicionado"",Agua,""Asientos reclinables"",Baño,TV}",
92058,56331,2026-01-02,1300000,5,No disponible,1300,jabaqu694@viajes.cl,Fuengirola,Baracaldo,81,3511,260000,ŽSSK (Eslovaquia),2026-06-15,2026-06-17,"{TV,Baño,""Asientos reclinables"",""Aire acondicionado"",Calefacción,Comida}",
129074,61458,2025-02-13,74000,2,No disponible,74,jacobo2952233@viajes.cl,Leganés,Lérida,85,272,37000,Emirates,2025-04-30,2025-04-30,,
101493,65529,2025-04-16,354000,6,No disponible,354,jaime4919793@viajes.cl,Pamplona,Segovia,59,235,59000,Southwest Airlines,2026-02-03,2026-02-03,{},
122843,65768,2025-01-19,774000,3,No disponible,774,japaca917@viajes.cl,Logroño,Santa Cruz de Tenerife,73,3491,258000,,2026-03-30,2026-04-01,{},
98946,63836,2025-03-26,1080000,10,No disponible,1080,japasa758@viajes.cl,Murcia,Dos Hermanas,35,1187,108000,HŽ (Croacia),2026-05-05,,"{Baño,Agua,""Asientos reclinables""}",
130770,59629,2025-09-05,558000,2,No disponible,558,jarodo529@viajes.cl,Fuenlabrada,Majadahonda,46,2861,279000,American Airlines,2026-03-11,2026-03-12,{},
119652,60676,2025-01-10,346000,2,No disponible,346,javier3160596@viajes.cl,Santa Cruz de Tenerife,León,35,3600,173000,KLM,2025-01-29,2025-01-31,{},
87683,63004,2025-12-18,950000,10,No disponible,950,javier3975512@viajes.cl,Gecho,Huelva,54,561,95000,,2026-08-20,2026-08-20,{},
139362,63068,2025-03-14,940000,10,No disponible,940,javier5533113@viajes.cl,Valdemoro,Alcorcón,93,1440,94000,Nederlandse Sp,2026-04-18,2026-04-19,"{Agua,""Asientos reclinables"",""Aire acondicionado""}",
149077,,,,,Disponible,0,jesús102436@viajes.cl,Cáceres,Viladecans,2,2372,285000,ZSSK (Eslovaquia),2025-03-14,2025-06-20,"{Comida,TV,Agua,Calefacción,Wifi}",
116771,62131,2025-11-13,2950000,10,No disponible,2950,joaquín1973311@viajes.cl,Almería,Cuenta,46,2570,295000,Aeroméxico,2026-03-04,2026-03-05,{},
127951,59134,2025-08-01,245000,5,No disponible,245,joaquín2078868@viajes.cl,Santa Coloma de Gramanet,Cádiz,82,120,49000,Air France,2026-03-16,2026-03-16,{},
110699,59220,2025-01-21,1268000,4,No disponible,1268,jogoma467@viajes.cl,Ponferrada,Algeciras,90,4236,317000,Aeroméxico,2025-04-29,2025-05-01,{},
83442,60669,2025-01-03,936000,8,No disponible,936,johisi671@viajes.cl,Palencia,Leganés,53,2303,117000,Italo,2025-02-28,2025-03-01,"{""Aire acondicionado"",Comida,Wifi,Calefacción,""Asientos reclinables""}",
124947,57636,2025-04-25,1845000,9,No disponible,1845,jolualca163@viajes.cl,Rubí,Cáceres,98,2185,205000,Japan Airlines,2025-05-28,2025-05-29,{},
149877,,,,,Disponible,0,jomaesca675@viajes.cl,Alcoy,Vitoria,95,1616,96000,PKP (Polonia),2025-09-16,2025-11-22,"{""Aire acondicionado"",TV,Calefacción,Agua}",
93967,60191,2025-07-28,2448000,8,No disponible,2448,joocle772@viajes.cl,Estepona,Santander,52,3537,306000,Air France,2025-09-14,2025-09-16,{},
109645,59055,2025-10-10,546000,3,No disponible,546,joquna220@viajes.cl,Getafe,Zaragoza,20,2845,182000,Lufthansa,2025-12-01,2025-12-02,{},
121336,65369,2025-05-21,125000,1,No disponible,125,jorge5266606@viajes.cl,Benalmádena,Benalmádena,53,451,125000,Thalys,2025-12-27,2025-12-27,{},
125678,58027,2026-06-06,302000,2,No disponible,302,jorge8296732@viajes.cl,Talavera de la Reina,Alcalá de Henares,12,2787,151000,,2026-07-31,2026-08-01,"{TV,""Aire acondicionado"",Wifi,""Asientos reclinables"",Comida}",
142737,64524,2025-02-28,936000,6,No disponible,936,jorge8870623@viajes.cl,Marbella,Cornellá de Llobregat,53,4196,156000,Renfe,2026-03-06,2026-03-08,,
148348,,,,,Disponible,0,josé4978470@viajes.cl,Motril,Gijón,15,2214,230000,Qatar Airways,2025-02-01,2025-05-04,{},
148882,,,,,Disponible,0,joulbe128@viajes.cl,Reus,Alcalá de Guadaira,91,2364,163000,HŽ (Croacia),2026-09-24,2026-12-31,"{""Asientos reclinables"",""Aire acondicionado"",Comida,Baño,Calefacción}",
109782,61952,2025-01-27,333000,3,No disponible,333,jovepo298@viajes.cl,Cornellá de Llobregat,Orense,79,659,111000,WestJet,2026-03-12,2026-03-12,,
143169,59428,2025-03-28,928000,8,No disponible,928,jubáor209@viajes.cl,Palencia,,95,1930,116000,Qatar Airways,2026-09-09,2026-09-10,{},
132919,65009,2025-01-23,72000,4,No disponible,72,julia1347590@viajes.cl,Logroño,Alcoy,46,209,18000,Flecha Bus,2025-10-10,2025-10-10,,
96367,66343,2025-06-30,760000,2,No disponible,760,julia5060345@viajes.cl,Ferrol,,53,3103,380000,Delta Air Lines,2026-04-04,2026-04-06,{},
93432,62311,2025-04-10,290000,2,No disponible,290,julio3900607@viajes.cl,Collado Villalba,Linares,41,874,145000,Vueling,2026-08-08,2026-08-08,{},
141767,57027,2025-05-04,1476000,3,No disponible,1476,julio6692906@viajes.cl,Gijón,Fuenlabrada,60,3873,492000,Aeroméxico,2025-05-15,2025-05-17,{},
128006,58330,2025-09-25,360000,10,No disponible,360,julio8213563@viajes.cl,Elda,Torrejón de Ardoz,96,774,36000,HŽ (Croacia),2026-04-14,2026-04-14,"{Comida,Agua,Calefacción}",
146968,,,,,Disponible,0,lehiqu538@viajes.cl,San Fernando,Badajoz,52,2208,140000,Air France,2025-06-10,2025-09-10,{},
86265,61683,2025-01-05,2570000,10,No disponible,2570,leluma183@viajes.cl,Segovia,Toledo,62,2273,257000,Renfe,2025-02-21,2025-02-22,"{Comida,Wifi,Baño,""Asientos reclinables"",""Aire acondicionado""}",
149274,,,,,Disponible,0,leonor6713388@viajes.cl,Madrid,Cornellá de Llobregat,13,2372,225000,HŽ (Croacia),2025-10-28,2026-02-03,"{""Asientos reclinables"",Wifi,Baño,Calefacción,Agua}",
143923,58714,2025-10-09,1320000,3,No disponible,1320,leticia6431720@viajes.cl,Murcia,Alcobendas,5,3879,440000,Trenitalia,2025-11-22,2025-11-24,"{""Aire acondicionado"",TV,Agua,Wifi,""Asientos reclinables"",Calefacción,Comida}",
149377,,,,,Disponible,0,loarva272@viajes.cl,Mérida,Cáceres,51,1356,81000,,2025-09-09,2025-11-04,"{Calefacción,""Asientos reclinables"",""Aire acondicionado""}",
109332,60033,2025-07-06,2862000,9,No disponible,2862,locaji731@viajes.cl,,Telde,99,3813,318000,Italo,2025-09-25,2025-09-27,"{Calefacción,Wifi,""Aire acondicionado"",Baño,Agua,TV,""Asientos reclinables""}",
119123,59554,2025-02-26,424000,8,No disponible,424,lodope981@viajes.cl,Logroño,Málaga,75,327,53000,Deutsche Bahn (DB),2025-09-06,2025-09-06,,
79224,55943,2025-11-30,1140000,5,No disponible,1140,lola7104104@viajes.cl,Leganés,Vitoria,71,2462,228000,Amtrak,2026-05-13,2026-05-14,"{Calefacción,""Aire acondicionado"",Baño,Agua,TV}",
108571,59614,2025-03-02,1176000,8,No disponible,1176,lomaáv687@viajes.cl,,Valdemoro,34,394,147000,LATAM Airlines,2025-09-11,2025-09-11,{},
133269,57883,2025-04-13,235000,1,No disponible,235,lorena2481523@viajes.cl,Mollet del Vallés,Leganés,20,3975,235000,Lufthansa,2025-05-19,2025-05-21,{},
148131,,,,,Disponible,0,lorenzo7727311@viajes.cl,Mataró,Lorca,78,502,107000,Qatar Airways,2026-08-10,2026-08-30,{},
148384,,,,,Disponible,0,lourdes3752581@viajes.cl,Jaén,Bilbao,30,776,108000,WestJet,2025-01-13,2025-02-14,{},
147424,,,,,Disponible,0,lourdes8362869@viajes.cl,Oviedo,Paterna,,3644,485000,Aeroméxico,2025-10-26,2026-03-26,{},
138057,62437,2026-02-12,365000,5,No disponible,365,lucari551@viajes.cl,,Santa Cruz de Tenerife,86,443,73000,KLM,2026-02-16,2026-02-16,{},
134351,60238,2025-07-10,152000,2,No disponible,152,luenhe662@viajes.cl,Linares,Molina de Segura,51,2147,76000,BDZ (Bulgaria),2026-02-07,,"{Baño,Agua,""Asientos reclinables"",Comida}",
118868,60771,2025-11-09,1810000,10,No disponible,1810,luisa6260852@viajes.cl,Vitoria,,6,419,181000,RZD (Rusia),2026-11-08,2026-11-08,{},
124767,58840,2025-09-15,1035000,9,No disponible,1035,lumialca380@viajes.cl,Leganés,Alicante,38,2891,115000,Air France,2026-10-25,2026-10-27,{},
97389,62178,2026-01-06,128000,1,No disponible,128,luz2860610@viajes.cl,San Cristróbal de la Laguna,,42,130,128000,EasyJet,2026-11-04,2026-11-04,{},
147684,,,,,Disponible,0,maancare777@viajes.cl,Molina de Segura,Salamanca,87,2931,119000,Aeroméxico,2025-06-19,2025-10-19,{},
86105,57310,2025-05-10,596000,4,No disponible,596,mabahe502@viajes.cl,Salamanca,Lérida,85,1420,149000,Qatar Airways,2025-05-26,2025-05-26,{},
79432,63981,2025-05-05,736000,4,No disponible,736,madecamavi101@viajes.cl,Reus,Inca,,308,184000,CD (República Checa),2025-10-07,,{},
149141,,,,,Disponible,0,maelabco272@viajes.cl,San Fernando,Alcalá de Guadaira,92,920,68000,SJ (Suecia),2026-08-01,2026-09-08,"{""Asientos reclinables"",TV,Wifi}",
149397,,,,,Disponible,0,maeumaso244@viajes.cl,Badalona,Santa Lucía de Tirajana,81,2327,296000,NS International,2026-01-04,2026-04-10,"{TV,Comida,""Aire acondicionado"",Baño,""Asientos reclinables""}",
106611,62805,2025-07-18,264000,3,No disponible,264,maeurobo361@viajes.cl,Rubí,Barcelona,23,726,88000,ŽFBH (Bosnia y Herzegovina),2025-11-24,2025-11-24,"{""Aire acondicionado"",Baño,Calefacción}",
87090,58366,2025-01-16,2500000,10,No disponible,2500,maflji375@viajes.cl,Burgos,Ferrol,98,2599,250000,MÁV (Hungría),2026-03-31,2026-04-01,"{TV,Comida,Wifi,""Aire acondicionado"",Calefacción}",
108159,58545,2025-05-23,1108000,4,No disponible,1108,magdalena1234556@viajes.cl,Arrecife,Torrelavega,72,2560,277000,,2025-06-03,2025-06-04,"{Baño,TV,""Asientos reclinables"",Agua,""Aire acondicionado""}",
147839,,,,,Disponible,0,majáro736@viajes.cl,Alcoy,Getafe,88,523,18000,Ryanair,2026-10-10,,,
83125,65742,2025-02-14,165000,1,No disponible,165,manuel3575963@viajes.cl,Ciudad Real,Rivas-Vaciamadrid,90,2168,165000,LATAM Airlines,2025-02-15,2025-02-16,{},
148592,,,,,Disponible,0,maqupa704@viajes.cl,Chiclana de la Frontera,El Ejido,66,392,12000,Lufthansa,2025-12-03,2025-12-19,{},
146962,,,,,Disponible,0,marcos9487992@viajes.cl,Sevilla,Gerona,75,3806,455000,Ryanair,2025-11-02,2026-04-09,{},
124903,57658,2025-06-11,1295000,7,No disponible,1295,mario3257633@viajes.cl,,Guadalajara,93,419,185000,DSB (Dinamarca),2026-02-13,2026-02-13,{},
144102,56137,2025-09-07,192000,3,No disponible,192,mario9200187@viajes.cl,Zaragoza,La Coruña,48,972,64000,Amtrak,2025-11-22,2025-11-22,"{Baño,TV,""Asientos reclinables""}",
119884,57492,2026-02-09,2065000,7,No disponible,2065,maroma719@viajes.cl,Vitoria,Elche,19,3965,295000,Wizz Air,2026-07-01,2026-07-03,{},
149343,,,,,Disponible,0,marta9050347@viajes.cl,Cáceres,Almería,40,1335,144000,ZS (Eslovenia),2026-09-16,2026-11-10,"{Comida,Calefacción,""Asientos reclinables""}",
79766,62948,2025-08-16,2187000,9,No disponible,2187,maría1288820@viajes.cl,Puertollano,Badajoz,10,3692,243000,Eurostar,2025-12-31,2026-01-02,"{TV,Calefacción,Wifi,Comida,""Aire acondicionado"",Baño,Agua}",
143901,59703,2026-01-28,2870000,10,No disponible,2870,maría165242@viajes.cl,Málaga,,98,3465,287000,Italo,2026-06-15,2026-06-17,"{""Asientos reclinables"",Wifi,""Aire acondicionado"",Agua,TV,Baño}",
147086,,,,,Disponible,0,maría3238354@viajes.cl,Valdemoro,Lérida,82,2257,253000,Aeroméxico,2026-11-27,,{},
97854,56579,2025-03-09,302000,2,No disponible,302,maría4032410@viajes.cl,Cáceres,Gandía,79,3453,151000,CFR (Rumania),2025-04-19,2025-04-21,"{Calefacción,Baño,""Asientos reclinables"",Agua,""Aire acondicionado"",Comida}",
88734,65573,2025-02-05,1145000,5,No disponible,1145,maría4547699@viajes.cl,Torrejón de Ardoz,Majadahonda,39,3666,229000,Emirates,2026-06-08,2026-06-10,{},
99352,65956,2025-07-10,142000,2,No disponible,142,maría5802899@viajes.cl,Irún,Alcalá de Guadaira,58,488,71000,CFR (Rumania),2025-07-27,2025-07-27,{},
146785,,,,,Disponible,0,maría6183440@viajes.cl,Tarragona,Fuengirola,39,419,65000,FlixBus,2025-07-22,,"{Baño,TV,Calefacción}",
85901,61692,2025-09-24,864000,9,No disponible,864,maría6988790@viajes.cl,Avilés,Rubí,44,1506,96000,SJ (Suecia),2026-02-21,2026-02-22,"{Agua,""Aire acondicionado"",Wifi,Calefacción}",
82972,63326,2025-06-16,1190000,7,No disponible,1190,masovama326@viajes.cl,Pamplona,La Línea de la Concepción,77,2257,170000,Nederlandse Sp,2025-06-19,2025-06-20,"{TV,Agua,""Aire acondicionado"",Wifi,""Asientos reclinables""}",
79231,55943,2025-01-31,1425000,5,No disponible,1425,mavega737@viajes.cl,Vitoria,San Fernando,26,3974,285000,Eurostar,2026-05-20,2026-05-22,"{TV,Agua,Baño,Comida,Calefacción,Wifi,""Asientos reclinables""}",
116325,61317,2025-06-14,244000,2,No disponible,244,mercedes966447@viajes.cl,Talavera de la Reina,Marbella,31,2741,122000,NSB (Noruega),2026-08-05,2026-08-06,"{Wifi,Agua,TV,Comida,Baño}",
96215,63716,2025-03-15,1176000,4,No disponible,1176,micaela3633872@viajes.cl,Zamora,Manresa,74,3260,294000,Amtrak,2025-08-05,2025-08-07,"{Calefacción,Comida,Wifi,Agua,TV,""Asientos reclinables""}",
148811,,,,,Disponible,0,miguel1703488@viajes.cl,Santander,San Cristróbal de la Laguna,32,4028,322000,ZS (Eslovenia),2025-05-27,2025-11-10,"{Comida,Agua,Wifi,""Asientos reclinables"",Calefacción,TV,Baño}",
118866,60771,2025-07-17,3140000,10,No disponible,3140,miguel7248711@viajes.cl,Lérida,Mataró,81,3727,314000,Italo,2026-11-05,2026-11-07,"{""Aire acondicionado"",Wifi,""Asientos reclinables"",Calefacción,TV,Baño,Agua}",
85118,63299,2025-05-30,179000,1,No disponible,179,mimaco244@viajes.cl,Telde,Sevilla,27,2172,179000,ZSSK (Eslovaquia),2025-07-18,2025-07-19,"{""Asientos reclinables"",Calefacción,""Aire acondicionado"",Agua,Baño}",
139969,58992,2025-05-02,36000,3,No disponible,36,miántial875@viajes.cl,Santiago de Compostela,Madrid,37,562,12000,Deutsche Bahn (DB),2025-08-25,2025-08-25,{},
90292,57572,2026-03-22,198000,1,No disponible,198,mónica6343775@viajes.cl,Huelva,Gijón,,1807,198000,ŽFBH (Bosnia y Herzegovina),2026-10-31,2026-11-01,"{Wifi,Agua,TV,""Asientos reclinables""}",
103654,62371,2025-02-24,848000,8,No disponible,848,mónica938945@viajes.cl,Molina de Segura,Alcorcón,51,1874,106000,BDZ (Bulgaria),2025-02-28,2025-03-01,"{TV,Calefacción,Agua,""Asientos reclinables""}",
126621,61226,2025-01-08,747000,9,No disponible,747,naalmu963@viajes.cl,Zaragoza,Mollet del Vallés,100,1294,83000,Thalys,2026-02-08,2026-02-08,"{Comida,""Asientos reclinables"",Wifi}",
148066,,,,,Disponible,0,nacaca348@viajes.cl,El Ejido,San Cristróbal de la Laguna,74,1707,134000,Iberia,2025-12-23,2026-03-04,{},
93770,57761,2025-05-01,30000,1,No disponible,30,nanise574@viajes.cl,La Línea de la Concepción,Talavera de la Reina,12,1007,30000,Alaska Airlines,2026-08-13,2026-08-13,{},
114639,58674,2025-06-13,3204000,9,No disponible,3204,naroro910@viajes.cl,Alcobendas,,47,3022,356000,KLM,2026-01-19,2026-01-21,{},
81536,56208,2025-06-02,450000,2,No disponible,450,naseag466@viajes.cl,Santander,Torrevieja,57,2666,225000,DSB (Dinamarca),2026-06-27,2026-06-28,"{Agua,TV,Calefacción,""Asientos reclinables"",""Aire acondicionado""}",
120816,64526,2025-10-21,875000,5,No disponible,875,nisabá861@viajes.cl,Torrevieja,Chiclana de la Frontera,27,1820,175000,SNCB (Bélgica),2026-02-23,,"{Wifi,""Aire acondicionado"",Baño,""Asientos reclinables""}",
116679,64531,2025-05-09,595000,7,No disponible,595,noméru838@viajes.cl,Sagunto,Zamora,75,2281,85000,DSB (Dinamarca),2026-10-05,2026-10-06,"{""Aire acondicionado"",Calefacción,Wifi,Baño,TV}",
104340,59107,2025-02-03,560000,10,No disponible,560,norma6125104@viajes.cl,Ferrol,Pamplona,81,619,56000,Renfe,2025-02-05,2025-02-05,{},
129396,61307,2025-05-14,750000,3,No disponible,750,ocarsa130@viajes.cl,Tarrasa,Torrevieja,23,2951,250000,ZSSK (Eslovaquia),2026-05-15,2026-05-17,"{Baño,Agua,Calefacción,TV,Wifi,Comida}",
147822,,,,,Disponible,0,oldeanco821@viajes.cl,Jerez de la Frontera,Sanlúcar de Barrameda,41,3431,169000,Spirit Airlines,2026-03-27,2026-08-16,{},
143234,62809,2025-03-08,912000,8,No disponible,912,paroga838@viajes.cl,Torrevieja,Algeciras,47,371,114000,DSB (Dinamarca),2025-10-14,2025-10-14,{},
147626,,,,,Disponible,0,patricia3238325@viajes.cl,Santa Cruz de Tenerife,Zaragoza,46,671,58000,Air New Zealand,2026-05-12,2026-06-08,{},
149369,,,,,Disponible,0,pilar5469194@viajes.cl,Cartagena,Toledo,,3534,124000,NSB (Noruega),2025-09-28,,"{Wifi,Baño,""Asientos reclinables"",""Aire acondicionado"",Calefacción,TV}",
86517,62779,2025-04-07,133000,1,No disponible,133,piurch784@viajes.cl,El Prat de LLobregat,Las Palmas de Gran Canaria,81,2561,133000,ŽFBH (Bosnia y Herzegovina),2026-04-25,2026-04-26,"{Wifi,TV,Calefacción,Agua,Comida}",
149358,,,,,Disponible,0,racofl956@viajes.cl,La Coruña,Cartagena,41,3406,333000,SBB (Suiza),2025-04-13,2025-09-01,"{Wifi,""Asientos reclinables"",Baño,""Aire acondicionado"",Calefacción,TV}",
140154,64643,2026-02-18,303000,1,No disponible,303,racolo733@viajes.cl,Hospitalet de LLobregat,Zamora,8,3035,303000,ŽSSK (Eslovaquia),2026-02-23,2026-02-25,"{""Asientos reclinables"",Wifi,Agua,Calefacción,Comida,Baño}",
96909,58081,2026-01-23,1860000,10,No disponible,1860,raqucr272@viajes.cl,Cádiz,Bilbao,49,3863,186000,NSB (Noruega),2026-07-04,2026-07-06,"{TV,""Aire acondicionado"",Comida,Baño,Agua,Calefacción,Wifi}",
83630,65737,2025-08-18,1688000,8,No disponible,1688,readma267@viajes.cl,,Ferrol,26,4187,211000,NS International,2025-12-18,,"{Baño,TV,Wifi,Calefacción,Comida,Agua,""Asientos reclinables""}",
148977,,,,,Disponible,0,rebale699@viajes.cl,Estepona,Cornellá de Llobregat,24,976,80000,VR (Finlandia),2025-12-18,2026-01-27,"{Agua,TV,Wifi}",
103117,63337,2026-03-07,2673000,9,No disponible,2673,rebeca2742263@viajes.cl,Dos Hermanas,Guadalajara,1,3492,297000,Ethiopian Airlines,2026-04-27,2026-04-29,{},
87137,60467,2025-07-08,896000,4,No disponible,896,reocpo678@viajes.cl,Estepona,Manresa,62,3352,224000,RZD (Rusia),2025-07-28,2025-07-30,"{Agua,Baño,""Asientos reclinables"",""Aire acondicionado"",TV,Wifi}",
139216,58118,2026-03-14,2044000,7,No disponible,2044,revaor825@viajes.cl,Tarrasa,Elche,69,3083,292000,Air France,2026-05-16,2026-05-18,{},
148113,,,,,Disponible,0,rodrigo4810214@viajes.cl,Tarragona,Bilbao,31,1094,122000,All Nippon Airways (ANA),2026-05-17,2026-07-01,{},
143412,58883,2025-05-09,2970000,10,No disponible,2970,sara3658705@viajes.cl,Hospitalet de LLobregat,Pontevedra,39,2422,297000,Japan Airlines,2025-07-20,2025-07-21,{},
116196,57859,2025-11-04,288000,1,No disponible,288,savaon858@viajes.cl,Rivas-Vaciamadrid,Baracaldo,100,2344,288000,,2025-11-17,2025-11-18,{},
93068,58619,2025-12-29,355000,5,No disponible,355,silvia4184684@viajes.cl,Santa Coloma de Gramanet,Fuengirola,45,1503,71000,WestJet,2026-02-24,2026-02-25,{},
119542,66042,2025-04-29,1800000,9,No disponible,1800,siurga784@viajes.cl,Córdoba,Cádiz,14,4278,200000,RZD (Rusia),2025-06-29,2025-07-01,"{Agua,Baño,""Asientos reclinables"",Comida,Wifi,""Aire acondicionado"",Calefacción}",
107573,62893,2025-04-06,1590000,5,No disponible,1590,sofia1431695@viajes.cl,Talavera de la Reina,Avilés,64,4106,318000,Iberia,2026-01-31,2026-02-02,{},
147349,,,,,Disponible,0,soledad4866400@viajes.cl,Cuenta,Alcorcón,77,3467,209000,LATAM Airlines,2025-12-06,2026-04-29,{},
149368,,,,,Disponible,0,sr.2820699@viajes.cl,Barcelona,Málaga,98,1722,174000,ŽFBH (Bosnia y Herzegovina),2025-07-31,2025-10-10,"{Comida,""Aire acondicionado"",""Asientos reclinables"",TV}",
147476,,,,,Disponible,0,sr.3043160@viajes.cl,Sabadell,Molina de Segura,67,4135,282000,Wizz Air,2025-01-01,,{},
139050,55637,2025-05-04,1690000,10,No disponible,1690,sr.3134211@viajes.cl,Alcalá de Henares,Telde,73,381,169000,Qantas,2026-06-03,2026-06-03,{},
103284,58437,2025-04-28,3933000,9,No disponible,3933,sr.3211682@viajes.cl,Ciudad Real,Córdoba,9,4309,437000,Air France,2025-11-04,,{},
148291,,,,,Disponible,0,sr.3383439@viajes.cl,Valencia,Vigo,35,2962,366000,Air Canada,2026-04-30,2026-08-31,{},
113472,58283,2025-07-05,495000,3,No disponible,495,sr.3664786@viajes.cl,Valladolid,Collado Villalba,93,1627,165000,Turkish Airlines,2025-08-06,,{},
149120,,,,,Disponible,0,sr.3951766@viajes.cl,León,,9,4144,263000,Eurostar,2026-09-17,2027-03-08,"{TV,Wifi,Baño,""Aire acondicionado"",""Asientos reclinables"",Agua,Calefacción}",
82681,57879,2025-04-17,1125000,9,No disponible,1125,sr.4903927@viajes.cl,Santa Coloma de Gramanet,Benalmádena,89,1332,125000,,2026-03-08,,"{""Asientos reclinables"",Baño,TV}",
82206,63614,2025-03-21,1205000,5,No disponible,1205,sr.590458@viajes.cl,Zamora,Pamplona,3,3343,241000,LATAM Airlines,2025-06-09,,{},
149991,,,,,Disponible,0,sra.1459233@viajes.cl,Parla,Almería,100,404,194000,SBB (Suiza),2025-01-06,2025-01-22,"{""Aire acondicionado"",Comida,Agua,TV,Wifi}",
148526,,,,,Disponible,0,sra.2941122@viajes.cl,Gecho,Chiclana de la Frontera,42,2131,138000,Iberia,2026-09-23,2026-12-20,{},
89187,61905,2025-04-24,2502000,6,No disponible,2502,sra.3023927@viajes.cl,Mérida,,30,4055,417000,ŽFBH (Bosnia y Herzegovina),2025-08-07,2025-08-09,"{Wifi,Agua,Baño,TV,""Asientos reclinables"",Comida,Calefacción}",
123082,64810,2025-01-25,840000,8,No disponible,840,sra.4531821@viajes.cl,Málaga,Mollet del Vallés,34,1023,105000,Lufthansa,2025-05-06,2025-05-06,{},
149167,,,,,Disponible,0,sra.6277717@viajes.cl,Roquetas de Mar,Granada,49,1531,128000,HŽ (Croacia),2025-11-30,2026-02-01,"{""Aire acondicionado"",TV,Agua,""Asientos reclinables""}",
107891,57940,2025-02-12,288000,6,No disponible,288,sra.8471206@viajes.cl,Granollers,Badajoz,79,251,48000,,2025-02-21,2025-02-21,{},
135622,66250,2025-06-03,180000,1,No disponible,180,sra.8766158@viajes.cl,Salamanca,La Coruña,100,2365,180000,Emirates,2025-10-10,2025-10-11,{},
122890,61874,2025-05-23,3177000,9,No disponible,3177,sra.9402989@viajes.cl,Benidorm,Avilés,18,3268,353000,Thalys,2026-03-09,2026-03-11,"{Calefacción,TV,Wifi,""Aire acondicionado"",""Asientos reclinables"",Agua}",
127149,60007,2025-04-03,106000,1,No disponible,106,sra.9489774@viajes.cl,Benalmádena,Viladecans,,678,106000,CD (República Checa),2025-08-29,2025-08-29,{},
81241,61734,2025-04-12,770000,5,No disponible,770,sradcatr480@viajes.cl,Orihuela,Tarrasa,78,3205,154000,Renfe,2025-08-29,,"{TV,""Asientos reclinables"",Wifi,Baño,Calefacción,Agua}",
85852,66095,2025-06-11,990000,5,No disponible,990,sramgalo790@viajes.cl,Huelva,Fuengirola,58,3890,198000,Ethiopian Airlines,2026-06-27,,{},
107009,58424,2026-02-09,994000,7,No disponible,994,sranjiqu198@viajes.cl,Vigo,Gerona,100,425,142000,TGV (SNCF),2026-03-02,2026-03-02,{},
123879,62429,2026-04-30,1752000,6,No disponible,1752,srcébrse308@viajes.cl,Alcoy,Motril,64,3169,292000,Italo,2026-10-19,2026-10-21,"{""Asientos reclinables"",Comida,Baño,TV,Calefacción,""Aire acondicionado""}",
136789,57221,2025-01-15,370000,10,No disponible,370,srflsolu390@viajes.cl,Santander,Leganés,12,364,37000,American Airlines,2026-11-13,2026-11-13,,
148004,,,,,Disponible,0,srgebegr871@viajes.cl,Huelva,Ceuta,,3593,107000,Wizz Air,2025-10-13,2026-03-11,{},
112621,66317,2025-07-03,532000,4,No disponible,532,srjolumupe583@viajes.cl,Linares,Benalmádena,62,129,133000,NSB (Noruega),2026-01-01,2026-01-01,{},
86253,64359,2026-08-31,3458000,7,No disponible,3458,srjuardeje698@viajes.cl,Benidorm,,,3923,494000,Japan Airlines,2026-11-02,,{},
149211,,,,,Disponible,0,srjugáce908@viajes.cl,Alcobendas,Lugo,99,204,64000,Italo,2026-11-18,2026-11-26,"{""Asientos reclinables"",Comida,Agua,""Aire acondicionado"",Baño}",
81866,59317,2025-01-31,2648000,8,No disponible,2648,srlogaro943@viajes.cl,Elche,Logroño,44,3286,331000,Italo,2025-03-25,2025-03-27,"{Wifi,Baño,TV,""Aire acondicionado"",""Asientos reclinables"",Comida}",
148161,,,,,Disponible,0,srmacaes852@viajes.cl,Cornellá de Llobregat,Mataró,95,1270,127000,American Airlines,2026-10-27,2026-12-18,{},
104718,58803,2025-03-26,1572000,4,No disponible,1572,srmaeltrca573@viajes.cl,Palencia,Arrecife,60,4311,393000,ZS (Eslovenia),2025-04-07,2025-04-09,"{Calefacción,TV,Agua,Wifi,""Asientos reclinables"",""Aire acondicionado"",Comida}",
149267,,,,,Disponible,0,srmairri729@viajes.cl,Baracaldo,Jerez de la Frontera,83,3087,105000,ZFBH (Bosnia y Herzegovina),2026-03-16,2026-07-22,,
130319,59682,2025-02-07,350000,7,No disponible,350,srmaorga483@viajes.cl,Pamplona,Cádiz,50,3981,50000,Megabus,2025-02-13,2025-02-15,"{Wifi,""Asientos reclinables"",Calefacción}",
147097,,,,,Disponible,0,srmasodues715@viajes.cl,Alcobendas,Reus,61,1630,84000,JetBlue,2026-09-05,2026-11-11,{},
94024,60807,2025-02-05,936000,8,No disponible,936,srromesa573@viajes.cl,Ponferrada,Rubí,22,1824,117000,,2026-07-03,2026-07-04,"{Comida,""Asientos reclinables"",Calefacción,TV}",
81842,58918,2025-09-23,2316000,6,No disponible,2316,srsigagr821@viajes.cl,Torremolinos,El Ejido,44,4232,386000,Italo,2025-10-10,2025-10-12,"{""Aire acondicionado"",Wifi,Comida,Agua,""Asientos reclinables"",TV,Baño}",
144240,62426,2025-04-01,405000,5,No disponible,405,srvefrap151@viajes.cl,Vitoria,Cartagena,52,2210,81000,CP (Portugal),2025-10-03,2025-10-04,"{TV,Wifi,Comida,Agua,Calefacción}",
89415,56723,2025-11-21,942000,3,No disponible,942,sta.1409702@viajes.cl,Torrelavega,San Cristróbal de la Laguna,78,3322,314000,Frontier Airlines,2026-07-14,2026-07-16,{},
96040,63654,2025-04-03,594000,3,No disponible,594,sta.3082939@viajes.cl,Rivas-Vaciamadrid,Torrelavega,6,3259,198000,American Airlines,2025-06-02,2025-06-04,{},
145644,,,,,Disponible,0,sta.3467980@viajes.cl,Las Palmas de Gran Canaria,Telde,39,2093,141000,FlixBus,2026-01-27,,"{Calefacción,TV,""Aire acondicionado""}",
99967,60834,2026-01-09,2198000,7,No disponible,2198,sta.4160875@viajes.cl,Albacete,Cáceres,99,3668,314000,HŽ (Croacia),2026-09-27,2026-09-29,"{""Asientos reclinables"",Wifi,TV,Calefacción,Agua,Comida,""Aire acondicionado""}",
121014,63714,2025-11-17,676000,4,No disponible,676,sta.4757439@viajes.cl,El Prat de LLobregat,Paterna,95,3665,169000,Renfe,2026-09-06,2026-09-08,"{Agua,Baño,""Asientos reclinables"",Comida,TV,Wifi,Calefacción}",
139237,58024,2025-01-28,3906000,9,No disponible,3906,sta.5063904@viajes.cl,Elda,Barcelona,18,3700,434000,Air New Zealand,2025-10-08,2025-10-10,{},
93391,61199,2025-11-19,510000,6,No disponible,510,ángela4947162@viajes.cl,,Sagunto,79,749,85000,Spirit Airlines,2026-03-26,2026-03-26,{},
149910,,,,,Disponible,0,sta.9052328@viajes.cl,,Salamanca,40,2589,111000,NSB (Noruega),2025-03-21,2025-07-06,"{Agua,Baño,""Aire acondicionado"",""Asientos reclinables"",Wifi}",
149481,,,,,Disponible,0,sthemagi384@viajes.cl,Hospitalet de LLobregat,Salamanca,56,2566,292000,Deutsche Bahn (DB),2026-05-28,2026-09-11,"{Agua,""Asientos reclinables"",TV,Wifi,Baño}",
100769,59153,2025-04-25,2106000,6,No disponible,2106,stjopoal797@viajes.cl,Cornellá de Llobregat,,30,2971,351000,CP (Portugal),2026-08-12,2026-08-14,"{""Asientos reclinables"",Calefacción,Wifi,Agua,Baño,Comida}",
80551,55886,2025-06-16,4320000,9,No disponible,4320,stlumamu560@viajes.cl,El Prat de LLobregat,El Puerto de Santa María,10,3968,480000,HŽ (Croacia),2025-07-04,2025-07-06,"{Comida,Baño,Agua,""Aire acondicionado"",TV,Calefacción,""Asientos reclinables""}",
105717,56934,2025-08-06,133000,7,No disponible,133,stpiríen858@viajes.cl,Santa Coloma de Gramanet,Molina de Segura,86,354,19000,Singapore Airlines,2026-08-16,2026-08-16,{},
148834,,,,,Disponible,0,teveba618@viajes.cl,,Toledo,20,336,16000,VRZ (Croacia),2026-09-19,2026-10-03,"{Baño,""Aire acondicionado"",""Asientos reclinables"",Calefacción,TV,Wifi,Agua}",
149978,,,,,Disponible,0,tiaggi246@viajes.cl,Alcoy,Santa Cruz de Tenerife,95,1644,85000,Italo,2025-09-15,2025-11-22,,
108506,60457,2025-03-26,288000,8,No disponible,288,tomás4604467@viajes.cl,Barcelona,Bilbao,23,457,36000,Eurostar,2026-01-01,2026-01-01,{},
117626,57178,2025-09-05,656000,8,No disponible,656,toolac769@viajes.cl,El Prat de LLobregat,Collado Villalba,,2868,82000,Via Bariloche,2025-12-25,2025-12-26,"{Comida,""Asientos reclinables"",""Aire acondicionado""}",
147331,,,,,Disponible,0,toquma393@viajes.cl,Cáceres,San Fernando,71,3708,332000,Etihad Airways,2026-01-03,2026-06-06,{},
129613,56058,2026-02-20,666000,9,No disponible,666,toviag268@viajes.cl,Alcobendas,Móstoles,2,439,74000,Frontier Airlines,2026-04-23,2026-04-23,{},
148203,,,,,Disponible,0,vicaes693@viajes.cl,San Cristróbal de la Laguna,,44,1109,136000,Air New Zealand,2025-06-01,2025-07-17,{},
101496,62148,2025-01-04,1134000,7,No disponible,1134,vicente5224724@viajes.cl,Sagunto,Santa Lucía de Tirajana,89,477,162000,ZFBH (Bosnia y Herzegovina),2025-04-04,2025-04-04,{},
148800,,,,,Disponible,0,vicente9770936@viajes.cl,Vitoria,Málaga,26,4139,285000,BDZ (Bulgaria),2025-03-01,2025-08-20,"{Wifi,Baño,""Asientos reclinables"",""Aire acondicionado"",Agua,Comida,Calefacción}",
88197,58019,2025-04-29,855000,5,No disponible,855,victoria3901472@viajes.cl,Arrecife,,64,618,171000,,2025-05-03,2025-05-03,{},
94376,66161,2025-03-17,968000,8,No disponible,968,victoria904873@viajes.cl,San Cristróbal de la Laguna,Puertollano,53,990,121000,NSB (Noruega),2025-06-28,2025-06-28,"{Baño,Agua,Comida}",
125405,57963,2025-01-04,1080000,4,No disponible,1080,vitóan636@viajes.cl,Alcobendas,Castellón de la Plana,11,2886,270000,Nederlandse Sp,2025-01-20,2025-01-22,"{""Asientos reclinables"",Agua,Wifi,Comida,TV,""Aire acondicionado""}",
149421,,,,,Disponible,0,vivimi661@viajes.cl,Sagunto,El Puerto de Santa María,64,3973,333000,Trenitalia,2026-03-06,2026-08-18,"{Agua,Calefacción,Comida,Baño,TV,Wifi,""Aire acondicionado""}",
133100,62806,2025-12-19,162000,1,No disponible,162,víctor4658817@viajes.cl,San Cristróbal de la Laguna,Baracaldo,96,1579,162000,Alaska Airlines,2026-08-07,,{},
115838,56672,2025-04-08,450000,3,No disponible,450,víctor880107@viajes.cl,Sabadell,Calahorra,17,1866,150000,TGV (SNCF),2025-08-12,2025-08-13,"{Wifi,TV,Calefacción,Baño}",
137533,63049,2025-04-20,286000,2,No disponible,286,yoanma528@viajes.cl,San Fernando,Talavera de la Reina,36,703,143000,ÖBB (Austria),2026-08-11,2026-08-11,{},
147741,,,,,Disponible,0,áncava459@viajes.cl,,Estepona,52,4179,444000,Qantas,2026-06-30,2026-12-21,{},
149385,,,,,Disponible,0,ángaga278@viajes.cl,Palencia,Barcelona,57,128,68000,CFR (Rumania),2025-05-06,2025-05-11,"{Calefacción,Agua,TV}",
147124,,,,,Disponible,0,óscar7955474@viajes.cl,,Elda,,200,189000,JetBlue,2025-05-11,2025-05-19,{},
85876,61081,2025-01-02,904000,8,No disponible,904,óscoes804@viajes.cl,Tarragona,Guadalajara,35,2096,113000,HŽ (Croacia),2025-01-05,2025-01-06,"{TV,Agua,Wifi,""Asientos reclinables""}",
101508,62148,2025-01-22,1316000,7,No disponible,1316,ósfrse369@viajes.cl,Segovia,Córdoba,30,2238,188000,ZFBH (Bosnia y Herzegovina),2025-04-15,2025-04-16,"{Comida,Wifi,TV,""Aire acondicionado"",Calefacción}",
112079,63804,2025-02-02,820000,10,No disponible,820,ósnapa647@viajes.cl,Hospitalet de LLobregat,Alcobendas,96,1175,82000,Southwest Airlines,2025-12-03,2025-12-03,{},
143382,62487,2025-04-19,295000,5,No disponible,295,Albertoocasio669@viajes.cl,Viladecans,Reus,91,379,59000,JetBlue,2025-11-13,,{},
140230,57950,2025-07-09,258000,6,No disponible,258,Alejandramurillo755@viajes.cl,Huelva,Viladecans,53,1388,43000,Spirit Airlines,2025-09-03,2025-09-03,{},
147637,,,,,Disponible,0,Andreagriego524@viajes.cl,Albacete,Gandía,60,3982,408000,Vueling,2026-07-28,2027-01-09,{},
147811,,,,,Disponible,0,Anitallamas291@viajes.cl,Cerdañola del Vallés,Cáceres,21,1383,42000,Copa Airlines,2026-07-18,2026-09-13,{},
147766,,,,,Disponible,0,Benjamínjiménez670@viajes.cl,Lugo,Cuenta,80,1272,36000,American Airlines,2025-09-10,2025-11-02,{},
136112,66440,2025-01-29,714000,6,No disponible,714,Carlosfierro146@viajes.cl,Sevilla,Viladecans,59,1029,119000,Qantas,2025-02-21,2025-02-21,{},
148158,,,,,Disponible,0,Claudiocantú636@viajes.cl,Rubí,Ferrol,58,1691,75000,Vueling,2026-09-03,2026-11-12,{},
128318,58605,2025-02-02,272000,4,No disponible,272,Cristinatijerina877@viajes.cl,Fuengirola,Parla,14,2028,68000,,2026-08-14,2026-08-15,{},
128241,55938,2025-04-15,1816000,8,No disponible,1816,Doloresroybal738@viajes.cl,Cuenta,Palma de Mallorca,86,2317,227000,Alaska Airlines,2026-02-16,2026-02-17,{},
143795,63212,2025-07-14,1323000,9,No disponible,1323,Elisarubio933@viajes.cl,Valdemoro,Irún,67,3407,147000,Qatar Airways,2025-10-22,2025-10-24,{},
147297,,,,,Disponible,0,Elviraiglesias305@viajes.cl,La Coruña,Alcalá de Guadaira,41,4096,218000,Frontier Airlines,2026-10-18,2027-04-06,{},
148174,,,,,Disponible,0,Estelareyna597@viajes.cl,Mérida,Mollet del Vallés,49,3353,353000,EasyJet,2025-12-17,2026-05-05,{},
147978,,,,,Disponible,0,Evanavarrete220@viajes.cl,San Cristróbal de la Laguna,Ávila,49,1294,131000,Spirit Airlines,2025-09-20,2025-11-12,{},
89158,66529,2025-12-16,868000,7,No disponible,868,Fernandolomeli208@viajes.cl,Manresa,Santa Cruz de Tenerife,25,2774,124000,Delta Air Lines,2026-11-17,2026-11-18,{},
109212,60566,2025-07-31,2712000,8,No disponible,2712,Franciscamontalvo506@viajes.cl,Santa Lucía de Tirajana,Castellón de la Plana,50,3836,339000,Southwest Airlines,2026-04-15,2026-04-17,{},
121214,61920,2025-03-13,1190000,5,No disponible,1190,Franciscoalba215@viajes.cl,Alcalá de Guadaira,La Línea de la Concepción,50,4105,238000,Iberia,2025-07-05,,{},
147664,,,,,Disponible,0,Gonzalocervántez728@viajes.cl,Lugo,Pamplona,56,1621,109000,Air France,2025-05-06,2025-07-12,{},
148319,,,,,Disponible,0,Gregorioverdugo611@viajes.cl,Sanlúcar de Barrameda,Lorca,1,725,50000,Singapore Airlines,2025-03-19,2025-04-18,{},
92445,55707,2025-01-21,392000,2,No disponible,392,Hugoleyva186@viajes.cl,Manresa,Gijón,80,1586,196000,Wizz Air,2025-07-09,2025-07-10,{},
116726,66434,2025-04-22,1272000,8,No disponible,1272,Ignacioholguín519@viajes.cl,Sevilla,Ciudad Real,,2089,159000,Wizz Air,2025-06-29,2025-06-30,{},
116295,57201,2025-02-21,2016000,7,No disponible,2016,Javiernieves797@viajes.cl,Mérida,Castellón de la Plana,69,2667,288000,Ryanair,2025-05-12,2025-05-13,{},
147094,,,,,Disponible,0,Josefinapichardo787@viajes.cl,Molina de Segura,Algeciras,54,473,175000,British Airways,2025-02-14,,,
97781,59825,2025-04-22,2088000,9,No disponible,2088,Lorenzoiglesias999@viajes.cl,Elda,Cerdañola del Vallés,,3161,232000,Air New Zealand,2025-11-12,2025-11-14,{},
148353,,,,,Disponible,0,Luciabañuelos420@viajes.cl,Zaragoza,Torrelavega,92,1699,110000,Delta Air Lines,2025-02-16,2025-04-27,{},
101285,65931,2025-01-19,119000,1,No disponible,119,Luisasoliz819@viajes.cl,Collado Villalba,Madrid,44,2042,119000,United Airlines,2025-04-11,2025-04-12,{},
109222,61708,2025-02-15,2120000,5,No disponible,2120,Luisayala555@viajes.cl,Orihuela,Santa Coloma de Gramanet,85,3676,424000,,2025-04-01,2025-04-03,{},
105670,60488,2025-01-27,3830000,10,No disponible,3830,Marcocortez795@viajes.cl,Santander,Alicante,52,3204,383000,Etihad Airways,2025-06-08,2025-06-10,{},
122529,61791,2026-04-02,1210000,10,No disponible,1210,Marcoharo601@viajes.cl,Albacete,Alcoy,47,3493,121000,Spirit Airlines,2026-04-05,2026-04-07,{},
121637,60051,2025-05-10,892000,4,No disponible,892,Marcoscorrales762@viajes.cl,Fuengirola,Fuengirola,10,2369,223000,Air France,2026-02-18,,{},
89656,65703,2025-01-23,1421000,7,No disponible,1421,Maríarubio434@viajes.cl,Gerona,Córdoba,57,3021,203000,Ethiopian Airlines,2026-07-20,2026-07-22,,
88099,61215,2025-04-27,2574000,9,No disponible,2574,Pablonaranjo381@viajes.cl,Lugo,Benidorm,26,2812,286000,Spirit Airlines,2026-05-31,2026-06-01,{},
147853,,,,,Disponible,0,Patriciocerda695@viajes.cl,Reus,Huelva,62,3984,461000,,2025-02-09,2025-07-25,{},
115608,55955,2026-04-22,3008000,8,No disponible,3008,Pedrolugo488@viajes.cl,Vitoria,Sagunto,26,3227,376000,Air France,2026-05-05,2026-05-07,{},
129605,59142,2026-08-14,550000,10,No disponible,550,Raquelvillalobos916@viajes.cl,San Sebastián,Burgos,56,1321,55000,Air New Zealand,2026-10-23,2026-10-23,{},
148111,,,,,Disponible,0,Raúlbadillo577@viajes.cl,Torrevieja,Dos Hermanas,94,2127,89000,EasyJet,2025-05-30,2025-08-26,{},
117635,59163,2025-02-01,3105000,9,No disponible,3105,Robertosandoval817@viajes.cl,El Ejido,Móstoles,4,3619,345000,Lufthansa,2025-03-27,2025-03-29,{},
147501,,,,,Disponible,0,Rocioanguiano798@viajes.cl,Elda,Albacete,81,1384,86000,Aeroméxico,2026-07-27,2026-09-22,{},
143677,62411,2025-03-14,560000,7,No disponible,560,Samuelmenéndez181@viajes.cl,Alicante,Santa Cruz de Tenerife,1,2706,80000,Qatar Airways,2025-09-02,2025-09-03,{},
126014,65399,2026-06-02,408000,4,No disponible,408,Sanchobétancourt392@viajes.cl,Alicante,Vigo,95,258,102000,Wizz Air,2026-10-18,2026-10-18,{},
122661,64807,2025-08-04,253000,1,No disponible,253,Sanchoponce341@viajes.cl,Benalmádena,Jaén,90,3290,253000,Air France,2025-08-29,2025-08-31,{},
124824,57022,2025-04-10,2810000,10,No disponible,2810,Sergioromo646@viajes.cl,Alcalá de Henares,Rubí,50,2815,281000,Air New Zealand,2025-09-06,2025-09-07,{},
102077,60499,2025-02-18,970000,5,No disponible,970,Silviasantacruz103@viajes.cl,Zamora,Zaragoza,82,3880,194000,Alaska Airlines,2025-12-12,2025-12-14,{},
147544,,,,,Disponible,0,Sr.adorno886@viajes.cl,La Coruña,Granada,1,1399,43000,LATAM Airlines,2025-07-29,2025-09-25,{},
127539,60407,2025-01-28,702000,6,No disponible,702,Sr.limón373@viajes.cl,Parla,Majadahonda,57,834,117000,Frontier Airlines,2026-09-18,2026-09-18,{},
133857,65982,2025-12-13,1610000,7,No disponible,1610,Sra.escamilla417@viajes.cl,Toledo,Granollers,81,2701,230000,EasyJet,2026-03-21,2026-03-22,{},
91157,66410,2025-02-20,51000,1,No disponible,51,Sta.casares518@viajes.cl,Gijón,Alcobendas,,1402,51000,British Airways,2025-11-27,2025-11-27,{},
146948,,,,,Disponible,0,Sta.colunga585@viajes.cl,Mijas,Vigo,,1175,63000,All Nippon Airways (ANA),2026-07-12,2026-08-29,{},
130128,61703,2025-03-19,780000,10,No disponible,780,Sta.contreras629@viajes.cl,Orihuela,La Línea de la Concepción,55,2104,78000,Southwest Airlines,2025-05-30,2025-05-31,{},
148359,,,,,Disponible,0,Sta.gaona818@viajes.cl,Alcalá de Guadaira,Cartagena,30,3221,320000,Air New Zealand,2025-05-29,2025-10-10,{},
146985,,,,,Disponible,0,Sta.mesa478@viajes.cl,Albacete,Badajoz,67,2863,297000,Southwest Airlines,2026-06-04,2026-10-01,{},
148109,,,,,Disponible,0,Sta.miranda323@viajes.cl,Viladecans,Ponferrada,4,2846,107000,KLM,2025-12-31,,{},
147524,,,,,Disponible,0,Sta.pantoja641@viajes.cl,Ponferrada,,13,2027,123000,Air Canada,2025-11-29,2026-02-21,{},
147339,,,,,Disponible,0,Timoteogodoy576@viajes.cl,Santa Coloma de Gramanet,Fuenlabrada,12,2295,220000,Wizz Air,2025-08-10,,{},
115613,61658,2025-01-13,960000,10,No disponible,960,Timoteoparra548@viajes.cl,Palencia,Ferrol,50,2241,96000,Air France,2025-03-30,2025-03-31,{},
104299,63094,2025-07-21,540000,6,No disponible,540,Vicenteescobar772@viajes.cl,Elda,Jaén,34,848,90000,All Nippon Airways (ANA),2025-09-05,2025-09-05,{},
136184,57876,2025-03-30,624000,4,No disponible,624,alberto9508888@viajes.cl,Santa Lucía de Tirajana,Torrejón de Ardoz,15,3252,156000,Wizz Air,2026-08-10,2026-08-12,{},
147851,,,,,Disponible,0,alfonso9925642@viajes.cl,Majadahonda,Chiclana de la Frontera,,2565,267000,Lufthansa,2025-04-02,2025-07-17,{},
94167,56839,2025-01-25,308000,2,No disponible,308,alraba458@viajes.cl,Málaga,,60,1759,154000,Alaska Airlines,2025-09-16,2025-09-17,,
147361,,,,,Disponible,0,alraga536@viajes.cl,Parla,Elda,100,1818,149000,Turkish Airlines,2025-06-10,,{},
83588,58673,2025-06-29,2493000,9,No disponible,2493,amalia1638984@viajes.cl,Orense,Torrevieja,86,2248,277000,Southwest Airlines,2026-11-26,2026-11-27,{},
98098,57294,2025-02-08,300000,5,No disponible,300,andrés6213400@viajes.cl,Mérida,Torrejón de Ardoz,11,981,60000,Frontier Airlines,2025-03-26,2025-03-26,{},
147789,,,,,Disponible,0,arabma748@viajes.cl,Murcia,Segovia,58,3534,287000,Delta Air Lines,2025-09-29,2026-02-23,{},
86620,66354,2025-03-02,1668000,6,No disponible,1668,ardepe428@viajes.cl,Dos Hermanas,Torrevieja,63,2304,278000,Japan Airlines,2026-04-11,2026-04-12,{},
148415,,,,,Disponible,0,armede997@viajes.cl,Castellón de la Plana,Valdemoro,68,2959,328000,Singapore Airlines,2026-02-03,2026-06-06,,
101831,61359,2025-07-13,805000,5,No disponible,805,baalma673@viajes.cl,Tarragona,,40,512,161000,Aeroméxico,2026-03-13,2026-03-13,{},
100433,59823,2025-05-07,1736000,8,No disponible,1736,bernardo1555269@viajes.cl,Sagunto,Bilbao,65,3107,217000,Air France,2025-05-28,2025-05-30,{},
148425,,,,,Disponible,0,cacasa738@viajes.cl,Santa Coloma de Gramanet,Toledo,7,496,79000,Singapore Airlines,2025-05-26,2025-06-15,{},
109893,56469,2026-01-07,270000,6,No disponible,270,cavare416@viajes.cl,Orihuela,Valdemoro,66,1015,45000,Alaska Airlines,2026-05-19,2026-05-19,{},
147027,,,,,Disponible,0,claudio8130894@viajes.cl,Torrevieja,Arrecife,10,2731,169000,British Airways,2025-08-29,2025-12-20,{},
93774,57761,2026-06-13,180000,1,No disponible,180,clbeáv539@viajes.cl,Talavera de la Reina,,56,584,180000,Vueling,2026-08-16,2026-08-16,{},
81857,65294,2025-01-30,395000,5,No disponible,395,crelpa783@viajes.cl,Marbella,Alcorcón,84,250,79000,American Airlines,2026-02-15,2026-02-15,,
111599,56555,2025-03-25,684000,4,No disponible,684,cristina2812921@viajes.cl,Valladolid,Vigo,36,4173,171000,EasyJet,2026-09-26,2026-09-28,{},
144335,58947,2026-03-29,318000,6,No disponible,318,cristina3540137@viajes.cl,Mollet del Vallés,Santa Lucía de Tirajana,17,1647,53000,Spirit Airlines,2026-10-07,2026-10-08,{},
141992,57982,2026-07-18,1914000,6,No disponible,1914,daalno295@viajes.cl,Cartagena,León,48,3153,319000,,2026-12-04,2026-12-06,{},
147954,,,,,Disponible,0,daniel7623906@viajes.cl,Ferrol,Reus,48,2242,190000,WestJet,2026-05-01,2026-08-02,,
88713,58210,2025-06-03,1089000,9,No disponible,1089,diana2611597@viajes.cl,Valencia,Ferrol,60,689,121000,Southwest Airlines,2025-06-08,,{},
99666,55936,2025-05-28,1870000,10,No disponible,1870,elena7103571@viajes.cl,Burgos,Albacete,53,1493,187000,Ethiopian Airlines,2026-03-08,2026-03-09,{},
147884,,,,,Disponible,0,esgudu455@viajes.cl,Guadalajara,Alcorcón,98,2776,125000,Ethiopian Airlines,2026-07-05,2026-10-28,{},
125231,56052,2025-08-13,1539000,9,No disponible,1539,esmavi421@viajes.cl,Murcia,Móstoles,64,2677,171000,Wizz Air,2026-01-13,2026-01-14,{},
148226,,,,,Disponible,0,feorfr504@viajes.cl,Málaga,Ceuta,4,1506,116000,Avianca,2026-07-31,2026-10-01,{},
147759,,,,,Disponible,0,gabriel1504795@viajes.cl,Torremolinos,Viladecans,24,1506,182000,LATAM Airlines,2025-12-30,2026-03-02,,
147563,,,,,Disponible,0,garoca621@viajes.cl,Irún,Valdemoro,71,4212,438000,Air New Zealand,2025-03-07,2025-08-29,{},
147941,,,,,Disponible,0,geheze803@viajes.cl,Getafe,Elche,92,3136,306000,Aeroméxico,2026-01-07,2026-05-17,{},
89208,55952,2025-07-27,1116000,9,No disponible,1116,gilberto6987804@viajes.cl,San Sebastían de los Reyes,,96,344,124000,Turkish Airlines,2025-10-31,2025-10-31,{},
93439,62311,2025-10-16,364000,2,No disponible,364,glmápa136@viajes.cl,Castellón de la Plana,Paterna,47,336,182000,Ethiopian Airlines,2026-08-15,2026-08-15,{},
147169,,,,,Disponible,0,grrode416@viajes.cl,Inca,Motril,73,3499,392000,WestJet,2026-07-28,2026-12-20,{},
148057,,,,,Disponible,0,gufequ609@viajes.cl,Alcalá de Guadaira,Cartagena,19,3544,122000,Avianca,2026-09-13,2027-02-07,{},
148323,,,,,Disponible,0,guveav526@viajes.cl,Castellón de la Plana,Alcoy,41,4277,197000,United Airlines,2025-10-31,2026-04-27,{},
129074,61458,2025-02-13,74000,2,No disponible,74,jacobo2952233@viajes.cl,Leganés,Lérida,85,272,37000,Emirates,2025-04-30,2025-04-30,,
101493,65529,2025-04-16,354000,6,No disponible,354,jaime4919793@viajes.cl,Pamplona,Segovia,59,235,59000,Southwest Airlines,2026-02-03,2026-02-03,{},
147242,,,,,Disponible,0,jamava511@viajes.cl,Estepona,Sevilla,23,1090,65000,Lufthansa,2026-02-02,2026-03-19,{},
122843,65768,2025-01-19,774000,3,No disponible,774,japaca917@viajes.cl,Logroño,Santa Cruz de Tenerife,73,3491,258000,,2026-03-30,2026-04-01,{},
130770,59629,2025-09-05,558000,2,No disponible,558,jarodo529@viajes.cl,Fuenlabrada,Majadahonda,46,2861,279000,American Airlines,2026-03-11,2026-03-12,{},
119652,60676,2025-01-10,346000,2,No disponible,346,javier3160596@viajes.cl,Santa Cruz de Tenerife,León,35,3600,173000,KLM,2025-01-29,2025-01-31,{},
116771,62131,2025-11-13,2950000,10,No disponible,2950,joaquín1973311@viajes.cl,Almería,Cuenta,46,2570,295000,Aeroméxico,2026-03-04,2026-03-05,{},
127951,59134,2025-08-01,245000,5,No disponible,245,joaquín2078868@viajes.cl,Santa Coloma de Gramanet,Cádiz,82,120,49000,Air France,2026-03-16,2026-03-16,{},
147370,,,,,Disponible,0,joedmopo307@viajes.cl,Palencia,Rivas-Vaciamadrid,56,3046,145000,EasyJet,2025-04-22,2025-08-26,{},
110699,59220,2025-01-21,1268000,4,No disponible,1268,jogoma467@viajes.cl,Ponferrada,Algeciras,90,4236,317000,Aeroméxico,2025-04-29,2025-05-01,{},
124947,57636,2025-04-25,1845000,9,No disponible,1845,jolualca163@viajes.cl,Rubí,Cáceres,98,2185,205000,Japan Airlines,2025-05-28,2025-05-29,{},
93452,60352,2025-01-09,260000,2,No disponible,260,jomacaol823@viajes.cl,Lérida,Calahorra,16,595,130000,WestJet,2025-02-08,2025-02-08,{},
93967,60191,2025-07-28,2448000,8,No disponible,2448,joocle772@viajes.cl,Estepona,Santander,52,3537,306000,Air France,2025-09-14,2025-09-16,{},
109645,59055,2025-10-10,546000,3,No disponible,546,joquna220@viajes.cl,Getafe,Zaragoza,20,2845,182000,Lufthansa,2025-12-01,2025-12-02,{},
148348,,,,,Disponible,0,josé4978470@viajes.cl,Motril,Gijón,15,2214,230000,Qatar Airways,2025-02-01,2025-05-04,{},
109782,61952,2025-01-27,333000,3,No disponible,333,jovepo298@viajes.cl,Cornellá de Llobregat,Orense,79,659,111000,WestJet,2026-03-12,2026-03-12,,
143169,59428,2025-03-28,928000,8,No disponible,928,jubáor209@viajes.cl,Palencia,,95,1930,116000,Qatar Airways,2026-09-09,2026-09-10,{},
96367,66343,2025-06-30,760000,2,No disponible,760,julia5060345@viajes.cl,Ferrol,,53,3103,380000,Delta Air Lines,2026-04-04,2026-04-06,{},
93432,62311,2025-04-10,290000,2,No disponible,290,julio3900607@viajes.cl,Collado Villalba,Linares,41,874,145000,Vueling,2026-08-08,2026-08-08,{},
141767,57027,2025-05-04,1476000,3,No disponible,1476,julio6692906@viajes.cl,Gijón,Fuenlabrada,60,3873,492000,Aeroméxico,2025-05-15,2025-05-17,{},
108571,59614,2025-03-02,1176000,8,No disponible,1176,lomaáv687@viajes.cl,,Valdemoro,34,394,147000,LATAM Airlines,2025-09-11,2025-09-11,{},
133269,57883,2025-04-13,235000,1,No disponible,235,lorena2481523@viajes.cl,Mollet del Vallés,Leganés,20,3975,235000,Lufthansa,2025-05-19,2025-05-21,{},
148131,,,,,Disponible,0,lorenzo7727311@viajes.cl,Mataró,Lorca,78,502,107000,Qatar Airways,2026-08-10,2026-08-30,{},
148384,,,,,Disponible,0,lourdes3752581@viajes.cl,Jaén,Bilbao,30,776,108000,WestJet,2025-01-13,2025-02-14,{},
147424,,,,,Disponible,0,lourdes8362869@viajes.cl,Oviedo,Paterna,,3644,485000,Aeroméxico,2025-10-26,2026-03-26,{},
138057,62437,2026-02-12,365000,5,No disponible,365,lucari551@viajes.cl,,Santa Cruz de Tenerife,86,443,73000,KLM,2026-02-16,2026-02-16,{},
124767,58840,2025-09-15,1035000,9,No disponible,1035,lumialca380@viajes.cl,Leganés,Alicante,38,2891,115000,Air France,2026-10-25,2026-10-27,{},
97389,62178,2026-01-06,128000,1,No disponible,128,luz2860610@viajes.cl,San Cristróbal de la Laguna,,42,130,128000,EasyJet,2026-11-04,2026-11-04,{},
86105,57310,2025-05-10,596000,4,No disponible,596,mabahe502@viajes.cl,Salamanca,Lérida,85,1420,149000,Qatar Airways,2025-05-26,2025-05-26,{},
147839,,,,,Disponible,0,majáro736@viajes.cl,Alcoy,Getafe,88,523,18000,Ryanair,2026-10-10,,,
83125,65742,2025-02-14,165000,1,No disponible,165,manuel3575963@viajes.cl,Ciudad Real,Rivas-Vaciamadrid,90,2168,165000,LATAM Airlines,2025-02-15,2025-02-16,{},
148592,,,,,Disponible,0,maqupa704@viajes.cl,Chiclana de la Frontera,El Ejido,66,392,12000,Lufthansa,2025-12-03,2025-12-19,{},
146962,,,,,Disponible,0,marcos9487992@viajes.cl,Sevilla,Gerona,75,3806,455000,Ryanair,2025-11-02,2026-04-09,{},
119884,57492,2026-02-09,2065000,7,No disponible,2065,maroma719@viajes.cl,Vitoria,Elche,19,3965,295000,Wizz Air,2026-07-01,2026-07-03,{},
147086,,,,,Disponible,0,maría3238354@viajes.cl,Valdemoro,Lérida,82,2257,253000,Aeroméxico,2026-11-27,,{},
148066,,,,,Disponible,0,nacaca348@viajes.cl,El Ejido,San Cristróbal de la Laguna,74,1707,134000,Iberia,2025-12-23,2026-03-04,{},
93770,57761,2025-05-01,30000,1,No disponible,30,nanise574@viajes.cl,La Línea de la Concepción,Talavera de la Reina,12,1007,30000,Alaska Airlines,2026-08-13,2026-08-13,{},
114639,58674,2025-06-13,3204000,9,No disponible,3204,naroro910@viajes.cl,Alcobendas,,47,3022,356000,KLM,2026-01-19,2026-01-21,{},
147822,,,,,Disponible,0,oldeanco821@viajes.cl,Jerez de la Frontera,Sanlúcar de Barrameda,41,3431,169000,Spirit Airlines,2026-03-27,2026-08-16,{},
99104,56691,2025-03-10,400000,2,No disponible,400,olivia854628@viajes.cl,Lérida,Zaragoza,77,1963,200000,JetBlue,2025-07-23,2025-07-24,{},
147626,,,,,Disponible,0,patricia3238325@viajes.cl,Santa Cruz de Tenerife,Zaragoza,46,671,58000,Air New Zealand,2026-05-12,2026-06-08,{},
103117,63337,2026-03-07,2673000,9,No disponible,2673,rebeca2742263@viajes.cl,Dos Hermanas,Guadalajara,1,3492,297000,Ethiopian Airlines,2026-04-27,2026-04-29,{},
139216,58118,2026-03-14,2044000,7,No disponible,2044,revaor825@viajes.cl,Tarrasa,Elche,69,3083,292000,Air France,2026-05-16,2026-05-18,{},
148113,,,,,Disponible,0,rodrigo4810214@viajes.cl,Tarragona,Bilbao,31,1094,122000,All Nippon Airways (ANA),2026-05-17,2026-07-01,{},
143412,58883,2025-05-09,2970000,10,No disponible,2970,sara3658705@viajes.cl,Hospitalet de LLobregat,Pontevedra,39,2422,297000,Japan Airlines,2025-07-20,2025-07-21,{},
107573,62893,2025-04-06,1590000,5,No disponible,1590,sofia1431695@viajes.cl,Talavera de la Reina,Avilés,64,4106,318000,Iberia,2026-01-31,2026-02-02,{},
147349,,,,,Disponible,0,soledad4866400@viajes.cl,Cuenta,Alcorcón,77,3467,209000,LATAM Airlines,2025-12-06,2026-04-29,{},
147476,,,,,Disponible,0,sr.3043160@viajes.cl,Sabadell,Molina de Segura,67,4135,282000,Wizz Air,2025-01-01,,{},
139050,55637,2025-05-04,1690000,10,No disponible,1690,sr.3134211@viajes.cl,Alcalá de Henares,Telde,73,381,169000,Qantas,2026-06-03,2026-06-03,{},
148291,,,,,Disponible,0,sr.3383439@viajes.cl,Valencia,Vigo,35,2962,366000,Air Canada,2026-04-30,2026-08-31,{},
113472,58283,2025-07-05,495000,3,No disponible,495,sr.3664786@viajes.cl,Valladolid,Collado Villalba,93,1627,165000,Turkish Airlines,2025-08-06,,{},
82206,63614,2025-03-21,1205000,5,No disponible,1205,sr.590458@viajes.cl,Zamora,Pamplona,3,3343,241000,LATAM Airlines,2025-06-09,,{},
147284,,,,,Disponible,0,sr.8656807@viajes.cl,San Sebastían de los Reyes,El Puerto de Santa María,45,980,54000,United Airlines,2025-12-25,2026-02-03,{},
148526,,,,,Disponible,0,sra.2941122@viajes.cl,Gecho,Chiclana de la Frontera,42,2131,138000,Iberia,2026-09-23,2026-12-20,{},
123082,64810,2025-01-25,840000,8,No disponible,840,sra.4531821@viajes.cl,Málaga,Mollet del Vallés,34,1023,105000,Lufthansa,2025-05-06,2025-05-06,{},
107891,57940,2025-02-12,288000,6,No disponible,288,sra.8471206@viajes.cl,Granollers,Badajoz,79,251,48000,,2025-02-21,2025-02-21,{},
135622,66250,2025-06-03,180000,1,No disponible,180,sra.8766158@viajes.cl,Salamanca,La Coruña,100,2365,180000,Emirates,2025-10-10,2025-10-11,{},
85852,66095,2025-06-11,990000,5,No disponible,990,sramgalo790@viajes.cl,Huelva,Fuengirola,58,3890,198000,Ethiopian Airlines,2026-06-27,,{},
136789,57221,2025-01-15,370000,10,No disponible,370,srflsolu390@viajes.cl,Santander,Leganés,12,364,37000,American Airlines,2026-11-13,2026-11-13,,
94942,58022,2025-03-02,1060000,10,No disponible,1060,srgepili368@viajes.cl,Burgos,Alcorcón,87,2128,106000,Frontier Airlines,2025-03-23,2025-03-24,{},
86253,64359,2026-08-31,3458000,7,No disponible,3458,srjuardeje698@viajes.cl,Benidorm,,,3923,494000,Japan Airlines,2026-11-02,,{},
147823,,,,,Disponible,0,srluququ687@viajes.cl,Torrelavega,Ceuta,89,596,68000,,2025-08-03,2025-08-27,{},
148161,,,,,Disponible,0,srmacaes852@viajes.cl,Cornellá de Llobregat,Mataró,95,1270,127000,American Airlines,2026-10-27,2026-12-18,{},
147097,,,,,Disponible,0,srmasodues715@viajes.cl,Alcobendas,Reus,61,1630,84000,JetBlue,2026-09-05,2026-11-11,{},
89415,56723,2025-11-21,942000,3,No disponible,942,sta.1409702@viajes.cl,Torrelavega,San Cristróbal de la Laguna,78,3322,314000,Frontier Airlines,2026-07-14,2026-07-16,{},
96040,63654,2025-04-03,594000,3,No disponible,594,sta.3082939@viajes.cl,Rivas-Vaciamadrid,Torrelavega,6,3259,198000,American Airlines,2025-06-02,2025-06-04,{},
139237,58024,2025-01-28,3906000,9,No disponible,3906,sta.5063904@viajes.cl,Elda,Barcelona,18,3700,434000,Air New Zealand,2025-10-08,2025-10-10,{},
147331,,,,,Disponible,0,toquma393@viajes.cl,Cáceres,San Fernando,71,3708,332000,Etihad Airways,2026-01-03,2026-06-06,{},
129613,56058,2026-02-20,666000,9,No disponible,666,toviag268@viajes.cl,Alcobendas,Móstoles,2,439,74000,Frontier Airlines,2026-04-23,2026-04-23,{},
88197,58019,2025-04-29,855000,5,No disponible,855,victoria3901472@viajes.cl,Arrecife,,64,618,171000,,2025-05-03,2025-05-03,{},
133100,62806,2025-12-19,162000,1,No disponible,162,víctor4658817@viajes.cl,San Cristróbal de la Laguna,Baracaldo,96,1579,162000,Alaska Airlines,2026-08-07,,{},
147741,,,,,Disponible,0,áncava459@viajes.cl,,Estepona,52,4179,444000,Qantas,2026-06-30,2026-12-21,{},
93391,61199,2025-11-19,510000,6,No disponible,510,ángela4947162@viajes.cl,,Sagunto,79,749,85000,Spirit Airlines,2026-03-26,2026-03-26,{},
147124,,,,,Disponible,0,óscar7955474@viajes.cl,,Elda,,200,189000,JetBlue,2025-05-11,2025-05-19,{},
112079,63804,2025-02-02,820000,10,No disponible,820,ósnapa647@viajes.cl,Hospitalet de LLobregat,Alcobendas,96,1175,82000,Southwest Airlines,2025-12-03,2025-12-03,{},
143382,62487,2025-04-19,295000,5,No disponible,295,Albertoocasio669@viajes.cl,Viladecans,Reus,91,379,59000,JetBlue,2025-11-13,,{},
140230,57950,2025-07-09,258000,6,No disponible,258,Alejandramurillo755@viajes.cl,Huelva,Viladecans,53,1388,43000,Spirit Airlines,2025-09-03,2025-09-03,{},
147637,,,,,Disponible,0,Andreagriego524@viajes.cl,Albacete,Gandía,60,3982,408000,Vueling,2026-07-28,2027-01-09,{},
147811,,,,,Disponible,0,Anitallamas291@viajes.cl,Cerdañola del Vallés,Cáceres,21,1383,42000,Copa Airlines,2026-07-18,2026-09-13,{},
147766,,,,,Disponible,0,Benjamínjiménez670@viajes.cl,Lugo,Cuenta,80,1272,36000,American Airlines,2025-09-10,2025-11-02,{},
136112,66440,2025-01-29,714000,6,No disponible,714,Carlosfierro146@viajes.cl,Sevilla,Viladecans,59,1029,119000,Qantas,2025-02-21,2025-02-21,{},
148158,,,,,Disponible,0,Claudiocantú636@viajes.cl,Rubí,Ferrol,58,1691,75000,Vueling,2026-09-03,2026-11-12,{},
128318,58605,2025-02-02,272000,4,No disponible,272,Cristinatijerina877@viajes.cl,Fuengirola,Parla,14,2028,68000,,2026-08-14,2026-08-15,{},
128241,55938,2025-04-15,1816000,8,No disponible,1816,Doloresroybal738@viajes.cl,Cuenta,Palma de Mallorca,86,2317,227000,Alaska Airlines,2026-02-16,2026-02-17,{},
143795,63212,2025-07-14,1323000,9,No disponible,1323,Elisarubio933@viajes.cl,Valdemoro,Irún,67,3407,147000,Qatar Airways,2025-10-22,2025-10-24,{},
147297,,,,,Disponible,0,Elviraiglesias305@viajes.cl,La Coruña,Alcalá de Guadaira,41,4096,218000,Frontier Airlines,2026-10-18,2027-04-06,{},
148174,,,,,Disponible,0,Estelareyna597@viajes.cl,Mérida,Mollet del Vallés,49,3353,353000,EasyJet,2025-12-17,2026-05-05,{},
147978,,,,,Disponible,0,Evanavarrete220@viajes.cl,San Cristróbal de la Laguna,Ávila,49,1294,131000,Spirit Airlines,2025-09-20,2025-11-12,{},
89158,66529,2025-12-16,868000,7,No disponible,868,Fernandolomeli208@viajes.cl,Manresa,Santa Cruz de Tenerife,25,2774,124000,Delta Air Lines,2026-11-17,2026-11-18,{},
109212,60566,2025-07-31,2712000,8,No disponible,2712,Franciscamontalvo506@viajes.cl,Santa Lucía de Tirajana,Castellón de la Plana,50,3836,339000,Southwest Airlines,2026-04-15,2026-04-17,{},
121214,61920,2025-03-13,1190000,5,No disponible,1190,Franciscoalba215@viajes.cl,Alcalá de Guadaira,La Línea de la Concepción,50,4105,238000,Iberia,2025-07-05,,{},
147664,,,,,Disponible,0,Gonzalocervántez728@viajes.cl,Lugo,Pamplona,56,1621,109000,Air France,2025-05-06,2025-07-12,{},
148319,,,,,Disponible,0,Gregorioverdugo611@viajes.cl,Sanlúcar de Barrameda,Lorca,1,725,50000,Singapore Airlines,2025-03-19,2025-04-18,{},
92445,55707,2025-01-21,392000,2,No disponible,392,Hugoleyva186@viajes.cl,Manresa,Gijón,80,1586,196000,Wizz Air,2025-07-09,2025-07-10,{},
116726,66434,2025-04-22,1272000,8,No disponible,1272,Ignacioholguín519@viajes.cl,Sevilla,Ciudad Real,,2089,159000,Wizz Air,2025-06-29,2025-06-30,{},
116295,57201,2025-02-21,2016000,7,No disponible,2016,Javiernieves797@viajes.cl,Mérida,Castellón de la Plana,69,2667,288000,Ryanair,2025-05-12,2025-05-13,{},
147094,,,,,Disponible,0,Josefinapichardo787@viajes.cl,Molina de Segura,Algeciras,54,473,175000,British Airways,2025-02-14,,,
97781,59825,2025-04-22,2088000,9,No disponible,2088,Lorenzoiglesias999@viajes.cl,Elda,Cerdañola del Vallés,,3161,232000,Air New Zealand,2025-11-12,2025-11-14,{},
148353,,,,,Disponible,0,Luciabañuelos420@viajes.cl,Zaragoza,Torrelavega,92,1699,110000,Delta Air Lines,2025-02-16,2025-04-27,{},
101285,65931,2025-01-19,119000,1,No disponible,119,Luisasoliz819@viajes.cl,Collado Villalba,Madrid,44,2042,119000,United Airlines,2025-04-11,2025-04-12,{},
109222,61708,2025-02-15,2120000,5,No disponible,2120,Luisayala555@viajes.cl,Orihuela,Santa Coloma de Gramanet,85,3676,424000,,2025-04-01,2025-04-03,{},
105670,60488,2025-01-27,3830000,10,No disponible,3830,Marcocortez795@viajes.cl,Santander,Alicante,52,3204,383000,Etihad Airways,2025-06-08,2025-06-10,{},
122529,61791,2026-04-02,1210000,10,No disponible,1210,Marcoharo601@viajes.cl,Albacete,Alcoy,47,3493,121000,Spirit Airlines,2026-04-05,2026-04-07,{},
121637,60051,2025-05-10,892000,4,No disponible,892,Marcoscorrales762@viajes.cl,Fuengirola,Fuengirola,10,2369,223000,Air France,2026-02-18,,{},
89656,65703,2025-01-23,1421000,7,No disponible,1421,Maríarubio434@viajes.cl,Gerona,Córdoba,57,3021,203000,Ethiopian Airlines,2026-07-20,2026-07-22,,
88099,61215,2025-04-27,2574000,9,No disponible,2574,Pablonaranjo381@viajes.cl,Lugo,Benidorm,26,2812,286000,Spirit Airlines,2026-05-31,2026-06-01,{},
147853,,,,,Disponible,0,Patriciocerda695@viajes.cl,Reus,Huelva,62,3984,461000,,2025-02-09,2025-07-25,{},
115608,55955,2026-04-22,3008000,8,No disponible,3008,Pedrolugo488@viajes.cl,Vitoria,Sagunto,26,3227,376000,Air France,2026-05-05,2026-05-07,{},
129605,59142,2026-08-14,550000,10,No disponible,550,Raquelvillalobos916@viajes.cl,San Sebastián,Burgos,56,1321,55000,Air New Zealand,2026-10-23,2026-10-23,{},
148111,,,,,Disponible,0,Raúlbadillo577@viajes.cl,Torrevieja,Dos Hermanas,94,2127,89000,EasyJet,2025-05-30,2025-08-26,{},
117635,59163,2025-02-01,3105000,9,No disponible,3105,Robertosandoval817@viajes.cl,El Ejido,Móstoles,4,3619,345000,Lufthansa,2025-03-27,2025-03-29,{},
147501,,,,,Disponible,0,Rocioanguiano798@viajes.cl,Elda,Albacete,81,1384,86000,Aeroméxico,2026-07-27,2026-09-22,{},
143677,62411,2025-03-14,560000,7,No disponible,560,Samuelmenéndez181@viajes.cl,Alicante,Santa Cruz de Tenerife,1,2706,80000,Qatar Airways,2025-09-02,2025-09-03,{},
126014,65399,2026-06-02,408000,4,No disponible,408,Sanchobétancourt392@viajes.cl,Alicante,Vigo,95,258,102000,Wizz Air,2026-10-18,2026-10-18,{},
122661,64807,2025-08-04,253000,1,No disponible,253,Sanchoponce341@viajes.cl,Benalmádena,Jaén,90,3290,253000,Air France,2025-08-29,2025-08-31,{},
124824,57022,2025-04-10,2810000,10,No disponible,2810,Sergioromo646@viajes.cl,Alcalá de Henares,Rubí,50,2815,281000,Air New Zealand,2025-09-06,2025-09-07,{},
102077,60499,2025-02-18,970000,5,No disponible,970,Silviasantacruz103@viajes.cl,Zamora,Zaragoza,82,3880,194000,Alaska Airlines,2025-12-12,2025-12-14,{},
147544,,,,,Disponible,0,Sr.adorno886@viajes.cl,La Coruña,Granada,1,1399,43000,LATAM Airlines,2025-07-29,2025-09-25,{},
127539,60407,2025-01-28,702000,6,No disponible,702,Sr.limón373@viajes.cl,Parla,Majadahonda,57,834,117000,Frontier Airlines,2026-09-18,2026-09-18,{},
133857,65982,2025-12-13,1610000,7,No disponible,1610,Sra.escamilla417@viajes.cl,Toledo,Granollers,81,2701,230000,EasyJet,2026-03-21,2026-03-22,{},
91157,66410,2025-02-20,51000,1,No disponible,51,Sta.casares518@viajes.cl,Gijón,Alcobendas,,1402,51000,British Airways,2025-11-27,2025-11-27,{},
146948,,,,,Disponible,0,Sta.colunga585@viajes.cl,Mijas,Vigo,,1175,63000,All Nippon Airways (ANA),2026-07-12,2026-08-29,{},
130128,61703,2025-03-19,780000,10,No disponible,780,Sta.contreras629@viajes.cl,Orihuela,La Línea de la Concepción,55,2104,78000,Southwest Airlines,2025-05-30,2025-05-31,{},
148359,,,,,Disponible,0,Sta.gaona818@viajes.cl,Alcalá de Guadaira,Cartagena,30,3221,320000,Air New Zealand,2025-05-29,2025-10-10,{},
146985,,,,,Disponible,0,Sta.mesa478@viajes.cl,Albacete,Badajoz,67,2863,297000,Southwest Airlines,2026-06-04,2026-10-01,{},
148109,,,,,Disponible,0,Sta.miranda323@viajes.cl,Viladecans,Ponferrada,4,2846,107000,KLM,2025-12-31,,{},
147524,,,,,Disponible,0,Sta.pantoja641@viajes.cl,Ponferrada,,13,2027,123000,Air Canada,2025-11-29,2026-02-21,{},
147339,,,,,Disponible,0,Timoteogodoy576@viajes.cl,Santa Coloma de Gramanet,Fuenlabrada,12,2295,220000,Wizz Air,2025-08-10,,{},
115613,61658,2025-01-13,960000,10,No disponible,960,Timoteoparra548@viajes.cl,Palencia,Ferrol,50,2241,96000,Air France,2025-03-30,2025-03-31,{},
104299,63094,2025-07-21,540000,6,No disponible,540,Vicenteescobar772@viajes.cl,Elda,Jaén,34,848,90000,All Nippon Airways (ANA),2025-09-05,2025-09-05,{},
136184,57876,2025-03-30,624000,4,No disponible,624,alberto9508888@viajes.cl,Santa Lucía de Tirajana,Torrejón de Ardoz,15,3252,156000,Wizz Air,2026-08-10,2026-08-12,{},
147851,,,,,Disponible,0,alfonso9925642@viajes.cl,Majadahonda,Chiclana de la Frontera,,2565,267000,Lufthansa,2025-04-02,2025-07-17,{},
94167,56839,2025-01-25,308000,2,No disponible,308,alraba458@viajes.cl,Málaga,,60,1759,154000,Alaska Airlines,2025-09-16,2025-09-17,,
147361,,,,,Disponible,0,alraga536@viajes.cl,Parla,Elda,100,1818,149000,Turkish Airlines,2025-06-10,,{},
83588,58673,2025-06-29,2493000,9,No disponible,2493,amalia1638984@viajes.cl,Orense,Torrevieja,86,2248,277000,Southwest Airlines,2026-11-26,2026-11-27,{},
98098,57294,2025-02-08,300000,5,No disponible,300,andrés6213400@viajes.cl,Mérida,Torrejón de Ardoz,11,981,60000,Frontier Airlines,2025-03-26,2025-03-26,{},
147789,,,,,Disponible,0,arabma748@viajes.cl,Murcia,Segovia,58,3534,287000,Delta Air Lines,2025-09-29,2026-02-23,{},
86620,66354,2025-03-02,1668000,6,No disponible,1668,ardepe428@viajes.cl,Dos Hermanas,Torrevieja,63,2304,278000,Japan Airlines,2026-04-11,2026-04-12,{},
148415,,,,,Disponible,0,armede997@viajes.cl,Castellón de la Plana,Valdemoro,68,2959,328000,Singapore Airlines,2026-02-03,2026-06-06,,
101831,61359,2025-07-13,805000,5,No disponible,805,baalma673@viajes.cl,Tarragona,,40,512,161000,Aeroméxico,2026-03-13,2026-03-13,{},
100433,59823,2025-05-07,1736000,8,No disponible,1736,bernardo1555269@viajes.cl,Sagunto,Bilbao,65,3107,217000,Air France,2025-05-28,2025-05-30,{},
148425,,,,,Disponible,0,cacasa738@viajes.cl,Santa Coloma de Gramanet,Toledo,7,496,79000,Singapore Airlines,2025-05-26,2025-06-15,{},
109893,56469,2026-01-07,270000,6,No disponible,270,cavare416@viajes.cl,Orihuela,Valdemoro,66,1015,45000,Alaska Airlines,2026-05-19,2026-05-19,{},
147027,,,,,Disponible,0,claudio8130894@viajes.cl,Torrevieja,Arrecife,10,2731,169000,British Airways,2025-08-29,2025-12-20,{},
93774,57761,2026-06-13,180000,1,No disponible,180,clbeáv539@viajes.cl,Talavera de la Reina,,56,584,180000,Vueling,2026-08-16,2026-08-16,{},
81857,65294,2025-01-30,395000,5,No disponible,395,crelpa783@viajes.cl,Marbella,Alcorcón,84,250,79000,American Airlines,2026-02-15,2026-02-15,,
111599,56555,2025-03-25,684000,4,No disponible,684,cristina2812921@viajes.cl,Valladolid,Vigo,36,4173,171000,EasyJet,2026-09-26,2026-09-28,{},
144335,58947,2026-03-29,318000,6,No disponible,318,cristina3540137@viajes.cl,Mollet del Vallés,Santa Lucía de Tirajana,17,1647,53000,Spirit Airlines,2026-10-07,2026-10-08,{},
141992,57982,2026-07-18,1914000,6,No disponible,1914,daalno295@viajes.cl,Cartagena,León,48,3153,319000,,2026-12-04,2026-12-06,{},
147954,,,,,Disponible,0,daniel7623906@viajes.cl,Ferrol,Reus,48,2242,190000,WestJet,2026-05-01,2026-08-02,,
88713,58210,2025-06-03,1089000,9,No disponible,1089,diana2611597@viajes.cl,Valencia,Ferrol,60,689,121000,Southwest Airlines,2025-06-08,,{},
99666,55936,2025-05-28,1870000,10,No disponible,1870,elena7103571@viajes.cl,Burgos,Albacete,53,1493,187000,Ethiopian Airlines,2026-03-08,2026-03-09,{},
147884,,,,,Disponible,0,esgudu455@viajes.cl,Guadalajara,Alcorcón,98,2776,125000,Ethiopian Airlines,2026-07-05,2026-10-28,{},
125231,56052,2025-08-13,1539000,9,No disponible,1539,esmavi421@viajes.cl,Murcia,Móstoles,64,2677,171000,Wizz Air,2026-01-13,2026-01-14,{},
148226,,,,,Disponible,0,feorfr504@viajes.cl,Málaga,Ceuta,4,1506,116000,Avianca,2026-07-31,2026-10-01,{},
147759,,,,,Disponible,0,gabriel1504795@viajes.cl,Torremolinos,Viladecans,24,1506,182000,LATAM Airlines,2025-12-30,2026-03-02,,
147563,,,,,Disponible,0,garoca621@viajes.cl,Irún,Valdemoro,71,4212,438000,Air New Zealand,2025-03-07,2025-08-29,{},
147941,,,,,Disponible,0,geheze803@viajes.cl,Getafe,Elche,92,3136,306000,Aeroméxico,2026-01-07,2026-05-17,{},
89208,55952,2025-07-27,1116000,9,No disponible,1116,gilberto6987804@viajes.cl,San Sebastían de los Reyes,,96,344,124000,Turkish Airlines,2025-10-31,2025-10-31,{},
93439,62311,2025-10-16,364000,2,No disponible,364,glmápa136@viajes.cl,Castellón de la Plana,Paterna,47,336,182000,Ethiopian Airlines,2026-08-15,2026-08-15,{},
147169,,,,,Disponible,0,grrode416@viajes.cl,Inca,Motril,73,3499,392000,WestJet,2026-07-28,2026-12-20,{},
148057,,,,,Disponible,0,gufequ609@viajes.cl,Alcalá de Guadaira,Cartagena,19,3544,122000,Avianca,2026-09-13,2027-02-07,{},
148323,,,,,Disponible,0,guveav526@viajes.cl,Castellón de la Plana,Alcoy,41,4277,197000,United Airlines,2025-10-31,2026-04-27,{},
129074,61458,2025-02-13,74000,2,No disponible,74,jacobo2952233@viajes.cl,Leganés,Lérida,85,272,37000,Emirates,2025-04-30,2025-04-30,,
101493,65529,2025-04-16,354000,6,No disponible,354,jaime4919793@viajes.cl,Pamplona,Segovia,59,235,59000,Southwest Airlines,2026-02-03,2026-02-03,{},
147242,,,,,Disponible,0,jamava511@viajes.cl,Estepona,Sevilla,23,1090,65000,Lufthansa,2026-02-02,2026-03-19,{},
122843,65768,2025-01-19,774000,3,No disponible,774,japaca917@viajes.cl,Logroño,Santa Cruz de Tenerife,73,3491,258000,,2026-03-30,2026-04-01,{},
130770,59629,2025-09-05,558000,2,No disponible,558,jarodo529@viajes.cl,Fuenlabrada,Majadahonda,46,2861,279000,American Airlines,2026-03-11,2026-03-12,{},
119652,60676,2025-01-10,346000,2,No disponible,346,javier3160596@viajes.cl,Santa Cruz de Tenerife,León,35,3600,173000,KLM,2025-01-29,2025-01-31,{},
116771,62131,2025-11-13,2950000,10,No disponible,2950,joaquín1973311@viajes.cl,Almería,Cuenta,46,2570,295000,Aeroméxico,2026-03-04,2026-03-05,{},
127951,59134,2025-08-01,245000,5,No disponible,245,joaquín2078868@viajes.cl,Santa Coloma de Gramanet,Cádiz,82,120,49000,Air France,2026-03-16,2026-03-16,{},
147370,,,,,Disponible,0,joedmopo307@viajes.cl,Palencia,Rivas-Vaciamadrid,56,3046,145000,EasyJet,2025-04-22,2025-08-26,{},
110699,59220,2025-01-21,1268000,4,No disponible,1268,jogoma467@viajes.cl,Ponferrada,Algeciras,90,4236,317000,Aeroméxico,2025-04-29,2025-05-01,{},
124947,57636,2025-04-25,1845000,9,No disponible,1845,jolualca163@viajes.cl,Rubí,Cáceres,98,2185,205000,Japan Airlines,2025-05-28,2025-05-29,{},
93452,60352,2025-01-09,260000,2,No disponible,260,jomacaol823@viajes.cl,Lérida,Calahorra,16,595,130000,WestJet,2025-02-08,2025-02-08,{},
93967,60191,2025-07-28,2448000,8,No disponible,2448,joocle772@viajes.cl,Estepona,Santander,52,3537,306000,Air France,2025-09-14,2025-09-16,{},
109645,59055,2025-10-10,546000,3,No disponible,546,joquna220@viajes.cl,Getafe,Zaragoza,20,2845,182000,Lufthansa,2025-12-01,2025-12-02,{},
148348,,,,,Disponible,0,josé4978470@viajes.cl,Motril,Gijón,15,2214,230000,Qatar Airways,2025-02-01,2025-05-04,{},
109782,61952,2025-01-27,333000,3,No disponible,333,jovepo298@viajes.cl,Cornellá de Llobregat,Orense,79,659,111000,WestJet,2026-03-12,2026-03-12,,
143169,59428,2025-03-28,928000,8,No disponible,928,jubáor209@viajes.cl,Palencia,,95,1930,116000,Qatar Airways,2026-09-09,2026-09-10,{},
96367,66343,2025-06-30,760000,2,No disponible,760,julia5060345@viajes.cl,Ferrol,,53,3103,380000,Delta Air Lines,2026-04-04,2026-04-06,{},
93432,62311,2025-04-10,290000,2,No disponible,290,julio3900607@viajes.cl,Collado Villalba,Linares,41,874,145000,Vueling,2026-08-08,2026-08-08,{},
141767,57027,2025-05-04,1476000,3,No disponible,1476,julio6692906@viajes.cl,Gijón,Fuenlabrada,60,3873,492000,Aeroméxico,2025-05-15,2025-05-17,{},
108571,59614,2025-03-02,1176000,8,No disponible,1176,lomaáv687@viajes.cl,,Valdemoro,34,394,147000,LATAM Airlines,2025-09-11,2025-09-11,{},
133269,57883,2025-04-13,235000,1,No disponible,235,lorena2481523@viajes.cl,Mollet del Vallés,Leganés,20,3975,235000,Lufthansa,2025-05-19,2025-05-21,{},
148131,,,,,Disponible,0,lorenzo7727311@viajes.cl,Mataró,Lorca,78,502,107000,Qatar Airways,2026-08-10,2026-08-30,{},
148384,,,,,Disponible,0,lourdes3752581@viajes.cl,Jaén,Bilbao,30,776,108000,WestJet,2025-01-13,2025-02-14,{},
147424,,,,,Disponible,0,lourdes8362869@viajes.cl,Oviedo,Paterna,,3644,485000,Aeroméxico,2025-10-26,2026-03-26,{},
138057,62437,2026-02-12,365000,5,No disponible,365,lucari551@viajes.cl,,Santa Cruz de Tenerife,86,443,73000,KLM,2026-02-16,2026-02-16,{},
124767,58840,2025-09-15,1035000,9,No disponible,1035,lumialca380@viajes.cl,Leganés,Alicante,38,2891,115000,Air France,2026-10-25,2026-10-27,{},
97389,62178,2026-01-06,128000,1,No disponible,128,luz2860610@viajes.cl,San Cristróbal de la Laguna,,42,130,128000,EasyJet,2026-11-04,2026-11-04,{},
86105,57310,2025-05-10,596000,4,No disponible,596,mabahe502@viajes.cl,Salamanca,Lérida,85,1420,149000,Qatar Airways,2025-05-26,2025-05-26,{},
147839,,,,,Disponible,0,majáro736@viajes.cl,Alcoy,Getafe,88,523,18000,Ryanair,2026-10-10,,,
83125,65742,2025-02-14,165000,1,No disponible,165,manuel3575963@viajes.cl,Ciudad Real,Rivas-Vaciamadrid,90,2168,165000,LATAM Airlines,2025-02-15,2025-02-16,{},
148592,,,,,Disponible,0,maqupa704@viajes.cl,Chiclana de la Frontera,El Ejido,66,392,12000,Lufthansa,2025-12-03,2025-12-19,{},
146962,,,,,Disponible,0,marcos9487992@viajes.cl,Sevilla,Gerona,75,3806,455000,Ryanair,2025-11-02,2026-04-09,{},
119884,57492,2026-02-09,2065000,7,No disponible,2065,maroma719@viajes.cl,Vitoria,Elche,19,3965,295000,Wizz Air,2026-07-01,2026-07-03,{},
147086,,,,,Disponible,0,maría3238354@viajes.cl,Valdemoro,Lérida,82,2257,253000,Aeroméxico,2026-11-27,,{},
148066,,,,,Disponible,0,nacaca348@viajes.cl,El Ejido,San Cristróbal de la Laguna,74,1707,134000,Iberia,2025-12-23,2026-03-04,{},
93770,57761,2025-05-01,30000,1,No disponible,30,nanise574@viajes.cl,La Línea de la Concepción,Talavera de la Reina,12,1007,30000,Alaska Airlines,2026-08-13,2026-08-13,{},
114639,58674,2025-06-13,3204000,9,No disponible,3204,naroro910@viajes.cl,Alcobendas,,47,3022,356000,KLM,2026-01-19,2026-01-21,{},
147822,,,,,Disponible,0,oldeanco821@viajes.cl,Jerez de la Frontera,Sanlúcar de Barrameda,41,3431,169000,Spirit Airlines,2026-03-27,2026-08-16,{},
99104,56691,2025-03-10,400000,2,No disponible,400,olivia854628@viajes.cl,Lérida,Zaragoza,77,1963,200000,JetBlue,2025-07-23,2025-07-24,{},
147626,,,,,Disponible,0,patricia3238325@viajes.cl,Santa Cruz de Tenerife,Zaragoza,46,671,58000,Air New Zealand,2026-05-12,2026-06-08,{},
103117,63337,2026-03-07,2673000,9,No disponible,2673,rebeca2742263@viajes.cl,Dos Hermanas,Guadalajara,1,3492,297000,Ethiopian Airlines,2026-04-27,2026-04-29,{},
139216,58118,2026-03-14,2044000,7,No disponible,2044,revaor825@viajes.cl,Tarrasa,Elche,69,3083,292000,Air France,2026-05-16,2026-05-18,{},
148113,,,,,Disponible,0,rodrigo4810214@viajes.cl,Tarragona,Bilbao,31,1094,122000,All Nippon Airways (ANA),2026-05-17,2026-07-01,{},
143412,58883,2025-05-09,2970000,10,No disponible,2970,sara3658705@viajes.cl,Hospitalet de LLobregat,Pontevedra,39,2422,297000,Japan Airlines,2025-07-20,2025-07-21,{},
107573,62893,2025-04-06,1590000,5,No disponible,1590,sofia1431695@viajes.cl,Talavera de la Reina,Avilés,64,4106,318000,Iberia,2026-01-31,2026-02-02,{},
147349,,,,,Disponible,0,soledad4866400@viajes.cl,Cuenta,Alcorcón,77,3467,209000,LATAM Airlines,2025-12-06,2026-04-29,{},
147476,,,,,Disponible,0,sr.3043160@viajes.cl,Sabadell,Molina de Segura,67,4135,282000,Wizz Air,2025-01-01,,{},
139050,55637,2025-05-04,1690000,10,No disponible,1690,sr.3134211@viajes.cl,Alcalá de Henares,Telde,73,381,169000,Qantas,2026-06-03,2026-06-03,{},
148291,,,,,Disponible,0,sr.3383439@viajes.cl,Valencia,Vigo,35,2962,366000,Air Canada,2026-04-30,2026-08-31,{},
113472,58283,2025-07-05,495000,3,No disponible,495,sr.3664786@viajes.cl,Valladolid,Collado Villalba,93,1627,165000,Turkish Airlines,2025-08-06,,{},
82206,63614,2025-03-21,1205000,5,No disponible,1205,sr.590458@viajes.cl,Zamora,Pamplona,3,3343,241000,LATAM Airlines,2025-06-09,,{},
147284,,,,,Disponible,0,sr.8656807@viajes.cl,San Sebastían de los Reyes,El Puerto de Santa María,45,980,54000,United Airlines,2025-12-25,2026-02-03,{},
148526,,,,,Disponible,0,sra.2941122@viajes.cl,Gecho,Chiclana de la Frontera,42,2131,138000,Iberia,2026-09-23,2026-12-20,{},
123082,64810,2025-01-25,840000,8,No disponible,840,sra.4531821@viajes.cl,Málaga,Mollet del Vallés,34,1023,105000,Lufthansa,2025-05-06,2025-05-06,{},
107891,57940,2025-02-12,288000,6,No disponible,288,sra.8471206@viajes.cl,Granollers,Badajoz,79,251,48000,,2025-02-21,2025-02-21,{},
135622,66250,2025-06-03,180000,1,No disponible,180,sra.8766158@viajes.cl,Salamanca,La Coruña,100,2365,180000,Emirates,2025-10-10,2025-10-11,{},
85852,66095,2025-06-11,990000,5,No disponible,990,sramgalo790@viajes.cl,Huelva,Fuengirola,58,3890,198000,Ethiopian Airlines,2026-06-27,,{},
136789,57221,2025-01-15,370000,10,No disponible,370,srflsolu390@viajes.cl,Santander,Leganés,12,364,37000,American Airlines,2026-11-13,2026-11-13,,
94942,58022,2025-03-02,1060000,10,No disponible,1060,srgepili368@viajes.cl,Burgos,Alcorcón,87,2128,106000,Frontier Airlines,2025-03-23,2025-03-24,{},
86253,64359,2026-08-31,3458000,7,No disponible,3458,srjuardeje698@viajes.cl,Benidorm,,,3923,494000,Japan Airlines,2026-11-02,,{},
147823,,,,,Disponible,0,srluququ687@viajes.cl,Torrelavega,Ceuta,89,596,68000,,2025-08-03,2025-08-27,{},
148161,,,,,Disponible,0,srmacaes852@viajes.cl,Cornellá de Llobregat,Mataró,95,1270,127000,American Airlines,2026-10-27,2026-12-18,{},
147097,,,,,Disponible,0,srmasodues715@viajes.cl,Alcobendas,Reus,61,1630,84000,JetBlue,2026-09-05,2026-11-11,{},
89415,56723,2025-11-21,942000,3,No disponible,942,sta.1409702@viajes.cl,Torrelavega,San Cristróbal de la Laguna,78,3322,314000,Frontier Airlines,2026-07-14,2026-07-16,{},
96040,63654,2025-04-03,594000,3,No disponible,594,sta.3082939@viajes.cl,Rivas-Vaciamadrid,Torrelavega,6,3259,198000,American Airlines,2025-06-02,2025-06-04,{},
139237,58024,2025-01-28,3906000,9,No disponible,3906,sta.5063904@viajes.cl,Elda,Barcelona,18,3700,434000,Air New Zealand,2025-10-08,2025-10-10,{},
147331,,,,,Disponible,0,toquma393@viajes.cl,Cáceres,San Fernando,71,3708,332000,Etihad Airways,2026-01-03,2026-06-06,{},
129613,56058,2026-02-20,666000,9,No disponible,666,toviag268@viajes.cl,Alcobendas,Móstoles,2,439,74000,Frontier Airlines,2026-04-23,2026-04-23,{},
88197,58019,2025-04-29,855000,5,No disponible,855,victoria3901472@viajes.cl,Arrecife,,64,618,171000,,2025-05-03,2025-05-03,{},
133100,62806,2025-12-19,162000,1,No disponible,162,víctor4658817@viajes.cl,San Cristróbal de la Laguna,Baracaldo,96,1579,162000,Alaska Airlines,2026-08-07,,{},
147741,,,,,Disponible,0,áncava459@viajes.cl,,Estepona,52,4179,444000,Qantas,2026-06-30,2026-12-21,{},
93391,61199,2025-11-19,510000,6,No disponible,510,ángela4947162@viajes.cl,,Sagunto,79,749,85000,Spirit Airlines,2026-03-26,2026-03-26,{},
147124,,,,,Disponible,0,óscar7955474@viajes.cl,,Elda,,200,189000,JetBlue,2025-05-11,2025-05-19,{},
112079,63804,2025-02-02,820000,10,No disponible,820,ósnapa647@viajes.cl,Hospitalet de LLobregat,Alcobendas,96,1175,82000,Southwest Airlines,2025-12-03,2025-12-03,{},
98898,61149,2025-03-31,1690000,5,No disponible,1690,Adrianaarevalo161@viajes.cl,La Coruña,Lugo,35,3769,338000,ŽFBH (Bosnia y Herzegovina),2025-08-27,2025-08-29,"{""Aire acondicionado"",TV,Agua,Comida,Wifi,Calefacción,""Asientos reclinables""}",
147101,,,,,Disponible,0,Albertocarranza913@viajes.cl,,Sanlúcar de Barrameda,59,2078,148000,KLM,2025-02-26,,{},
82168,65059,2026-01-13,1180000,10,No disponible,1180,Albertoosorio573@viajes.cl,Inca,Almería,39,1515,118000,Omnibus de México,2026-02-28,2026-03-01,"{""Aire acondicionado"",Baño,Wifi}",
84396,61486,2025-05-28,304000,8,No disponible,304,Alejandraleyva742@viajes.cl,Puertollano,La Línea de la Concepción,43,152,38000,Socibus,2025-07-29,2025-07-29,"{Calefacción,""Asientos reclinables"",""Aire acondicionado""}",
81239,61734,2025-07-17,1010000,5,No disponible,1010,Alfredobenavídez720@viajes.cl,Arrecife,Orihuela,18,2647,202000,Thalys,2025-08-27,2025-08-28,"{Agua,Wifi,""Asientos reclinables"",Calefacción,Baño}",
112707,61370,2026-08-17,316000,2,No disponible,316,Amaliaadame525@viajes.cl,Roquetas de Mar,,19,2821,158000,HŽ (Croacia),2026-09-10,,"{Baño,""Asientos reclinables"",Calefacción,Comida,Wifi}",
111942,59801,2025-08-13,192000,3,No disponible,192,Amaliagálvez582@viajes.cl,Albacete,Castellón de la Plana,18,1813,64000,Copa Airlines,2026-08-20,2026-08-21,{},
147043,,,,,Disponible,0,Arturosalas423@viajes.cl,Algeciras,Jerez de la Frontera,,3333,275000,Ryanair,2025-03-12,2025-07-28,{},
144936,,,,,Disponible,0,Benjamínloya261@viajes.cl,San Cristróbal de la Laguna,Gandía,39,3298,120000,BoltBus,2026-04-30,,"{""Asientos reclinables"",Wifi,""Aire acondicionado""}",
142011,64267,2025-01-15,588000,7,No disponible,588,Carlavega155@viajes.cl,Tarrasa,Mérida,49,785,84000,ÖBB (Austria),2025-02-23,2025-02-23,"{Wifi,TV,Calefacción}",
117278,59333,2025-08-07,160000,5,No disponible,160,Carlosgollum406@viajes.cl,Fuengirola,Zamora,26,535,32000,NS International,2026-02-06,,{},
135421,64852,2025-05-26,450000,6,No disponible,450,Carloshurtado807@viajes.cl,Móstoles,Majadahonda,32,1223,75000,NS International,2025-07-19,2025-07-19,"{Comida,Baño,""Aire acondicionado""}",
129517,57091,2025-05-24,1030000,5,No disponible,1030,Carlosloera513@viajes.cl,Parla,Leganés,23,2803,206000,Ryanair,2026-08-03,2026-08-04,,
103821,59201,2025-03-30,1768000,8,No disponible,1768,Clarasalas217@viajes.cl,Santa Lucía de Tirajana,,80,2803,221000,Renfe,2025-07-15,2025-07-16,"{""Aire acondicionado"",Calefacción,TV,Agua,Comida}",
148652,,,,,Disponible,0,Clarasaldaña655@viajes.cl,Cerdañola del Vallés,Telde,62,1724,134000,MÁV (Hungría),2026-11-08,2027-01-18,"{""Aire acondicionado"",Comida,Agua,Baño}",
86511,62779,2026-02-05,318000,1,No disponible,318,Concepciónhidalgo107@viajes.cl,El Prat de LLobregat,El Prat de LLobregat,54,3563,318000,SNCB (Bélgica),2026-04-19,2026-04-21,,
118282,61592,2025-05-12,1544000,8,No disponible,1544,Cristinadelatorre259@viajes.cl,Murcia,Baracaldo,21,2816,193000,Turkish Airlines,2026-07-23,2026-07-24,{},
130966,61660,2025-09-14,450000,3,No disponible,450,Cristinagarza954@viajes.cl,Viladecans,Ceuta,61,887,150000,Vueling,2026-11-30,2026-11-30,{},
82357,61777,2025-05-02,830000,5,No disponible,830,Césarcarranza981@viajes.cl,Viladecans,Badajoz,65,2292,166000,TGV (SNCF),2025-11-29,2025-11-30,"{Calefacción,""Aire acondicionado"",Baño,Comida,TV}",
90412,58814,2025-01-02,522000,6,No disponible,522,Danielpáez646@viajes.cl,Gijón,Granada,3,192,87000,ŽFBH (Bosnia y Herzegovina),2026-02-21,2026-02-21,{},
111381,60214,2025-03-13,1296000,9,No disponible,1296,Doloreslucio682@viajes.cl,La Línea de la Concepción,Castellón de la Plana,83,1171,144000,,2025-12-27,2025-12-27,{},
149010,,,,,Disponible,0,Déboralimón727@viajes.cl,,Tarragona,2,3926,415000,HŽ (Croacia),2026-10-08,2027-03-20,"{Agua,""Asientos reclinables"",""Aire acondicionado"",Wifi,TV,Comida,Baño}",
146983,,,,,Disponible,0,Elenamontemayor792@viajes.cl,Rubí,Puertollano,7,1748,196000,American Airlines,2025-11-26,2026-02-06,{},
123189,62566,2025-09-08,1088000,8,No disponible,1088,Elsavillalpando941@viajes.cl,Paterna,Ferrol,22,1621,136000,CFR (Rumania),2026-06-24,2026-06-25,,
131679,63094,2025-03-12,1224000,8,No disponible,1224,Elvirajaimes547@viajes.cl,Vitoria,Sabadell,27,719,153000,Turkish Airlines,2025-06-28,2025-06-28,{},
114960,61536,2025-03-26,405000,1,No disponible,405,Emiliabermúdez819@viajes.cl,Santa Coloma de Gramanet,Molina de Segura,75,4277,405000,,2025-05-02,2025-05-04,{},
148598,,,,,Disponible,0,Emiliotijerina676@viajes.cl,Cartagena,Talavera de la Reina,65,4158,432000,Japan Airlines,2026-09-08,2027-02-28,{},
83944,59252,2025-09-13,732000,4,No disponible,732,Enriqueochoa292@viajes.cl,Rubí,Málaga,17,2568,183000,NSB (Noruega),2026-05-21,2026-05-22,"{TV,Agua,""Asientos reclinables"",""Aire acondicionado"",Calefacción}",
132691,57698,2025-10-13,1876000,7,No disponible,1876,Enriquetamez108@viajes.cl,Gecho,Palencia,90,3871,268000,,2026-06-18,2026-06-20,"{Agua,""Aire acondicionado"",""Asientos reclinables"",Calefacción,Comida,Baño,TV}",
104701,59672,2025-02-08,1592000,8,No disponible,1592,Ernestocerda293@viajes.cl,Fuengirola,Palma de Mallorca,41,504,199000,,2025-02-11,2025-02-11,{},
100182,62819,2025-12-03,219000,3,No disponible,219,Esperanzacandelaria990@viajes.cl,La Línea de la Concepción,San Sebastián,50,3377,73000,Andesmar,2026-03-19,2026-03-21,,
130436,55581,2025-12-13,285000,3,No disponible,285,Estebanelizondo783@viajes.cl,Lérida,Málaga,47,3736,95000,Plusmar,2026-11-18,2026-11-20,"{Wifi,TV,""Asientos reclinables""}",
148717,,,,,Disponible,0,Estermares578@viajes.cl,El Puerto de Santa María,Paterna,57,3149,376000,Deutsche Bahn (DB),2025-06-26,2025-11-04,"{Baño,Agua,""Asientos reclinables"",Calefacción,TV,Wifi}",
88038,65690,2025-06-21,513000,9,No disponible,513,Fernandodelao340@viajes.cl,Ponferrada,Alcoy,92,600,57000,CP (Portugal),2025-12-08,2025-12-08,{},
114651,64183,2025-01-16,2196000,9,No disponible,2196,Franciscogranado910@viajes.cl,Guadalajara,Toledo,70,2449,244000,NS International,2025-03-23,2025-03-24,"{Agua,""Aire acondicionado"",Baño,TV,Calefacción}",
87621,60035,2026-03-11,1305000,5,No disponible,1305,Franciscojesús882@viajes.cl,Badalona,Santiago de Compostela,28,2444,261000,Vueling,2026-10-10,2026-10-11,{},
90184,57473,2025-12-28,556000,4,No disponible,556,Gilbertoayala702@viajes.cl,Segovia,Mataró,71,3208,139000,Deutsche Bahn (DB),2026-09-07,2026-09-09,"{TV,Calefacción,""Asientos reclinables"",Agua,Comida,Baño}",
126996,64101,2025-10-11,360000,8,No disponible,360,Gilbertosoria980@viajes.cl,Valdemoro,Torrevieja,78,177,45000,Emirates,2026-01-17,2026-01-17,{},
135993,56906,2025-05-11,2232000,6,No disponible,2232,Gilbertoverduzco611@viajes.cl,Vitoria,Ceuta,77,3925,372000,ZSSK (Eslovaquia),2026-08-31,2026-09-02,"{Agua,Baño,Comida,TV,Wifi,""Asientos reclinables"",""Aire acondicionado""}",
85323,56125,2025-02-15,385000,5,No disponible,385,Gregorionieto138@viajes.cl,San Sebastián,Valladolid,6,1178,77000,All Nippon Airways (ANA),2025-05-07,2025-05-07,{},
143206,63376,2025-04-22,2800000,10,No disponible,2800,Horacioaparicio754@viajes.cl,Salamanca,Reus,34,4068,280000,EasyJet,2025-05-24,2025-05-26,{},
149739,,,,,Disponible,0,Ignacioordóñez826@viajes.cl,Logroño,Salamanca,61,2876,140000,Eurostar,2026-09-04,2027-01-01,"{Wifi,Calefacción,Baño,Agua,""Aire acondicionado""}",
148854,,,,,Disponible,0,Ignaciopreciado651@viajes.cl,Alcalá de Henares,,18,3163,316000,,2025-01-05,2025-05-16,"{Agua,Baño,TV,Wifi,Calefacción,Comida}",
125480,66465,2025-04-03,2338000,7,No disponible,2338,Inésmejía800@viajes.cl,Salamanca,Tarragona,64,3118,334000,CFR (Rumania),2025-04-29,2025-05-01,"{TV,Baño,Agua,""Asientos reclinables"",Wifi,Calefacción}",
84530,59697,2026-03-18,906000,6,No disponible,906,Isabelabarrera904@viajes.cl,Badalona,Badalona,5,3352,151000,SNCB (Bélgica),2026-08-30,,"{Comida,""Asientos reclinables"",""Aire acondicionado"",Wifi,Agua,TV}",
123892,59988,2025-01-11,208000,2,No disponible,208,Jacobobueno267@viajes.cl,Calahorra,Santa Lucía de Tirajana,8,3119,104000,,2025-03-04,2025-03-06,{},
121599,62374,2025-02-27,445000,5,No disponible,445,Jacobotrejo682@viajes.cl,Toledo,Tarragona,65,215,89000,,2025-03-04,2025-03-04,{},
103454,57347,2025-08-12,354000,3,No disponible,354,Jorgearmenta382@viajes.cl,Fuenlabrada,Reus,84,587,118000,Singapore Airlines,2025-10-02,2025-10-02,{},
88826,65558,2025-07-04,833000,7,No disponible,833,Jorgecano411@viajes.cl,Estepona,Santa Cruz de Tenerife,90,2504,119000,AVE,2026-01-18,2026-01-19,"{""Asientos reclinables"",Wifi,Calefacción,Agua,TV}",
108252,60184,2025-04-19,3420000,9,No disponible,3420,Jorgesedillo847@viajes.cl,La Coruña,Marbella,22,3505,380000,CD (República Checa),2026-03-06,2026-03-08,"{Comida,""Aire acondicionado"",TV,Agua,Calefacción,Wifi}",
131746,62453,2025-09-14,2470000,10,No disponible,2470,Joséalonso117@viajes.cl,Gandía,Palma de Mallorca,52,3092,247000,British Airways,2025-11-08,2025-11-10,{},
143850,65990,2025-01-01,2672000,8,No disponible,2672,Joségallardo746@viajes.cl,Badajoz,Manresa,71,4039,334000,CD (República Checa),2025-01-04,2025-01-06,,
89850,56952,2025-04-11,365000,5,No disponible,365,Leticiaperalta553@viajes.cl,Ferrol,Alcobendas,74,1472,73000,Delta Air Lines,2025-07-30,2025-07-31,{},
127706,56043,2025-10-04,385000,5,No disponible,385,Lolacervántez866@viajes.cl,Manresa,La Coruña,21,2104,77000,DSB (Dinamarca),2026-04-28,2026-04-29,"{Comida,Calefacción,TV,""Aire acondicionado""}",
105199,60789,2025-11-15,1136000,4,No disponible,1136,Lorenzoadorno716@viajes.cl,Ferrol,,46,3726,284000,KLM,2026-01-16,2026-01-18,{},
148619,,,,,Disponible,0,Lorenzoechevarría718@viajes.cl,Reus,Valencia,53,999,125000,LATAM Airlines,2026-01-15,2026-02-25,{},
99409,56239,2025-09-27,276000,3,No disponible,276,Lucasleiva484@viajes.cl,Orihuela,,18,1519,92000,,2026-06-01,2026-06-02,"{Agua,TV,""Asientos reclinables"",Comida}",
87453,65518,2025-02-03,3030000,10,No disponible,3030,Lucasnazario473@viajes.cl,Ponferrada,Mollet del Vallés,50,3103,303000,ZS (Eslovenia),2025-08-19,2025-08-21,"{Baño,Wifi,""Asientos reclinables"",TV,""Aire acondicionado"",Agua}",
149002,,,,,Disponible,0,Lucastrejo703@viajes.cl,Málaga,San Fernando,19,424,89000,SBB (Suiza),2026-05-26,2026-06-12,"{Baño,Comida,""Aire acondicionado"",Wifi,Agua,""Asientos reclinables""}",
109375,57017,2026-03-30,280000,2,No disponible,280,Luisorellana841@viajes.cl,Vigo,Roquetas de Mar,96,2459,140000,Delta Air Lines,2026-11-14,2026-11-15,{},
140461,61690,2025-05-28,1393000,7,No disponible,1393,Luisvera478@viajes.cl,Arrecife,Leganés,1,344,199000,CD (República Checa),2025-09-02,2025-09-02,{},
79973,65502,2025-05-09,1030000,10,No disponible,1030,Marcosmadera742@viajes.cl,Leganés,Benalmádena,93,2283,103000,Amtrak,2026-08-15,2026-08-16,"{""Asientos reclinables"",Comida,Baño,Wifi,Calefacción}",
147041,,,,,Disponible,0,Margaritabadillo820@viajes.cl,Dos Hermanas,Guadalajara,46,2958,217000,Southwest Airlines,2026-08-06,2026-12-07,{},
110238,64920,2026-01-16,153000,1,No disponible,153,Marianozelaya465@viajes.cl,Zamora,,7,425,153000,Nederlandse Sp,2026-04-10,2026-04-10,{},
149258,,,,,Disponible,0,Mariluarmenta694@viajes.cl,San Fernando,Torrevieja,,701,112000,Deutsche Bahn (DB),2026-04-15,2026-05-14,"{Comida,Calefacción,TV,""Asientos reclinables"",""Aire acondicionado"",Wifi,Baño}",
148961,,,,,Disponible,0,Marilucarvajal616@viajes.cl,Benalmádena,,67,146,8000,Nederlandse Sp,2026-03-25,2026-03-31,"{Comida,Baño,Wifi,""Asientos reclinables"",""Aire acondicionado""}",
132761,65567,2025-01-02,822000,2,No disponible,822,Mariluvaldez369@viajes.cl,Jerez de la Frontera,La Coruña,85,4224,411000,AVE,2025-01-29,2025-01-31,"{Wifi,Calefacción,Agua,Baño,Comida,""Asientos reclinables"",TV}",
113812,65696,2025-09-04,903000,7,No disponible,903,Marisolmonroy204@viajes.cl,La Coruña,Tarragona,32,2709,129000,Damas,2025-12-08,2025-12-09,,
148371,,,,,Disponible,0,Maríacastro464@viajes.cl,Torrejón de Ardoz,Logroño,94,2769,208000,Wizz Air,2025-08-08,2025-12-01,{},
149215,,,,,Disponible,0,Maríachacón705@viajes.cl,Santiago de Compostela,Ponferrada,42,3385,398000,CP (Portugal),2025-06-26,2025-11-14,"{""Aire acondicionado"",""Asientos reclinables"",Baño,Wifi,Calefacción,Comida}",
84266,61660,2025-01-06,960000,10,No disponible,960,Maríacrespo351@viajes.cl,Baracaldo,El Prat de LLobregat,50,1950,96000,Delta Air Lines,2025-03-01,2025-03-02,{},
88336,65278,2025-02-21,740000,10,No disponible,740,Maríafeliciano394@viajes.cl,El Ejido,Viladecans,18,561,74000,Ethiopian Airlines,2025-11-12,2025-11-12,{},
106477,66082,2025-01-27,798000,7,No disponible,798,Maríalaureano486@viajes.cl,Valladolid,Paterna,62,1441,114000,SNCB (Bélgica),2025-12-03,2025-12-04,"{""Asientos reclinables"",Wifi,Comida,Baño}",
147007,,,,,Disponible,0,Maríameza143@viajes.cl,Granollers,Cerdañola del Vallés,21,2821,92000,Wizz Air,2025-07-18,2025-11-12,{},
148009,,,,,Disponible,0,Maríarodarte813@viajes.cl,Arrecife,Santiago de Compostela,84,1435,31000,Etihad Airways,2025-09-09,2025-11-07,{},
141207,56413,2025-04-19,1305000,9,No disponible,1305,Maríavalladares172@viajes.cl,Huelva,Granollers,47,521,145000,Omnibus de México,2025-08-12,2025-08-12,"{Comida,Wifi,Agua}",
107212,58557,2025-02-17,462000,3,No disponible,462,Mercedesalaniz750@viajes.cl,La Línea de la Concepción,Cuenta,32,2967,154000,Damas,2025-02-23,2025-02-25,"{""Asientos reclinables"",Wifi,TV}",
90951,61197,2025-05-18,2500000,10,No disponible,2500,Miguelaraña665@viajes.cl,Mijas,Alcalá de Guadaira,24,3033,250000,Aeroméxico,2025-06-09,2025-06-11,{},
138007,66571,2026-02-14,464000,8,No disponible,464,Nicolásmorales493@viajes.cl,Palencia,Huelva,37,1723,58000,Vueling,2026-11-30,2026-12-01,{},
86115,62785,2025-01-12,4570000,10,No disponible,4570,Normaraya573@viajes.cl,Algeciras,León,11,4285,457000,Qatar Airways,2025-01-13,2025-01-15,{},
114473,58163,2025-07-14,38000,2,No disponible,38,Patriciahuerta665@viajes.cl,Sagunto,Alcorcón,54,227,19000,NSB (Noruega),2026-11-30,2026-11-30,{},
114250,57989,2025-03-23,144000,1,No disponible,144,Patricioestévez422@viajes.cl,Castellón de la Plana,Torrelavega,51,2106,144000,ZS (Eslovenia),2026-02-27,2026-02-28,"{""Aire acondicionado"",Calefacción,TV,""Asientos reclinables""}",
100232,56273,2025-01-22,522000,2,No disponible,522,Patriciomagaña183@viajes.cl,Torremolinos,Valdemoro,81,3637,261000,Amtrak,2025-03-02,2025-03-04,"{Calefacción,Wifi,Baño,""Asientos reclinables"",""Aire acondicionado"",Agua,Comida}",
149318,,,,,Disponible,0,Patricioolivera472@viajes.cl,Badalona,Cerdañola del Vallés,3,877,44000,Renfe,2026-06-02,2026-07-08,"{Baño,""Aire acondicionado"",Agua}",
116234,57997,2025-07-19,440000,5,No disponible,440,Ramirocontreras288@viajes.cl,Guadalajara,,5,1615,88000,Amtrak,2026-08-09,2026-08-10,"{""Asientos reclinables"",Baño,Comida,Calefacción}",
148962,,,,,Disponible,0,Ramonaacevedo828@viajes.cl,Castellón de la Plana,Pamplona,78,1799,130000,MÁV (Hungría),2026-05-14,2026-07-27,"{Comida,Calefacción,Baño,Agua}",
111234,63538,2026-01-17,704000,4,No disponible,704,Ramonaguzmán438@viajes.cl,Cáceres,Valdemoro,42,1821,176000,Singapore Airlines,2026-10-12,2026-10-13,{},
148265,,,,,Disponible,0,Ramonaleal263@viajes.cl,Valladolid,Leganés,95,1108,122000,Air Canada,2026-09-21,2026-11-06,{},
122229,58882,2025-04-03,126000,3,No disponible,126,Ramónjurado680@viajes.cl,Sanlúcar de Barrameda,Getafe,43,980,42000,DSB (Dinamarca),2026-02-12,2026-02-12,,
148416,,,,,Disponible,0,Raúlcabán208@viajes.cl,Toledo,Valencia,8,3511,150000,Alaska Airlines,2025-10-30,2026-03-25,{},
148316,,,,,Disponible,0,Raúlzayas172@viajes.cl,Avilés,Alcalá de Guadaira,31,2447,295000,Copa Airlines,2025-03-04,2025-06-13,{},
135162,64443,2025-02-02,1624000,8,No disponible,1624,Robertobarragán763@viajes.cl,Coslada,,73,4065,203000,SBB (Suiza),2025-03-31,2025-04-02,"{""Aire acondicionado"",Agua,Comida,TV,Baño,Wifi,""Asientos reclinables""}",
147465,,,,,Disponible,0,Rodrigoangulo949@viajes.cl,Tarragona,Burgos,16,1588,119000,Air France,2026-08-03,2026-10-08,{},
149599,,,,,Disponible,0,Rosaorosco800@viajes.cl,Collado Villalba,Arrecife,60,2094,133000,PKP (Polonia),2025-09-30,,"{Baño,Calefacción,""Asientos reclinables"",Comida}",
133404,58839,2025-01-15,320000,10,No disponible,320,Rosariodíaz538@viajes.cl,Castellón de la Plana,Gerona,84,172,32000,Lufthansa,2026-10-06,2026-10-06,{},
118602,60164,2025-02-09,948000,6,No disponible,948,Salvadorjesús766@viajes.cl,,El Puerto de Santa María,62,1947,158000,Aeroméxico,2026-07-10,2026-07-11,{},
147472,,,,,Disponible,0,Salvadorsisneros837@viajes.cl,Irún,Toledo,66,1027,118000,Lufthansa,2026-04-23,2026-06-04,{},
121001,64735,2026-01-07,609000,7,No disponible,609,Saraalarcón969@viajes.cl,Móstoles,Fuengirola,67,941,87000,Frontier Airlines,2026-03-02,2026-03-02,{},
134418,57072,2025-05-03,560000,10,No disponible,560,Soniaquintana185@viajes.cl,Ávila,Málaga,100,568,56000,Lufthansa,2026-06-22,2026-06-22,{},
148192,,,,,Disponible,0,Sr.armijo432@viajes.cl,Marbella,Ponferrada,48,3963,415000,Air Canada,2026-06-10,2026-11-22,{},
148780,,,,,Disponible,0,Sr.barela594@viajes.cl,Santa Cruz de Tenerife,Torrevieja,32,1808,97000,TGV (SNCF),2025-12-14,2026-02-27,"{Comida,TV,Agua,""Aire acondicionado""}",
95469,61163,2025-09-16,283000,1,No disponible,283,Sr.carrera886@viajes.cl,Gandía,Santiago de Compostela,100,2341,283000,BDZ (Bulgaria),2025-11-16,2025-11-17,"{""Aire acondicionado"",Baño,Calefacción,Agua,""Asientos reclinables""}",
128476,61632,2025-04-25,2352000,7,No disponible,2352,Sr.ceja795@viajes.cl,Gijón,Rivas-Vaciamadrid,13,4169,336000,DSB (Dinamarca),2025-09-27,2025-09-29,"{""Asientos reclinables"",Baño,TV,Agua,Comida,Wifi,Calefacción}",
130855,64418,2025-07-11,1872000,6,No disponible,1872,Sr.delacrúz661@viajes.cl,Alcorcón,Sagunto,63,2937,312000,Italo,2026-02-12,,"{Calefacción,Wifi,""Asientos reclinables"",Baño,Comida,TV}",
147019,,,,,Disponible,0,Sr.ochoa742@viajes.cl,Santa Cruz de Tenerife,Arrecife,59,2250,85000,Qantas,2026-06-11,2026-09-12,{},
104737,59573,2025-04-03,560000,8,No disponible,560,Sr.reynoso806@viajes.cl,Parla,León,9,1008,70000,Nederlandse Sp,2025-04-11,2025-04-11,,
81381,56166,2025-03-05,280000,5,No disponible,280,Sra.banda816@viajes.cl,Benalmádena,Córdoba,35,1203,56000,RZD (Rusia),2025-10-25,2025-10-25,"{""Aire acondicionado"",Baño,Agua}",
108037,56587,2025-02-13,412000,2,No disponible,412,Sra.carrera208@viajes.cl,Barcelona,Majadahonda,28,3297,206000,NSB (Noruega),2025-08-08,2025-08-10,"{TV,Wifi,Calefacción,Comida,""Asientos reclinables"",Agua}",
139863,63265,2025-06-21,1184000,8,No disponible,1184,Sra.girón712@viajes.cl,Gerona,El Ejido,57,3349,148000,Thalys,2026-08-18,2026-08-20,"{Agua,""Asientos reclinables"",Wifi,TV,""Aire acondicionado"",Baño}",
146953,,,,,Disponible,0,Sra.jaime757@viajes.cl,Tarragona,Majadahonda,73,1068,55000,All Nippon Airways (ANA),2025-06-08,2025-07-22,{},
136643,55803,2025-01-21,505000,5,No disponible,505,Sra.loera788@viajes.cl,Alcobendas,Cuenta,19,922,101000,JetBlue,2026-11-01,2026-11-01,{},
107487,64701,2025-05-26,384000,3,No disponible,384,Sra.madrigal710@viajes.cl,Logroño,Burgos,4,2107,128000,CFR (Rumania),2025-06-05,2025-06-06,"{Calefacción,""Asientos reclinables"",""Aire acondicionado"",Comida}",
148136,,,,,Disponible,0,Sra.nieto446@viajes.cl,Cerdañola del Vallés,Chiclana de la Frontera,72,3690,171000,Delta Air Lines,2026-04-05,2026-09-05,{},
145440,,,,,Disponible,0,Sra.toro255@viajes.cl,Fuenlabrada,Torrevieja,33,2001,75000,,2025-10-21,,"{Comida,TV,Calefacción}",
96690,61718,2025-10-05,1504000,8,No disponible,1504,Sra.zapata174@viajes.cl,Motril,Toledo,11,1484,188000,ŽFBH (Bosnia y Herzegovina),2026-02-15,2026-02-16,"{Wifi,Agua,""Asientos reclinables"",Baño}",
131691,63883,2025-02-04,988000,4,No disponible,988,Sta.abrego223@viajes.cl,Las Palmas de Gran Canaria,,76,3595,247000,BDZ (Bulgaria),2025-04-05,2025-04-07,"{""Aire acondicionado"",Calefacción,""Asientos reclinables"",Agua,Wifi,Comida}",
98421,60425,2026-10-23,1010000,10,No disponible,1010,Sta.bueno636@viajes.cl,Tarragona,Cornellá de Llobregat,74,3150,101000,ŽFBH (Bosnia y Herzegovina),2026-11-20,2026-11-22,"{Wifi,Calefacción,Agua,""Aire acondicionado"",Comida,""Asientos reclinables""}",
125376,62447,2025-06-20,297000,1,No disponible,297,Sta.dávila345@viajes.cl,Badalona,Murcia,6,2351,297000,DSB (Dinamarca),2026-01-08,2026-01-09,"{""Aire acondicionado"",Agua,""Asientos reclinables"",Baño,Wifi}",
148253,,,,,Disponible,0,Sta.figueroa949@viajes.cl,Lorca,Benalmádena,42,2681,145000,United Airlines,2026-01-18,2026-05-09,{},
146222,,,,,Disponible,0,Sta.lucero377@viajes.cl,Alcoy,Alcalá de Guadaira,41,4223,176000,Omnibus de México,2025-09-24,,"{Calefacción,Agua,TV}",
147079,,,,,Disponible,0,Sta.parra332@viajes.cl,Santiago de Compostela,Cádiz,89,4042,463000,Ethiopian Airlines,2026-08-29,2027-02-13,{},
148484,,,,,Disponible,0,Sta.rocha539@viajes.cl,Granada,Mijas,52,1893,191000,,2025-10-03,2025-12-20,{},
128597,64766,2025-11-27,1600000,8,No disponible,1600,Teodoropáez479@viajes.cl,Getafe,Cáceres,41,321,200000,Japan Airlines,2026-09-11,2026-09-11,{},
112567,63462,2025-07-04,428000,2,No disponible,428,Teresagálvez741@viajes.cl,Gandía,El Ejido,82,2636,214000,VRZ (Croacia),2025-10-02,,"{Calefacción,Comida,""Asientos reclinables"",TV,Baño}",
148354,,,,,Disponible,0,Timoteohernández141@viajes.cl,Almería,Tarragona,,2791,86000,Iberia,2026-01-26,2026-05-22,{},
127376,55759,2025-03-16,384000,4,No disponible,384,Tomásbarrios980@viajes.cl,Torrevieja,Oviedo,13,865,96000,,2025-04-23,2025-04-23,"{Agua,""Asientos reclinables"",Wifi}",
149607,,,,,Disponible,0,Tomásvilla256@viajes.cl,Hospitalet de LLobregat,Ávila,67,152,82000,SBB (Suiza),2025-08-20,2025-08-26,"{""Asientos reclinables"",Comida,Calefacción}",
144591,63670,2025-06-23,1008000,9,No disponible,1008,Tomászambrano517@viajes.cl,Alcalá de Guadaira,Ciudad Real,,2370,112000,Aeroméxico,2025-12-26,2025-12-27,,
99210,63650,2025-01-05,137000,1,No disponible,137,Víctorcervantes761@viajes.cl,Madrid,Toledo,6,371,137000,Qatar Airways,2025-01-20,2025-01-20,{},
148630,,,,,Disponible,0,Víctorvillalpando416@viajes.cl,Pozuelo de Alarcón,Benidorm,43,273,30000,Renfe,2026-02-06,,"{Baño,Comida,Agua,""Aire acondicionado"",""Asientos reclinables""}",
119795,57315,2025-01-23,412000,2,No disponible,412,adruvé344@viajes.cl,Gandía,Cuenta,64,3446,206000,WestJet,2025-02-09,2025-02-11,{},
99400,65533,2025-03-16,2121000,7,No disponible,2121,adán3347212@viajes.cl,Barcelona,Talavera de la Reina,26,3344,303000,Qantas,2026-09-06,2026-09-08,{},
82034,66611,2025-04-29,984000,6,No disponible,984,adán6039173@viajes.cl,Zaragoza,Burgos,92,4230,164000,British Airways,2025-08-18,2025-08-20,{},
79306,66471,2025-04-27,3015000,9,No disponible,3015,agvaro886@viajes.cl,Puertollano,Badalona,4,3621,335000,ZFBH (Bosnia y Herzegovina),2026-09-01,2026-09-03,"{Comida,Calefacción,TV,Baño,Wifi,Agua,""Aire acondicionado""}",
136055,61420,2026-03-14,144000,3,No disponible,144,agvisa375@viajes.cl,La Coruña,,56,789,48000,United Airlines,2026-10-01,2026-10-01,{},
85566,55653,2025-05-01,420000,4,No disponible,420,alcegá275@viajes.cl,Oviedo,Torrejón de Ardoz,6,892,105000,,2025-05-05,2025-05-05,{},
96814,60861,2026-02-15,1134000,6,No disponible,1134,alejandro3541653@viajes.cl,Zaragoza,Alcobendas,21,4208,189000,PKP (Polonia),2026-04-02,2026-04-04,"{""Aire acondicionado"",Wifi,""Asientos reclinables"",Calefacción,Comida,Agua,Baño}",
137606,66597,2025-08-29,980000,5,No disponible,980,alejandro4663195@viajes.cl,Zamora,Estepona,18,353,196000,CFR (Rumania),2026-10-28,2026-10-28,{},
107450,59640,2026-08-08,384000,3,No disponible,384,alfredo5112229@viajes.cl,Majadahonda,Alcalá de Henares,78,2558,128000,Delta Air Lines,2026-09-11,2026-09-12,{},
114469,58163,2025-09-22,286000,2,No disponible,286,alicia3200638@viajes.cl,,Sagunto,91,1597,143000,BDZ (Bulgaria),2026-11-26,2026-11-27,"{Baño,Wifi,Comida,""Asientos reclinables""}",
130651,61651,2025-04-08,595000,5,No disponible,595,almohu846@viajes.cl,Ponferrada,Guadalajara,,2417,119000,ZSSK (Eslovaquia),2026-09-26,2026-09-27,"{Wifi,Agua,TV,Baño,Calefacción}",
138387,62236,2026-02-26,764000,4,No disponible,764,amalqu651@viajes.cl,Molina de Segura,Chiclana de la Frontera,76,1634,191000,VRZ (Croacia),2026-06-02,2026-06-03,"{Calefacción,Baño,Agua,TV}",
147106,,,,,Disponible,0,amapgu909@viajes.cl,Cuenta,Mérida,45,3898,213000,Wizz Air,2026-10-07,2027-03-18,{},
149273,,,,,Disponible,0,amceul498@viajes.cl,Mataró,Arrecife,2,1979,124000,CD (República Checa),2025-06-30,2025-09-20,"{""Asientos reclinables"",TV,Comida,Baño}",
123712,58991,2025-02-21,232000,1,No disponible,232,amgávi612@viajes.cl,Algeciras,Majadahonda,11,2601,232000,Lufthansa,2025-10-01,2025-10-02,{},
118297,59475,2025-03-10,840000,8,No disponible,840,ana1890804@viajes.cl,Torrevieja,La Línea de la Concepción,32,724,105000,Aeroméxico,2025-03-16,2025-03-16,{},
141330,65496,2025-01-04,149000,1,No disponible,149,ana4177960@viajes.cl,Jerez de la Frontera,León,41,317,149000,All Nippon Airways (ANA),2025-06-02,2025-06-02,{},
98768,60347,2026-05-10,1521000,9,No disponible,1521,ana6425378@viajes.cl,Mérida,Fuenlabrada,46,3225,169000,AVE,2026-06-18,2026-06-20,"{Baño,TV,""Aire acondicionado"",Calefacción,Comida,Agua}",
107022,57203,2025-09-05,660000,2,No disponible,660,angoac972@viajes.cl,Orihuela,Cádiz,17,3564,330000,Spirit Airlines,2025-11-06,2025-11-08,{},
148287,,,,,Disponible,0,anlubahe592@viajes.cl,Talavera de la Reina,Cornellá de Llobregat,11,2716,291000,American Airlines,2026-06-02,2026-09-23,{},
122320,62812,2026-01-24,1620000,5,No disponible,1620,anlurura621@viajes.cl,Murcia,Pozuelo de Alarcón,,3224,324000,WestJet,2026-07-15,2026-07-17,{},
109998,59538,2025-03-23,370000,1,No disponible,370,anmaaydu522@viajes.cl,Chiclana de la Frontera,Elche,6,4300,370000,Delta Air Lines,2026-08-02,2026-08-04,{},
127345,58281,2025-03-16,1755000,9,No disponible,1755,anmave718@viajes.cl,Benidorm,Roquetas de Mar,39,1803,195000,Copa Airlines,2026-09-16,2026-09-17,{},
127949,58089,2026-04-28,1674000,9,No disponible,1674,anorpa297@viajes.cl,Badajoz,Talavera de la Reina,4,2647,186000,ZFBH (Bosnia y Herzegovina),2026-10-05,2026-10-06,"{Baño,TV,Agua,Wifi,Comida}",
78989,59953,2025-04-20,255000,3,No disponible,255,anpubl651@viajes.cl,Sevilla,Lugo,88,2791,85000,ŽSSK (Eslovaquia),2025-04-27,2025-04-28,"{Agua,Wifi,Baño,""Aire acondicionado"",Calefacción}",
126994,64101,2025-07-06,896000,8,No disponible,896,antonia4933537@viajes.cl,,Alcalá de Henares,99,1321,112000,Air France,2026-01-16,2026-01-16,{},
119229,59348,2025-09-05,432000,3,No disponible,432,antonio6276571@viajes.cl,Tarragona,La Coruña,62,534,144000,Amtrak,2026-01-07,2026-01-07,{},
114918,63366,2025-01-24,1057000,7,No disponible,1057,anzama631@viajes.cl,Dos Hermanas,Burgos,35,622,151000,BoltBus,2025-03-05,,"{Calefacción,Agua,TV}",
83773,56330,2026-03-12,400000,10,No disponible,400,arbagu510@viajes.cl,Ferrol,Cádiz,8,837,40000,Deutsche Bahn (DB),2026-04-19,2026-04-19,"{""Aire acondicionado"",Calefacción,Baño}",
140482,60305,2025-11-01,651000,7,No disponible,651,ariadna2726453@viajes.cl,Burgos,Irún,46,2904,93000,Turbus,2026-02-04,2026-02-06,"{Agua,Wifi,""Asientos reclinables""}",
147273,,,,,Disponible,0,arteal325@viajes.cl,Gecho,Puertollano,32,852,38000,Turkish Airlines,2026-08-28,2026-10-02,{},
139672,55601,2025-11-09,2919000,7,No disponible,2919,arturo3897713@viajes.cl,San Fernando,Ponferrada,62,4290,417000,NSB (Noruega),2026-02-23,2026-02-25,"{Baño,Calefacción,""Asientos reclinables"",Wifi,Comida,""Aire acondicionado"",Agua}",
103305,62338,2025-10-31,900000,6,No disponible,900,beatriz7735309@viajes.cl,Logroño,Avilés,83,806,150000,United Airlines,2026-11-15,2026-11-15,{},
149682,,,,,Disponible,0,bebofa924@viajes.cl,Fuenlabrada,Pontevedra,64,1104,126000,ŽSSK (Eslovaquia),2026-02-23,2026-04-10,"{Baño,""Asientos reclinables"",""Aire acondicionado""}",
148870,,,,,Disponible,0,bemoes831@viajes.cl,Hospitalet de LLobregat,El Puerto de Santa María,21,4070,300000,PKP (Polonia),2025-11-16,2026-05-04,"{""Aire acondicionado"",""Asientos reclinables"",Wifi,TV,Agua,Comida,Calefacción}",
86248,57991,2025-01-06,180000,10,No disponible,180,bepaba265@viajes.cl,Zamora,Benalmádena,97,535,18000,Alaska Airlines,2026-02-09,2026-02-09,{},
150043,,,,,Disponible,0,blanca9904722@viajes.cl,Torremolinos,,91,251,69000,Deutsche Bahn (DB),2026-09-11,2026-09-21,"{TV,Agua,""Aire acondicionado"",Calefacción,Wifi,""Asientos reclinables"",Comida}",
104534,65217,2025-04-15,1164000,6,No disponible,1164,cagasa796@viajes.cl,Torrejón de Ardoz,Santa Cruz de Tenerife,,1534,194000,,2025-06-22,2025-06-23,"{Agua,Calefacción,Wifi,""Aire acondicionado""}",
124173,57691,2025-10-14,1480000,10,No disponible,1480,cahago710@viajes.cl,Ceuta,Orihuela,29,1627,148000,,2025-11-22,,{},
130445,60460,2025-09-18,1593000,9,No disponible,1593,carla8513259@viajes.cl,Rubí,Rivas-Vaciamadrid,58,3777,177000,SJ (Suecia),2025-11-01,2025-11-03,"{Agua,Calefacción,Comida,""Aire acondicionado"",Wifi,""Asientos reclinables"",Baño}",
136380,61337,2025-10-17,1062000,9,No disponible,1062,caulbe408@viajes.cl,El Ejido,Molina de Segura,14,737,118000,Deutsche Bahn (DB),2025-10-25,,"{TV,Baño,Wifi}",
103465,58679,2025-01-14,900000,5,No disponible,900,cazaba427@viajes.cl,Barcelona,Ávila,33,3541,180000,,2025-01-17,2025-01-19,"{Wifi,""Asientos reclinables"",""Aire acondicionado""}",
149734,,,,,Disponible,0,cecapa266@viajes.cl,San Fernando,Cerdañola del Vallés,23,2891,119000,NSB (Noruega),2025-08-04,2025-12-02,"{Wifi,Agua,""Asientos reclinables"",Baño,Comida,""Aire acondicionado""}",
102856,61034,2025-04-23,99000,1,No disponible,99,clara2103611@viajes.cl,Motril,Badajoz,99,2659,99000,NS International,2025-05-05,2025-05-06,"{Wifi,TV,Baño,Comida,""Asientos reclinables""}",
130261,59529,2025-01-02,61000,1,No disponible,61,claudia8772514@viajes.cl,Cartagena,Viladecans,91,941,61000,Air New Zealand,2025-10-03,2025-10-03,{},
101849,65934,2025-02-05,426000,2,No disponible,426,claudio6619751@viajes.cl,Sevilla,Mijas,74,3911,213000,ŽFBH (Bosnia y Herzegovina),2025-11-10,2025-11-12,"{Agua,""Asientos reclinables"",Baño,Calefacción,Comida,""Aire acondicionado"",Wifi}",
149807,,,,,Disponible,0,clcava986@viajes.cl,,Telde,97,238,77000,HŽ (Croacia),2026-08-27,2026-09-05,"{Agua,Calefacción,""Aire acondicionado""}",
149979,,,,,Disponible,0,clliib153@viajes.cl,Oviedo,Ponferrada,91,999,78000,SBB (Suiza),2025-01-05,2025-02-15,"{Agua,Comida,""Aire acondicionado""}",
148500,,,,,Disponible,0,coarro408@viajes.cl,Inca,Alcalá de Guadaira,22,3063,222000,KLM,2026-06-09,2026-10-14,{},
147291,,,,,Disponible,0,cristobal7793541@viajes.cl,Avilés,Vitoria,87,1036,85000,Etihad Airways,2025-09-18,2025-10-31,{},
110151,55959,2025-01-02,1304000,8,No disponible,1304,crorar804@viajes.cl,Castellón de la Plana,Badajoz,,142,163000,SJ (Suecia),2025-08-30,,{},
87890,58609,2025-04-15,940000,5,No disponible,940,damotr290@viajes.cl,Torrelavega,Vitoria,63,1518,188000,Eurostar,2025-08-20,2025-08-21,"{Calefacción,TV,Comida,Agua}",
147210,,,,,Disponible,0,david2699917@viajes.cl,Hospitalet de LLobregat,Castellón de la Plana,17,2501,124000,Aeroméxico,2025-09-07,2025-12-20,{},
81822,58819,2025-04-03,3024000,7,No disponible,3024,diana5279558@viajes.cl,San Sebastián,Córdoba,64,4008,432000,EasyJet,2026-07-18,2026-07-20,,
139706,62564,2025-03-26,246000,2,No disponible,246,diego955510@viajes.cl,Paterna,Rubí,91,2409,123000,HŽ (Croacia),2025-05-27,2025-05-28,"{""Aire acondicionado"",Wifi,Calefacción,Agua,Baño}",
148469,,,,,Disponible,0,dovefe861@viajes.cl,Marbella,Arrecife,,3850,170000,Singapore Airlines,2026-03-03,2026-08-10,{},
149307,,,,,Disponible,0,elanpu412@viajes.cl,Badajoz,Zaragoza,90,3337,299000,NS International,2025-05-23,2025-10-09,"{Comida,Calefacción,Baño,Agua,""Asientos reclinables"",TV}",
148070,,,,,Disponible,0,elchpa632@viajes.cl,Burgos,Palencia,79,3597,165000,Qatar Airways,2025-02-03,2025-07-02,{},
99180,61299,2025-01-01,6000,1,No disponible,6,elrofl393@viajes.cl,Toledo,Lugo,40,361,6000,SBB (Suiza),2025-01-12,2025-01-12,{},
134667,63839,2025-11-04,900000,10,No disponible,900,elsaam871@viajes.cl,Molina de Segura,Torrejón de Ardoz,8,1820,90000,Emirates,2026-01-09,2026-01-10,{},
147256,,,,,Disponible,0,elágca283@viajes.cl,San Sebastián,Mataró,33,2668,296000,Alaska Airlines,2025-09-22,,{},
127514,62536,2025-01-26,745000,5,No disponible,745,emilio7555854@viajes.cl,Zamora,Torrejón de Ardoz,39,4004,149000,El Rápido Internacional,2025-04-21,2025-04-23,"{Calefacción,""Asientos reclinables"",""Aire acondicionado""}",
121000,64735,2025-04-22,742000,7,No disponible,742,encale987@viajes.cl,Torrevieja,Móstoles,13,2526,106000,WestJet,2026-03-01,2026-03-02,{},
107352,62832,2025-08-19,950000,5,No disponible,950,ernesto3187128@viajes.cl,Alicante,Lérida,65,1746,190000,Frontier Airlines,2025-09-24,2025-09-25,{},
89546,57077,2025-04-02,1336000,8,No disponible,1336,espema328@viajes.cl,Marbella,Murcia,25,2263,167000,Etihad Airways,2026-10-02,2026-10-03,{},
136065,58789,2026-04-25,870000,5,No disponible,870,estela6208869@viajes.cl,Ponferrada,Mollet del Vallés,61,3099,174000,NSB (Noruega),2026-06-26,2026-06-28,"{""Asientos reclinables"",Agua,Comida,""Aire acondicionado"",TV,Wifi}",
81359,58778,2025-01-24,621000,3,No disponible,621,ester3317224@viajes.cl,El Ejido,Alicante,78,2198,207000,RZD (Rusia),2025-02-18,2025-02-19,"{""Asientos reclinables"",Calefacción,Baño,Wifi,Comida}",
148288,,,,,Disponible,0,eszeca999@viajes.cl,Lorca,Pamplona,36,517,76000,Etihad Airways,2026-05-08,2026-05-29,{},
147335,,,,,Disponible,0,federico4793258@viajes.cl,Collado Villalba,Talavera de la Reina,87,4052,201000,Aeroméxico,2025-08-24,2026-02-08,{},
79515,65191,2025-03-14,2160000,6,No disponible,2160,fedosá946@viajes.cl,Estepona,Estepona,75,2904,360000,SJ (Suecia),2026-06-07,2026-06-09,"{""Asientos reclinables"",Comida,Agua,Baño,Wifi,Calefacción}",
103715,65467,2025-01-22,84000,3,No disponible,84,felipe7511543@viajes.cl,Guadalajara,Vigo,13,261,28000,ŽSSK (Eslovaquia),2026-01-05,2026-01-05,{},
135025,66588,2025-01-12,828000,9,No disponible,828,flvave980@viajes.cl,Toledo,Algeciras,12,1121,92000,EasyJet,2025-04-24,2025-04-24,{},
148609,,,,,Disponible,0,francisco1743593@viajes.cl,Santiago de Compostela,Arrecife,5,196,131000,Air New Zealand,2026-01-30,2026-02-07,{},
79863,58711,2026-05-25,448000,7,No disponible,448,francisco4411563@viajes.cl,Jaén,San Sebastián,8,1118,64000,,2026-09-26,2026-09-26,"{Baño,Calefacción,""Asientos reclinables""}",
99886,57318,2025-04-28,1575000,5,No disponible,1575,gabriela4787419@viajes.cl,Cáceres,Rubí,13,3486,315000,Avianca,2025-06-05,2025-06-07,{},
96473,63131,2025-02-14,558000,2,No disponible,558,gacaad829@viajes.cl,Mollet del Vallés,Lérida,10,2542,279000,Ethiopian Airlines,2025-07-14,2025-07-15,{},
149806,,,,,Disponible,0,gavade851@viajes.cl,Jaén,,66,1180,98000,VR (Finlandia),2025-01-14,2025-03-04,"{Agua,Calefacción,""Aire acondicionado""}",
149356,,,,,Disponible,0,geduor743@viajes.cl,Jerez de la Frontera,Sevilla,,3538,310000,VRZ (Croacia),2025-04-24,2025-09-18,"{""Asientos reclinables"",Calefacción,TV,""Aire acondicionado"",Wifi,Comida}",
149881,,,,,Disponible,0,gemeco374@viajes.cl,Collado Villalba,Alcalá de Guadaira,14,1672,60000,SJ (Suecia),2025-06-11,2025-08-19,"{Comida,""Asientos reclinables"",Baño,""Aire acondicionado""}",
96855,61898,2026-05-10,3980000,10,No disponible,3980,gesaig920@viajes.cl,Hospitalet de LLobregat,Torrelavega,58,3530,398000,Turkish Airlines,2026-08-13,2026-08-15,{},
140156,63693,2025-12-16,758000,2,No disponible,758,geteco332@viajes.cl,Salamanca,El Prat de LLobregat,68,3681,379000,EasyJet,2026-11-26,2026-11-28,{},
87058,55532,2025-01-01,366000,2,No disponible,366,gilberto650348@viajes.cl,Logroño,Pontevedra,54,2742,183000,American Airlines,2025-01-02,2025-01-03,{},
101661,59644,2025-03-22,320000,8,No disponible,320,gonzalo1079651@viajes.cl,Logroño,Mollet del Vallés,43,1134,40000,ŽFBH (Bosnia y Herzegovina),2025-05-23,2025-05-23,"{Calefacción,TV,Baño}",
124339,56418,2026-03-02,285000,1,No disponible,285,gopemo896@viajes.cl,Badajoz,Santa Cruz de Tenerife,55,4172,285000,,2026-04-12,2026-04-14,,
87963,66051,2025-04-28,1928000,4,No disponible,1928,gregorio2059471@viajes.cl,Paterna,Ávila,99,3788,482000,Iberia,2025-06-18,2025-06-20,{},
113432,55907,2025-02-07,832000,4,No disponible,832,gregorio4266951@viajes.cl,,Chiclana de la Frontera,25,3851,208000,Air France,2026-04-30,,{},
109830,58458,2025-02-19,819000,9,No disponible,819,grjaig399@viajes.cl,Alcoy,Rivas-Vaciamadrid,4,1988,91000,Wizz Air,2025-10-10,2025-10-11,{},
148964,,,,,Disponible,0,gustavo5004949@viajes.cl,Zaragoza,Cornellá de Llobregat,31,848,145000,ZSSK (Eslovaquia),2025-03-29,2025-05-03,"{Comida,Wifi,Calefacción}",
137396,59792,2025-10-05,816000,6,No disponible,816,heguca871@viajes.cl,Rivas-Vaciamadrid,Mérida,56,3074,136000,Trenitalia,2026-09-21,2026-09-23,"{Comida,""Aire acondicionado"",Wifi,TV,""Asientos reclinables"",Agua}",
109570,57856,2025-03-12,588000,7,No disponible,588,hehemo531@viajes.cl,Estepona,,,1777,84000,VR (Finlandia),2025-10-30,,"{TV,""Aire acondicionado"",Calefacción,Wifi}",
93201,65944,2025-04-22,1062000,9,No disponible,1062,hoarfe244@viajes.cl,Toledo,Salamanca,50,2232,118000,Amtrak,2026-06-05,2026-06-06,"{Comida,Baño,Wifi,TV,""Asientos reclinables""}",
122497,63951,2025-01-13,2388000,6,No disponible,2388,honúza973@viajes.cl,,Santander,10,3863,398000,Qantas,2026-10-07,2026-10-09,{},
147418,,,,,Disponible,0,horilo469@viajes.cl,Castellón de la Plana,Gecho,70,122,174000,Wizz Air,2025-01-18,2025-01-23,{},
113186,59678,2025-03-14,1062000,9,No disponible,1062,hubame100@viajes.cl,Valladolid,Elda,34,3408,118000,,2025-06-05,2025-06-07,{},
94093,57118,2025-06-09,2970000,6,No disponible,2970,huciap119@viajes.cl,Motril,Zamora,23,4255,495000,Qantas,2026-09-08,2026-09-10,{},
94348,58584,2025-01-10,304000,2,No disponible,304,huesca862@viajes.cl,Leganés,Coslada,37,2143,152000,,2025-03-12,2025-03-13,"{""Asientos reclinables"",Agua,""Aire acondicionado"",Calefacción}",
90719,62766,2025-01-26,468000,9,No disponible,468,ignacio6635603@viajes.cl,La Línea de la Concepción,Sevilla,48,1046,52000,SNCB (Bélgica),2025-04-03,2025-04-03,"{Wifi,Baño,""Aire acondicionado""}",
129171,61441,2025-01-26,1845000,9,No disponible,1845,incava830@viajes.cl,Salamanca,Inca,21,4017,205000,CFR (Rumania),2025-03-09,2025-03-11,"{""Aire acondicionado"",Baño,Wifi,Agua,""Asientos reclinables"",TV,Calefacción}",
135182,65258,2026-02-13,3144000,8,No disponible,3144,irpipi229@viajes.cl,Fuengirola,Móstoles,11,3616,393000,ZS (Eslovenia),2026-06-17,,"{Comida,Wifi,Agua,TV,""Aire acondicionado"",Baño,Calefacción}",
94816,55947,2025-08-27,180000,2,No disponible,180,iscamo647@viajes.cl,Zaragoza,Toledo,56,1801,90000,HŽ (Croacia),2025-11-21,2025-11-22,"{""Asientos reclinables"",Agua,Baño,""Aire acondicionado""}",
126433,60380,2025-02-04,630000,5,No disponible,630,isrelu647@viajes.cl,Reus,Manresa,25,2464,126000,ŽSSK (Eslovaquia),2025-05-03,2025-05-04,"{Agua,TV,Comida,""Asientos reclinables"",Baño}",
132259,64921,2025-08-29,660000,3,No disponible,660,iszara805@viajes.cl,,Burgos,2,2273,220000,,2025-11-30,2025-12-01,"{TV,Comida,Calefacción,""Aire acondicionado"",Baño}",
147942,,,,,Disponible,0,jacama710@viajes.cl,Lugo,,92,3202,102000,United Airlines,2025-10-31,2026-03-13,{},
79735,63154,2025-03-11,1660000,5,No disponible,1660,jahemu317@viajes.cl,Málaga,Sabadell,70,3538,332000,Deutsche Bahn (DB),2026-02-15,2026-02-17,"{Agua,Wifi,""Asientos reclinables"",""Aire acondicionado"",TV,Baño}",
147379,,,,,Disponible,0,jaime9567571@viajes.cl,Parla,Alicante,24,2190,141000,Qatar Airways,2025-11-25,2026-02-24,{},
97353,66353,2025-06-24,36000,1,No disponible,36,jarear931@viajes.cl,Zamora,Calahorra,46,376,36000,NSB (Noruega),2026-10-20,,{},
141862,56793,2025-12-06,199000,1,No disponible,199,jeroca654@viajes.cl,Sabadell,Gerona,57,2990,199000,,2026-05-22,2026-05-24,"{""Aire acondicionado"",Calefacción,Wifi,Baño,Comida,Agua}",
102919,65364,2025-01-11,150000,1,No disponible,150,jerónimo2841319@viajes.cl,Badajoz,Pontevedra,4,3738,150000,NS International,2025-02-23,2025-02-25,"{Baño,""Aire acondicionado"",Comida,Calefacción,Wifi,TV,""Asientos reclinables""}",
147475,,,,,Disponible,0,jerónimo9185109@viajes.cl,Cáceres,Chiclana de la Frontera,85,3815,216000,EasyJet,2025-02-05,2025-07-13,{},
81340,64518,2025-04-28,1290000,10,No disponible,1290,joaquín6062886@viajes.cl,Arrecife,,75,413,129000,DSB (Dinamarca),2025-06-20,,{},
111115,62300,2025-01-24,1883000,7,No disponible,1883,jocacr192@viajes.cl,San Sebastián,Torrejón de Ardoz,70,2918,269000,,2026-07-26,2026-07-28,"{TV,Comida,Wifi,Baño,""Asientos reclinables"",""Aire acondicionado""}",
149252,,,,,Disponible,0,jolualal605@viajes.cl,San Cristróbal de la Laguna,Torrelavega,87,3037,171000,,2025-10-01,2026-02-04,,
114486,59675,2025-02-24,1410000,10,No disponible,1410,jomaalma170@viajes.cl,Ferrol,El Ejido,95,1349,141000,,2026-06-06,2026-06-06,"{TV,""Aire acondicionado"",Comida}",
112589,65994,2025-10-09,480000,5,No disponible,480,jomaraga355@viajes.cl,Salamanca,Ávila,9,776,96000,Nederlandse Sp,2025-11-25,2025-11-25,"{""Aire acondicionado"",Agua,TV}",
106622,58743,2025-04-06,1104000,8,No disponible,1104,jopabu104@viajes.cl,Parla,Santa Coloma de Gramanet,18,922,138000,Frontier Airlines,2026-08-10,,{},
146839,,,,,Disponible,0,josé4245489@viajes.cl,Linares,Rubí,41,922,194000,Buses Ahumada,2026-07-11,,"{TV,Agua,""Aire acondicionado""}",
131564,62278,2025-02-26,805000,5,No disponible,805,josé4375225@viajes.cl,Talavera de la Reina,Valdemoro,51,4117,161000,TGV (SNCF),2025-12-01,2025-12-03,"{TV,Comida,""Asientos reclinables"",Baño,""Aire acondicionado"",Agua,Calefacción}",
135516,64498,2025-11-09,801000,3,No disponible,801,josé7055717@viajes.cl,Almería,Lugo,11,3577,267000,Japan Airlines,2026-01-08,2026-01-10,{},
103985,61140,2025-07-10,1160000,8,No disponible,1160,josé7880619@viajes.cl,Palma de Mallorca,Marbella,72,1180,145000,CD (República Checa),2026-04-07,2026-04-07,,
82642,66341,2025-08-13,873000,9,No disponible,873,jucébeva663@viajes.cl,Burgos,Arrecife,7,2541,97000,LATAM Airlines,2025-11-11,2025-11-12,{},
146982,,,,,Disponible,0,jucéguvi280@viajes.cl,Palencia,La Línea de la Concepción,63,3482,110000,Southwest Airlines,2025-11-04,2026-03-29,{},
147986,,,,,Disponible,0,juolol339@viajes.cl,Elda,Cerdañola del Vallés,30,1608,134000,Frontier Airlines,2026-05-04,2026-07-10,{},
149147,,,,,Disponible,0,jupabe305@viajes.cl,Alcobendas,Coslada,56,417,85000,SNCB (Bélgica),2026-05-22,2026-06-08,"{Agua,TV,""Asientos reclinables"",Comida,Baño}",
139808,65666,2025-05-14,550000,5,No disponible,550,jupuma342@viajes.cl,San Sebastián,Barcelona,50,1750,110000,Megabus,2026-10-04,2026-10-05,"{Wifi,""Asientos reclinables"",""Aire acondicionado""}",
147031,,,,,Disponible,0,jutaáv641@viajes.cl,Fuengirola,Mérida,48,3775,267000,Avianca,2025-04-01,2025-09-05,{},
146997,,,,,Disponible,0,leonor9451196@viajes.cl,Badajoz,Vigo,50,4031,200000,Alaska Airlines,2026-01-12,2026-06-28,{},
81013,61625,2025-04-29,1560000,5,No disponible,1560,leorti155@viajes.cl,Paterna,León,14,3375,312000,Alaska Airlines,2026-07-05,2026-07-07,{},
95079,58383,2026-02-18,620000,5,No disponible,620,lilia8931915@viajes.cl,Zamora,Alicante,82,994,124000,NSB (Noruega),2026-03-18,2026-03-18,"{Baño,Calefacción,TV}",
129771,64201,2025-07-16,578000,2,No disponible,578,liágmi129@viajes.cl,Lérida,Telde,32,2426,289000,Thalys,2026-03-27,2026-03-28,"{""Asientos reclinables"",Wifi,Comida,TV,Calefacción}",
130677,63811,2025-02-26,324000,1,No disponible,324,loalza265@viajes.cl,Elda,Estepona,7,3742,324000,CFR (Rumania),2026-07-23,2026-07-25,"{""Aire acondicionado"",Calefacción,Comida,Wifi,TV,Baño,Agua}",
107792,58263,2025-09-28,1715000,7,No disponible,1715,lola905232@viajes.cl,Jerez de la Frontera,Roquetas de Mar,35,3430,245000,Air Canada,2026-11-10,2026-11-12,{},
96820,61576,2026-05-26,1722000,6,No disponible,1722,lomato408@viajes.cl,Manresa,Orihuela,39,3650,287000,NS International,2026-06-04,,"{""Aire acondicionado"",Wifi,TV,Calefacción,Agua,Comida,Baño}",
88118,55876,2025-01-22,208000,2,No disponible,208,lorena3513609@viajes.cl,Cádiz,Irún,74,491,104000,Italo,2025-02-22,,{},
132498,56787,2026-03-17,1512000,7,No disponible,1512,losema775@viajes.cl,Huelva,Guadalajara,75,2789,216000,VR (Finlandia),2026-03-22,2026-03-23,,
114019,61191,2025-06-26,256000,8,No disponible,256,lourdes4205209@viajes.cl,Madrid,Córdoba,43,1340,32000,Turkish Airlines,2025-11-17,2025-11-17,{},
90886,61071,2025-04-19,392000,7,No disponible,392,lucabo108@viajes.cl,Mérida,Gandía,41,1484,56000,,2025-08-21,2025-08-22,{},
124338,63660,2025-05-22,1955000,5,No disponible,1955,lucas2379246@viajes.cl,Estepona,Torrejón de Ardoz,85,2975,391000,PKP (Polonia),2025-12-22,2025-12-24,"{Comida,""Asientos reclinables"",Wifi,""Aire acondicionado"",TV,Calefacción}",
149390,,,,,Disponible,0,lucas4005174@viajes.cl,Pontevedra,Vitoria,63,1291,132000,SBB (Suiza),2025-07-01,2025-08-23,"{Wifi,Calefacción,Baño}",
79191,61312,2026-03-02,1740000,6,No disponible,1740,luis2971637@viajes.cl,Collado Villalba,Mollet del Vallés,34,2887,290000,ZSSK (Eslovaquia),2026-08-05,2026-08-07,"{""Asientos reclinables"",Agua,""Aire acondicionado"",Wifi,Baño,Comida}",
118879,62428,2026-07-15,220000,4,No disponible,220,luisa595785@viajes.cl,Lorca,Torremolinos,43,983,55000,,2026-11-20,2026-11-20,"{""Asientos reclinables"",""Aire acondicionado"",Calefacción}",
145139,,,,,Disponible,0,lumirira887@viajes.cl,Santa Coloma de Gramanet,Algeciras,48,499,129000,ADO,2025-09-23,,"{TV,""Asientos reclinables"",Wifi}",
122411,61429,2025-10-06,1002000,6,No disponible,1002,lupato375@viajes.cl,Pozuelo de Alarcón,Baracaldo,65,2689,167000,MÁV (Hungría),2025-11-06,2025-11-07,"{Baño,Wifi,Calefacción,""Aire acondicionado"",Agua}",
148504,,,,,Disponible,0,lurosi472@viajes.cl,Sabadell,Algeciras,52,2685,284000,Air New Zealand,2025-12-16,2026-04-06,{},
148608,,,,,Disponible,0,lusana316@viajes.cl,Marbella,Cartagena,69,3631,181000,Emirates,2026-04-20,2026-09-18,{},
125381,62447,2025-01-30,214000,1,No disponible,214,luvade652@viajes.cl,Viladecans,Viladecans,97,3673,214000,SNCB (Bélgica),2026-01-13,2026-01-15,"{""Asientos reclinables"",""Aire acondicionado"",Agua,TV,Baño,Comida,Calefacción}",
147546,,,,,Disponible,0,luz7344853@viajes.cl,Logroño,Mataró,73,3194,246000,Frontier Airlines,2026-03-06,2026-07-17,,
83558,62440,2025-01-05,1170000,10,No disponible,1170,maanvaju254@viajes.cl,Vigo,Rubí,64,3250,117000,VRZ (Croacia),2025-02-10,2025-02-12,"{TV,Calefacción,Agua,""Asientos reclinables"",Wifi,Baño}",
149823,,,,,Disponible,0,mababa273@viajes.cl,Gijón,Tarrasa,4,1399,68000,CFR (Rumania),2026-06-27,2026-08-24,"{""Aire acondicionado"",Comida,Agua}",
143906,59703,2026-02-04,2280000,10,No disponible,2280,mabepa708@viajes.cl,Ávila,Pontevedra,43,3995,228000,Italo,2026-06-21,2026-06-23,"{Calefacción,""Aire acondicionado"",""Asientos reclinables"",TV,Wifi,Comida,Baño}",
90089,59200,2025-07-25,917000,7,No disponible,917,macaar807@viajes.cl,Pontevedra,Hospitalet de LLobregat,73,2791,131000,AVE,2025-10-10,,"{Comida,Agua,Baño,TV,Calefacción}",
148835,,,,,Disponible,0,maespa877@viajes.cl,Sabadell,Huelva,26,1598,78000,VR (Finlandia),2026-09-09,2026-11-14,"{Baño,Calefacción,""Asientos reclinables"",""Aire acondicionado""}",
114758,64416,2025-08-10,302000,2,No disponible,302,mafitr540@viajes.cl,Puertollano,Paterna,10,4300,151000,ŽFBH (Bosnia y Herzegovina),2025-10-18,2025-10-20,"{Baño,""Aire acondicionado"",Comida,""Asientos reclinables"",Wifi,Agua,Calefacción}",
149885,,,,,Disponible,0,manuel2609542@viajes.cl,Palma de Mallorca,Gerona,90,2035,171000,Italo,2025-09-17,2025-12-10,"{Agua,Calefacción,Comida,Wifi}",
117754,63225,2026-06-12,1089000,9,No disponible,1089,manuel8069557@viajes.cl,Marbella,Reus,45,2459,121000,El Rápido Internacional,2026-07-06,2026-07-07,"{TV,Baño,Wifi}",
148399,,,,,Disponible,0,mapéga398@viajes.cl,Ceuta,Cartagena,91,371,28000,JetBlue,2025-11-01,2025-11-16,{},
98731,57519,2025-06-14,858000,6,No disponible,858,marcela1063339@viajes.cl,Valencia,Estepona,26,2363,143000,SNCB (Bélgica),2026-02-22,2026-02-23,"{Baño,Calefacción,Comida,Agua,""Aire acondicionado""}",
106471,66082,2025-03-22,1953000,7,No disponible,1953,marcela3216289@viajes.cl,Gecho,Valladolid,47,2360,279000,NS International,2025-11-27,2025-11-28,"{Wifi,Comida,""Aire acondicionado"",TV,Baño}",
147348,,,,,Disponible,0,marco2477413@viajes.cl,,Albacete,55,532,158000,Southwest Airlines,2026-05-27,,{},
90130,56502,2025-04-20,87000,1,No disponible,87,marco4750582@viajes.cl,Segovia,Jerez de la Frontera,78,1081,87000,All Nippon Airways (ANA),2025-05-29,2025-05-29,{},
96655,66416,2025-01-18,2520000,9,No disponible,2520,marco9528241@viajes.cl,Collado Villalba,Elda,89,2934,280000,ZS (Eslovenia),2025-03-12,2025-03-14,"{""Asientos reclinables"",Comida,Calefacción,Agua,TV,""Aire acondicionado""}",
148124,,,,,Disponible,0,mariana7039242@viajes.cl,Orense,Lugo,57,3129,348000,Japan Airlines,2025-10-14,2026-02-21,{},
129885,60195,2025-08-20,328000,2,No disponible,328,mariano1060145@viajes.cl,Roquetas de Mar,Madrid,4,2670,164000,KLM,2026-06-13,2026-06-14,{},
145613,,,,,Disponible,0,maricarmen6071837@viajes.cl,Rivas-Vaciamadrid,Badajoz,49,1190,188000,Avanza,2026-10-12,,"{Baño,Calefacción,TV}",
87598,62145,2025-11-19,1376000,8,No disponible,1376,maricarmen9657233@viajes.cl,Tarrasa,,20,389,172000,AVE,2025-12-30,2025-12-30,{},
148101,,,,,Disponible,0,mario640726@viajes.cl,Toledo,Móstoles,71,2275,94000,Alaska Airlines,2026-08-22,2026-11-24,,
82341,56236,2025-12-04,687000,3,No disponible,687,mario7458237@viajes.cl,Orihuela,Elda,92,2231,229000,CD (República Checa),2026-09-27,2026-09-28,"{Comida,TV,Agua,Calefacción,Baño}",
149075,,,,,Disponible,0,marisol5505335@viajes.cl,,Sabadell,42,2485,140000,,2025-02-23,2025-06-06,"{""Aire acondicionado"",Wifi,TV,""Asientos reclinables"",Agua}",
135545,57527,2026-01-07,2136000,6,No disponible,2136,marose818@viajes.cl,San Sebastián,Sanlúcar de Barrameda,84,4023,356000,Spirit Airlines,2026-04-22,2026-04-24,{},
82970,63326,2025-01-25,560000,7,No disponible,560,marta7708109@viajes.cl,Santander,,100,767,80000,,2025-06-18,2025-06-18,"{TV,Agua,Comida}",
150012,,,,,Disponible,0,martín4667928@viajes.cl,Leganés,Badalona,83,2296,261000,ŽSSK (Eslovaquia),2025-08-09,2025-11-12,,
144038,61523,2025-01-01,3030000,10,No disponible,3030,maría1459222@viajes.cl,Fuengirola,Orense,49,4225,303000,Southwest Airlines,2025-04-14,2025-04-16,{},
121632,58887,2025-05-04,2712000,8,No disponible,2712,maría3991976@viajes.cl,Avilés,Valencia,64,4171,339000,All Nippon Airways (ANA),2026-05-29,2026-05-31,{},
147223,,,,,Disponible,0,maría4511762@viajes.cl,Elda,Ávila,32,771,148000,Delta Air Lines,2025-04-12,2025-05-14,{},
81097,66454,2025-01-04,456000,2,No disponible,456,maría5692273@viajes.cl,Sagunto,Castellón de la Plana,37,4095,228000,ÖBB (Austria),2025-04-27,2025-04-29,"{TV,Baño,Comida,""Aire acondicionado"",Agua,""Asientos reclinables"",Calefacción}",
83545,59950,2025-09-09,1141000,7,No disponible,1141,maría574504@viajes.cl,Móstoles,Orense,14,1750,163000,Eurostar,2026-08-23,2026-08-24,"{Comida,Agua,""Asientos reclinables"",Baño}",
113351,64640,2025-01-05,364000,7,No disponible,364,maría6649456@viajes.cl,Estepona,Ávila,12,449,52000,SJ (Suecia),2025-01-31,2025-01-31,{},
149575,,,,,Disponible,0,maría6926441@viajes.cl,Murcia,Castellón de la Plana,90,3626,219000,Italo,2025-12-26,2026-05-26,"{Agua,Comida,""Asientos reclinables"",Calefacción,Baño,TV,Wifi}",
131905,65109,2025-03-12,160000,5,No disponible,160,maría7665694@viajes.cl,,Valencia,33,924,32000,Thalys,2025-05-25,2025-05-25,"{""Aire acondicionado"",Calefacción,TV}",
92929,57998,2025-04-25,1700000,10,No disponible,1700,maría8269925@viajes.cl,Torremolinos,,26,518,170000,SJ (Suecia),2025-07-12,2025-07-12,{},
124435,62295,2025-12-11,623000,7,No disponible,623,maría8426631@viajes.cl,Arrecife,Avilés,13,771,89000,NS International,2026-01-10,2026-01-10,"{TV,Comida,Calefacción}",
148256,,,,,Disponible,0,mateo2584848@viajes.cl,Roquetas de Mar,San Fernando,93,658,122000,Alaska Airlines,2025-06-01,2025-06-28,{},
148285,,,,,Disponible,0,mateo7221105@viajes.cl,Badajoz,San Cristróbal de la Laguna,,2103,175000,British Airways,2025-01-25,2025-04-22,{},
104782,66541,2025-03-15,428000,4,No disponible,428,mavepa513@viajes.cl,Algeciras,Logroño,62,1023,107000,ZFBH (Bosnia y Herzegovina),2025-11-10,2025-11-10,"{Wifi,""Asientos reclinables"",Comida}",
149644,,,,,Disponible,0,mazeha128@viajes.cl,,Segovia,96,2180,299000,ZFBH (Bosnia y Herzegovina),2026-05-29,2026-08-27,"{Baño,Agua,Comida,Wifi,TV}",
94831,64234,2025-04-23,662000,2,No disponible,662,migara979@viajes.cl,Fuengirola,Santa Cruz de Tenerife,30,3713,331000,Nederlandse Sp,2025-06-06,2025-06-08,"{Baño,""Aire acondicionado"",Wifi,Agua,Calefacción,TV,""Asientos reclinables""}",
148075,,,,,Disponible,0,miguel7762265@viajes.cl,Málaga,San Sebastián,35,937,117000,Qatar Airways,2025-11-27,2026-01-05,{},
148077,,,,,Disponible,0,mónica1582901@viajes.cl,Alcalá de Guadaira,Valladolid,74,3539,308000,Air Canada,2026-07-07,2026-12-01,{},
88340,65278,2025-05-17,1100000,10,No disponible,1100,octavio917278@viajes.cl,Viladecans,Alcoy,90,2868,110000,WestJet,2025-11-15,2025-11-16,{},
149237,,,,,Disponible,0,paaral909@viajes.cl,Valdemoro,Reus,7,634,147000,Trenitalia,2026-05-11,2026-06-06,"{""Aire acondicionado"",""Asientos reclinables"",Calefacción,Baño}",
147521,,,,,Disponible,0,pamade476@viajes.cl,Elche,Coslada,63,548,160000,Japan Airlines,2025-02-01,2025-02-23,{},
101529,66602,2025-08-18,1324000,4,No disponible,1324,papaci882@viajes.cl,Dos Hermanas,Segovia,47,3085,331000,Frontier Airlines,2026-02-22,2026-02-24,{},
132307,57970,2025-02-16,1350000,9,No disponible,1350,patricia8996692@viajes.cl,Calahorra,Palma de Mallorca,26,2021,150000,Qatar Airways,2025-07-21,2025-07-22,{},
140013,60999,2025-03-25,1295000,7,No disponible,1295,patricio7879257@viajes.cl,Gerona,Albacete,91,204,185000,Italo,2026-01-25,2026-01-25,{},
101295,59686,2025-03-23,805000,7,No disponible,805,pecacó921@viajes.cl,Orihuela,,70,946,115000,American Airlines,2025-07-25,2025-07-25,{},
85909,66346,2025-04-05,78000,2,No disponible,78,pedro5278659@viajes.cl,Valladolid,Avilés,7,134,39000,Southwest Airlines,2025-05-16,2025-05-16,{},
147991,,,,,Disponible,0,picaba895@viajes.cl,Vitoria,Paterna,48,4012,430000,Ethiopian Airlines,2025-04-14,2025-09-28,{},
148331,,,,,Disponible,0,pivice769@viajes.cl,Rubí,Sabadell,84,3959,306000,Wizz Air,2026-06-04,2026-11-15,{},
86542,61411,2026-06-06,813000,3,No disponible,813,raacde153@viajes.cl,Ferrol,Sanlúcar de Barrameda,70,3104,271000,ZS (Eslovenia),2026-08-02,2026-08-04,"{""Asientos reclinables"",""Aire acondicionado"",Wifi,Baño,Agua,Comida}",
93490,64411,2025-05-08,1840000,10,No disponible,1840,rabéma434@viajes.cl,Salamanca,Marbella,61,2079,184000,Frontier Airlines,2025-06-11,2025-06-12,{},
147983,,,,,Disponible,0,ramiro8561965@viajes.cl,Gecho,Majadahonda,37,2848,126000,Air Canada,2025-10-24,2026-02-19,{},
118929,60427,2026-01-10,936000,6,No disponible,936,ramona8318679@viajes.cl,Albacete,Hospitalet de LLobregat,7,1688,156000,VRZ (Croacia),2026-10-11,2026-10-12,"{Wifi,TV,Baño,Agua}",
149946,,,,,Disponible,0,rapéal949@viajes.cl,San Fernando,,18,2671,178000,NS International,2026-04-23,2026-08-12,"{Wifi,""Asientos reclinables"",""Aire acondicionado"",Calefacción,TV}",
148487,,,,,Disponible,0,raviga372@viajes.cl,Huelva,Torremolinos,50,3650,319000,Japan Airlines,2025-08-02,2026-01-01,{},
107598,63483,2025-05-27,618000,6,No disponible,618,raágoc944@viajes.cl,Molina de Segura,Alcalá de Henares,26,3410,103000,ÖBB (Austria),2025-09-22,2025-09-24,"{Comida,Calefacción,""Asientos reclinables"",""Aire acondicionado"",Baño,Agua}",
91575,57324,2025-03-29,3872000,8,No disponible,3872,raúl2235183@viajes.cl,Ceuta,Tarrasa,94,4052,484000,CP (Portugal),2025-04-01,2025-04-03,"{Wifi,Baño,Comida,""Asientos reclinables"",Calefacción,""Aire acondicionado"",Agua}",
147153,,,,,Disponible,0,reciso597@viajes.cl,Talavera de la Reina,Rubí,40,2559,218000,Avianca,2025-01-22,2025-05-08,{},
97583,58937,2026-01-30,2988000,6,No disponible,2988,redeto680@viajes.cl,Calahorra,Chiclana de la Frontera,33,4061,498000,ZSSK (Eslovaquia),2026-05-16,2026-05-18,"{""Asientos reclinables"",Agua,""Aire acondicionado"",Baño,TV,Wifi,Calefacción}",
109074,55870,2025-02-05,2358000,9,No disponible,2358,reina5836237@viajes.cl,Albacete,Benidorm,50,2982,262000,United Airlines,2025-07-12,,{},
148551,,,,,Disponible,0,ricardo3973419@viajes.cl,Las Palmas de Gran Canaria,Alcalá de Henares,42,2718,233000,,2026-05-27,2026-09-17,{},
148464,,,,,Disponible,0,ricardo4847308@viajes.cl,Ponferrada,San Sebastían de los Reyes,3,1396,135000,British Airways,2026-05-31,2026-07-28,{},
147656,,,,,Disponible,0,rigipa534@viajes.cl,Sagunto,Alcalá de Henares,57,2151,126000,British Airways,2026-05-23,2026-08-20,{},
83735,64515,2025-03-17,231000,3,No disponible,231,rizúca865@viajes.cl,Chiclana de la Frontera,Reus,60,1273,77000,ŽFBH (Bosnia y Herzegovina),2025-05-14,2025-05-14,"{Wifi,Agua,TV}",
87928,57281,2025-09-09,202000,2,No disponible,202,rodrigo4341380@viajes.cl,Barcelona,La Línea de la Concepción,,1476,101000,CP (Portugal),2026-07-22,2026-07-23,"{Wifi,""Aire acondicionado"",""Asientos reclinables"",Agua}",
134546,59264,2025-01-02,130000,1,No disponible,130,sagrca240@viajes.cl,Palma de Mallorca,Telde,94,1074,130000,Amtrak,2025-01-31,2025-01-31,"{Calefacción,""Aire acondicionado"",Comida}",
89394,61974,2025-02-02,184000,8,No disponible,184,samuel7438504@viajes.cl,,Zamora,82,658,23000,Avianca,2025-10-14,2025-10-14,{},
112151,65351,2025-01-02,2110000,10,No disponible,2110,samuel9126473@viajes.cl,Inca,Lugo,64,2743,211000,Air Canada,2025-01-03,2025-01-04,{},
116355,60056,2025-01-25,2970000,6,No disponible,2970,santiago5940278@viajes.cl,Sanlúcar de Barrameda,La Coruña,78,4095,495000,Frontier Airlines,2025-03-29,2025-03-31,{},
147646,,,,,Disponible,0,santiago9579341@viajes.cl,Santa Coloma de Gramanet,,33,1302,120000,Copa Airlines,2025-11-20,2026-01-13,{},
141720,62563,2025-09-30,624000,4,No disponible,624,sasegr729@viajes.cl,Pamplona,San Sebastián,88,1507,156000,Japan Airlines,2025-10-10,2025-10-11,{},
147309,,,,,Disponible,0,sergio8830950@viajes.cl,,Cartagena,82,1326,111000,EasyJet,2025-09-16,2025-11-10,{},
148594,,,,,Disponible,0,sonia3028381@viajes.cl,Collado Villalba,Jaén,,3584,192000,Air New Zealand,2026-01-30,2026-06-28,{},
118636,57315,2025-06-10,149000,1,No disponible,149,sonia8445310@viajes.cl,Roquetas de Mar,Torremolinos,5,782,149000,ÖBB (Austria),2026-11-28,2026-11-28,"{Wifi,Calefacción,Comida}",
116912,65352,2025-01-01,399000,1,No disponible,399,sr.1328517@viajes.cl,Santiago de Compostela,Ceuta,15,3872,399000,AVE,2025-06-27,2025-06-29,"{Agua,TV,Calefacción,""Aire acondicionado"",Baño,""Asientos reclinables"",Wifi}",
110467,65705,2025-04-07,592000,8,No disponible,592,sr.1944583@viajes.cl,Almería,Irún,50,1398,74000,NS International,2025-08-23,2025-08-23,"{Agua,Baño,Calefacción}",
134982,65138,2025-01-03,544000,2,No disponible,544,sr.2527428@viajes.cl,Ferrol,Logroño,15,2171,272000,PKP (Polonia),2025-01-18,2025-01-19,"{TV,""Asientos reclinables"",Agua,Wifi,Comida}",
104957,56221,2025-12-24,730000,5,No disponible,730,sr.2984528@viajes.cl,Tarrasa,Almería,,1577,146000,Air New Zealand,2026-07-15,2026-07-16,{},
107747,66441,2025-04-01,3090000,10,No disponible,3090,sr.5449968@viajes.cl,Vitoria,Badajoz,89,3259,309000,NSB (Noruega),2025-04-03,,"{Baño,""Asientos reclinables"",Agua,TV,""Aire acondicionado"",Comida}",
96175,64365,2025-01-02,730000,5,No disponible,730,sr.6552793@viajes.cl,Arrecife,Almería,49,1587,146000,Air France,2025-03-05,2025-03-06,{},
136783,57903,2025-03-09,987000,7,No disponible,987,sr.7155697@viajes.cl,Alcorcón,Murcia,31,857,141000,,2025-05-11,2025-05-11,"{Calefacción,""Asientos reclinables"",Wifi}",
127594,65331,2025-02-03,2190000,10,No disponible,2190,sr.7819604@viajes.cl,Jerez de la Frontera,Tarrasa,73,3474,219000,DSB (Dinamarca),2026-07-17,2026-07-19,"{""Aire acondicionado"",TV,Comida,Wifi,Baño,Agua}",
147560,,,,,Disponible,0,sr.8238424@viajes.cl,Burgos,Santa Coloma de Gramanet,29,907,135000,Alaska Airlines,2025-11-05,,{},
123541,57404,2025-05-01,1025000,5,No disponible,1025,sr.9584607@viajes.cl,Arrecife,Sabadell,66,2847,205000,ŽFBH (Bosnia y Herzegovina),2025-05-14,2025-05-15,"{TV,Wifi,Baño,Comida,Agua}",
134314,60127,2025-01-11,600000,6,No disponible,600,sra.206109@viajes.cl,Benalmádena,Jaén,82,1900,100000,Air New Zealand,2025-01-24,2025-01-25,{},
88606,59186,2025-03-05,2190000,10,No disponible,2190,sra.3003957@viajes.cl,Lorca,Getafe,69,2469,219000,DSB (Dinamarca),2025-09-02,2025-09-03,"{Comida,""Aire acondicionado"",TV,Agua,Calefacción}",
93155,65532,2025-03-25,942000,3,No disponible,942,sra.3036357@viajes.cl,Motril,Cáceres,37,3092,314000,Nederlandse Sp,2025-07-04,2025-07-06,"{Comida,Agua,Wifi,Baño,TV,""Aire acondicionado""}",
99189,55842,2025-01-25,1368000,8,No disponible,1368,sra.4101767@viajes.cl,Barcelona,Valencia,48,4138,171000,RZD (Rusia),2025-05-08,2025-05-10,"{""Aire acondicionado"",""Asientos reclinables"",Comida,Agua,Baño,Wifi,TV}",
89379,65118,2025-01-27,372000,3,No disponible,372,sra.5633370@viajes.cl,Murcia,Toledo,48,1523,124000,Condor Bus,2026-09-06,2026-09-07,"{Comida,Baño,""Aire acondicionado""}",
106545,64757,2025-03-09,1337000,7,No disponible,1337,sra.5975480@viajes.cl,Lérida,Motril,90,2515,191000,Qatar Airways,2026-01-24,2026-01-25,{},
113348,64640,2025-01-06,595000,7,No disponible,595,sra.6306248@viajes.cl,Ciudad Real,Estepona,13,1345,85000,RZD (Rusia),2025-01-29,2025-01-29,"{Baño,Agua,""Aire acondicionado""}",
84326,57265,2025-02-14,444000,3,No disponible,444,sra.7988218@viajes.cl,Vigo,Las Palmas de Gran Canaria,37,861,148000,Ethiopian Airlines,2025-09-11,2025-09-11,{},
147703,,,,,Disponible,0,sra.9139309@viajes.cl,Gijón,Valencia,34,434,133000,KLM,2026-08-26,2026-09-13,{},
86848,62303,2025-06-30,162000,6,No disponible,162,sralbabu154@viajes.cl,Sanlúcar de Barrameda,Rivas-Vaciamadrid,57,417,27000,EasyJet,2026-06-09,2026-06-09,{},
149127,,,,,Disponible,0,srcegasá733@viajes.cl,Vigo,Irún,20,4231,396000,DSB (Dinamarca),2025-09-15,2026-03-10,,
96802,60032,2025-01-27,1494000,9,No disponible,1494,srcotepe595@viajes.cl,Puertollano,Cerdañola del Vallés,82,452,166000,SNCB (Bélgica),2025-03-08,2025-03-08,{},
110930,57872,2026-02-11,458000,2,No disponible,458,srdaalco692@viajes.cl,Burgos,Leganés,42,2543,229000,Deutsche Bahn (DB),2026-07-10,2026-07-11,"{Calefacción,Wifi,Comida,TV,Agua}",
108456,61189,2025-05-15,2720000,8,No disponible,2720,srelabor385@viajes.cl,Coslada,Alcobendas,25,3848,340000,Italo,2026-06-04,2026-06-06,"{""Aire acondicionado"",""Asientos reclinables"",Agua,Wifi,Calefacción,Comida,Baño}",
82301,55762,2025-03-07,2268000,9,No disponible,2268,srjepeur438@viajes.cl,Pozuelo de Alarcón,Motril,,3930,252000,Japan Airlines,2026-06-04,2026-06-06,,
139628,60433,2025-03-18,152000,2,No disponible,152,srjoeság861@viajes.cl,Zamora,Bilbao,96,150,76000,,2026-06-10,2026-06-10,{},
122740,58411,2026-05-13,380000,2,No disponible,380,srlusape355@viajes.cl,Chiclana de la Frontera,Viladecans,77,2628,190000,AVE,2026-11-05,2026-11-06,"{""Aire acondicionado"",Agua,Calefacción,Comida,Wifi}",
149282,,,,,Disponible,0,srmarete198@viajes.cl,Reus,San Fernando,59,3071,393000,ZS (Eslovenia),2026-08-07,2026-12-12,"{Comida,""Asientos reclinables"",Calefacción,TV,Wifi,Agua}",
149994,,,,,Disponible,0,srmavime606@viajes.cl,Mérida,Chiclana de la Frontera,55,3258,186000,CP (Portugal),2025-08-04,2025-12-17,"{Baño,Wifi,""Aire acondicionado"",Calefacción,Agua,TV}",
138332,60680,2025-05-06,3420000,10,No disponible,3420,sroccoma170@viajes.cl,Fuenlabrada,Ceuta,51,3235,342000,All Nippon Airways (ANA),2025-07-17,2025-07-19,{},
147459,,,,,Disponible,0,srregosá868@viajes.cl,,Badajoz,33,4202,269000,Vueling,2025-10-29,2026-04-22,{},
127294,57851,2026-03-19,1050000,6,No disponible,1050,srribaro313@viajes.cl,San Sebastián,Pozuelo de Alarcón,92,2497,175000,Wizz Air,2026-09-21,2026-09-22,{},
89483,62903,2025-08-08,1068000,4,No disponible,1068,srroarcu667@viajes.cl,Tarrasa,Orihuela,8,2599,267000,United Airlines,2026-01-10,2026-01-11,{},
127198,65781,2025-06-30,375000,5,No disponible,375,srsazamo562@viajes.cl,Madrid,Lérida,65,1029,75000,Turkish Airlines,2025-07-29,2025-07-29,{},
126994,64101,2025-07-06,896000,8,No disponible,896,antonia4933537@viajes.cl,,Alcalá de Henares,99,1321,112000,Air France,2026-01-16,2026-01-16,{},
131886,63648,2025-02-09,540000,10,No disponible,540,srsolláv959@viajes.cl,Móstoles,Collado Villalba,56,1681,54000,Renfe,2025-10-06,2025-10-07,"{Wifi,""Aire acondicionado"",Agua,Calefacción}",
104949,56221,2025-10-24,880000,5,No disponible,880,sránocza476@viajes.cl,Cuenta,Tarrasa,80,1684,176000,KLM,2026-07-07,2026-07-08,{},
100659,62011,2025-12-25,645000,3,No disponible,645,sta.1662174@viajes.cl,Santander,Majadahonda,22,2432,215000,ZSSK (Eslovaquia),2026-07-22,2026-07-23,"{Baño,Calefacción,Wifi,Agua,""Asientos reclinables""}",
146972,,,,,Disponible,0,sta.3999824@viajes.cl,Gerona,Lérida,72,3140,148000,Copa Airlines,2026-04-14,2026-08-22,{},
148472,,,,,Disponible,0,sta.4185906@viajes.cl,Huelva,Majadahonda,40,3655,186000,Turkish Airlines,2026-07-17,2026-12-16,{},
147100,,,,,Disponible,0,sta.4768264@viajes.cl,Huelva,Linares,88,322,103000,KLM,2025-03-26,2025-04-08,,
137642,65403,2025-06-18,333000,3,No disponible,333,sta.6665708@viajes.cl,Córdoba,Barcelona,83,742,111000,American Airlines,2025-12-22,2025-12-22,{},
147937,,,,,Disponible,0,sta.6684379@viajes.cl,Puertollano,Reus,60,1129,60000,LATAM Airlines,2026-11-11,2026-12-28,{},
109343,58518,2025-01-02,416000,8,No disponible,416,sta.6977909@viajes.cl,Manresa,Puertollano,46,553,52000,Amtrak,2025-01-06,2025-01-06,{},
118298,59475,2025-03-13,1400000,8,No disponible,1400,sta.7893328@viajes.cl,La Línea de la Concepción,Pamplona,41,703,175000,Qantas,2025-03-16,2025-03-16,{},
83192,64368,2025-01-06,1935000,9,No disponible,1935,sta.8232485@viajes.cl,Albacete,Inca,60,2373,215000,Avianca,2025-01-08,2025-01-09,{},
149126,,,,,Disponible,0,starcalo784@viajes.cl,Las Palmas de Gran Canaria,Gijón,,4052,247000,SJ (Suecia),2025-12-17,2026-06-03,"{Comida,TV,Agua,""Aire acondicionado"",Baño,Calefacción,""Asientos reclinables""}",
131518,61592,2026-01-04,162000,9,No disponible,162,stgrvivi934@viajes.cl,Alcalá de Henares,La Línea de la Concepción,13,221,18000,Qantas,2026-04-26,2026-04-26,{},
99813,63999,2025-02-24,790000,10,No disponible,790,stjarabe770@viajes.cl,Santander,Benidorm,19,1400,79000,VR (Finlandia),2025-09-14,2025-09-14,"{Comida,Wifi,Calefacción}",
123735,57174,2025-12-27,1820000,7,No disponible,1820,stjucaga988@viajes.cl,Talavera de la Reina,Cáceres,76,2627,260000,Emirates,2026-01-11,2026-01-12,{},
148897,,,,,Disponible,0,stmaarsa493@viajes.cl,Estepona,Santander,90,1436,70000,Italo,2026-03-17,2026-05-15,"{Calefacción,Baño,TV}",
132026,61798,2026-04-22,540000,9,No disponible,540,stmapubé533@viajes.cl,Manresa,Pamplona,52,881,60000,Trenitalia,2026-09-10,2026-09-10,"{Baño,TV,Wifi}",
78501,57752,2025-01-25,2367000,9,No disponible,2367,stniniba272@viajes.cl,Santa Coloma de Gramanet,Las Palmas de Gran Canaria,43,3168,263000,ZS (Eslovenia),2025-05-16,2025-05-18,,
149431,,,,,Disponible,0,stroseal875@viajes.cl,San Sebastían de los Reyes,Ferrol,2,2387,250000,SBB (Suiza),2025-08-10,2025-11-17,"{Baño,""Asientos reclinables"",Agua,Calefacción,Wifi}",
98599,64276,2025-05-28,328000,2,No disponible,328,stsacemo586@viajes.cl,Roquetas de Mar,Parla,,1532,164000,,2026-01-01,,"{TV,Comida,""Aire acondicionado"",Baño}",
139830,57175,2025-01-11,62000,1,No disponible,62,stsiquho545@viajes.cl,Gandía,Benidorm,35,2576,62000,Condor Bus,2025-01-27,2025-01-28,"{""Asientos reclinables"",TV,Wifi}",
103077,58015,2025-03-31,890000,10,No disponible,890,suhemá328@viajes.cl,Collado Villalba,Alcoy,42,1827,89000,Eurostar,2025-10-16,2025-10-17,"{""Aire acondicionado"",""Asientos reclinables"",Wifi,Calefacción}",
110889,63333,2025-04-18,2360000,8,No disponible,2360,velimo426@viajes.cl,Torremolinos,Vigo,88,3867,295000,United Airlines,2026-07-19,2026-07-21,{},
100286,61770,2025-02-09,436000,4,No disponible,436,veorpa980@viajes.cl,Bilbao,Lugo,30,1419,109000,Alsa,2025-08-05,2025-08-05,,
115906,64869,2025-01-03,405000,3,No disponible,405,verónica1481805@viajes.cl,,Lugo,10,2822,135000,Trenitalia,2026-07-27,2026-07-28,"{""Asientos reclinables"",Comida,Wifi,Agua,Calefacción}",
149502,,,,,Disponible,0,viresa520@viajes.cl,Vitoria,Marbella,80,1648,94000,Eurostar,2025-03-27,2025-06-03,"{TV,Baño,Wifi,Comida}",
150072,,,,,Disponible,0,virginia9404929@viajes.cl,Benidorm,Estepona,66,3812,334000,CFR (Rumania),2026-10-12,2027-03-19,,
149214,,,,,Disponible,0,vivemo487@viajes.cl,Telde,Cartagena,50,3105,114000,ŽFBH (Bosnia y Herzegovina),2025-02-04,2025-06-13,"{Wifi,Comida,Agua,TV,Baño,""Asientos reclinables""}",
96126,66340,2025-07-21,1475000,5,No disponible,1475,yolanda4808953@viajes.cl,Zaragoza,,98,3197,295000,Copa Airlines,2026-02-22,2026-02-24,{},
149906,,,,,Disponible,0,Óscarlara210@viajes.cl,Vigo,Fuengirola,5,2525,115000,RZD (Rusia),2026-06-17,2026-09-30,"{Wifi,Comida,""Asientos reclinables"",Calefacción,Baño}",
149045,,,,,Disponible,0,óscar8305124@viajes.cl,Valdemoro,Elche,33,3270,382000,ZFBH (Bosnia y Herzegovina),2025-12-27,2026-05-12,,
108397,65111,2025-06-17,585000,9,No disponible,585,óscar9962637@viajes.cl,Lugo,Paterna,7,1234,65000,Emirates,2025-08-01,2025-08-01,{},
129022,60252,2025-07-14,325000,5,No disponible,325,ósheza630@viajes.cl,Bilbao,Gijón,60,1975,65000,Italo,2025-10-28,2025-10-29,"{""Asientos reclinables"",""Aire acondicionado"",TV,Agua}",
98898,61149,2025-03-31,1690000,5,No disponible,1690,Adrianaarevalo161@viajes.cl,La Coruña,Lugo,35,3769,338000,ŽFBH (Bosnia y Herzegovina),2025-08-27,2025-08-29,"{""Aire acondicionado"",TV,Agua,Comida,Wifi,Calefacción,""Asientos reclinables""}",
147101,,,,,Disponible,0,Albertocarranza913@viajes.cl,,Sanlúcar de Barrameda,59,2078,148000,KLM,2025-02-26,,{},
82168,65059,2026-01-13,1180000,10,No disponible,1180,Albertoosorio573@viajes.cl,Inca,Almería,39,1515,118000,Omnibus de México,2026-02-28,2026-03-01,"{""Aire acondicionado"",Baño,Wifi}",
84396,61486,2025-05-28,304000,8,No disponible,304,Alejandraleyva742@viajes.cl,Puertollano,La Línea de la Concepción,43,152,38000,Socibus,2025-07-29,2025-07-29,"{Calefacción,""Asientos reclinables"",""Aire acondicionado""}",
81239,61734,2025-07-17,1010000,5,No disponible,1010,Alfredobenavídez720@viajes.cl,Arrecife,Orihuela,18,2647,202000,Thalys,2025-08-27,2025-08-28,"{Agua,Wifi,""Asientos reclinables"",Calefacción,Baño}",
112707,61370,2026-08-17,316000,2,No disponible,316,Amaliaadame525@viajes.cl,Roquetas de Mar,,19,2821,158000,HŽ (Croacia),2026-09-10,,"{Baño,""Asientos reclinables"",Calefacción,Comida,Wifi}",
111942,59801,2025-08-13,192000,3,No disponible,192,Amaliagálvez582@viajes.cl,Albacete,Castellón de la Plana,18,1813,64000,Copa Airlines,2026-08-20,2026-08-21,{},
147043,,,,,Disponible,0,Arturosalas423@viajes.cl,Algeciras,Jerez de la Frontera,,3333,275000,Ryanair,2025-03-12,2025-07-28,{},
144936,,,,,Disponible,0,Benjamínloya261@viajes.cl,San Cristróbal de la Laguna,Gandía,39,3298,120000,BoltBus,2026-04-30,,"{""Asientos reclinables"",Wifi,""Aire acondicionado""}",
142011,64267,2025-01-15,588000,7,No disponible,588,Carlavega155@viajes.cl,Tarrasa,Mérida,49,785,84000,ÖBB (Austria),2025-02-23,2025-02-23,"{Wifi,TV,Calefacción}",
117278,59333,2025-08-07,160000,5,No disponible,160,Carlosgollum406@viajes.cl,Fuengirola,Zamora,26,535,32000,NS International,2026-02-06,,{},
135421,64852,2025-05-26,450000,6,No disponible,450,Carloshurtado807@viajes.cl,Móstoles,Majadahonda,32,1223,75000,NS International,2025-07-19,2025-07-19,"{Comida,Baño,""Aire acondicionado""}",
129517,57091,2025-05-24,1030000,5,No disponible,1030,Carlosloera513@viajes.cl,Parla,Leganés,23,2803,206000,Ryanair,2026-08-03,2026-08-04,,
103821,59201,2025-03-30,1768000,8,No disponible,1768,Clarasalas217@viajes.cl,Santa Lucía de Tirajana,,80,2803,221000,Renfe,2025-07-15,2025-07-16,"{""Aire acondicionado"",Calefacción,TV,Agua,Comida}",
148652,,,,,Disponible,0,Clarasaldaña655@viajes.cl,Cerdañola del Vallés,Telde,62,1724,134000,MÁV (Hungría),2026-11-08,2027-01-18,"{""Aire acondicionado"",Comida,Agua,Baño}",
118282,61592,2025-05-12,1544000,8,No disponible,1544,Cristinadelatorre259@viajes.cl,Murcia,Baracaldo,21,2816,193000,Turkish Airlines,2026-07-23,2026-07-24,{},
130966,61660,2025-09-14,450000,3,No disponible,450,Cristinagarza954@viajes.cl,Viladecans,Ceuta,61,887,150000,Vueling,2026-11-30,2026-11-30,{},
82357,61777,2025-05-02,830000,5,No disponible,830,Césarcarranza981@viajes.cl,Viladecans,Badajoz,65,2292,166000,TGV (SNCF),2025-11-29,2025-11-30,"{Calefacción,""Aire acondicionado"",Baño,Comida,TV}",
90412,58814,2025-01-02,522000,6,No disponible,522,Danielpáez646@viajes.cl,Gijón,Granada,3,192,87000,ŽFBH (Bosnia y Herzegovina),2026-02-21,2026-02-21,{},
111381,60214,2025-03-13,1296000,9,No disponible,1296,Doloreslucio682@viajes.cl,La Línea de la Concepción,Castellón de la Plana,83,1171,144000,,2025-12-27,2025-12-27,{},
149010,,,,,Disponible,0,Déboralimón727@viajes.cl,,Tarragona,2,3926,415000,HŽ (Croacia),2026-10-08,2027-03-20,"{Agua,""Asientos reclinables"",""Aire acondicionado"",Wifi,TV,Comida,Baño}",
123189,62566,2025-09-08,1088000,8,No disponible,1088,Elsavillalpando941@viajes.cl,Paterna,Ferrol,22,1621,136000,CFR (Rumania),2026-06-24,2026-06-25,,
131679,63094,2025-03-12,1224000,8,No disponible,1224,Elvirajaimes547@viajes.cl,Vitoria,Sabadell,27,719,153000,Turkish Airlines,2025-06-28,2025-06-28,{},
114960,61536,2025-03-26,405000,1,No disponible,405,Emiliabermúdez819@viajes.cl,Santa Coloma de Gramanet,Molina de Segura,75,4277,405000,,2025-05-02,2025-05-04,{},
148598,,,,,Disponible,0,Emiliotijerina676@viajes.cl,Cartagena,Talavera de la Reina,65,4158,432000,Japan Airlines,2026-09-08,2027-02-28,{},
83944,59252,2025-09-13,732000,4,No disponible,732,Enriqueochoa292@viajes.cl,Rubí,Málaga,17,2568,183000,NSB (Noruega),2026-05-21,2026-05-22,"{TV,Agua,""Asientos reclinables"",""Aire acondicionado"",Calefacción}",
132691,57698,2025-10-13,1876000,7,No disponible,1876,Enriquetamez108@viajes.cl,Gecho,Palencia,90,3871,268000,,2026-06-18,2026-06-20,"{Agua,""Aire acondicionado"",""Asientos reclinables"",Calefacción,Comida,Baño,TV}",
104701,59672,2025-02-08,1592000,8,No disponible,1592,Ernestocerda293@viajes.cl,Fuengirola,Palma de Mallorca,41,504,199000,,2025-02-11,2025-02-11,{},
100182,62819,2025-12-03,219000,3,No disponible,219,Esperanzacandelaria990@viajes.cl,La Línea de la Concepción,San Sebastián,50,3377,73000,Andesmar,2026-03-19,2026-03-21,,
130436,55581,2025-12-13,285000,3,No disponible,285,Estebanelizondo783@viajes.cl,Lérida,Málaga,47,3736,95000,Plusmar,2026-11-18,2026-11-20,"{Wifi,TV,""Asientos reclinables""}",
88038,65690,2025-06-21,513000,9,No disponible,513,Fernandodelao340@viajes.cl,Ponferrada,Alcoy,92,600,57000,CP (Portugal),2025-12-08,2025-12-08,{},
114651,64183,2025-01-16,2196000,9,No disponible,2196,Franciscogranado910@viajes.cl,Guadalajara,Toledo,70,2449,244000,NS International,2025-03-23,2025-03-24,"{Agua,""Aire acondicionado"",Baño,TV,Calefacción}",
87621,60035,2026-03-11,1305000,5,No disponible,1305,Franciscojesús882@viajes.cl,Badalona,Santiago de Compostela,28,2444,261000,Vueling,2026-10-10,2026-10-11,{},
90184,57473,2025-12-28,556000,4,No disponible,556,Gilbertoayala702@viajes.cl,Segovia,Mataró,71,3208,139000,Deutsche Bahn (DB),2026-09-07,2026-09-09,"{TV,Calefacción,""Asientos reclinables"",Agua,Comida,Baño}",
126996,64101,2025-10-11,360000,8,No disponible,360,Gilbertosoria980@viajes.cl,Valdemoro,Torrevieja,78,177,45000,Emirates,2026-01-17,2026-01-17,{},
135993,56906,2025-05-11,2232000,6,No disponible,2232,Gilbertoverduzco611@viajes.cl,Vitoria,Ceuta,77,3925,372000,ZSSK (Eslovaquia),2026-08-31,2026-09-02,"{Agua,Baño,Comida,TV,Wifi,""Asientos reclinables"",""Aire acondicionado""}",
143206,63376,2025-04-22,2800000,10,No disponible,2800,Horacioaparicio754@viajes.cl,Salamanca,Reus,34,4068,280000,EasyJet,2025-05-24,2025-05-26,{},
149739,,,,,Disponible,0,Ignacioordóñez826@viajes.cl,Logroño,Salamanca,61,2876,140000,Eurostar,2026-09-04,2027-01-01,"{Wifi,Calefacción,Baño,Agua,""Aire acondicionado""}",
148854,,,,,Disponible,0,Ignaciopreciado651@viajes.cl,Alcalá de Henares,,18,3163,316000,,2025-01-05,2025-05-16,"{Agua,Baño,TV,Wifi,Calefacción,Comida}",
125480,66465,2025-04-03,2338000,7,No disponible,2338,Inésmejía800@viajes.cl,Salamanca,Tarragona,64,3118,334000,CFR (Rumania),2025-04-29,2025-05-01,"{TV,Baño,Agua,""Asientos reclinables"",Wifi,Calefacción}",
84530,59697,2026-03-18,906000,6,No disponible,906,Isabelabarrera904@viajes.cl,Badalona,Badalona,5,3352,151000,SNCB (Bélgica),2026-08-30,,"{Comida,""Asientos reclinables"",""Aire acondicionado"",Wifi,Agua,TV}",
123892,59988,2025-01-11,208000,2,No disponible,208,Jacobobueno267@viajes.cl,Calahorra,Santa Lucía de Tirajana,8,3119,104000,,2025-03-04,2025-03-06,{},
121599,62374,2025-02-27,445000,5,No disponible,445,Jacobotrejo682@viajes.cl,Toledo,Tarragona,65,215,89000,,2025-03-04,2025-03-04,{},
103454,57347,2025-08-12,354000,3,No disponible,354,Jorgearmenta382@viajes.cl,Fuenlabrada,Reus,84,587,118000,Singapore Airlines,2025-10-02,2025-10-02,{},
88826,65558,2025-07-04,833000,7,No disponible,833,Jorgecano411@viajes.cl,Estepona,Santa Cruz de Tenerife,90,2504,119000,AVE,2026-01-18,2026-01-19,"{""Asientos reclinables"",Wifi,Calefacción,Agua,TV}",
108252,60184,2025-04-19,3420000,9,No disponible,3420,Jorgesedillo847@viajes.cl,La Coruña,Marbella,22,3505,380000,CD (República Checa),2026-03-06,2026-03-08,"{Comida,""Aire acondicionado"",TV,Agua,Calefacción,Wifi}",
131746,62453,2025-09-14,2470000,10,No disponible,2470,Joséalonso117@viajes.cl,Gandía,Palma de Mallorca,52,3092,247000,British Airways,2025-11-08,2025-11-10,{},
143850,65990,2025-01-01,2672000,8,No disponible,2672,Joségallardo746@viajes.cl,Badajoz,Manresa,71,4039,334000,CD (República Checa),2025-01-04,2025-01-06,,
89850,56952,2025-04-11,365000,5,No disponible,365,Leticiaperalta553@viajes.cl,Ferrol,Alcobendas,74,1472,73000,Delta Air Lines,2025-07-30,2025-07-31,{},
127706,56043,2025-10-04,385000,5,No disponible,385,Lolacervántez866@viajes.cl,Manresa,La Coruña,21,2104,77000,DSB (Dinamarca),2026-04-28,2026-04-29,"{Comida,Calefacción,TV,""Aire acondicionado""}",
105199,60789,2025-11-15,1136000,4,No disponible,1136,Lorenzoadorno716@viajes.cl,Ferrol,,46,3726,284000,KLM,2026-01-16,2026-01-18,{},
148619,,,,,Disponible,0,Lorenzoechevarría718@viajes.cl,Reus,Valencia,53,999,125000,LATAM Airlines,2026-01-15,2026-02-25,{},
99409,56239,2025-09-27,276000,3,No disponible,276,Lucasleiva484@viajes.cl,Orihuela,,18,1519,92000,,2026-06-01,2026-06-02,"{Agua,TV,""Asientos reclinables"",Comida}",
87453,65518,2025-02-03,3030000,10,No disponible,3030,Lucasnazario473@viajes.cl,Ponferrada,Mollet del Vallés,50,3103,303000,ZS (Eslovenia),2025-08-19,2025-08-21,"{Baño,Wifi,""Asientos reclinables"",TV,""Aire acondicionado"",Agua}",
149002,,,,,Disponible,0,Lucastrejo703@viajes.cl,Málaga,San Fernando,19,424,89000,SBB (Suiza),2026-05-26,2026-06-12,"{Baño,Comida,""Aire acondicionado"",Wifi,Agua,""Asientos reclinables""}",
109375,57017,2026-03-30,280000,2,No disponible,280,Luisorellana841@viajes.cl,Vigo,Roquetas de Mar,96,2459,140000,Delta Air Lines,2026-11-14,2026-11-15,{},
140461,61690,2025-05-28,1393000,7,No disponible,1393,Luisvera478@viajes.cl,Arrecife,Leganés,1,344,199000,CD (República Checa),2025-09-02,2025-09-02,{},
79973,65502,2025-05-09,1030000,10,No disponible,1030,Marcosmadera742@viajes.cl,Leganés,Benalmádena,93,2283,103000,Amtrak,2026-08-15,2026-08-16,"{""Asientos reclinables"",Comida,Baño,Wifi,Calefacción}",
147041,,,,,Disponible,0,Margaritabadillo820@viajes.cl,Dos Hermanas,Guadalajara,46,2958,217000,Southwest Airlines,2026-08-06,2026-12-07,{},
110238,64920,2026-01-16,153000,1,No disponible,153,Marianozelaya465@viajes.cl,Zamora,,7,425,153000,Nederlandse Sp,2026-04-10,2026-04-10,{},
149258,,,,,Disponible,0,Mariluarmenta694@viajes.cl,San Fernando,Torrevieja,,701,112000,Deutsche Bahn (DB),2026-04-15,2026-05-14,"{Comida,Calefacción,TV,""Asientos reclinables"",""Aire acondicionado"",Wifi,Baño}",
148961,,,,,Disponible,0,Marilucarvajal616@viajes.cl,Benalmádena,,67,146,8000,Nederlandse Sp,2026-03-25,2026-03-31,"{Comida,Baño,Wifi,""Asientos reclinables"",""Aire acondicionado""}",
132761,65567,2025-01-02,822000,2,No disponible,822,Mariluvaldez369@viajes.cl,Jerez de la Frontera,La Coruña,85,4224,411000,AVE,2025-01-29,2025-01-31,"{Wifi,Calefacción,Agua,Baño,Comida,""Asientos reclinables"",TV}",
113812,65696,2025-09-04,903000,7,No disponible,903,Marisolmonroy204@viajes.cl,La Coruña,Tarragona,32,2709,129000,Damas,2025-12-08,2025-12-09,,
148371,,,,,Disponible,0,Maríacastro464@viajes.cl,Torrejón de Ardoz,Logroño,94,2769,208000,Wizz Air,2025-08-08,2025-12-01,{},
149215,,,,,Disponible,0,Maríachacón705@viajes.cl,Santiago de Compostela,Ponferrada,42,3385,398000,CP (Portugal),2025-06-26,2025-11-14,"{""Aire acondicionado"",""Asientos reclinables"",Baño,Wifi,Calefacción,Comida}",
84266,61660,2025-01-06,960000,10,No disponible,960,Maríacrespo351@viajes.cl,Baracaldo,El Prat de LLobregat,50,1950,96000,Delta Air Lines,2025-03-01,2025-03-02,{},
88336,65278,2025-02-21,740000,10,No disponible,740,Maríafeliciano394@viajes.cl,El Ejido,Viladecans,18,561,74000,Ethiopian Airlines,2025-11-12,2025-11-12,{},
106477,66082,2025-01-27,798000,7,No disponible,798,Maríalaureano486@viajes.cl,Valladolid,Paterna,62,1441,114000,SNCB (Bélgica),2025-12-03,2025-12-04,"{""Asientos reclinables"",Wifi,Comida,Baño}",
147007,,,,,Disponible,0,Maríameza143@viajes.cl,Granollers,Cerdañola del Vallés,21,2821,92000,Wizz Air,2025-07-18,2025-11-12,{},
148009,,,,,Disponible,0,Maríarodarte813@viajes.cl,Arrecife,Santiago de Compostela,84,1435,31000,Etihad Airways,2025-09-09,2025-11-07,{},
141207,56413,2025-04-19,1305000,9,No disponible,1305,Maríavalladares172@viajes.cl,Huelva,Granollers,47,521,145000,Omnibus de México,2025-08-12,2025-08-12,"{Comida,Wifi,Agua}",
107212,58557,2025-02-17,462000,3,No disponible,462,Mercedesalaniz750@viajes.cl,La Línea de la Concepción,Cuenta,32,2967,154000,Damas,2025-02-23,2025-02-25,"{""Asientos reclinables"",Wifi,TV}",
90951,61197,2025-05-18,2500000,10,No disponible,2500,Miguelaraña665@viajes.cl,Mijas,Alcalá de Guadaira,24,3033,250000,Aeroméxico,2025-06-09,2025-06-11,{},
138007,66571,2026-02-14,464000,8,No disponible,464,Nicolásmorales493@viajes.cl,Palencia,Huelva,37,1723,58000,Vueling,2026-11-30,2026-12-01,{},
86115,62785,2025-01-12,4570000,10,No disponible,4570,Normaraya573@viajes.cl,Algeciras,León,11,4285,457000,Qatar Airways,2025-01-13,2025-01-15,{},
114473,58163,2025-07-14,38000,2,No disponible,38,Patriciahuerta665@viajes.cl,Sagunto,Alcorcón,54,227,19000,NSB (Noruega),2026-11-30,2026-11-30,{},
114250,57989,2025-03-23,144000,1,No disponible,144,Patricioestévez422@viajes.cl,Castellón de la Plana,Torrelavega,51,2106,144000,ZS (Eslovenia),2026-02-27,2026-02-28,"{""Aire acondicionado"",Calefacción,TV,""Asientos reclinables""}",
100232,56273,2025-01-22,522000,2,No disponible,522,Patriciomagaña183@viajes.cl,Torremolinos,Valdemoro,81,3637,261000,Amtrak,2025-03-02,2025-03-04,"{Calefacción,Wifi,Baño,""Asientos reclinables"",""Aire acondicionado"",Agua,Comida}",
149318,,,,,Disponible,0,Patricioolivera472@viajes.cl,Badalona,Cerdañola del Vallés,3,877,44000,Renfe,2026-06-02,2026-07-08,"{Baño,""Aire acondicionado"",Agua}",
116234,57997,2025-07-19,440000,5,No disponible,440,Ramirocontreras288@viajes.cl,Guadalajara,,5,1615,88000,Amtrak,2026-08-09,2026-08-10,"{""Asientos reclinables"",Baño,Comida,Calefacción}",
148962,,,,,Disponible,0,Ramonaacevedo828@viajes.cl,Castellón de la Plana,Pamplona,78,1799,130000,MÁV (Hungría),2026-05-14,2026-07-27,"{Comida,Calefacción,Baño,Agua}",
111234,63538,2026-01-17,704000,4,No disponible,704,Ramonaguzmán438@viajes.cl,Cáceres,Valdemoro,42,1821,176000,Singapore Airlines,2026-10-12,2026-10-13,{},
148265,,,,,Disponible,0,Ramonaleal263@viajes.cl,Valladolid,Leganés,95,1108,122000,Air Canada,2026-09-21,2026-11-06,{},
122229,58882,2025-04-03,126000,3,No disponible,126,Ramónjurado680@viajes.cl,Sanlúcar de Barrameda,Getafe,43,980,42000,DSB (Dinamarca),2026-02-12,2026-02-12,,
148416,,,,,Disponible,0,Raúlcabán208@viajes.cl,Toledo,Valencia,8,3511,150000,Alaska Airlines,2025-10-30,2026-03-25,{},
148316,,,,,Disponible,0,Raúlzayas172@viajes.cl,Avilés,Alcalá de Guadaira,31,2447,295000,Copa Airlines,2025-03-04,2025-06-13,{},
135162,64443,2025-02-02,1624000,8,No disponible,1624,Robertobarragán763@viajes.cl,Coslada,,73,4065,203000,SBB (Suiza),2025-03-31,2025-04-02,"{""Aire acondicionado"",Agua,Comida,TV,Baño,Wifi,""Asientos reclinables""}",
147465,,,,,Disponible,0,Rodrigoangulo949@viajes.cl,Tarragona,Burgos,16,1588,119000,Air France,2026-08-03,2026-10-08,{},
149599,,,,,Disponible,0,Rosaorosco800@viajes.cl,Collado Villalba,Arrecife,60,2094,133000,PKP (Polonia),2025-09-30,,"{Baño,Calefacción,""Asientos reclinables"",Comida}",
118602,60164,2025-02-09,948000,6,No disponible,948,Salvadorjesús766@viajes.cl,,El Puerto de Santa María,62,1947,158000,Aeroméxico,2026-07-10,2026-07-11,{},
147472,,,,,Disponible,0,Salvadorsisneros837@viajes.cl,Irún,Toledo,66,1027,118000,Lufthansa,2026-04-23,2026-06-04,{},
121001,64735,2026-01-07,609000,7,No disponible,609,Saraalarcón969@viajes.cl,Móstoles,Fuengirola,67,941,87000,Frontier Airlines,2026-03-02,2026-03-02,{},
134418,57072,2025-05-03,560000,10,No disponible,560,Soniaquintana185@viajes.cl,Ávila,Málaga,100,568,56000,Lufthansa,2026-06-22,2026-06-22,{},
148192,,,,,Disponible,0,Sr.armijo432@viajes.cl,Marbella,Ponferrada,48,3963,415000,Air Canada,2026-06-10,2026-11-22,{},
148780,,,,,Disponible,0,Sr.barela594@viajes.cl,Santa Cruz de Tenerife,Torrevieja,32,1808,97000,TGV (SNCF),2025-12-14,2026-02-27,"{Comida,TV,Agua,""Aire acondicionado""}",
95469,61163,2025-09-16,283000,1,No disponible,283,Sr.carrera886@viajes.cl,Gandía,Santiago de Compostela,100,2341,283000,BDZ (Bulgaria),2025-11-16,2025-11-17,"{""Aire acondicionado"",Baño,Calefacción,Agua,""Asientos reclinables""}",
128476,61632,2025-04-25,2352000,7,No disponible,2352,Sr.ceja795@viajes.cl,Gijón,Rivas-Vaciamadrid,13,4169,336000,DSB (Dinamarca),2025-09-27,2025-09-29,"{""Asientos reclinables"",Baño,TV,Agua,Comida,Wifi,Calefacción}",
130855,64418,2025-07-11,1872000,6,No disponible,1872,Sr.delacrúz661@viajes.cl,Alcorcón,Sagunto,63,2937,312000,Italo,2026-02-12,,"{Calefacción,Wifi,""Asientos reclinables"",Baño,Comida,TV}",
147019,,,,,Disponible,0,Sr.ochoa742@viajes.cl,Santa Cruz de Tenerife,Arrecife,59,2250,85000,Qantas,2026-06-11,2026-09-12,{},
104737,59573,2025-04-03,560000,8,No disponible,560,Sr.reynoso806@viajes.cl,Parla,León,9,1008,70000,Nederlandse Sp,2025-04-11,2025-04-11,,
81381,56166,2025-03-05,280000,5,No disponible,280,Sra.banda816@viajes.cl,Benalmádena,Córdoba,35,1203,56000,RZD (Rusia),2025-10-25,2025-10-25,"{""Aire acondicionado"",Baño,Agua}",
108037,56587,2025-02-13,412000,2,No disponible,412,Sra.carrera208@viajes.cl,Barcelona,Majadahonda,28,3297,206000,NSB (Noruega),2025-08-08,2025-08-10,"{TV,Wifi,Calefacción,Comida,""Asientos reclinables"",Agua}",
139863,63265,2025-06-21,1184000,8,No disponible,1184,Sra.girón712@viajes.cl,Gerona,El Ejido,57,3349,148000,Thalys,2026-08-18,2026-08-20,"{Agua,""Asientos reclinables"",Wifi,TV,""Aire acondicionado"",Baño}",
146953,,,,,Disponible,0,Sra.jaime757@viajes.cl,Tarragona,Majadahonda,73,1068,55000,All Nippon Airways (ANA),2025-06-08,2025-07-22,{},
136643,55803,2025-01-21,505000,5,No disponible,505,Sra.loera788@viajes.cl,Alcobendas,Cuenta,19,922,101000,JetBlue,2026-11-01,2026-11-01,{},
107487,64701,2025-05-26,384000,3,No disponible,384,Sra.madrigal710@viajes.cl,Logroño,Burgos,4,2107,128000,CFR (Rumania),2025-06-05,2025-06-06,"{Calefacción,""Asientos reclinables"",""Aire acondicionado"",Comida}",
148136,,,,,Disponible,0,Sra.nieto446@viajes.cl,Cerdañola del Vallés,Chiclana de la Frontera,72,3690,171000,Delta Air Lines,2026-04-05,2026-09-05,{},
145440,,,,,Disponible,0,Sra.toro255@viajes.cl,Fuenlabrada,Torrevieja,33,2001,75000,,2025-10-21,,"{Comida,TV,Calefacción}",
96690,61718,2025-10-05,1504000,8,No disponible,1504,Sra.zapata174@viajes.cl,Motril,Toledo,11,1484,188000,ŽFBH (Bosnia y Herzegovina),2026-02-15,2026-02-16,"{Wifi,Agua,""Asientos reclinables"",Baño}",
131691,63883,2025-02-04,988000,4,No disponible,988,Sta.abrego223@viajes.cl,Las Palmas de Gran Canaria,,76,3595,247000,BDZ (Bulgaria),2025-04-05,2025-04-07,"{""Aire acondicionado"",Calefacción,""Asientos reclinables"",Agua,Wifi,Comida}",
98421,60425,2026-10-23,1010000,10,No disponible,1010,Sta.bueno636@viajes.cl,Tarragona,Cornellá de Llobregat,74,3150,101000,ŽFBH (Bosnia y Herzegovina),2026-11-20,2026-11-22,"{Wifi,Calefacción,Agua,""Aire acondicionado"",Comida,""Asientos reclinables""}",
125376,62447,2025-06-20,297000,1,No disponible,297,Sta.dávila345@viajes.cl,Badalona,Murcia,6,2351,297000,DSB (Dinamarca),2026-01-08,2026-01-09,"{""Aire acondicionado"",Agua,""Asientos reclinables"",Baño,Wifi}",
148253,,,,,Disponible,0,Sta.figueroa949@viajes.cl,Lorca,Benalmádena,42,2681,145000,United Airlines,2026-01-18,2026-05-09,{},
146222,,,,,Disponible,0,Sta.lucero377@viajes.cl,Alcoy,Alcalá de Guadaira,41,4223,176000,Omnibus de México,2025-09-24,,"{Calefacción,Agua,TV}",
147079,,,,,Disponible,0,Sta.parra332@viajes.cl,Santiago de Compostela,Cádiz,89,4042,463000,Ethiopian Airlines,2026-08-29,2027-02-13,{},
148484,,,,,Disponible,0,Sta.rocha539@viajes.cl,Granada,Mijas,52,1893,191000,,2025-10-03,2025-12-20,{},
128597,64766,2025-11-27,1600000,8,No disponible,1600,Teodoropáez479@viajes.cl,Getafe,Cáceres,41,321,200000,Japan Airlines,2026-09-11,2026-09-11,{},
112567,63462,2025-07-04,428000,2,No disponible,428,Teresagálvez741@viajes.cl,Gandía,El Ejido,82,2636,214000,VRZ (Croacia),2025-10-02,,"{Calefacción,Comida,""Asientos reclinables"",TV,Baño}",
148354,,,,,Disponible,0,Timoteohernández141@viajes.cl,Almería,Tarragona,,2791,86000,Iberia,2026-01-26,2026-05-22,{},
127376,55759,2025-03-16,384000,4,No disponible,384,Tomásbarrios980@viajes.cl,Torrevieja,Oviedo,13,865,96000,,2025-04-23,2025-04-23,"{Agua,""Asientos reclinables"",Wifi}",
149607,,,,,Disponible,0,Tomásvilla256@viajes.cl,Hospitalet de LLobregat,Ávila,67,152,82000,SBB (Suiza),2025-08-20,2025-08-26,"{""Asientos reclinables"",Comida,Calefacción}",
144591,63670,2025-06-23,1008000,9,No disponible,1008,Tomászambrano517@viajes.cl,Alcalá de Guadaira,Ciudad Real,,2370,112000,Aeroméxico,2025-12-26,2025-12-27,,
99210,63650,2025-01-05,137000,1,No disponible,137,Víctorcervantes761@viajes.cl,Madrid,Toledo,6,371,137000,Qatar Airways,2025-01-20,2025-01-20,{},
148630,,,,,Disponible,0,Víctorvillalpando416@viajes.cl,Pozuelo de Alarcón,Benidorm,43,273,30000,Renfe,2026-02-06,,"{Baño,Comida,Agua,""Aire acondicionado"",""Asientos reclinables""}",
119795,57315,2025-01-23,412000,2,No disponible,412,adruvé344@viajes.cl,Gandía,Cuenta,64,3446,206000,WestJet,2025-02-09,2025-02-11,{},
99400,65533,2025-03-16,2121000,7,No disponible,2121,adán3347212@viajes.cl,Barcelona,Talavera de la Reina,26,3344,303000,Qantas,2026-09-06,2026-09-08,{},
82034,66611,2025-04-29,984000,6,No disponible,984,adán6039173@viajes.cl,Zaragoza,Burgos,92,4230,164000,British Airways,2025-08-18,2025-08-20,{},
79306,66471,2025-04-27,3015000,9,No disponible,3015,agvaro886@viajes.cl,Puertollano,Badalona,4,3621,335000,ZFBH (Bosnia y Herzegovina),2026-09-01,2026-09-03,"{Comida,Calefacción,TV,Baño,Wifi,Agua,""Aire acondicionado""}",
136055,61420,2026-03-14,144000,3,No disponible,144,agvisa375@viajes.cl,La Coruña,,56,789,48000,United Airlines,2026-10-01,2026-10-01,{},
85566,55653,2025-05-01,420000,4,No disponible,420,alcegá275@viajes.cl,Oviedo,Torrejón de Ardoz,6,892,105000,,2025-05-05,2025-05-05,{},
137606,66597,2025-08-29,980000,5,No disponible,980,alejandro4663195@viajes.cl,Zamora,Estepona,18,353,196000,CFR (Rumania),2026-10-28,2026-10-28,{},
107450,59640,2026-08-08,384000,3,No disponible,384,alfredo5112229@viajes.cl,Majadahonda,Alcalá de Henares,78,2558,128000,Delta Air Lines,2026-09-11,2026-09-12,{},
114469,58163,2025-09-22,286000,2,No disponible,286,alicia3200638@viajes.cl,,Sagunto,91,1597,143000,BDZ (Bulgaria),2026-11-26,2026-11-27,"{Baño,Wifi,Comida,""Asientos reclinables""}",
130651,61651,2025-04-08,595000,5,No disponible,595,almohu846@viajes.cl,Ponferrada,Guadalajara,,2417,119000,ZSSK (Eslovaquia),2026-09-26,2026-09-27,"{Wifi,Agua,TV,Baño,Calefacción}",
138387,62236,2026-02-26,764000,4,No disponible,764,amalqu651@viajes.cl,Molina de Segura,Chiclana de la Frontera,76,1634,191000,VRZ (Croacia),2026-06-02,2026-06-03,"{Calefacción,Baño,Agua,TV}",
147106,,,,,Disponible,0,amapgu909@viajes.cl,Cuenta,Mérida,45,3898,213000,Wizz Air,2026-10-07,2027-03-18,{},
149273,,,,,Disponible,0,amceul498@viajes.cl,Mataró,Arrecife,2,1979,124000,CD (República Checa),2025-06-30,2025-09-20,"{""Asientos reclinables"",TV,Comida,Baño}",
123712,58991,2025-02-21,232000,1,No disponible,232,amgávi612@viajes.cl,Algeciras,Majadahonda,11,2601,232000,Lufthansa,2025-10-01,2025-10-02,{},
141330,65496,2025-01-04,149000,1,No disponible,149,ana4177960@viajes.cl,Jerez de la Frontera,León,41,317,149000,All Nippon Airways (ANA),2025-06-02,2025-06-02,{},
98768,60347,2026-05-10,1521000,9,No disponible,1521,ana6425378@viajes.cl,Mérida,Fuenlabrada,46,3225,169000,AVE,2026-06-18,2026-06-20,"{Baño,TV,""Aire acondicionado"",Calefacción,Comida,Agua}",
148287,,,,,Disponible,0,anlubahe592@viajes.cl,Talavera de la Reina,Cornellá de Llobregat,11,2716,291000,American Airlines,2026-06-02,2026-09-23,{},
122320,62812,2026-01-24,1620000,5,No disponible,1620,anlurura621@viajes.cl,Murcia,Pozuelo de Alarcón,,3224,324000,WestJet,2026-07-15,2026-07-17,{},
109998,59538,2025-03-23,370000,1,No disponible,370,anmaaydu522@viajes.cl,Chiclana de la Frontera,Elche,6,4300,370000,Delta Air Lines,2026-08-02,2026-08-04,{},
127345,58281,2025-03-16,1755000,9,No disponible,1755,anmave718@viajes.cl,Benidorm,Roquetas de Mar,39,1803,195000,Copa Airlines,2026-09-16,2026-09-17,{},
127949,58089,2026-04-28,1674000,9,No disponible,1674,anorpa297@viajes.cl,Badajoz,Talavera de la Reina,4,2647,186000,ZFBH (Bosnia y Herzegovina),2026-10-05,2026-10-06,"{Baño,TV,Agua,Wifi,Comida}",
78989,59953,2025-04-20,255000,3,No disponible,255,anpubl651@viajes.cl,Sevilla,Lugo,88,2791,85000,ŽSSK (Eslovaquia),2025-04-27,2025-04-28,"{Agua,Wifi,Baño,""Aire acondicionado"",Calefacción}",
119229,59348,2025-09-05,432000,3,No disponible,432,antonio6276571@viajes.cl,Tarragona,La Coruña,62,534,144000,Amtrak,2026-01-07,2026-01-07,{},
114918,63366,2025-01-24,1057000,7,No disponible,1057,anzama631@viajes.cl,Dos Hermanas,Burgos,35,622,151000,BoltBus,2025-03-05,,"{Calefacción,Agua,TV}",
83773,56330,2026-03-12,400000,10,No disponible,400,arbagu510@viajes.cl,Ferrol,Cádiz,8,837,40000,Deutsche Bahn (DB),2026-04-19,2026-04-19,"{""Aire acondicionado"",Calefacción,Baño}",
140482,60305,2025-11-01,651000,7,No disponible,651,ariadna2726453@viajes.cl,Burgos,Irún,46,2904,93000,Turbus,2026-02-04,2026-02-06,"{Agua,Wifi,""Asientos reclinables""}",
147273,,,,,Disponible,0,arteal325@viajes.cl,Gecho,Puertollano,32,852,38000,Turkish Airlines,2026-08-28,2026-10-02,{},
139672,55601,2025-11-09,2919000,7,No disponible,2919,arturo3897713@viajes.cl,San Fernando,Ponferrada,62,4290,417000,NSB (Noruega),2026-02-23,2026-02-25,"{Baño,Calefacción,""Asientos reclinables"",Wifi,Comida,""Aire acondicionado"",Agua}",
103305,62338,2025-10-31,900000,6,No disponible,900,beatriz7735309@viajes.cl,Logroño,Avilés,83,806,150000,United Airlines,2026-11-15,2026-11-15,{},
149682,,,,,Disponible,0,bebofa924@viajes.cl,Fuenlabrada,Pontevedra,64,1104,126000,ŽSSK (Eslovaquia),2026-02-23,2026-04-10,"{Baño,""Asientos reclinables"",""Aire acondicionado""}",
148870,,,,,Disponible,0,bemoes831@viajes.cl,Hospitalet de LLobregat,El Puerto de Santa María,21,4070,300000,PKP (Polonia),2025-11-16,2026-05-04,"{""Aire acondicionado"",""Asientos reclinables"",Wifi,TV,Agua,Comida,Calefacción}",
150043,,,,,Disponible,0,blanca9904722@viajes.cl,Torremolinos,,91,251,69000,Deutsche Bahn (DB),2026-09-11,2026-09-21,"{TV,Agua,""Aire acondicionado"",Calefacción,Wifi,""Asientos reclinables"",Comida}",
104534,65217,2025-04-15,1164000,6,No disponible,1164,cagasa796@viajes.cl,Torrejón de Ardoz,Santa Cruz de Tenerife,,1534,194000,,2025-06-22,2025-06-23,"{Agua,Calefacción,Wifi,""Aire acondicionado""}",
124173,57691,2025-10-14,1480000,10,No disponible,1480,cahago710@viajes.cl,Ceuta,Orihuela,29,1627,148000,,2025-11-22,,{},
130445,60460,2025-09-18,1593000,9,No disponible,1593,carla8513259@viajes.cl,Rubí,Rivas-Vaciamadrid,58,3777,177000,SJ (Suecia),2025-11-01,2025-11-03,"{Agua,Calefacción,Comida,""Aire acondicionado"",Wifi,""Asientos reclinables"",Baño}",
136380,61337,2025-10-17,1062000,9,No disponible,1062,caulbe408@viajes.cl,El Ejido,Molina de Segura,14,737,118000,Deutsche Bahn (DB),2025-10-25,,"{TV,Baño,Wifi}",
103465,58679,2025-01-14,900000,5,No disponible,900,cazaba427@viajes.cl,Barcelona,Ávila,33,3541,180000,,2025-01-17,2025-01-19,"{Wifi,""Asientos reclinables"",""Aire acondicionado""}",
102856,61034,2025-04-23,99000,1,No disponible,99,clara2103611@viajes.cl,Motril,Badajoz,99,2659,99000,NS International,2025-05-05,2025-05-06,"{Wifi,TV,Baño,Comida,""Asientos reclinables""}",
130261,59529,2025-01-02,61000,1,No disponible,61,claudia8772514@viajes.cl,Cartagena,Viladecans,91,941,61000,Air New Zealand,2025-10-03,2025-10-03,{},
101849,65934,2025-02-05,426000,2,No disponible,426,claudio6619751@viajes.cl,Sevilla,Mijas,74,3911,213000,ŽFBH (Bosnia y Herzegovina),2025-11-10,2025-11-12,"{Agua,""Asientos reclinables"",Baño,Calefacción,Comida,""Aire acondicionado"",Wifi}",
149807,,,,,Disponible,0,clcava986@viajes.cl,,Telde,97,238,77000,HŽ (Croacia),2026-08-27,2026-09-05,"{Agua,Calefacción,""Aire acondicionado""}",
149979,,,,,Disponible,0,clliib153@viajes.cl,Oviedo,Ponferrada,91,999,78000,SBB (Suiza),2025-01-05,2025-02-15,"{Agua,Comida,""Aire acondicionado""}",
148500,,,,,Disponible,0,coarro408@viajes.cl,Inca,Alcalá de Guadaira,22,3063,222000,KLM,2026-06-09,2026-10-14,{},
147291,,,,,Disponible,0,cristobal7793541@viajes.cl,Avilés,Vitoria,87,1036,85000,Etihad Airways,2025-09-18,2025-10-31,{},
110151,55959,2025-01-02,1304000,8,No disponible,1304,crorar804@viajes.cl,Castellón de la Plana,Badajoz,,142,163000,SJ (Suecia),2025-08-30,,{},
87890,58609,2025-04-15,940000,5,No disponible,940,damotr290@viajes.cl,Torrelavega,Vitoria,63,1518,188000,Eurostar,2025-08-20,2025-08-21,"{Calefacción,TV,Comida,Agua}",
147210,,,,,Disponible,0,david2699917@viajes.cl,Hospitalet de LLobregat,Castellón de la Plana,17,2501,124000,Aeroméxico,2025-09-07,2025-12-20,{},
81822,58819,2025-04-03,3024000,7,No disponible,3024,diana5279558@viajes.cl,San Sebastián,Córdoba,64,4008,432000,EasyJet,2026-07-18,2026-07-20,,
139706,62564,2025-03-26,246000,2,No disponible,246,diego955510@viajes.cl,Paterna,Rubí,91,2409,123000,HŽ (Croacia),2025-05-27,2025-05-28,"{""Aire acondicionado"",Wifi,Calefacción,Agua,Baño}",
148469,,,,,Disponible,0,dovefe861@viajes.cl,Marbella,Arrecife,,3850,170000,Singapore Airlines,2026-03-03,2026-08-10,{},
149307,,,,,Disponible,0,elanpu412@viajes.cl,Badajoz,Zaragoza,90,3337,299000,NS International,2025-05-23,2025-10-09,"{Comida,Calefacción,Baño,Agua,""Asientos reclinables"",TV}",
148070,,,,,Disponible,0,elchpa632@viajes.cl,Burgos,Palencia,79,3597,165000,Qatar Airways,2025-02-03,2025-07-02,{},
99180,61299,2025-01-01,6000,1,No disponible,6,elrofl393@viajes.cl,Toledo,Lugo,40,361,6000,SBB (Suiza),2025-01-12,2025-01-12,{},
134667,63839,2025-11-04,900000,10,No disponible,900,elsaam871@viajes.cl,Molina de Segura,Torrejón de Ardoz,8,1820,90000,Emirates,2026-01-09,2026-01-10,{},
147256,,,,,Disponible,0,elágca283@viajes.cl,San Sebastián,Mataró,33,2668,296000,Alaska Airlines,2025-09-22,,{},
127514,62536,2025-01-26,745000,5,No disponible,745,emilio7555854@viajes.cl,Zamora,Torrejón de Ardoz,39,4004,149000,El Rápido Internacional,2025-04-21,2025-04-23,"{Calefacción,""Asientos reclinables"",""Aire acondicionado""}",
121000,64735,2025-04-22,742000,7,No disponible,742,encale987@viajes.cl,Torrevieja,Móstoles,13,2526,106000,WestJet,2026-03-01,2026-03-02,{},
107352,62832,2025-08-19,950000,5,No disponible,950,ernesto3187128@viajes.cl,Alicante,Lérida,65,1746,190000,Frontier Airlines,2025-09-24,2025-09-25,{},
89546,57077,2025-04-02,1336000,8,No disponible,1336,espema328@viajes.cl,Marbella,Murcia,25,2263,167000,Etihad Airways,2026-10-02,2026-10-03,{},
136065,58789,2026-04-25,870000,5,No disponible,870,estela6208869@viajes.cl,Ponferrada,Mollet del Vallés,61,3099,174000,NSB (Noruega),2026-06-26,2026-06-28,"{""Asientos reclinables"",Agua,Comida,""Aire acondicionado"",TV,Wifi}",
81359,58778,2025-01-24,621000,3,No disponible,621,ester3317224@viajes.cl,El Ejido,Alicante,78,2198,207000,RZD (Rusia),2025-02-18,2025-02-19,"{""Asientos reclinables"",Calefacción,Baño,Wifi,Comida}",
148288,,,,,Disponible,0,eszeca999@viajes.cl,Lorca,Pamplona,36,517,76000,Etihad Airways,2026-05-08,2026-05-29,{},
147335,,,,,Disponible,0,federico4793258@viajes.cl,Collado Villalba,Talavera de la Reina,87,4052,201000,Aeroméxico,2025-08-24,2026-02-08,{},
79515,65191,2025-03-14,2160000,6,No disponible,2160,fedosá946@viajes.cl,Estepona,Estepona,75,2904,360000,SJ (Suecia),2026-06-07,2026-06-09,"{""Asientos reclinables"",Comida,Agua,Baño,Wifi,Calefacción}",
103715,65467,2025-01-22,84000,3,No disponible,84,felipe7511543@viajes.cl,Guadalajara,Vigo,13,261,28000,ŽSSK (Eslovaquia),2026-01-05,2026-01-05,{},
135025,66588,2025-01-12,828000,9,No disponible,828,flvave980@viajes.cl,Toledo,Algeciras,12,1121,92000,EasyJet,2025-04-24,2025-04-24,{},
148609,,,,,Disponible,0,francisco1743593@viajes.cl,Santiago de Compostela,Arrecife,5,196,131000,Air New Zealand,2026-01-30,2026-02-07,{},
147986,,,,,Disponible,0,juolol339@viajes.cl,Elda,Cerdañola del Vallés,30,1608,134000,Frontier Airlines,2026-05-04,2026-07-10,{},
79863,58711,2026-05-25,448000,7,No disponible,448,francisco4411563@viajes.cl,Jaén,San Sebastián,8,1118,64000,,2026-09-26,2026-09-26,"{Baño,Calefacción,""Asientos reclinables""}",
99886,57318,2025-04-28,1575000,5,No disponible,1575,gabriela4787419@viajes.cl,Cáceres,Rubí,13,3486,315000,Avianca,2025-06-05,2025-06-07,{},
96473,63131,2025-02-14,558000,2,No disponible,558,gacaad829@viajes.cl,Mollet del Vallés,Lérida,10,2542,279000,Ethiopian Airlines,2025-07-14,2025-07-15,{},
149806,,,,,Disponible,0,gavade851@viajes.cl,Jaén,,66,1180,98000,VR (Finlandia),2025-01-14,2025-03-04,"{Agua,Calefacción,""Aire acondicionado""}",
149356,,,,,Disponible,0,geduor743@viajes.cl,Jerez de la Frontera,Sevilla,,3538,310000,VRZ (Croacia),2025-04-24,2025-09-18,"{""Asientos reclinables"",Calefacción,TV,""Aire acondicionado"",Wifi,Comida}",
149881,,,,,Disponible,0,gemeco374@viajes.cl,Collado Villalba,Alcalá de Guadaira,14,1672,60000,SJ (Suecia),2025-06-11,2025-08-19,"{Comida,""Asientos reclinables"",Baño,""Aire acondicionado""}",
96855,61898,2026-05-10,3980000,10,No disponible,3980,gesaig920@viajes.cl,Hospitalet de LLobregat,Torrelavega,58,3530,398000,Turkish Airlines,2026-08-13,2026-08-15,{},
140156,63693,2025-12-16,758000,2,No disponible,758,geteco332@viajes.cl,Salamanca,El Prat de LLobregat,68,3681,379000,EasyJet,2026-11-26,2026-11-28,{},
87058,55532,2025-01-01,366000,2,No disponible,366,gilberto650348@viajes.cl,Logroño,Pontevedra,54,2742,183000,American Airlines,2025-01-02,2025-01-03,{},
101661,59644,2025-03-22,320000,8,No disponible,320,gonzalo1079651@viajes.cl,Logroño,Mollet del Vallés,43,1134,40000,ŽFBH (Bosnia y Herzegovina),2025-05-23,2025-05-23,"{Calefacción,TV,Baño}",
124339,56418,2026-03-02,285000,1,No disponible,285,gopemo896@viajes.cl,Badajoz,Santa Cruz de Tenerife,55,4172,285000,,2026-04-12,2026-04-14,,
87963,66051,2025-04-28,1928000,4,No disponible,1928,gregorio2059471@viajes.cl,Paterna,Ávila,99,3788,482000,Iberia,2025-06-18,2025-06-20,{},
113432,55907,2025-02-07,832000,4,No disponible,832,gregorio4266951@viajes.cl,,Chiclana de la Frontera,25,3851,208000,Air France,2026-04-30,,{},
109830,58458,2025-02-19,819000,9,No disponible,819,grjaig399@viajes.cl,Alcoy,Rivas-Vaciamadrid,4,1988,91000,Wizz Air,2025-10-10,2025-10-11,{},
148964,,,,,Disponible,0,gustavo5004949@viajes.cl,Zaragoza,Cornellá de Llobregat,31,848,145000,ZSSK (Eslovaquia),2025-03-29,2025-05-03,"{Comida,Wifi,Calefacción}",
137396,59792,2025-10-05,816000,6,No disponible,816,heguca871@viajes.cl,Rivas-Vaciamadrid,Mérida,56,3074,136000,Trenitalia,2026-09-21,2026-09-23,"{Comida,""Aire acondicionado"",Wifi,TV,""Asientos reclinables"",Agua}",
109570,57856,2025-03-12,588000,7,No disponible,588,hehemo531@viajes.cl,Estepona,,,1777,84000,VR (Finlandia),2025-10-30,,"{TV,""Aire acondicionado"",Calefacción,Wifi}",
93201,65944,2025-04-22,1062000,9,No disponible,1062,hoarfe244@viajes.cl,Toledo,Salamanca,50,2232,118000,Amtrak,2026-06-05,2026-06-06,"{Comida,Baño,Wifi,TV,""Asientos reclinables""}",
122497,63951,2025-01-13,2388000,6,No disponible,2388,honúza973@viajes.cl,,Santander,10,3863,398000,Qantas,2026-10-07,2026-10-09,{},
147418,,,,,Disponible,0,horilo469@viajes.cl,Castellón de la Plana,Gecho,70,122,174000,Wizz Air,2025-01-18,2025-01-23,{},
113186,59678,2025-03-14,1062000,9,No disponible,1062,hubame100@viajes.cl,Valladolid,Elda,34,3408,118000,,2025-06-05,2025-06-07,{},
94348,58584,2025-01-10,304000,2,No disponible,304,huesca862@viajes.cl,Leganés,Coslada,37,2143,152000,,2025-03-12,2025-03-13,"{""Asientos reclinables"",Agua,""Aire acondicionado"",Calefacción}",
90719,62766,2025-01-26,468000,9,No disponible,468,ignacio6635603@viajes.cl,La Línea de la Concepción,Sevilla,48,1046,52000,SNCB (Bélgica),2025-04-03,2025-04-03,"{Wifi,Baño,""Aire acondicionado""}",
129171,61441,2025-01-26,1845000,9,No disponible,1845,incava830@viajes.cl,Salamanca,Inca,21,4017,205000,CFR (Rumania),2025-03-09,2025-03-11,"{""Aire acondicionado"",Baño,Wifi,Agua,""Asientos reclinables"",TV,Calefacción}",
135182,65258,2026-02-13,3144000,8,No disponible,3144,irpipi229@viajes.cl,Fuengirola,Móstoles,11,3616,393000,ZS (Eslovenia),2026-06-17,,"{Comida,Wifi,Agua,TV,""Aire acondicionado"",Baño,Calefacción}",
126433,60380,2025-02-04,630000,5,No disponible,630,isrelu647@viajes.cl,Reus,Manresa,25,2464,126000,ŽSSK (Eslovaquia),2025-05-03,2025-05-04,"{Agua,TV,Comida,""Asientos reclinables"",Baño}",
132259,64921,2025-08-29,660000,3,No disponible,660,iszara805@viajes.cl,,Burgos,2,2273,220000,,2025-11-30,2025-12-01,"{TV,Comida,Calefacción,""Aire acondicionado"",Baño}",
147942,,,,,Disponible,0,jacama710@viajes.cl,Lugo,,92,3202,102000,United Airlines,2025-10-31,2026-03-13,{},
79735,63154,2025-03-11,1660000,5,No disponible,1660,jahemu317@viajes.cl,Málaga,Sabadell,70,3538,332000,Deutsche Bahn (DB),2026-02-15,2026-02-17,"{Agua,Wifi,""Asientos reclinables"",""Aire acondicionado"",TV,Baño}",
147379,,,,,Disponible,0,jaime9567571@viajes.cl,Parla,Alicante,24,2190,141000,Qatar Airways,2025-11-25,2026-02-24,{},
97353,66353,2025-06-24,36000,1,No disponible,36,jarear931@viajes.cl,Zamora,Calahorra,46,376,36000,NSB (Noruega),2026-10-20,,{},
141862,56793,2025-12-06,199000,1,No disponible,199,jeroca654@viajes.cl,Sabadell,Gerona,57,2990,199000,,2026-05-22,2026-05-24,"{""Aire acondicionado"",Calefacción,Wifi,Baño,Comida,Agua}",
102919,65364,2025-01-11,150000,1,No disponible,150,jerónimo2841319@viajes.cl,Badajoz,Pontevedra,4,3738,150000,NS International,2025-02-23,2025-02-25,"{Baño,""Aire acondicionado"",Comida,Calefacción,Wifi,TV,""Asientos reclinables""}",
81340,64518,2025-04-28,1290000,10,No disponible,1290,joaquín6062886@viajes.cl,Arrecife,,75,413,129000,DSB (Dinamarca),2025-06-20,,{},
111115,62300,2025-01-24,1883000,7,No disponible,1883,jocacr192@viajes.cl,San Sebastián,Torrejón de Ardoz,70,2918,269000,,2026-07-26,2026-07-28,"{TV,Comida,Wifi,Baño,""Asientos reclinables"",""Aire acondicionado""}",
149252,,,,,Disponible,0,jolualal605@viajes.cl,San Cristróbal de la Laguna,Torrelavega,87,3037,171000,,2025-10-01,2026-02-04,,
114486,59675,2025-02-24,1410000,10,No disponible,1410,jomaalma170@viajes.cl,Ferrol,El Ejido,95,1349,141000,,2026-06-06,2026-06-06,"{TV,""Aire acondicionado"",Comida}",
112589,65994,2025-10-09,480000,5,No disponible,480,jomaraga355@viajes.cl,Salamanca,Ávila,9,776,96000,Nederlandse Sp,2025-11-25,2025-11-25,"{""Aire acondicionado"",Agua,TV}",
106622,58743,2025-04-06,1104000,8,No disponible,1104,jopabu104@viajes.cl,Parla,Santa Coloma de Gramanet,18,922,138000,Frontier Airlines,2026-08-10,,{},
146839,,,,,Disponible,0,josé4245489@viajes.cl,Linares,Rubí,41,922,194000,Buses Ahumada,2026-07-11,,"{TV,Agua,""Aire acondicionado""}",
131564,62278,2025-02-26,805000,5,No disponible,805,josé4375225@viajes.cl,Talavera de la Reina,Valdemoro,51,4117,161000,TGV (SNCF),2025-12-01,2025-12-03,"{TV,Comida,""Asientos reclinables"",Baño,""Aire acondicionado"",Agua,Calefacción}",
135516,64498,2025-11-09,801000,3,No disponible,801,josé7055717@viajes.cl,Almería,Lugo,11,3577,267000,Japan Airlines,2026-01-08,2026-01-10,{},
103985,61140,2025-07-10,1160000,8,No disponible,1160,josé7880619@viajes.cl,Palma de Mallorca,Marbella,72,1180,145000,CD (República Checa),2026-04-07,2026-04-07,,
82642,66341,2025-08-13,873000,9,No disponible,873,jucébeva663@viajes.cl,Burgos,Arrecife,7,2541,97000,LATAM Airlines,2025-11-11,2025-11-12,{},
146982,,,,,Disponible,0,jucéguvi280@viajes.cl,Palencia,La Línea de la Concepción,63,3482,110000,Southwest Airlines,2025-11-04,2026-03-29,{},
149147,,,,,Disponible,0,jupabe305@viajes.cl,Alcobendas,Coslada,56,417,85000,SNCB (Bélgica),2026-05-22,2026-06-08,"{Agua,TV,""Asientos reclinables"",Comida,Baño}",
139808,65666,2025-05-14,550000,5,No disponible,550,jupuma342@viajes.cl,San Sebastián,Barcelona,50,1750,110000,Megabus,2026-10-04,2026-10-05,"{Wifi,""Asientos reclinables"",""Aire acondicionado""}",
147031,,,,,Disponible,0,jutaáv641@viajes.cl,Fuengirola,Mérida,48,3775,267000,Avianca,2025-04-01,2025-09-05,{},
146997,,,,,Disponible,0,leonor9451196@viajes.cl,Badajoz,Vigo,50,4031,200000,Alaska Airlines,2026-01-12,2026-06-28,{},
81013,61625,2025-04-29,1560000,5,No disponible,1560,leorti155@viajes.cl,Paterna,León,14,3375,312000,Alaska Airlines,2026-07-05,2026-07-07,{},
95079,58383,2026-02-18,620000,5,No disponible,620,lilia8931915@viajes.cl,Zamora,Alicante,82,994,124000,NSB (Noruega),2026-03-18,2026-03-18,"{Baño,Calefacción,TV}",
130677,63811,2025-02-26,324000,1,No disponible,324,loalza265@viajes.cl,Elda,Estepona,7,3742,324000,CFR (Rumania),2026-07-23,2026-07-25,"{""Aire acondicionado"",Calefacción,Comida,Wifi,TV,Baño,Agua}",
107792,58263,2025-09-28,1715000,7,No disponible,1715,lola905232@viajes.cl,Jerez de la Frontera,Roquetas de Mar,35,3430,245000,Air Canada,2026-11-10,2026-11-12,{},
96820,61576,2026-05-26,1722000,6,No disponible,1722,lomato408@viajes.cl,Manresa,Orihuela,39,3650,287000,NS International,2026-06-04,,"{""Aire acondicionado"",Wifi,TV,Calefacción,Agua,Comida,Baño}",
88118,55876,2025-01-22,208000,2,No disponible,208,lorena3513609@viajes.cl,Cádiz,Irún,74,491,104000,Italo,2025-02-22,,{},
114019,61191,2025-06-26,256000,8,No disponible,256,lourdes4205209@viajes.cl,Madrid,Córdoba,43,1340,32000,Turkish Airlines,2025-11-17,2025-11-17,{},
90886,61071,2025-04-19,392000,7,No disponible,392,lucabo108@viajes.cl,Mérida,Gandía,41,1484,56000,,2025-08-21,2025-08-22,{},
124338,63660,2025-05-22,1955000,5,No disponible,1955,lucas2379246@viajes.cl,Estepona,Torrejón de Ardoz,85,2975,391000,PKP (Polonia),2025-12-22,2025-12-24,"{Comida,""Asientos reclinables"",Wifi,""Aire acondicionado"",TV,Calefacción}",
149390,,,,,Disponible,0,lucas4005174@viajes.cl,Pontevedra,Vitoria,63,1291,132000,SBB (Suiza),2025-07-01,2025-08-23,"{Wifi,Calefacción,Baño}",
79191,61312,2026-03-02,1740000,6,No disponible,1740,luis2971637@viajes.cl,Collado Villalba,Mollet del Vallés,34,2887,290000,ZSSK (Eslovaquia),2026-08-05,2026-08-07,"{""Asientos reclinables"",Agua,""Aire acondicionado"",Wifi,Baño,Comida}",
118879,62428,2026-07-15,220000,4,No disponible,220,luisa595785@viajes.cl,Lorca,Torremolinos,43,983,55000,,2026-11-20,2026-11-20,"{""Asientos reclinables"",""Aire acondicionado"",Calefacción}",
145139,,,,,Disponible,0,lumirira887@viajes.cl,Santa Coloma de Gramanet,Algeciras,48,499,129000,ADO,2025-09-23,,"{TV,""Asientos reclinables"",Wifi}",
122411,61429,2025-10-06,1002000,6,No disponible,1002,lupato375@viajes.cl,Pozuelo de Alarcón,Baracaldo,65,2689,167000,MÁV (Hungría),2025-11-06,2025-11-07,"{Baño,Wifi,Calefacción,""Aire acondicionado"",Agua}",
148504,,,,,Disponible,0,lurosi472@viajes.cl,Sabadell,Algeciras,52,2685,284000,Air New Zealand,2025-12-16,2026-04-06,{},
148608,,,,,Disponible,0,lusana316@viajes.cl,Marbella,Cartagena,69,3631,181000,Emirates,2026-04-20,2026-09-18,{},
125381,62447,2025-01-30,214000,1,No disponible,214,luvade652@viajes.cl,Viladecans,Viladecans,97,3673,214000,SNCB (Bélgica),2026-01-13,2026-01-15,"{""Asientos reclinables"",""Aire acondicionado"",Agua,TV,Baño,Comida,Calefacción}",
147546,,,,,Disponible,0,luz7344853@viajes.cl,Logroño,Mataró,73,3194,246000,Frontier Airlines,2026-03-06,2026-07-17,,
83558,62440,2025-01-05,1170000,10,No disponible,1170,maanvaju254@viajes.cl,Vigo,Rubí,64,3250,117000,VRZ (Croacia),2025-02-10,2025-02-12,"{TV,Calefacción,Agua,""Asientos reclinables"",Wifi,Baño}",
149823,,,,,Disponible,0,mababa273@viajes.cl,Gijón,Tarrasa,4,1399,68000,CFR (Rumania),2026-06-27,2026-08-24,"{""Aire acondicionado"",Comida,Agua}",
143906,59703,2026-02-04,2280000,10,No disponible,2280,mabepa708@viajes.cl,Ávila,Pontevedra,43,3995,228000,Italo,2026-06-21,2026-06-23,"{Calefacción,""Aire acondicionado"",""Asientos reclinables"",TV,Wifi,Comida,Baño}",
90089,59200,2025-07-25,917000,7,No disponible,917,macaar807@viajes.cl,Pontevedra,Hospitalet de LLobregat,73,2791,131000,AVE,2025-10-10,,"{Comida,Agua,Baño,TV,Calefacción}",
148835,,,,,Disponible,0,maespa877@viajes.cl,Sabadell,Huelva,26,1598,78000,VR (Finlandia),2026-09-09,2026-11-14,"{Baño,Calefacción,""Asientos reclinables"",""Aire acondicionado""}",
114758,64416,2025-08-10,302000,2,No disponible,302,mafitr540@viajes.cl,Puertollano,Paterna,10,4300,151000,ŽFBH (Bosnia y Herzegovina),2025-10-18,2025-10-20,"{Baño,""Aire acondicionado"",Comida,""Asientos reclinables"",Wifi,Agua,Calefacción}",
149885,,,,,Disponible,0,manuel2609542@viajes.cl,Palma de Mallorca,Gerona,90,2035,171000,Italo,2025-09-17,2025-12-10,"{Agua,Calefacción,Comida,Wifi}",
117754,63225,2026-06-12,1089000,9,No disponible,1089,manuel8069557@viajes.cl,Marbella,Reus,45,2459,121000,El Rápido Internacional,2026-07-06,2026-07-07,"{TV,Baño,Wifi}",
148399,,,,,Disponible,0,mapéga398@viajes.cl,Ceuta,Cartagena,91,371,28000,JetBlue,2025-11-01,2025-11-16,{},
98731,57519,2025-06-14,858000,6,No disponible,858,marcela1063339@viajes.cl,Valencia,Estepona,26,2363,143000,SNCB (Bélgica),2026-02-22,2026-02-23,"{Baño,Calefacción,Comida,Agua,""Aire acondicionado""}",
106471,66082,2025-03-22,1953000,7,No disponible,1953,marcela3216289@viajes.cl,Gecho,Valladolid,47,2360,279000,NS International,2025-11-27,2025-11-28,"{Wifi,Comida,""Aire acondicionado"",TV,Baño}",
147348,,,,,Disponible,0,marco2477413@viajes.cl,,Albacete,55,532,158000,Southwest Airlines,2026-05-27,,{},
90130,56502,2025-04-20,87000,1,No disponible,87,marco4750582@viajes.cl,Segovia,Jerez de la Frontera,78,1081,87000,All Nippon Airways (ANA),2025-05-29,2025-05-29,{},
96655,66416,2025-01-18,2520000,9,No disponible,2520,marco9528241@viajes.cl,Collado Villalba,Elda,89,2934,280000,ZS (Eslovenia),2025-03-12,2025-03-14,"{""Asientos reclinables"",Comida,Calefacción,Agua,TV,""Aire acondicionado""}",
148124,,,,,Disponible,0,mariana7039242@viajes.cl,Orense,Lugo,57,3129,348000,Japan Airlines,2025-10-14,2026-02-21,{},
129885,60195,2025-08-20,328000,2,No disponible,328,mariano1060145@viajes.cl,Roquetas de Mar,Madrid,4,2670,164000,KLM,2026-06-13,2026-06-14,{},
145613,,,,,Disponible,0,maricarmen6071837@viajes.cl,Rivas-Vaciamadrid,Badajoz,49,1190,188000,Avanza,2026-10-12,,"{Baño,Calefacción,TV}",
87598,62145,2025-11-19,1376000,8,No disponible,1376,maricarmen9657233@viajes.cl,Tarrasa,,20,389,172000,AVE,2025-12-30,2025-12-30,{},
148101,,,,,Disponible,0,mario640726@viajes.cl,Toledo,Móstoles,71,2275,94000,Alaska Airlines,2026-08-22,2026-11-24,,
82341,56236,2025-12-04,687000,3,No disponible,687,mario7458237@viajes.cl,Orihuela,Elda,92,2231,229000,CD (República Checa),2026-09-27,2026-09-28,"{Comida,TV,Agua,Calefacción,Baño}",
149075,,,,,Disponible,0,marisol5505335@viajes.cl,,Sabadell,42,2485,140000,,2025-02-23,2025-06-06,"{""Aire acondicionado"",Wifi,TV,""Asientos reclinables"",Agua}",
135545,57527,2026-01-07,2136000,6,No disponible,2136,marose818@viajes.cl,San Sebastián,Sanlúcar de Barrameda,84,4023,356000,Spirit Airlines,2026-04-22,2026-04-24,{},
82970,63326,2025-01-25,560000,7,No disponible,560,marta7708109@viajes.cl,Santander,,100,767,80000,,2025-06-18,2025-06-18,"{TV,Agua,Comida}",
150012,,,,,Disponible,0,martín4667928@viajes.cl,Leganés,Badalona,83,2296,261000,ŽSSK (Eslovaquia),2025-08-09,2025-11-12,,
144038,61523,2025-01-01,3030000,10,No disponible,3030,maría1459222@viajes.cl,Fuengirola,Orense,49,4225,303000,Southwest Airlines,2025-04-14,2025-04-16,{},
121632,58887,2025-05-04,2712000,8,No disponible,2712,maría3991976@viajes.cl,Avilés,Valencia,64,4171,339000,All Nippon Airways (ANA),2026-05-29,2026-05-31,{},
147223,,,,,Disponible,0,maría4511762@viajes.cl,Elda,Ávila,32,771,148000,Delta Air Lines,2025-04-12,2025-05-14,{},
81097,66454,2025-01-04,456000,2,No disponible,456,maría5692273@viajes.cl,Sagunto,Castellón de la Plana,37,4095,228000,ÖBB (Austria),2025-04-27,2025-04-29,"{TV,Baño,Comida,""Aire acondicionado"",Agua,""Asientos reclinables"",Calefacción}",
83545,59950,2025-09-09,1141000,7,No disponible,1141,maría574504@viajes.cl,Móstoles,Orense,14,1750,163000,Eurostar,2026-08-23,2026-08-24,"{Comida,Agua,""Asientos reclinables"",Baño}",
113351,64640,2025-01-05,364000,7,No disponible,364,maría6649456@viajes.cl,Estepona,Ávila,12,449,52000,SJ (Suecia),2025-01-31,2025-01-31,{},
149575,,,,,Disponible,0,maría6926441@viajes.cl,Murcia,Castellón de la Plana,90,3626,219000,Italo,2025-12-26,2026-05-26,"{Agua,Comida,""Asientos reclinables"",Calefacción,Baño,TV,Wifi}",
131905,65109,2025-03-12,160000,5,No disponible,160,maría7665694@viajes.cl,,Valencia,33,924,32000,Thalys,2025-05-25,2025-05-25,"{""Aire acondicionado"",Calefacción,TV}",
124435,62295,2025-12-11,623000,7,No disponible,623,maría8426631@viajes.cl,Arrecife,Avilés,13,771,89000,NS International,2026-01-10,2026-01-10,"{TV,Comida,Calefacción}",
148256,,,,,Disponible,0,mateo2584848@viajes.cl,Roquetas de Mar,San Fernando,93,658,122000,Alaska Airlines,2025-06-01,2025-06-28,{},
148285,,,,,Disponible,0,mateo7221105@viajes.cl,Badajoz,San Cristróbal de la Laguna,,2103,175000,British Airways,2025-01-25,2025-04-22,{},
104782,66541,2025-03-15,428000,4,No disponible,428,mavepa513@viajes.cl,Algeciras,Logroño,62,1023,107000,ZFBH (Bosnia y Herzegovina),2025-11-10,2025-11-10,"{Wifi,""Asientos reclinables"",Comida}",
149644,,,,,Disponible,0,mazeha128@viajes.cl,,Segovia,96,2180,299000,ZFBH (Bosnia y Herzegovina),2026-05-29,2026-08-27,"{Baño,Agua,Comida,Wifi,TV}",
94831,64234,2025-04-23,662000,2,No disponible,662,migara979@viajes.cl,Fuengirola,Santa Cruz de Tenerife,30,3713,331000,Nederlandse Sp,2025-06-06,2025-06-08,"{Baño,""Aire acondicionado"",Wifi,Agua,Calefacción,TV,""Asientos reclinables""}",
148075,,,,,Disponible,0,miguel7762265@viajes.cl,Málaga,San Sebastián,35,937,117000,Qatar Airways,2025-11-27,2026-01-05,{},
148077,,,,,Disponible,0,mónica1582901@viajes.cl,Alcalá de Guadaira,Valladolid,74,3539,308000,Air Canada,2026-07-07,2026-12-01,{},
88340,65278,2025-05-17,1100000,10,No disponible,1100,octavio917278@viajes.cl,Viladecans,Alcoy,90,2868,110000,WestJet,2025-11-15,2025-11-16,{},
149237,,,,,Disponible,0,paaral909@viajes.cl,Valdemoro,Reus,7,634,147000,Trenitalia,2026-05-11,2026-06-06,"{""Aire acondicionado"",""Asientos reclinables"",Calefacción,Baño}",
147521,,,,,Disponible,0,pamade476@viajes.cl,Elche,Coslada,63,548,160000,Japan Airlines,2025-02-01,2025-02-23,{},
101529,66602,2025-08-18,1324000,4,No disponible,1324,papaci882@viajes.cl,Dos Hermanas,Segovia,47,3085,331000,Frontier Airlines,2026-02-22,2026-02-24,{},
132307,57970,2025-02-16,1350000,9,No disponible,1350,patricia8996692@viajes.cl,Calahorra,Palma de Mallorca,26,2021,150000,Qatar Airways,2025-07-21,2025-07-22,{},
140013,60999,2025-03-25,1295000,7,No disponible,1295,patricio7879257@viajes.cl,Gerona,Albacete,91,204,185000,Italo,2026-01-25,2026-01-25,{},
101295,59686,2025-03-23,805000,7,No disponible,805,pecacó921@viajes.cl,Orihuela,,70,946,115000,American Airlines,2025-07-25,2025-07-25,{},
85909,66346,2025-04-05,78000,2,No disponible,78,pedro5278659@viajes.cl,Valladolid,Avilés,7,134,39000,Southwest Airlines,2025-05-16,2025-05-16,{},
148331,,,,,Disponible,0,pivice769@viajes.cl,Rubí,Sabadell,84,3959,306000,Wizz Air,2026-06-04,2026-11-15,{},
86542,61411,2026-06-06,813000,3,No disponible,813,raacde153@viajes.cl,Ferrol,Sanlúcar de Barrameda,70,3104,271000,ZS (Eslovenia),2026-08-02,2026-08-04,"{""Asientos reclinables"",""Aire acondicionado"",Wifi,Baño,Agua,Comida}",
93490,64411,2025-05-08,1840000,10,No disponible,1840,rabéma434@viajes.cl,Salamanca,Marbella,61,2079,184000,Frontier Airlines,2025-06-11,2025-06-12,{},
147983,,,,,Disponible,0,ramiro8561965@viajes.cl,Gecho,Majadahonda,37,2848,126000,Air Canada,2025-10-24,2026-02-19,{},
118929,60427,2026-01-10,936000,6,No disponible,936,ramona8318679@viajes.cl,Albacete,Hospitalet de LLobregat,7,1688,156000,VRZ (Croacia),2026-10-11,2026-10-12,"{Wifi,TV,Baño,Agua}",
149946,,,,,Disponible,0,rapéal949@viajes.cl,San Fernando,,18,2671,178000,NS International,2026-04-23,2026-08-12,"{Wifi,""Asientos reclinables"",""Aire acondicionado"",Calefacción,TV}",
148487,,,,,Disponible,0,raviga372@viajes.cl,Huelva,Torremolinos,50,3650,319000,Japan Airlines,2025-08-02,2026-01-01,{},
107598,63483,2025-05-27,618000,6,No disponible,618,raágoc944@viajes.cl,Molina de Segura,Alcalá de Henares,26,3410,103000,ÖBB (Austria),2025-09-22,2025-09-24,"{Comida,Calefacción,""Asientos reclinables"",""Aire acondicionado"",Baño,Agua}",
91575,57324,2025-03-29,3872000,8,No disponible,3872,raúl2235183@viajes.cl,Ceuta,Tarrasa,94,4052,484000,CP (Portugal),2025-04-01,2025-04-03,"{Wifi,Baño,Comida,""Asientos reclinables"",Calefacción,""Aire acondicionado"",Agua}",
147153,,,,,Disponible,0,reciso597@viajes.cl,Talavera de la Reina,Rubí,40,2559,218000,Avianca,2025-01-22,2025-05-08,{},
97583,58937,2026-01-30,2988000,6,No disponible,2988,redeto680@viajes.cl,Calahorra,Chiclana de la Frontera,33,4061,498000,ZSSK (Eslovaquia),2026-05-16,2026-05-18,"{""Asientos reclinables"",Agua,""Aire acondicionado"",Baño,TV,Wifi,Calefacción}",
109074,55870,2025-02-05,2358000,9,No disponible,2358,reina5836237@viajes.cl,Albacete,Benidorm,50,2982,262000,United Airlines,2025-07-12,,{},
148551,,,,,Disponible,0,ricardo3973419@viajes.cl,Las Palmas de Gran Canaria,Alcalá de Henares,42,2718,233000,,2026-05-27,2026-09-17,{},
148464,,,,,Disponible,0,ricardo4847308@viajes.cl,Ponferrada,San Sebastían de los Reyes,3,1396,135000,British Airways,2026-05-31,2026-07-28,{},
83735,64515,2025-03-17,231000,3,No disponible,231,rizúca865@viajes.cl,Chiclana de la Frontera,Reus,60,1273,77000,ŽFBH (Bosnia y Herzegovina),2025-05-14,2025-05-14,"{Wifi,Agua,TV}",
87928,57281,2025-09-09,202000,2,No disponible,202,rodrigo4341380@viajes.cl,Barcelona,La Línea de la Concepción,,1476,101000,CP (Portugal),2026-07-22,2026-07-23,"{Wifi,""Aire acondicionado"",""Asientos reclinables"",Agua}",
134546,59264,2025-01-02,130000,1,No disponible,130,sagrca240@viajes.cl,Palma de Mallorca,Telde,94,1074,130000,Amtrak,2025-01-31,2025-01-31,"{Calefacción,""Aire acondicionado"",Comida}",
89394,61974,2025-02-02,184000,8,No disponible,184,samuel7438504@viajes.cl,,Zamora,82,658,23000,Avianca,2025-10-14,2025-10-14,{},
112151,65351,2025-01-02,2110000,10,No disponible,2110,samuel9126473@viajes.cl,Inca,Lugo,64,2743,211000,Air Canada,2025-01-03,2025-01-04,{},
116355,60056,2025-01-25,2970000,6,No disponible,2970,santiago5940278@viajes.cl,Sanlúcar de Barrameda,La Coruña,78,4095,495000,Frontier Airlines,2025-03-29,2025-03-31,{},
147646,,,,,Disponible,0,santiago9579341@viajes.cl,Santa Coloma de Gramanet,,33,1302,120000,Copa Airlines,2025-11-20,2026-01-13,{},
141720,62563,2025-09-30,624000,4,No disponible,624,sasegr729@viajes.cl,Pamplona,San Sebastián,88,1507,156000,Japan Airlines,2025-10-10,2025-10-11,{},
147309,,,,,Disponible,0,sergio8830950@viajes.cl,,Cartagena,82,1326,111000,EasyJet,2025-09-16,2025-11-10,{},
148594,,,,,Disponible,0,sonia3028381@viajes.cl,Collado Villalba,Jaén,,3584,192000,Air New Zealand,2026-01-30,2026-06-28,{},
118636,57315,2025-06-10,149000,1,No disponible,149,sonia8445310@viajes.cl,Roquetas de Mar,Torremolinos,5,782,149000,ÖBB (Austria),2026-11-28,2026-11-28,"{Wifi,Calefacción,Comida}",
116912,65352,2025-01-01,399000,1,No disponible,399,sr.1328517@viajes.cl,Santiago de Compostela,Ceuta,15,3872,399000,AVE,2025-06-27,2025-06-29,"{Agua,TV,Calefacción,""Aire acondicionado"",Baño,""Asientos reclinables"",Wifi}",
110467,65705,2025-04-07,592000,8,No disponible,592,sr.1944583@viajes.cl,Almería,Irún,50,1398,74000,NS International,2025-08-23,2025-08-23,"{Agua,Baño,Calefacción}",
104957,56221,2025-12-24,730000,5,No disponible,730,sr.2984528@viajes.cl,Tarrasa,Almería,,1577,146000,Air New Zealand,2026-07-15,2026-07-16,{},
107747,66441,2025-04-01,3090000,10,No disponible,3090,sr.5449968@viajes.cl,Vitoria,Badajoz,89,3259,309000,NSB (Noruega),2025-04-03,,"{Baño,""Asientos reclinables"",Agua,TV,""Aire acondicionado"",Comida}",
96175,64365,2025-01-02,730000,5,No disponible,730,sr.6552793@viajes.cl,Arrecife,Almería,49,1587,146000,Air France,2025-03-05,2025-03-06,{},
136783,57903,2025-03-09,987000,7,No disponible,987,sr.7155697@viajes.cl,Alcorcón,Murcia,31,857,141000,,2025-05-11,2025-05-11,"{Calefacción,""Asientos reclinables"",Wifi}",
127594,65331,2025-02-03,2190000,10,No disponible,2190,sr.7819604@viajes.cl,Jerez de la Frontera,Tarrasa,73,3474,219000,DSB (Dinamarca),2026-07-17,2026-07-19,"{""Aire acondicionado"",TV,Comida,Wifi,Baño,Agua}",
147560,,,,,Disponible,0,sr.8238424@viajes.cl,Burgos,Santa Coloma de Gramanet,29,907,135000,Alaska Airlines,2025-11-05,,{},
123541,57404,2025-05-01,1025000,5,No disponible,1025,sr.9584607@viajes.cl,Arrecife,Sabadell,66,2847,205000,ŽFBH (Bosnia y Herzegovina),2025-05-14,2025-05-15,"{TV,Wifi,Baño,Comida,Agua}",
134314,60127,2025-01-11,600000,6,No disponible,600,sra.206109@viajes.cl,Benalmádena,Jaén,82,1900,100000,Air New Zealand,2025-01-24,2025-01-25,{},
88606,59186,2025-03-05,2190000,10,No disponible,2190,sra.3003957@viajes.cl,Lorca,Getafe,69,2469,219000,DSB (Dinamarca),2025-09-02,2025-09-03,"{Comida,""Aire acondicionado"",TV,Agua,Calefacción}",
93155,65532,2025-03-25,942000,3,No disponible,942,sra.3036357@viajes.cl,Motril,Cáceres,37,3092,314000,Nederlandse Sp,2025-07-04,2025-07-06,"{Comida,Agua,Wifi,Baño,TV,""Aire acondicionado""}",
99189,55842,2025-01-25,1368000,8,No disponible,1368,sra.4101767@viajes.cl,Barcelona,Valencia,48,4138,171000,RZD (Rusia),2025-05-08,2025-05-10,"{""Aire acondicionado"",""Asientos reclinables"",Comida,Agua,Baño,Wifi,TV}",
106545,64757,2025-03-09,1337000,7,No disponible,1337,sra.5975480@viajes.cl,Lérida,Motril,90,2515,191000,Qatar Airways,2026-01-24,2026-01-25,{},
113348,64640,2025-01-06,595000,7,No disponible,595,sra.6306248@viajes.cl,Ciudad Real,Estepona,13,1345,85000,RZD (Rusia),2025-01-29,2025-01-29,"{Baño,Agua,""Aire acondicionado""}",
84326,57265,2025-02-14,444000,3,No disponible,444,sra.7988218@viajes.cl,Vigo,Las Palmas de Gran Canaria,37,861,148000,Ethiopian Airlines,2025-09-11,2025-09-11,{},
147703,,,,,Disponible,0,sra.9139309@viajes.cl,Gijón,Valencia,34,434,133000,KLM,2026-08-26,2026-09-13,{},
149127,,,,,Disponible,0,srcegasá733@viajes.cl,Vigo,Irún,20,4231,396000,DSB (Dinamarca),2025-09-15,2026-03-10,,
96802,60032,2025-01-27,1494000,9,No disponible,1494,srcotepe595@viajes.cl,Puertollano,Cerdañola del Vallés,82,452,166000,SNCB (Bélgica),2025-03-08,2025-03-08,{},
108456,61189,2025-05-15,2720000,8,No disponible,2720,srelabor385@viajes.cl,Coslada,Alcobendas,25,3848,340000,Italo,2026-06-04,2026-06-06,"{""Aire acondicionado"",""Asientos reclinables"",Agua,Wifi,Calefacción,Comida,Baño}",
82301,55762,2025-03-07,2268000,9,No disponible,2268,srjepeur438@viajes.cl,Pozuelo de Alarcón,Motril,,3930,252000,Japan Airlines,2026-06-04,2026-06-06,,
139628,60433,2025-03-18,152000,2,No disponible,152,srjoeság861@viajes.cl,Zamora,Bilbao,96,150,76000,,2026-06-10,2026-06-10,{},
122740,58411,2026-05-13,380000,2,No disponible,380,srlusape355@viajes.cl,Chiclana de la Frontera,Viladecans,77,2628,190000,AVE,2026-11-05,2026-11-06,"{""Aire acondicionado"",Agua,Calefacción,Comida,Wifi}",
149282,,,,,Disponible,0,srmarete198@viajes.cl,Reus,San Fernando,59,3071,393000,ZS (Eslovenia),2026-08-07,2026-12-12,"{Comida,""Asientos reclinables"",Calefacción,TV,Wifi,Agua}",
149994,,,,,Disponible,0,srmavime606@viajes.cl,Mérida,Chiclana de la Frontera,55,3258,186000,CP (Portugal),2025-08-04,2025-12-17,"{Baño,Wifi,""Aire acondicionado"",Calefacción,Agua,TV}",
138332,60680,2025-05-06,3420000,10,No disponible,3420,sroccoma170@viajes.cl,Fuenlabrada,Ceuta,51,3235,342000,All Nippon Airways (ANA),2025-07-17,2025-07-19,{},
147459,,,,,Disponible,0,srregosá868@viajes.cl,,Badajoz,33,4202,269000,Vueling,2025-10-29,2026-04-22,{},
127294,57851,2026-03-19,1050000,6,No disponible,1050,srribaro313@viajes.cl,San Sebastián,Pozuelo de Alarcón,92,2497,175000,Wizz Air,2026-09-21,2026-09-22,{},
89483,62903,2025-08-08,1068000,4,No disponible,1068,srroarcu667@viajes.cl,Tarrasa,Orihuela,8,2599,267000,United Airlines,2026-01-10,2026-01-11,{},
127198,65781,2025-06-30,375000,5,No disponible,375,srsazamo562@viajes.cl,Madrid,Lérida,65,1029,75000,Turkish Airlines,2025-07-29,2025-07-29,{},
131886,63648,2025-02-09,540000,10,No disponible,540,srsolláv959@viajes.cl,Móstoles,Collado Villalba,56,1681,54000,Renfe,2025-10-06,2025-10-07,"{Wifi,""Aire acondicionado"",Agua,Calefacción}",
104949,56221,2025-10-24,880000,5,No disponible,880,sránocza476@viajes.cl,Cuenta,Tarrasa,80,1684,176000,KLM,2026-07-07,2026-07-08,{},
100659,62011,2025-12-25,645000,3,No disponible,645,sta.1662174@viajes.cl,Santander,Majadahonda,22,2432,215000,ZSSK (Eslovaquia),2026-07-22,2026-07-23,"{Baño,Calefacción,Wifi,Agua,""Asientos reclinables""}",
146972,,,,,Disponible,0,sta.3999824@viajes.cl,Gerona,Lérida,72,3140,148000,Copa Airlines,2026-04-14,2026-08-22,{},
148472,,,,,Disponible,0,sta.4185906@viajes.cl,Huelva,Majadahonda,40,3655,186000,Turkish Airlines,2026-07-17,2026-12-16,{},
147100,,,,,Disponible,0,sta.4768264@viajes.cl,Huelva,Linares,88,322,103000,KLM,2025-03-26,2025-04-08,,
137642,65403,2025-06-18,333000,3,No disponible,333,sta.6665708@viajes.cl,Córdoba,Barcelona,83,742,111000,American Airlines,2025-12-22,2025-12-22,{},
147937,,,,,Disponible,0,sta.6684379@viajes.cl,Puertollano,Reus,60,1129,60000,LATAM Airlines,2026-11-11,2026-12-28,{},
109343,58518,2025-01-02,416000,8,No disponible,416,sta.6977909@viajes.cl,Manresa,Puertollano,46,553,52000,Amtrak,2025-01-06,2025-01-06,{},
118298,59475,2025-03-13,1400000,8,No disponible,1400,sta.7893328@viajes.cl,La Línea de la Concepción,Pamplona,41,703,175000,Qantas,2025-03-16,2025-03-16,{},
83192,64368,2025-01-06,1935000,9,No disponible,1935,sta.8232485@viajes.cl,Albacete,Inca,60,2373,215000,Avianca,2025-01-08,2025-01-09,{},
149126,,,,,Disponible,0,starcalo784@viajes.cl,Las Palmas de Gran Canaria,Gijón,,4052,247000,SJ (Suecia),2025-12-17,2026-06-03,"{Comida,TV,Agua,""Aire acondicionado"",Baño,Calefacción,""Asientos reclinables""}",
148598,,,,,Disponible,0,Emiliotijerina676@viajes.cl,Cartagena,Talavera de la Reina,65,4158,432000,Japan Airlines,2026-09-08,2027-02-28,{},
131518,61592,2026-01-04,162000,9,No disponible,162,stgrvivi934@viajes.cl,Alcalá de Henares,La Línea de la Concepción,13,221,18000,Qantas,2026-04-26,2026-04-26,{},
99813,63999,2025-02-24,790000,10,No disponible,790,stjarabe770@viajes.cl,Santander,Benidorm,19,1400,79000,VR (Finlandia),2025-09-14,2025-09-14,"{Comida,Wifi,Calefacción}",
123735,57174,2025-12-27,1820000,7,No disponible,1820,stjucaga988@viajes.cl,Talavera de la Reina,Cáceres,76,2627,260000,Emirates,2026-01-11,2026-01-12,{},
148897,,,,,Disponible,0,stmaarsa493@viajes.cl,Estepona,Santander,90,1436,70000,Italo,2026-03-17,2026-05-15,"{Calefacción,Baño,TV}",
132026,61798,2026-04-22,540000,9,No disponible,540,stmapubé533@viajes.cl,Manresa,Pamplona,52,881,60000,Trenitalia,2026-09-10,2026-09-10,"{Baño,TV,Wifi}",
78501,57752,2025-01-25,2367000,9,No disponible,2367,stniniba272@viajes.cl,Santa Coloma de Gramanet,Las Palmas de Gran Canaria,43,3168,263000,ZS (Eslovenia),2025-05-16,2025-05-18,,
149431,,,,,Disponible,0,stroseal875@viajes.cl,San Sebastían de los Reyes,Ferrol,2,2387,250000,SBB (Suiza),2025-08-10,2025-11-17,"{Baño,""Asientos reclinables"",Agua,Calefacción,Wifi}",
98599,64276,2025-05-28,328000,2,No disponible,328,stsacemo586@viajes.cl,Roquetas de Mar,Parla,,1532,164000,,2026-01-01,,"{TV,Comida,""Aire acondicionado"",Baño}",
139830,57175,2025-01-11,62000,1,No disponible,62,stsiquho545@viajes.cl,Gandía,Benidorm,35,2576,62000,Condor Bus,2025-01-27,2025-01-28,"{""Asientos reclinables"",TV,Wifi}",
103077,58015,2025-03-31,890000,10,No disponible,890,suhemá328@viajes.cl,Collado Villalba,Alcoy,42,1827,89000,Eurostar,2025-10-16,2025-10-17,"{""Aire acondicionado"",""Asientos reclinables"",Wifi,Calefacción}",
110889,63333,2025-04-18,2360000,8,No disponible,2360,velimo426@viajes.cl,Torremolinos,Vigo,88,3867,295000,United Airlines,2026-07-19,2026-07-21,{},
100286,61770,2025-02-09,436000,4,No disponible,436,veorpa980@viajes.cl,Bilbao,Lugo,30,1419,109000,Alsa,2025-08-05,2025-08-05,,
115906,64869,2025-01-03,405000,3,No disponible,405,verónica1481805@viajes.cl,,Lugo,10,2822,135000,Trenitalia,2026-07-27,2026-07-28,"{""Asientos reclinables"",Comida,Wifi,Agua,Calefacción}",
149502,,,,,Disponible,0,viresa520@viajes.cl,Vitoria,Marbella,80,1648,94000,Eurostar,2025-03-27,2025-06-03,"{TV,Baño,Wifi,Comida}",
150072,,,,,Disponible,0,virginia9404929@viajes.cl,Benidorm,Estepona,66,3812,334000,CFR (Rumania),2026-10-12,2027-03-19,,
149214,,,,,Disponible,0,vivemo487@viajes.cl,Telde,Cartagena,50,3105,114000,ŽFBH (Bosnia y Herzegovina),2025-02-04,2025-06-13,"{Wifi,Comida,Agua,TV,Baño,""Asientos reclinables""}",
96126,66340,2025-07-21,1475000,5,No disponible,1475,yolanda4808953@viajes.cl,Zaragoza,,98,3197,295000,Copa Airlines,2026-02-22,2026-02-24,{},
149906,,,,,Disponible,0,Óscarlara210@viajes.cl,Vigo,Fuengirola,5,2525,115000,RZD (Rusia),2026-06-17,2026-09-30,"{Wifi,Comida,""Asientos reclinables"",Calefacción,Baño}",
149045,,,,,Disponible,0,óscar8305124@viajes.cl,Valdemoro,Elche,33,3270,382000,ZFBH (Bosnia y Herzegovina),2025-12-27,2026-05-12,,
108397,65111,2025-06-17,585000,9,No disponible,585,óscar9962637@viajes.cl,Lugo,Paterna,7,1234,65000,Emirates,2025-08-01,2025-08-01,{},
129022,60252,2025-07-14,325000,5,No disponible,325,ósheza630@viajes.cl,Bilbao,Gijón,60,1975,65000,Italo,2025-10-28,2025-10-29,"{""Asientos reclinables"",""Aire acondicionado"",TV,Agua}",
98898,61149,2025-03-31,1690000,5,No disponible,1690,Adrianaarevalo161@viajes.cl,La Coruña,Lugo,35,3769,338000,ŽFBH (Bosnia y Herzegovina),2025-08-27,2025-08-29,"{""Aire acondicionado"",TV,Agua,Comida,Wifi,Calefacción,""Asientos reclinables""}",
147101,,,,,Disponible,0,Albertocarranza913@viajes.cl,,Sanlúcar de Barrameda,59,2078,148000,KLM,2025-02-26,,{},
82168,65059,2026-01-13,1180000,10,No disponible,1180,Albertoosorio573@viajes.cl,Inca,Almería,39,1515,118000,Omnibus de México,2026-02-28,2026-03-01,"{""Aire acondicionado"",Baño,Wifi}",
84396,61486,2025-05-28,304000,8,No disponible,304,Alejandraleyva742@viajes.cl,Puertollano,La Línea de la Concepción,43,152,38000,Socibus,2025-07-29,2025-07-29,"{Calefacción,""Asientos reclinables"",""Aire acondicionado""}",
81239,61734,2025-07-17,1010000,5,No disponible,1010,Alfredobenavídez720@viajes.cl,Arrecife,Orihuela,18,2647,202000,Thalys,2025-08-27,2025-08-28,"{Agua,Wifi,""Asientos reclinables"",Calefacción,Baño}",
112707,61370,2026-08-17,316000,2,No disponible,316,Amaliaadame525@viajes.cl,Roquetas de Mar,,19,2821,158000,HŽ (Croacia),2026-09-10,,"{Baño,""Asientos reclinables"",Calefacción,Comida,Wifi}",
111942,59801,2025-08-13,192000,3,No disponible,192,Amaliagálvez582@viajes.cl,Albacete,Castellón de la Plana,18,1813,64000,Copa Airlines,2026-08-20,2026-08-21,{},
147043,,,,,Disponible,0,Arturosalas423@viajes.cl,Algeciras,Jerez de la Frontera,,3333,275000,Ryanair,2025-03-12,2025-07-28,{},
144936,,,,,Disponible,0,Benjamínloya261@viajes.cl,San Cristróbal de la Laguna,Gandía,39,3298,120000,BoltBus,2026-04-30,,"{""Asientos reclinables"",Wifi,""Aire acondicionado""}",
142011,64267,2025-01-15,588000,7,No disponible,588,Carlavega155@viajes.cl,Tarrasa,Mérida,49,785,84000,ÖBB (Austria),2025-02-23,2025-02-23,"{Wifi,TV,Calefacción}",
117278,59333,2025-08-07,160000,5,No disponible,160,Carlosgollum406@viajes.cl,Fuengirola,Zamora,26,535,32000,NS International,2026-02-06,,{},
135421,64852,2025-05-26,450000,6,No disponible,450,Carloshurtado807@viajes.cl,Móstoles,Majadahonda,32,1223,75000,NS International,2025-07-19,2025-07-19,"{Comida,Baño,""Aire acondicionado""}",
129517,57091,2025-05-24,1030000,5,No disponible,1030,Carlosloera513@viajes.cl,Parla,Leganés,23,2803,206000,Ryanair,2026-08-03,2026-08-04,,
103821,59201,2025-03-30,1768000,8,No disponible,1768,Clarasalas217@viajes.cl,Santa Lucía de Tirajana,,80,2803,221000,Renfe,2025-07-15,2025-07-16,"{""Aire acondicionado"",Calefacción,TV,Agua,Comida}",
148652,,,,,Disponible,0,Clarasaldaña655@viajes.cl,Cerdañola del Vallés,Telde,62,1724,134000,MÁV (Hungría),2026-11-08,2027-01-18,"{""Aire acondicionado"",Comida,Agua,Baño}",
118282,61592,2025-05-12,1544000,8,No disponible,1544,Cristinadelatorre259@viajes.cl,Murcia,Baracaldo,21,2816,193000,Turkish Airlines,2026-07-23,2026-07-24,{},
130966,61660,2025-09-14,450000,3,No disponible,450,Cristinagarza954@viajes.cl,Viladecans,Ceuta,61,887,150000,Vueling,2026-11-30,2026-11-30,{},
82357,61777,2025-05-02,830000,5,No disponible,830,Césarcarranza981@viajes.cl,Viladecans,Badajoz,65,2292,166000,TGV (SNCF),2025-11-29,2025-11-30,"{Calefacción,""Aire acondicionado"",Baño,Comida,TV}",
90412,58814,2025-01-02,522000,6,No disponible,522,Danielpáez646@viajes.cl,Gijón,Granada,3,192,87000,ŽFBH (Bosnia y Herzegovina),2026-02-21,2026-02-21,{},
111381,60214,2025-03-13,1296000,9,No disponible,1296,Doloreslucio682@viajes.cl,La Línea de la Concepción,Castellón de la Plana,83,1171,144000,,2025-12-27,2025-12-27,{},
149010,,,,,Disponible,0,Déboralimón727@viajes.cl,,Tarragona,2,3926,415000,HŽ (Croacia),2026-10-08,2027-03-20,"{Agua,""Asientos reclinables"",""Aire acondicionado"",Wifi,TV,Comida,Baño}",
123189,62566,2025-09-08,1088000,8,No disponible,1088,Elsavillalpando941@viajes.cl,Paterna,Ferrol,22,1621,136000,CFR (Rumania),2026-06-24,2026-06-25,,
131679,63094,2025-03-12,1224000,8,No disponible,1224,Elvirajaimes547@viajes.cl,Vitoria,Sabadell,27,719,153000,Turkish Airlines,2025-06-28,2025-06-28,{},
114960,61536,2025-03-26,405000,1,No disponible,405,Emiliabermúdez819@viajes.cl,Santa Coloma de Gramanet,Molina de Segura,75,4277,405000,,2025-05-02,2025-05-04,{},
83944,59252,2025-09-13,732000,4,No disponible,732,Enriqueochoa292@viajes.cl,Rubí,Málaga,17,2568,183000,NSB (Noruega),2026-05-21,2026-05-22,"{TV,Agua,""Asientos reclinables"",""Aire acondicionado"",Calefacción}",
132691,57698,2025-10-13,1876000,7,No disponible,1876,Enriquetamez108@viajes.cl,Gecho,Palencia,90,3871,268000,,2026-06-18,2026-06-20,"{Agua,""Aire acondicionado"",""Asientos reclinables"",Calefacción,Comida,Baño,TV}",
104701,59672,2025-02-08,1592000,8,No disponible,1592,Ernestocerda293@viajes.cl,Fuengirola,Palma de Mallorca,41,504,199000,,2025-02-11,2025-02-11,{},
100182,62819,2025-12-03,219000,3,No disponible,219,Esperanzacandelaria990@viajes.cl,La Línea de la Concepción,San Sebastián,50,3377,73000,Andesmar,2026-03-19,2026-03-21,,
130436,55581,2025-12-13,285000,3,No disponible,285,Estebanelizondo783@viajes.cl,Lérida,Málaga,47,3736,95000,Plusmar,2026-11-18,2026-11-20,"{Wifi,TV,""Asientos reclinables""}",
88038,65690,2025-06-21,513000,9,No disponible,513,Fernandodelao340@viajes.cl,Ponferrada,Alcoy,92,600,57000,CP (Portugal),2025-12-08,2025-12-08,{},
114651,64183,2025-01-16,2196000,9,No disponible,2196,Franciscogranado910@viajes.cl,Guadalajara,Toledo,70,2449,244000,NS International,2025-03-23,2025-03-24,"{Agua,""Aire acondicionado"",Baño,TV,Calefacción}",
87621,60035,2026-03-11,1305000,5,No disponible,1305,Franciscojesús882@viajes.cl,Badalona,Santiago de Compostela,28,2444,261000,Vueling,2026-10-10,2026-10-11,{},
90184,57473,2025-12-28,556000,4,No disponible,556,Gilbertoayala702@viajes.cl,Segovia,Mataró,71,3208,139000,Deutsche Bahn (DB),2026-09-07,2026-09-09,"{TV,Calefacción,""Asientos reclinables"",Agua,Comida,Baño}",
126996,64101,2025-10-11,360000,8,No disponible,360,Gilbertosoria980@viajes.cl,Valdemoro,Torrevieja,78,177,45000,Emirates,2026-01-17,2026-01-17,{},
135993,56906,2025-05-11,2232000,6,No disponible,2232,Gilbertoverduzco611@viajes.cl,Vitoria,Ceuta,77,3925,372000,ZSSK (Eslovaquia),2026-08-31,2026-09-02,"{Agua,Baño,Comida,TV,Wifi,""Asientos reclinables"",""Aire acondicionado""}",
143206,63376,2025-04-22,2800000,10,No disponible,2800,Horacioaparicio754@viajes.cl,Salamanca,Reus,34,4068,280000,EasyJet,2025-05-24,2025-05-26,{},
149739,,,,,Disponible,0,Ignacioordóñez826@viajes.cl,Logroño,Salamanca,61,2876,140000,Eurostar,2026-09-04,2027-01-01,"{Wifi,Calefacción,Baño,Agua,""Aire acondicionado""}",
148854,,,,,Disponible,0,Ignaciopreciado651@viajes.cl,Alcalá de Henares,,18,3163,316000,,2025-01-05,2025-05-16,"{Agua,Baño,TV,Wifi,Calefacción,Comida}",
125480,66465,2025-04-03,2338000,7,No disponible,2338,Inésmejía800@viajes.cl,Salamanca,Tarragona,64,3118,334000,CFR (Rumania),2025-04-29,2025-05-01,"{TV,Baño,Agua,""Asientos reclinables"",Wifi,Calefacción}",
84530,59697,2026-03-18,906000,6,No disponible,906,Isabelabarrera904@viajes.cl,Badalona,Badalona,5,3352,151000,SNCB (Bélgica),2026-08-30,,"{Comida,""Asientos reclinables"",""Aire acondicionado"",Wifi,Agua,TV}",
123892,59988,2025-01-11,208000,2,No disponible,208,Jacobobueno267@viajes.cl,Calahorra,Santa Lucía de Tirajana,8,3119,104000,,2025-03-04,2025-03-06,{},
121599,62374,2025-02-27,445000,5,No disponible,445,Jacobotrejo682@viajes.cl,Toledo,Tarragona,65,215,89000,,2025-03-04,2025-03-04,{},
103454,57347,2025-08-12,354000,3,No disponible,354,Jorgearmenta382@viajes.cl,Fuenlabrada,Reus,84,587,118000,Singapore Airlines,2025-10-02,2025-10-02,{},
88826,65558,2025-07-04,833000,7,No disponible,833,Jorgecano411@viajes.cl,Estepona,Santa Cruz de Tenerife,90,2504,119000,AVE,2026-01-18,2026-01-19,"{""Asientos reclinables"",Wifi,Calefacción,Agua,TV}",
108252,60184,2025-04-19,3420000,9,No disponible,3420,Jorgesedillo847@viajes.cl,La Coruña,Marbella,22,3505,380000,CD (República Checa),2026-03-06,2026-03-08,"{Comida,""Aire acondicionado"",TV,Agua,Calefacción,Wifi}",
131746,62453,2025-09-14,2470000,10,No disponible,2470,Joséalonso117@viajes.cl,Gandía,Palma de Mallorca,52,3092,247000,British Airways,2025-11-08,2025-11-10,{},
143850,65990,2025-01-01,2672000,8,No disponible,2672,Joségallardo746@viajes.cl,Badajoz,Manresa,71,4039,334000,CD (República Checa),2025-01-04,2025-01-06,,
89850,56952,2025-04-11,365000,5,No disponible,365,Leticiaperalta553@viajes.cl,Ferrol,Alcobendas,74,1472,73000,Delta Air Lines,2025-07-30,2025-07-31,{},
127706,56043,2025-10-04,385000,5,No disponible,385,Lolacervántez866@viajes.cl,Manresa,La Coruña,21,2104,77000,DSB (Dinamarca),2026-04-28,2026-04-29,"{Comida,Calefacción,TV,""Aire acondicionado""}",
105199,60789,2025-11-15,1136000,4,No disponible,1136,Lorenzoadorno716@viajes.cl,Ferrol,,46,3726,284000,KLM,2026-01-16,2026-01-18,{},
148619,,,,,Disponible,0,Lorenzoechevarría718@viajes.cl,Reus,Valencia,53,999,125000,LATAM Airlines,2026-01-15,2026-02-25,{},
99409,56239,2025-09-27,276000,3,No disponible,276,Lucasleiva484@viajes.cl,Orihuela,,18,1519,92000,,2026-06-01,2026-06-02,"{Agua,TV,""Asientos reclinables"",Comida}",
87453,65518,2025-02-03,3030000,10,No disponible,3030,Lucasnazario473@viajes.cl,Ponferrada,Mollet del Vallés,50,3103,303000,ZS (Eslovenia),2025-08-19,2025-08-21,"{Baño,Wifi,""Asientos reclinables"",TV,""Aire acondicionado"",Agua}",
149002,,,,,Disponible,0,Lucastrejo703@viajes.cl,Málaga,San Fernando,19,424,89000,SBB (Suiza),2026-05-26,2026-06-12,"{Baño,Comida,""Aire acondicionado"",Wifi,Agua,""Asientos reclinables""}",
109375,57017,2026-03-30,280000,2,No disponible,280,Luisorellana841@viajes.cl,Vigo,Roquetas de Mar,96,2459,140000,Delta Air Lines,2026-11-14,2026-11-15,{},
140461,61690,2025-05-28,1393000,7,No disponible,1393,Luisvera478@viajes.cl,Arrecife,Leganés,1,344,199000,CD (República Checa),2025-09-02,2025-09-02,{},
79973,65502,2025-05-09,1030000,10,No disponible,1030,Marcosmadera742@viajes.cl,Leganés,Benalmádena,93,2283,103000,Amtrak,2026-08-15,2026-08-16,"{""Asientos reclinables"",Comida,Baño,Wifi,Calefacción}",
147041,,,,,Disponible,0,Margaritabadillo820@viajes.cl,Dos Hermanas,Guadalajara,46,2958,217000,Southwest Airlines,2026-08-06,2026-12-07,{},
110238,64920,2026-01-16,153000,1,No disponible,153,Marianozelaya465@viajes.cl,Zamora,,7,425,153000,Nederlandse Sp,2026-04-10,2026-04-10,{},
149258,,,,,Disponible,0,Mariluarmenta694@viajes.cl,San Fernando,Torrevieja,,701,112000,Deutsche Bahn (DB),2026-04-15,2026-05-14,"{Comida,Calefacción,TV,""Asientos reclinables"",""Aire acondicionado"",Wifi,Baño}",
148961,,,,,Disponible,0,Marilucarvajal616@viajes.cl,Benalmádena,,67,146,8000,Nederlandse Sp,2026-03-25,2026-03-31,"{Comida,Baño,Wifi,""Asientos reclinables"",""Aire acondicionado""}",
132761,65567,2025-01-02,822000,2,No disponible,822,Mariluvaldez369@viajes.cl,Jerez de la Frontera,La Coruña,85,4224,411000,AVE,2025-01-29,2025-01-31,"{Wifi,Calefacción,Agua,Baño,Comida,""Asientos reclinables"",TV}",
113812,65696,2025-09-04,903000,7,No disponible,903,Marisolmonroy204@viajes.cl,La Coruña,Tarragona,32,2709,129000,Damas,2025-12-08,2025-12-09,,
148371,,,,,Disponible,0,Maríacastro464@viajes.cl,Torrejón de Ardoz,Logroño,94,2769,208000,Wizz Air,2025-08-08,2025-12-01,{},
149215,,,,,Disponible,0,Maríachacón705@viajes.cl,Santiago de Compostela,Ponferrada,42,3385,398000,CP (Portugal),2025-06-26,2025-11-14,"{""Aire acondicionado"",""Asientos reclinables"",Baño,Wifi,Calefacción,Comida}",
84266,61660,2025-01-06,960000,10,No disponible,960,Maríacrespo351@viajes.cl,Baracaldo,El Prat de LLobregat,50,1950,96000,Delta Air Lines,2025-03-01,2025-03-02,{},
88336,65278,2025-02-21,740000,10,No disponible,740,Maríafeliciano394@viajes.cl,El Ejido,Viladecans,18,561,74000,Ethiopian Airlines,2025-11-12,2025-11-12,{},
106477,66082,2025-01-27,798000,7,No disponible,798,Maríalaureano486@viajes.cl,Valladolid,Paterna,62,1441,114000,SNCB (Bélgica),2025-12-03,2025-12-04,"{""Asientos reclinables"",Wifi,Comida,Baño}",
147007,,,,,Disponible,0,Maríameza143@viajes.cl,Granollers,Cerdañola del Vallés,21,2821,92000,Wizz Air,2025-07-18,2025-11-12,{},
148009,,,,,Disponible,0,Maríarodarte813@viajes.cl,Arrecife,Santiago de Compostela,84,1435,31000,Etihad Airways,2025-09-09,2025-11-07,{},
141207,56413,2025-04-19,1305000,9,No disponible,1305,Maríavalladares172@viajes.cl,Huelva,Granollers,47,521,145000,Omnibus de México,2025-08-12,2025-08-12,"{Comida,Wifi,Agua}",
107212,58557,2025-02-17,462000,3,No disponible,462,Mercedesalaniz750@viajes.cl,La Línea de la Concepción,Cuenta,32,2967,154000,Damas,2025-02-23,2025-02-25,"{""Asientos reclinables"",Wifi,TV}",
90951,61197,2025-05-18,2500000,10,No disponible,2500,Miguelaraña665@viajes.cl,Mijas,Alcalá de Guadaira,24,3033,250000,Aeroméxico,2025-06-09,2025-06-11,{},
138007,66571,2026-02-14,464000,8,No disponible,464,Nicolásmorales493@viajes.cl,Palencia,Huelva,37,1723,58000,Vueling,2026-11-30,2026-12-01,{},
86115,62785,2025-01-12,4570000,10,No disponible,4570,Normaraya573@viajes.cl,Algeciras,León,11,4285,457000,Qatar Airways,2025-01-13,2025-01-15,{},
114473,58163,2025-07-14,38000,2,No disponible,38,Patriciahuerta665@viajes.cl,Sagunto,Alcorcón,54,227,19000,NSB (Noruega),2026-11-30,2026-11-30,{},
114250,57989,2025-03-23,144000,1,No disponible,144,Patricioestévez422@viajes.cl,Castellón de la Plana,Torrelavega,51,2106,144000,ZS (Eslovenia),2026-02-27,2026-02-28,"{""Aire acondicionado"",Calefacción,TV,""Asientos reclinables""}",
100232,56273,2025-01-22,522000,2,No disponible,522,Patriciomagaña183@viajes.cl,Torremolinos,Valdemoro,81,3637,261000,Amtrak,2025-03-02,2025-03-04,"{Calefacción,Wifi,Baño,""Asientos reclinables"",""Aire acondicionado"",Agua,Comida}",
149318,,,,,Disponible,0,Patricioolivera472@viajes.cl,Badalona,Cerdañola del Vallés,3,877,44000,Renfe,2026-06-02,2026-07-08,"{Baño,""Aire acondicionado"",Agua}",
116234,57997,2025-07-19,440000,5,No disponible,440,Ramirocontreras288@viajes.cl,Guadalajara,,5,1615,88000,Amtrak,2026-08-09,2026-08-10,"{""Asientos reclinables"",Baño,Comida,Calefacción}",
148962,,,,,Disponible,0,Ramonaacevedo828@viajes.cl,Castellón de la Plana,Pamplona,78,1799,130000,MÁV (Hungría),2026-05-14,2026-07-27,"{Comida,Calefacción,Baño,Agua}",
111234,63538,2026-01-17,704000,4,No disponible,704,Ramonaguzmán438@viajes.cl,Cáceres,Valdemoro,42,1821,176000,Singapore Airlines,2026-10-12,2026-10-13,{},
148265,,,,,Disponible,0,Ramonaleal263@viajes.cl,Valladolid,Leganés,95,1108,122000,Air Canada,2026-09-21,2026-11-06,{},
122229,58882,2025-04-03,126000,3,No disponible,126,Ramónjurado680@viajes.cl,Sanlúcar de Barrameda,Getafe,43,980,42000,DSB (Dinamarca),2026-02-12,2026-02-12,,
148416,,,,,Disponible,0,Raúlcabán208@viajes.cl,Toledo,Valencia,8,3511,150000,Alaska Airlines,2025-10-30,2026-03-25,{},
148316,,,,,Disponible,0,Raúlzayas172@viajes.cl,Avilés,Alcalá de Guadaira,31,2447,295000,Copa Airlines,2025-03-04,2025-06-13,{},
135162,64443,2025-02-02,1624000,8,No disponible,1624,Robertobarragán763@viajes.cl,Coslada,,73,4065,203000,SBB (Suiza),2025-03-31,2025-04-02,"{""Aire acondicionado"",Agua,Comida,TV,Baño,Wifi,""Asientos reclinables""}",
147465,,,,,Disponible,0,Rodrigoangulo949@viajes.cl,Tarragona,Burgos,16,1588,119000,Air France,2026-08-03,2026-10-08,{},
149599,,,,,Disponible,0,Rosaorosco800@viajes.cl,Collado Villalba,Arrecife,60,2094,133000,PKP (Polonia),2025-09-30,,"{Baño,Calefacción,""Asientos reclinables"",Comida}",
118602,60164,2025-02-09,948000,6,No disponible,948,Salvadorjesús766@viajes.cl,,El Puerto de Santa María,62,1947,158000,Aeroméxico,2026-07-10,2026-07-11,{},
147472,,,,,Disponible,0,Salvadorsisneros837@viajes.cl,Irún,Toledo,66,1027,118000,Lufthansa,2026-04-23,2026-06-04,{},
121001,64735,2026-01-07,609000,7,No disponible,609,Saraalarcón969@viajes.cl,Móstoles,Fuengirola,67,941,87000,Frontier Airlines,2026-03-02,2026-03-02,{},
134418,57072,2025-05-03,560000,10,No disponible,560,Soniaquintana185@viajes.cl,Ávila,Málaga,100,568,56000,Lufthansa,2026-06-22,2026-06-22,{},
148192,,,,,Disponible,0,Sr.armijo432@viajes.cl,Marbella,Ponferrada,48,3963,415000,Air Canada,2026-06-10,2026-11-22,{},
148780,,,,,Disponible,0,Sr.barela594@viajes.cl,Santa Cruz de Tenerife,Torrevieja,32,1808,97000,TGV (SNCF),2025-12-14,2026-02-27,"{Comida,TV,Agua,""Aire acondicionado""}",
95469,61163,2025-09-16,283000,1,No disponible,283,Sr.carrera886@viajes.cl,Gandía,Santiago de Compostela,100,2341,283000,BDZ (Bulgaria),2025-11-16,2025-11-17,"{""Aire acondicionado"",Baño,Calefacción,Agua,""Asientos reclinables""}",
128476,61632,2025-04-25,2352000,7,No disponible,2352,Sr.ceja795@viajes.cl,Gijón,Rivas-Vaciamadrid,13,4169,336000,DSB (Dinamarca),2025-09-27,2025-09-29,"{""Asientos reclinables"",Baño,TV,Agua,Comida,Wifi,Calefacción}",
130855,64418,2025-07-11,1872000,6,No disponible,1872,Sr.delacrúz661@viajes.cl,Alcorcón,Sagunto,63,2937,312000,Italo,2026-02-12,,"{Calefacción,Wifi,""Asientos reclinables"",Baño,Comida,TV}",
147019,,,,,Disponible,0,Sr.ochoa742@viajes.cl,Santa Cruz de Tenerife,Arrecife,59,2250,85000,Qantas,2026-06-11,2026-09-12,{},
104737,59573,2025-04-03,560000,8,No disponible,560,Sr.reynoso806@viajes.cl,Parla,León,9,1008,70000,Nederlandse Sp,2025-04-11,2025-04-11,,
81381,56166,2025-03-05,280000,5,No disponible,280,Sra.banda816@viajes.cl,Benalmádena,Córdoba,35,1203,56000,RZD (Rusia),2025-10-25,2025-10-25,"{""Aire acondicionado"",Baño,Agua}",
126994,64101,2025-07-06,896000,8,No disponible,896,antonia4933537@viajes.cl,,Alcalá de Henares,99,1321,112000,Air France,2026-01-16,2026-01-16,{},
108037,56587,2025-02-13,412000,2,No disponible,412,Sra.carrera208@viajes.cl,Barcelona,Majadahonda,28,3297,206000,NSB (Noruega),2025-08-08,2025-08-10,"{TV,Wifi,Calefacción,Comida,""Asientos reclinables"",Agua}",
139863,63265,2025-06-21,1184000,8,No disponible,1184,Sra.girón712@viajes.cl,Gerona,El Ejido,57,3349,148000,Thalys,2026-08-18,2026-08-20,"{Agua,""Asientos reclinables"",Wifi,TV,""Aire acondicionado"",Baño}",
146953,,,,,Disponible,0,Sra.jaime757@viajes.cl,Tarragona,Majadahonda,73,1068,55000,All Nippon Airways (ANA),2025-06-08,2025-07-22,{},
136643,55803,2025-01-21,505000,5,No disponible,505,Sra.loera788@viajes.cl,Alcobendas,Cuenta,19,922,101000,JetBlue,2026-11-01,2026-11-01,{},
107487,64701,2025-05-26,384000,3,No disponible,384,Sra.madrigal710@viajes.cl,Logroño,Burgos,4,2107,128000,CFR (Rumania),2025-06-05,2025-06-06,"{Calefacción,""Asientos reclinables"",""Aire acondicionado"",Comida}",
148136,,,,,Disponible,0,Sra.nieto446@viajes.cl,Cerdañola del Vallés,Chiclana de la Frontera,72,3690,171000,Delta Air Lines,2026-04-05,2026-09-05,{},
145440,,,,,Disponible,0,Sra.toro255@viajes.cl,Fuenlabrada,Torrevieja,33,2001,75000,,2025-10-21,,"{Comida,TV,Calefacción}",
96690,61718,2025-10-05,1504000,8,No disponible,1504,Sra.zapata174@viajes.cl,Motril,Toledo,11,1484,188000,ŽFBH (Bosnia y Herzegovina),2026-02-15,2026-02-16,"{Wifi,Agua,""Asientos reclinables"",Baño}",
131691,63883,2025-02-04,988000,4,No disponible,988,Sta.abrego223@viajes.cl,Las Palmas de Gran Canaria,,76,3595,247000,BDZ (Bulgaria),2025-04-05,2025-04-07,"{""Aire acondicionado"",Calefacción,""Asientos reclinables"",Agua,Wifi,Comida}",
124339,56418,2026-03-02,285000,1,No disponible,285,gopemo896@viajes.cl,Badajoz,Santa Cruz de Tenerife,55,4172,285000,,2026-04-12,2026-04-14,,
98421,60425,2026-10-23,1010000,10,No disponible,1010,Sta.bueno636@viajes.cl,Tarragona,Cornellá de Llobregat,74,3150,101000,ŽFBH (Bosnia y Herzegovina),2026-11-20,2026-11-22,"{Wifi,Calefacción,Agua,""Aire acondicionado"",Comida,""Asientos reclinables""}",
125376,62447,2025-06-20,297000,1,No disponible,297,Sta.dávila345@viajes.cl,Badalona,Murcia,6,2351,297000,DSB (Dinamarca),2026-01-08,2026-01-09,"{""Aire acondicionado"",Agua,""Asientos reclinables"",Baño,Wifi}",
148253,,,,,Disponible,0,Sta.figueroa949@viajes.cl,Lorca,Benalmádena,42,2681,145000,United Airlines,2026-01-18,2026-05-09,{},
146222,,,,,Disponible,0,Sta.lucero377@viajes.cl,Alcoy,Alcalá de Guadaira,41,4223,176000,Omnibus de México,2025-09-24,,"{Calefacción,Agua,TV}",
147079,,,,,Disponible,0,Sta.parra332@viajes.cl,Santiago de Compostela,Cádiz,89,4042,463000,Ethiopian Airlines,2026-08-29,2027-02-13,{},
148484,,,,,Disponible,0,Sta.rocha539@viajes.cl,Granada,Mijas,52,1893,191000,,2025-10-03,2025-12-20,{},
128597,64766,2025-11-27,1600000,8,No disponible,1600,Teodoropáez479@viajes.cl,Getafe,Cáceres,41,321,200000,Japan Airlines,2026-09-11,2026-09-11,{},
112567,63462,2025-07-04,428000,2,No disponible,428,Teresagálvez741@viajes.cl,Gandía,El Ejido,82,2636,214000,VRZ (Croacia),2025-10-02,,"{Calefacción,Comida,""Asientos reclinables"",TV,Baño}",
148354,,,,,Disponible,0,Timoteohernández141@viajes.cl,Almería,Tarragona,,2791,86000,Iberia,2026-01-26,2026-05-22,{},
127376,55759,2025-03-16,384000,4,No disponible,384,Tomásbarrios980@viajes.cl,Torrevieja,Oviedo,13,865,96000,,2025-04-23,2025-04-23,"{Agua,""Asientos reclinables"",Wifi}",
149607,,,,,Disponible,0,Tomásvilla256@viajes.cl,Hospitalet de LLobregat,Ávila,67,152,82000,SBB (Suiza),2025-08-20,2025-08-26,"{""Asientos reclinables"",Comida,Calefacción}",
144591,63670,2025-06-23,1008000,9,No disponible,1008,Tomászambrano517@viajes.cl,Alcalá de Guadaira,Ciudad Real,,2370,112000,Aeroméxico,2025-12-26,2025-12-27,,
99210,63650,2025-01-05,137000,1,No disponible,137,Víctorcervantes761@viajes.cl,Madrid,Toledo,6,371,137000,Qatar Airways,2025-01-20,2025-01-20,{},
148630,,,,,Disponible,0,Víctorvillalpando416@viajes.cl,Pozuelo de Alarcón,Benidorm,43,273,30000,Renfe,2026-02-06,,"{Baño,Comida,Agua,""Aire acondicionado"",""Asientos reclinables""}",
119795,57315,2025-01-23,412000,2,No disponible,412,adruvé344@viajes.cl,Gandía,Cuenta,64,3446,206000,WestJet,2025-02-09,2025-02-11,{},
99400,65533,2025-03-16,2121000,7,No disponible,2121,adán3347212@viajes.cl,Barcelona,Talavera de la Reina,26,3344,303000,Qantas,2026-09-06,2026-09-08,{},
82034,66611,2025-04-29,984000,6,No disponible,984,adán6039173@viajes.cl,Zaragoza,Burgos,92,4230,164000,British Airways,2025-08-18,2025-08-20,{},
79306,66471,2025-04-27,3015000,9,No disponible,3015,agvaro886@viajes.cl,Puertollano,Badalona,4,3621,335000,ZFBH (Bosnia y Herzegovina),2026-09-01,2026-09-03,"{Comida,Calefacción,TV,Baño,Wifi,Agua,""Aire acondicionado""}",
136055,61420,2026-03-14,144000,3,No disponible,144,agvisa375@viajes.cl,La Coruña,,56,789,48000,United Airlines,2026-10-01,2026-10-01,{},
85566,55653,2025-05-01,420000,4,No disponible,420,alcegá275@viajes.cl,Oviedo,Torrejón de Ardoz,6,892,105000,,2025-05-05,2025-05-05,{},
137606,66597,2025-08-29,980000,5,No disponible,980,alejandro4663195@viajes.cl,Zamora,Estepona,18,353,196000,CFR (Rumania),2026-10-28,2026-10-28,{},
107450,59640,2026-08-08,384000,3,No disponible,384,alfredo5112229@viajes.cl,Majadahonda,Alcalá de Henares,78,2558,128000,Delta Air Lines,2026-09-11,2026-09-12,{},
114469,58163,2025-09-22,286000,2,No disponible,286,alicia3200638@viajes.cl,,Sagunto,91,1597,143000,BDZ (Bulgaria),2026-11-26,2026-11-27,"{Baño,Wifi,Comida,""Asientos reclinables""}",
130651,61651,2025-04-08,595000,5,No disponible,595,almohu846@viajes.cl,Ponferrada,Guadalajara,,2417,119000,ZSSK (Eslovaquia),2026-09-26,2026-09-27,"{Wifi,Agua,TV,Baño,Calefacción}",
138387,62236,2026-02-26,764000,4,No disponible,764,amalqu651@viajes.cl,Molina de Segura,Chiclana de la Frontera,76,1634,191000,VRZ (Croacia),2026-06-02,2026-06-03,"{Calefacción,Baño,Agua,TV}",
147106,,,,,Disponible,0,amapgu909@viajes.cl,Cuenta,Mérida,45,3898,213000,Wizz Air,2026-10-07,2027-03-18,{},
149273,,,,,Disponible,0,amceul498@viajes.cl,Mataró,Arrecife,2,1979,124000,CD (República Checa),2025-06-30,2025-09-20,"{""Asientos reclinables"",TV,Comida,Baño}",
123712,58991,2025-02-21,232000,1,No disponible,232,amgávi612@viajes.cl,Algeciras,Majadahonda,11,2601,232000,Lufthansa,2025-10-01,2025-10-02,{},
141330,65496,2025-01-04,149000,1,No disponible,149,ana4177960@viajes.cl,Jerez de la Frontera,León,41,317,149000,All Nippon Airways (ANA),2025-06-02,2025-06-02,{},
98768,60347,2026-05-10,1521000,9,No disponible,1521,ana6425378@viajes.cl,Mérida,Fuenlabrada,46,3225,169000,AVE,2026-06-18,2026-06-20,"{Baño,TV,""Aire acondicionado"",Calefacción,Comida,Agua}",
148287,,,,,Disponible,0,anlubahe592@viajes.cl,Talavera de la Reina,Cornellá de Llobregat,11,2716,291000,American Airlines,2026-06-02,2026-09-23,{},
122320,62812,2026-01-24,1620000,5,No disponible,1620,anlurura621@viajes.cl,Murcia,Pozuelo de Alarcón,,3224,324000,WestJet,2026-07-15,2026-07-17,{},
109998,59538,2025-03-23,370000,1,No disponible,370,anmaaydu522@viajes.cl,Chiclana de la Frontera,Elche,6,4300,370000,Delta Air Lines,2026-08-02,2026-08-04,{},
127345,58281,2025-03-16,1755000,9,No disponible,1755,anmave718@viajes.cl,Benidorm,Roquetas de Mar,39,1803,195000,Copa Airlines,2026-09-16,2026-09-17,{},
127949,58089,2026-04-28,1674000,9,No disponible,1674,anorpa297@viajes.cl,Badajoz,Talavera de la Reina,4,2647,186000,ZFBH (Bosnia y Herzegovina),2026-10-05,2026-10-06,"{Baño,TV,Agua,Wifi,Comida}",
78989,59953,2025-04-20,255000,3,No disponible,255,anpubl651@viajes.cl,Sevilla,Lugo,88,2791,85000,ŽSSK (Eslovaquia),2025-04-27,2025-04-28,"{Agua,Wifi,Baño,""Aire acondicionado"",Calefacción}",
119229,59348,2025-09-05,432000,3,No disponible,432,antonio6276571@viajes.cl,Tarragona,La Coruña,62,534,144000,Amtrak,2026-01-07,2026-01-07,{},
114918,63366,2025-01-24,1057000,7,No disponible,1057,anzama631@viajes.cl,Dos Hermanas,Burgos,35,622,151000,BoltBus,2025-03-05,,"{Calefacción,Agua,TV}",
83773,56330,2026-03-12,400000,10,No disponible,400,arbagu510@viajes.cl,Ferrol,Cádiz,8,837,40000,Deutsche Bahn (DB),2026-04-19,2026-04-19,"{""Aire acondicionado"",Calefacción,Baño}",
140482,60305,2025-11-01,651000,7,No disponible,651,ariadna2726453@viajes.cl,Burgos,Irún,46,2904,93000,Turbus,2026-02-04,2026-02-06,"{Agua,Wifi,""Asientos reclinables""}",
147273,,,,,Disponible,0,arteal325@viajes.cl,Gecho,Puertollano,32,852,38000,Turkish Airlines,2026-08-28,2026-10-02,{},
139672,55601,2025-11-09,2919000,7,No disponible,2919,arturo3897713@viajes.cl,San Fernando,Ponferrada,62,4290,417000,NSB (Noruega),2026-02-23,2026-02-25,"{Baño,Calefacción,""Asientos reclinables"",Wifi,Comida,""Aire acondicionado"",Agua}",
103305,62338,2025-10-31,900000,6,No disponible,900,beatriz7735309@viajes.cl,Logroño,Avilés,83,806,150000,United Airlines,2026-11-15,2026-11-15,{},
149682,,,,,Disponible,0,bebofa924@viajes.cl,Fuenlabrada,Pontevedra,64,1104,126000,ŽSSK (Eslovaquia),2026-02-23,2026-04-10,"{Baño,""Asientos reclinables"",""Aire acondicionado""}",
148870,,,,,Disponible,0,bemoes831@viajes.cl,Hospitalet de LLobregat,El Puerto de Santa María,21,4070,300000,PKP (Polonia),2025-11-16,2026-05-04,"{""Aire acondicionado"",""Asientos reclinables"",Wifi,TV,Agua,Comida,Calefacción}",
150043,,,,,Disponible,0,blanca9904722@viajes.cl,Torremolinos,,91,251,69000,Deutsche Bahn (DB),2026-09-11,2026-09-21,"{TV,Agua,""Aire acondicionado"",Calefacción,Wifi,""Asientos reclinables"",Comida}",
104534,65217,2025-04-15,1164000,6,No disponible,1164,cagasa796@viajes.cl,Torrejón de Ardoz,Santa Cruz de Tenerife,,1534,194000,,2025-06-22,2025-06-23,"{Agua,Calefacción,Wifi,""Aire acondicionado""}",
124173,57691,2025-10-14,1480000,10,No disponible,1480,cahago710@viajes.cl,Ceuta,Orihuela,29,1627,148000,,2025-11-22,,{},
130445,60460,2025-09-18,1593000,9,No disponible,1593,carla8513259@viajes.cl,Rubí,Rivas-Vaciamadrid,58,3777,177000,SJ (Suecia),2025-11-01,2025-11-03,"{Agua,Calefacción,Comida,""Aire acondicionado"",Wifi,""Asientos reclinables"",Baño}",
136380,61337,2025-10-17,1062000,9,No disponible,1062,caulbe408@viajes.cl,El Ejido,Molina de Segura,14,737,118000,Deutsche Bahn (DB),2025-10-25,,"{TV,Baño,Wifi}",
103465,58679,2025-01-14,900000,5,No disponible,900,cazaba427@viajes.cl,Barcelona,Ávila,33,3541,180000,,2025-01-17,2025-01-19,"{Wifi,""Asientos reclinables"",""Aire acondicionado""}",
102856,61034,2025-04-23,99000,1,No disponible,99,clara2103611@viajes.cl,Motril,Badajoz,99,2659,99000,NS International,2025-05-05,2025-05-06,"{Wifi,TV,Baño,Comida,""Asientos reclinables""}",
130261,59529,2025-01-02,61000,1,No disponible,61,claudia8772514@viajes.cl,Cartagena,Viladecans,91,941,61000,Air New Zealand,2025-10-03,2025-10-03,{},
101849,65934,2025-02-05,426000,2,No disponible,426,claudio6619751@viajes.cl,Sevilla,Mijas,74,3911,213000,ŽFBH (Bosnia y Herzegovina),2025-11-10,2025-11-12,"{Agua,""Asientos reclinables"",Baño,Calefacción,Comida,""Aire acondicionado"",Wifi}",
149807,,,,,Disponible,0,clcava986@viajes.cl,,Telde,97,238,77000,HŽ (Croacia),2026-08-27,2026-09-05,"{Agua,Calefacción,""Aire acondicionado""}",
149979,,,,,Disponible,0,clliib153@viajes.cl,Oviedo,Ponferrada,91,999,78000,SBB (Suiza),2025-01-05,2025-02-15,"{Agua,Comida,""Aire acondicionado""}",
148500,,,,,Disponible,0,coarro408@viajes.cl,Inca,Alcalá de Guadaira,22,3063,222000,KLM,2026-06-09,2026-10-14,{},
147291,,,,,Disponible,0,cristobal7793541@viajes.cl,Avilés,Vitoria,87,1036,85000,Etihad Airways,2025-09-18,2025-10-31,{},
110151,55959,2025-01-02,1304000,8,No disponible,1304,crorar804@viajes.cl,Castellón de la Plana,Badajoz,,142,163000,SJ (Suecia),2025-08-30,,{},
87890,58609,2025-04-15,940000,5,No disponible,940,damotr290@viajes.cl,Torrelavega,Vitoria,63,1518,188000,Eurostar,2025-08-20,2025-08-21,"{Calefacción,TV,Comida,Agua}",
147210,,,,,Disponible,0,david2699917@viajes.cl,Hospitalet de LLobregat,Castellón de la Plana,17,2501,124000,Aeroméxico,2025-09-07,2025-12-20,{},
81822,58819,2025-04-03,3024000,7,No disponible,3024,diana5279558@viajes.cl,San Sebastián,Córdoba,64,4008,432000,EasyJet,2026-07-18,2026-07-20,,
139706,62564,2025-03-26,246000,2,No disponible,246,diego955510@viajes.cl,Paterna,Rubí,91,2409,123000,HŽ (Croacia),2025-05-27,2025-05-28,"{""Aire acondicionado"",Wifi,Calefacción,Agua,Baño}",
148469,,,,,Disponible,0,dovefe861@viajes.cl,Marbella,Arrecife,,3850,170000,Singapore Airlines,2026-03-03,2026-08-10,{},
149307,,,,,Disponible,0,elanpu412@viajes.cl,Badajoz,Zaragoza,90,3337,299000,NS International,2025-05-23,2025-10-09,"{Comida,Calefacción,Baño,Agua,""Asientos reclinables"",TV}",
148070,,,,,Disponible,0,elchpa632@viajes.cl,Burgos,Palencia,79,3597,165000,Qatar Airways,2025-02-03,2025-07-02,{},
99180,61299,2025-01-01,6000,1,No disponible,6,elrofl393@viajes.cl,Toledo,Lugo,40,361,6000,SBB (Suiza),2025-01-12,2025-01-12,{},
134667,63839,2025-11-04,900000,10,No disponible,900,elsaam871@viajes.cl,Molina de Segura,Torrejón de Ardoz,8,1820,90000,Emirates,2026-01-09,2026-01-10,{},
147256,,,,,Disponible,0,elágca283@viajes.cl,San Sebastián,Mataró,33,2668,296000,Alaska Airlines,2025-09-22,,{},
127514,62536,2025-01-26,745000,5,No disponible,745,emilio7555854@viajes.cl,Zamora,Torrejón de Ardoz,39,4004,149000,El Rápido Internacional,2025-04-21,2025-04-23,"{Calefacción,""Asientos reclinables"",""Aire acondicionado""}",
121000,64735,2025-04-22,742000,7,No disponible,742,encale987@viajes.cl,Torrevieja,Móstoles,13,2526,106000,WestJet,2026-03-01,2026-03-02,{},
107352,62832,2025-08-19,950000,5,No disponible,950,ernesto3187128@viajes.cl,Alicante,Lérida,65,1746,190000,Frontier Airlines,2025-09-24,2025-09-25,{},
89546,57077,2025-04-02,1336000,8,No disponible,1336,espema328@viajes.cl,Marbella,Murcia,25,2263,167000,Etihad Airways,2026-10-02,2026-10-03,{},
136065,58789,2026-04-25,870000,5,No disponible,870,estela6208869@viajes.cl,Ponferrada,Mollet del Vallés,61,3099,174000,NSB (Noruega),2026-06-26,2026-06-28,"{""Asientos reclinables"",Agua,Comida,""Aire acondicionado"",TV,Wifi}",
81359,58778,2025-01-24,621000,3,No disponible,621,ester3317224@viajes.cl,El Ejido,Alicante,78,2198,207000,RZD (Rusia),2025-02-18,2025-02-19,"{""Asientos reclinables"",Calefacción,Baño,Wifi,Comida}",
148288,,,,,Disponible,0,eszeca999@viajes.cl,Lorca,Pamplona,36,517,76000,Etihad Airways,2026-05-08,2026-05-29,{},
147335,,,,,Disponible,0,federico4793258@viajes.cl,Collado Villalba,Talavera de la Reina,87,4052,201000,Aeroméxico,2025-08-24,2026-02-08,{},
79515,65191,2025-03-14,2160000,6,No disponible,2160,fedosá946@viajes.cl,Estepona,Estepona,75,2904,360000,SJ (Suecia),2026-06-07,2026-06-09,"{""Asientos reclinables"",Comida,Agua,Baño,Wifi,Calefacción}",
103715,65467,2025-01-22,84000,3,No disponible,84,felipe7511543@viajes.cl,Guadalajara,Vigo,13,261,28000,ŽSSK (Eslovaquia),2026-01-05,2026-01-05,{},
135025,66588,2025-01-12,828000,9,No disponible,828,flvave980@viajes.cl,Toledo,Algeciras,12,1121,92000,EasyJet,2025-04-24,2025-04-24,{},
148609,,,,,Disponible,0,francisco1743593@viajes.cl,Santiago de Compostela,Arrecife,5,196,131000,Air New Zealand,2026-01-30,2026-02-07,{},
79863,58711,2026-05-25,448000,7,No disponible,448,francisco4411563@viajes.cl,Jaén,San Sebastián,8,1118,64000,,2026-09-26,2026-09-26,"{Baño,Calefacción,""Asientos reclinables""}",
99886,57318,2025-04-28,1575000,5,No disponible,1575,gabriela4787419@viajes.cl,Cáceres,Rubí,13,3486,315000,Avianca,2025-06-05,2025-06-07,{},
96473,63131,2025-02-14,558000,2,No disponible,558,gacaad829@viajes.cl,Mollet del Vallés,Lérida,10,2542,279000,Ethiopian Airlines,2025-07-14,2025-07-15,{},
149806,,,,,Disponible,0,gavade851@viajes.cl,Jaén,,66,1180,98000,VR (Finlandia),2025-01-14,2025-03-04,"{Agua,Calefacción,""Aire acondicionado""}",
149356,,,,,Disponible,0,geduor743@viajes.cl,Jerez de la Frontera,Sevilla,,3538,310000,VRZ (Croacia),2025-04-24,2025-09-18,"{""Asientos reclinables"",Calefacción,TV,""Aire acondicionado"",Wifi,Comida}",
149881,,,,,Disponible,0,gemeco374@viajes.cl,Collado Villalba,Alcalá de Guadaira,14,1672,60000,SJ (Suecia),2025-06-11,2025-08-19,"{Comida,""Asientos reclinables"",Baño,""Aire acondicionado""}",
96855,61898,2026-05-10,3980000,10,No disponible,3980,gesaig920@viajes.cl,Hospitalet de LLobregat,Torrelavega,58,3530,398000,Turkish Airlines,2026-08-13,2026-08-15,{},
140156,63693,2025-12-16,758000,2,No disponible,758,geteco332@viajes.cl,Salamanca,El Prat de LLobregat,68,3681,379000,EasyJet,2026-11-26,2026-11-28,{},
87058,55532,2025-01-01,366000,2,No disponible,366,gilberto650348@viajes.cl,Logroño,Pontevedra,54,2742,183000,American Airlines,2025-01-02,2025-01-03,{},
101661,59644,2025-03-22,320000,8,No disponible,320,gonzalo1079651@viajes.cl,Logroño,Mollet del Vallés,43,1134,40000,ŽFBH (Bosnia y Herzegovina),2025-05-23,2025-05-23,"{Calefacción,TV,Baño}",
87963,66051,2025-04-28,1928000,4,No disponible,1928,gregorio2059471@viajes.cl,Paterna,Ávila,99,3788,482000,Iberia,2025-06-18,2025-06-20,{},
113432,55907,2025-02-07,832000,4,No disponible,832,gregorio4266951@viajes.cl,,Chiclana de la Frontera,25,3851,208000,Air France,2026-04-30,,{},
109830,58458,2025-02-19,819000,9,No disponible,819,grjaig399@viajes.cl,Alcoy,Rivas-Vaciamadrid,4,1988,91000,Wizz Air,2025-10-10,2025-10-11,{},
148964,,,,,Disponible,0,gustavo5004949@viajes.cl,Zaragoza,Cornellá de Llobregat,31,848,145000,ZSSK (Eslovaquia),2025-03-29,2025-05-03,"{Comida,Wifi,Calefacción}",
137396,59792,2025-10-05,816000,6,No disponible,816,heguca871@viajes.cl,Rivas-Vaciamadrid,Mérida,56,3074,136000,Trenitalia,2026-09-21,2026-09-23,"{Comida,""Aire acondicionado"",Wifi,TV,""Asientos reclinables"",Agua}",
109570,57856,2025-03-12,588000,7,No disponible,588,hehemo531@viajes.cl,Estepona,,,1777,84000,VR (Finlandia),2025-10-30,,"{TV,""Aire acondicionado"",Calefacción,Wifi}",
93201,65944,2025-04-22,1062000,9,No disponible,1062,hoarfe244@viajes.cl,Toledo,Salamanca,50,2232,118000,Amtrak,2026-06-05,2026-06-06,"{Comida,Baño,Wifi,TV,""Asientos reclinables""}",
122497,63951,2025-01-13,2388000,6,No disponible,2388,honúza973@viajes.cl,,Santander,10,3863,398000,Qantas,2026-10-07,2026-10-09,{},
147418,,,,,Disponible,0,horilo469@viajes.cl,Castellón de la Plana,Gecho,70,122,174000,Wizz Air,2025-01-18,2025-01-23,{},
113186,59678,2025-03-14,1062000,9,No disponible,1062,hubame100@viajes.cl,Valladolid,Elda,34,3408,118000,,2025-06-05,2025-06-07,{},
94348,58584,2025-01-10,304000,2,No disponible,304,huesca862@viajes.cl,Leganés,Coslada,37,2143,152000,,2025-03-12,2025-03-13,"{""Asientos reclinables"",Agua,""Aire acondicionado"",Calefacción}",
90719,62766,2025-01-26,468000,9,No disponible,468,ignacio6635603@viajes.cl,La Línea de la Concepción,Sevilla,48,1046,52000,SNCB (Bélgica),2025-04-03,2025-04-03,"{Wifi,Baño,""Aire acondicionado""}",
129171,61441,2025-01-26,1845000,9,No disponible,1845,incava830@viajes.cl,Salamanca,Inca,21,4017,205000,CFR (Rumania),2025-03-09,2025-03-11,"{""Aire acondicionado"",Baño,Wifi,Agua,""Asientos reclinables"",TV,Calefacción}",
135182,65258,2026-02-13,3144000,8,No disponible,3144,irpipi229@viajes.cl,Fuengirola,Móstoles,11,3616,393000,ZS (Eslovenia),2026-06-17,,"{Comida,Wifi,Agua,TV,""Aire acondicionado"",Baño,Calefacción}",
126433,60380,2025-02-04,630000,5,No disponible,630,isrelu647@viajes.cl,Reus,Manresa,25,2464,126000,ŽSSK (Eslovaquia),2025-05-03,2025-05-04,"{Agua,TV,Comida,""Asientos reclinables"",Baño}",
132259,64921,2025-08-29,660000,3,No disponible,660,iszara805@viajes.cl,,Burgos,2,2273,220000,,2025-11-30,2025-12-01,"{TV,Comida,Calefacción,""Aire acondicionado"",Baño}",
147942,,,,,Disponible,0,jacama710@viajes.cl,Lugo,,92,3202,102000,United Airlines,2025-10-31,2026-03-13,{},
79735,63154,2025-03-11,1660000,5,No disponible,1660,jahemu317@viajes.cl,Málaga,Sabadell,70,3538,332000,Deutsche Bahn (DB),2026-02-15,2026-02-17,"{Agua,Wifi,""Asientos reclinables"",""Aire acondicionado"",TV,Baño}",
147379,,,,,Disponible,0,jaime9567571@viajes.cl,Parla,Alicante,24,2190,141000,Qatar Airways,2025-11-25,2026-02-24,{},
97353,66353,2025-06-24,36000,1,No disponible,36,jarear931@viajes.cl,Zamora,Calahorra,46,376,36000,NSB (Noruega),2026-10-20,,{},
141862,56793,2025-12-06,199000,1,No disponible,199,jeroca654@viajes.cl,Sabadell,Gerona,57,2990,199000,,2026-05-22,2026-05-24,"{""Aire acondicionado"",Calefacción,Wifi,Baño,Comida,Agua}",
102919,65364,2025-01-11,150000,1,No disponible,150,jerónimo2841319@viajes.cl,Badajoz,Pontevedra,4,3738,150000,NS International,2025-02-23,2025-02-25,"{Baño,""Aire acondicionado"",Comida,Calefacción,Wifi,TV,""Asientos reclinables""}",
81340,64518,2025-04-28,1290000,10,No disponible,1290,joaquín6062886@viajes.cl,Arrecife,,75,413,129000,DSB (Dinamarca),2025-06-20,,{},
111115,62300,2025-01-24,1883000,7,No disponible,1883,jocacr192@viajes.cl,San Sebastián,Torrejón de Ardoz,70,2918,269000,,2026-07-26,2026-07-28,"{TV,Comida,Wifi,Baño,""Asientos reclinables"",""Aire acondicionado""}",
149252,,,,,Disponible,0,jolualal605@viajes.cl,San Cristróbal de la Laguna,Torrelavega,87,3037,171000,,2025-10-01,2026-02-04,,
114486,59675,2025-02-24,1410000,10,No disponible,1410,jomaalma170@viajes.cl,Ferrol,El Ejido,95,1349,141000,,2026-06-06,2026-06-06,"{TV,""Aire acondicionado"",Comida}",
112589,65994,2025-10-09,480000,5,No disponible,480,jomaraga355@viajes.cl,Salamanca,Ávila,9,776,96000,Nederlandse Sp,2025-11-25,2025-11-25,"{""Aire acondicionado"",Agua,TV}",
106622,58743,2025-04-06,1104000,8,No disponible,1104,jopabu104@viajes.cl,Parla,Santa Coloma de Gramanet,18,922,138000,Frontier Airlines,2026-08-10,,{},
146839,,,,,Disponible,0,josé4245489@viajes.cl,Linares,Rubí,41,922,194000,Buses Ahumada,2026-07-11,,"{TV,Agua,""Aire acondicionado""}",
131564,62278,2025-02-26,805000,5,No disponible,805,josé4375225@viajes.cl,Talavera de la Reina,Valdemoro,51,4117,161000,TGV (SNCF),2025-12-01,2025-12-03,"{TV,Comida,""Asientos reclinables"",Baño,""Aire acondicionado"",Agua,Calefacción}",
135516,64498,2025-11-09,801000,3,No disponible,801,josé7055717@viajes.cl,Almería,Lugo,11,3577,267000,Japan Airlines,2026-01-08,2026-01-10,{},
103985,61140,2025-07-10,1160000,8,No disponible,1160,josé7880619@viajes.cl,Palma de Mallorca,Marbella,72,1180,145000,CD (República Checa),2026-04-07,2026-04-07,,
82642,66341,2025-08-13,873000,9,No disponible,873,jucébeva663@viajes.cl,Burgos,Arrecife,7,2541,97000,LATAM Airlines,2025-11-11,2025-11-12,{},
146982,,,,,Disponible,0,jucéguvi280@viajes.cl,Palencia,La Línea de la Concepción,63,3482,110000,Southwest Airlines,2025-11-04,2026-03-29,{},
147986,,,,,Disponible,0,juolol339@viajes.cl,Elda,Cerdañola del Vallés,30,1608,134000,Frontier Airlines,2026-05-04,2026-07-10,{},
149147,,,,,Disponible,0,jupabe305@viajes.cl,Alcobendas,Coslada,56,417,85000,SNCB (Bélgica),2026-05-22,2026-06-08,"{Agua,TV,""Asientos reclinables"",Comida,Baño}",
139808,65666,2025-05-14,550000,5,No disponible,550,jupuma342@viajes.cl,San Sebastián,Barcelona,50,1750,110000,Megabus,2026-10-04,2026-10-05,"{Wifi,""Asientos reclinables"",""Aire acondicionado""}",
147031,,,,,Disponible,0,jutaáv641@viajes.cl,Fuengirola,Mérida,48,3775,267000,Avianca,2025-04-01,2025-09-05,{},
146997,,,,,Disponible,0,leonor9451196@viajes.cl,Badajoz,Vigo,50,4031,200000,Alaska Airlines,2026-01-12,2026-06-28,{},
81013,61625,2025-04-29,1560000,5,No disponible,1560,leorti155@viajes.cl,Paterna,León,14,3375,312000,Alaska Airlines,2026-07-05,2026-07-07,{},
95079,58383,2026-02-18,620000,5,No disponible,620,lilia8931915@viajes.cl,Zamora,Alicante,82,994,124000,NSB (Noruega),2026-03-18,2026-03-18,"{Baño,Calefacción,TV}",
130677,63811,2025-02-26,324000,1,No disponible,324,loalza265@viajes.cl,Elda,Estepona,7,3742,324000,CFR (Rumania),2026-07-23,2026-07-25,"{""Aire acondicionado"",Calefacción,Comida,Wifi,TV,Baño,Agua}",
107792,58263,2025-09-28,1715000,7,No disponible,1715,lola905232@viajes.cl,Jerez de la Frontera,Roquetas de Mar,35,3430,245000,Air Canada,2026-11-10,2026-11-12,{},
96820,61576,2026-05-26,1722000,6,No disponible,1722,lomato408@viajes.cl,Manresa,Orihuela,39,3650,287000,NS International,2026-06-04,,"{""Aire acondicionado"",Wifi,TV,Calefacción,Agua,Comida,Baño}",
88118,55876,2025-01-22,208000,2,No disponible,208,lorena3513609@viajes.cl,Cádiz,Irún,74,491,104000,Italo,2025-02-22,,{},
114019,61191,2025-06-26,256000,8,No disponible,256,lourdes4205209@viajes.cl,Madrid,Córdoba,43,1340,32000,Turkish Airlines,2025-11-17,2025-11-17,{},
90886,61071,2025-04-19,392000,7,No disponible,392,lucabo108@viajes.cl,Mérida,Gandía,41,1484,56000,,2025-08-21,2025-08-22,{},
124338,63660,2025-05-22,1955000,5,No disponible,1955,lucas2379246@viajes.cl,Estepona,Torrejón de Ardoz,85,2975,391000,PKP (Polonia),2025-12-22,2025-12-24,"{Comida,""Asientos reclinables"",Wifi,""Aire acondicionado"",TV,Calefacción}",
149390,,,,,Disponible,0,lucas4005174@viajes.cl,Pontevedra,Vitoria,63,1291,132000,SBB (Suiza),2025-07-01,2025-08-23,"{Wifi,Calefacción,Baño}",
79191,61312,2026-03-02,1740000,6,No disponible,1740,luis2971637@viajes.cl,Collado Villalba,Mollet del Vallés,34,2887,290000,ZSSK (Eslovaquia),2026-08-05,2026-08-07,"{""Asientos reclinables"",Agua,""Aire acondicionado"",Wifi,Baño,Comida}",
118879,62428,2026-07-15,220000,4,No disponible,220,luisa595785@viajes.cl,Lorca,Torremolinos,43,983,55000,,2026-11-20,2026-11-20,"{""Asientos reclinables"",""Aire acondicionado"",Calefacción}",
145139,,,,,Disponible,0,lumirira887@viajes.cl,Santa Coloma de Gramanet,Algeciras,48,499,129000,ADO,2025-09-23,,"{TV,""Asientos reclinables"",Wifi}",
122411,61429,2025-10-06,1002000,6,No disponible,1002,lupato375@viajes.cl,Pozuelo de Alarcón,Baracaldo,65,2689,167000,MÁV (Hungría),2025-11-06,2025-11-07,"{Baño,Wifi,Calefacción,""Aire acondicionado"",Agua}",
148504,,,,,Disponible,0,lurosi472@viajes.cl,Sabadell,Algeciras,52,2685,284000,Air New Zealand,2025-12-16,2026-04-06,{},
148608,,,,,Disponible,0,lusana316@viajes.cl,Marbella,Cartagena,69,3631,181000,Emirates,2026-04-20,2026-09-18,{},
125381,62447,2025-01-30,214000,1,No disponible,214,luvade652@viajes.cl,Viladecans,Viladecans,97,3673,214000,SNCB (Bélgica),2026-01-13,2026-01-15,"{""Asientos reclinables"",""Aire acondicionado"",Agua,TV,Baño,Comida,Calefacción}",
147546,,,,,Disponible,0,luz7344853@viajes.cl,Logroño,Mataró,73,3194,246000,Frontier Airlines,2026-03-06,2026-07-17,,
83558,62440,2025-01-05,1170000,10,No disponible,1170,maanvaju254@viajes.cl,Vigo,Rubí,64,3250,117000,VRZ (Croacia),2025-02-10,2025-02-12,"{TV,Calefacción,Agua,""Asientos reclinables"",Wifi,Baño}",
149823,,,,,Disponible,0,mababa273@viajes.cl,Gijón,Tarrasa,4,1399,68000,CFR (Rumania),2026-06-27,2026-08-24,"{""Aire acondicionado"",Comida,Agua}",
143906,59703,2026-02-04,2280000,10,No disponible,2280,mabepa708@viajes.cl,Ávila,Pontevedra,43,3995,228000,Italo,2026-06-21,2026-06-23,"{Calefacción,""Aire acondicionado"",""Asientos reclinables"",TV,Wifi,Comida,Baño}",
90089,59200,2025-07-25,917000,7,No disponible,917,macaar807@viajes.cl,Pontevedra,Hospitalet de LLobregat,73,2791,131000,AVE,2025-10-10,,"{Comida,Agua,Baño,TV,Calefacción}",
148835,,,,,Disponible,0,maespa877@viajes.cl,Sabadell,Huelva,26,1598,78000,VR (Finlandia),2026-09-09,2026-11-14,"{Baño,Calefacción,""Asientos reclinables"",""Aire acondicionado""}",
114758,64416,2025-08-10,302000,2,No disponible,302,mafitr540@viajes.cl,Puertollano,Paterna,10,4300,151000,ŽFBH (Bosnia y Herzegovina),2025-10-18,2025-10-20,"{Baño,""Aire acondicionado"",Comida,""Asientos reclinables"",Wifi,Agua,Calefacción}",
149885,,,,,Disponible,0,manuel2609542@viajes.cl,Palma de Mallorca,Gerona,90,2035,171000,Italo,2025-09-17,2025-12-10,"{Agua,Calefacción,Comida,Wifi}",
117754,63225,2026-06-12,1089000,9,No disponible,1089,manuel8069557@viajes.cl,Marbella,Reus,45,2459,121000,El Rápido Internacional,2026-07-06,2026-07-07,"{TV,Baño,Wifi}",
148399,,,,,Disponible,0,mapéga398@viajes.cl,Ceuta,Cartagena,91,371,28000,JetBlue,2025-11-01,2025-11-16,{},
98731,57519,2025-06-14,858000,6,No disponible,858,marcela1063339@viajes.cl,Valencia,Estepona,26,2363,143000,SNCB (Bélgica),2026-02-22,2026-02-23,"{Baño,Calefacción,Comida,Agua,""Aire acondicionado""}",
106471,66082,2025-03-22,1953000,7,No disponible,1953,marcela3216289@viajes.cl,Gecho,Valladolid,47,2360,279000,NS International,2025-11-27,2025-11-28,"{Wifi,Comida,""Aire acondicionado"",TV,Baño}",
147348,,,,,Disponible,0,marco2477413@viajes.cl,,Albacete,55,532,158000,Southwest Airlines,2026-05-27,,{},
90130,56502,2025-04-20,87000,1,No disponible,87,marco4750582@viajes.cl,Segovia,Jerez de la Frontera,78,1081,87000,All Nippon Airways (ANA),2025-05-29,2025-05-29,{},
96655,66416,2025-01-18,2520000,9,No disponible,2520,marco9528241@viajes.cl,Collado Villalba,Elda,89,2934,280000,ZS (Eslovenia),2025-03-12,2025-03-14,"{""Asientos reclinables"",Comida,Calefacción,Agua,TV,""Aire acondicionado""}",
148124,,,,,Disponible,0,mariana7039242@viajes.cl,Orense,Lugo,57,3129,348000,Japan Airlines,2025-10-14,2026-02-21,{},
129885,60195,2025-08-20,328000,2,No disponible,328,mariano1060145@viajes.cl,Roquetas de Mar,Madrid,4,2670,164000,KLM,2026-06-13,2026-06-14,{},
145613,,,,,Disponible,0,maricarmen6071837@viajes.cl,Rivas-Vaciamadrid,Badajoz,49,1190,188000,Avanza,2026-10-12,,"{Baño,Calefacción,TV}",
87598,62145,2025-11-19,1376000,8,No disponible,1376,maricarmen9657233@viajes.cl,Tarrasa,,20,389,172000,AVE,2025-12-30,2025-12-30,{},
148101,,,,,Disponible,0,mario640726@viajes.cl,Toledo,Móstoles,71,2275,94000,Alaska Airlines,2026-08-22,2026-11-24,,
82341,56236,2025-12-04,687000,3,No disponible,687,mario7458237@viajes.cl,Orihuela,Elda,92,2231,229000,CD (República Checa),2026-09-27,2026-09-28,"{Comida,TV,Agua,Calefacción,Baño}",
149075,,,,,Disponible,0,marisol5505335@viajes.cl,,Sabadell,42,2485,140000,,2025-02-23,2025-06-06,"{""Aire acondicionado"",Wifi,TV,""Asientos reclinables"",Agua}",
135545,57527,2026-01-07,2136000,6,No disponible,2136,marose818@viajes.cl,San Sebastián,Sanlúcar de Barrameda,84,4023,356000,Spirit Airlines,2026-04-22,2026-04-24,{},
82970,63326,2025-01-25,560000,7,No disponible,560,marta7708109@viajes.cl,Santander,,100,767,80000,,2025-06-18,2025-06-18,"{TV,Agua,Comida}",
150012,,,,,Disponible,0,martín4667928@viajes.cl,Leganés,Badalona,83,2296,261000,ŽSSK (Eslovaquia),2025-08-09,2025-11-12,,
144038,61523,2025-01-01,3030000,10,No disponible,3030,maría1459222@viajes.cl,Fuengirola,Orense,49,4225,303000,Southwest Airlines,2025-04-14,2025-04-16,{},
121632,58887,2025-05-04,2712000,8,No disponible,2712,maría3991976@viajes.cl,Avilés,Valencia,64,4171,339000,All Nippon Airways (ANA),2026-05-29,2026-05-31,{},
147223,,,,,Disponible,0,maría4511762@viajes.cl,Elda,Ávila,32,771,148000,Delta Air Lines,2025-04-12,2025-05-14,{},
81097,66454,2025-01-04,456000,2,No disponible,456,maría5692273@viajes.cl,Sagunto,Castellón de la Plana,37,4095,228000,ÖBB (Austria),2025-04-27,2025-04-29,"{TV,Baño,Comida,""Aire acondicionado"",Agua,""Asientos reclinables"",Calefacción}",
83545,59950,2025-09-09,1141000,7,No disponible,1141,maría574504@viajes.cl,Móstoles,Orense,14,1750,163000,Eurostar,2026-08-23,2026-08-24,"{Comida,Agua,""Asientos reclinables"",Baño}",
113351,64640,2025-01-05,364000,7,No disponible,364,maría6649456@viajes.cl,Estepona,Ávila,12,449,52000,SJ (Suecia),2025-01-31,2025-01-31,{},
149575,,,,,Disponible,0,maría6926441@viajes.cl,Murcia,Castellón de la Plana,90,3626,219000,Italo,2025-12-26,2026-05-26,"{Agua,Comida,""Asientos reclinables"",Calefacción,Baño,TV,Wifi}",
131905,65109,2025-03-12,160000,5,No disponible,160,maría7665694@viajes.cl,,Valencia,33,924,32000,Thalys,2025-05-25,2025-05-25,"{""Aire acondicionado"",Calefacción,TV}",
124435,62295,2025-12-11,623000,7,No disponible,623,maría8426631@viajes.cl,Arrecife,Avilés,13,771,89000,NS International,2026-01-10,2026-01-10,"{TV,Comida,Calefacción}",
148256,,,,,Disponible,0,mateo2584848@viajes.cl,Roquetas de Mar,San Fernando,93,658,122000,Alaska Airlines,2025-06-01,2025-06-28,{},
148285,,,,,Disponible,0,mateo7221105@viajes.cl,Badajoz,San Cristróbal de la Laguna,,2103,175000,British Airways,2025-01-25,2025-04-22,{},
104782,66541,2025-03-15,428000,4,No disponible,428,mavepa513@viajes.cl,Algeciras,Logroño,62,1023,107000,ZFBH (Bosnia y Herzegovina),2025-11-10,2025-11-10,"{Wifi,""Asientos reclinables"",Comida}",
149644,,,,,Disponible,0,mazeha128@viajes.cl,,Segovia,96,2180,299000,ZFBH (Bosnia y Herzegovina),2026-05-29,2026-08-27,"{Baño,Agua,Comida,Wifi,TV}",
94831,64234,2025-04-23,662000,2,No disponible,662,migara979@viajes.cl,Fuengirola,Santa Cruz de Tenerife,30,3713,331000,Nederlandse Sp,2025-06-06,2025-06-08,"{Baño,""Aire acondicionado"",Wifi,Agua,Calefacción,TV,""Asientos reclinables""}",
148075,,,,,Disponible,0,miguel7762265@viajes.cl,Málaga,San Sebastián,35,937,117000,Qatar Airways,2025-11-27,2026-01-05,{},
148077,,,,,Disponible,0,mónica1582901@viajes.cl,Alcalá de Guadaira,Valladolid,74,3539,308000,Air Canada,2026-07-07,2026-12-01,{},
88340,65278,2025-05-17,1100000,10,No disponible,1100,octavio917278@viajes.cl,Viladecans,Alcoy,90,2868,110000,WestJet,2025-11-15,2025-11-16,{},
149237,,,,,Disponible,0,paaral909@viajes.cl,Valdemoro,Reus,7,634,147000,Trenitalia,2026-05-11,2026-06-06,"{""Aire acondicionado"",""Asientos reclinables"",Calefacción,Baño}",
147521,,,,,Disponible,0,pamade476@viajes.cl,Elche,Coslada,63,548,160000,Japan Airlines,2025-02-01,2025-02-23,{},
101529,66602,2025-08-18,1324000,4,No disponible,1324,papaci882@viajes.cl,Dos Hermanas,Segovia,47,3085,331000,Frontier Airlines,2026-02-22,2026-02-24,{},
132307,57970,2025-02-16,1350000,9,No disponible,1350,patricia8996692@viajes.cl,Calahorra,Palma de Mallorca,26,2021,150000,Qatar Airways,2025-07-21,2025-07-22,{},
140013,60999,2025-03-25,1295000,7,No disponible,1295,patricio7879257@viajes.cl,Gerona,Albacete,91,204,185000,Italo,2026-01-25,2026-01-25,{},
101295,59686,2025-03-23,805000,7,No disponible,805,pecacó921@viajes.cl,Orihuela,,70,946,115000,American Airlines,2025-07-25,2025-07-25,{},
85909,66346,2025-04-05,78000,2,No disponible,78,pedro5278659@viajes.cl,Valladolid,Avilés,7,134,39000,Southwest Airlines,2025-05-16,2025-05-16,{},
148331,,,,,Disponible,0,pivice769@viajes.cl,Rubí,Sabadell,84,3959,306000,Wizz Air,2026-06-04,2026-11-15,{},
86542,61411,2026-06-06,813000,3,No disponible,813,raacde153@viajes.cl,Ferrol,Sanlúcar de Barrameda,70,3104,271000,ZS (Eslovenia),2026-08-02,2026-08-04,"{""Asientos reclinables"",""Aire acondicionado"",Wifi,Baño,Agua,Comida}",
93490,64411,2025-05-08,1840000,10,No disponible,1840,rabéma434@viajes.cl,Salamanca,Marbella,61,2079,184000,Frontier Airlines,2025-06-11,2025-06-12,{},
147983,,,,,Disponible,0,ramiro8561965@viajes.cl,Gecho,Majadahonda,37,2848,126000,Air Canada,2025-10-24,2026-02-19,{},
118929,60427,2026-01-10,936000,6,No disponible,936,ramona8318679@viajes.cl,Albacete,Hospitalet de LLobregat,7,1688,156000,VRZ (Croacia),2026-10-11,2026-10-12,"{Wifi,TV,Baño,Agua}",
149946,,,,,Disponible,0,rapéal949@viajes.cl,San Fernando,,18,2671,178000,NS International,2026-04-23,2026-08-12,"{Wifi,""Asientos reclinables"",""Aire acondicionado"",Calefacción,TV}",
148487,,,,,Disponible,0,raviga372@viajes.cl,Huelva,Torremolinos,50,3650,319000,Japan Airlines,2025-08-02,2026-01-01,{},
107598,63483,2025-05-27,618000,6,No disponible,618,raágoc944@viajes.cl,Molina de Segura,Alcalá de Henares,26,3410,103000,ÖBB (Austria),2025-09-22,2025-09-24,"{Comida,Calefacción,""Asientos reclinables"",""Aire acondicionado"",Baño,Agua}",
91575,57324,2025-03-29,3872000,8,No disponible,3872,raúl2235183@viajes.cl,Ceuta,Tarrasa,94,4052,484000,CP (Portugal),2025-04-01,2025-04-03,"{Wifi,Baño,Comida,""Asientos reclinables"",Calefacción,""Aire acondicionado"",Agua}",
147153,,,,,Disponible,0,reciso597@viajes.cl,Talavera de la Reina,Rubí,40,2559,218000,Avianca,2025-01-22,2025-05-08,{},
97583,58937,2026-01-30,2988000,6,No disponible,2988,redeto680@viajes.cl,Calahorra,Chiclana de la Frontera,33,4061,498000,ZSSK (Eslovaquia),2026-05-16,2026-05-18,"{""Asientos reclinables"",Agua,""Aire acondicionado"",Baño,TV,Wifi,Calefacción}",
109074,55870,2025-02-05,2358000,9,No disponible,2358,reina5836237@viajes.cl,Albacete,Benidorm,50,2982,262000,United Airlines,2025-07-12,,{},
148551,,,,,Disponible,0,ricardo3973419@viajes.cl,Las Palmas de Gran Canaria,Alcalá de Henares,42,2718,233000,,2026-05-27,2026-09-17,{},
148464,,,,,Disponible,0,ricardo4847308@viajes.cl,Ponferrada,San Sebastían de los Reyes,3,1396,135000,British Airways,2026-05-31,2026-07-28,{},
83735,64515,2025-03-17,231000,3,No disponible,231,rizúca865@viajes.cl,Chiclana de la Frontera,Reus,60,1273,77000,ŽFBH (Bosnia y Herzegovina),2025-05-14,2025-05-14,"{Wifi,Agua,TV}",
87928,57281,2025-09-09,202000,2,No disponible,202,rodrigo4341380@viajes.cl,Barcelona,La Línea de la Concepción,,1476,101000,CP (Portugal),2026-07-22,2026-07-23,"{Wifi,""Aire acondicionado"",""Asientos reclinables"",Agua}",
134546,59264,2025-01-02,130000,1,No disponible,130,sagrca240@viajes.cl,Palma de Mallorca,Telde,94,1074,130000,Amtrak,2025-01-31,2025-01-31,"{Calefacción,""Aire acondicionado"",Comida}",
89394,61974,2025-02-02,184000,8,No disponible,184,samuel7438504@viajes.cl,,Zamora,82,658,23000,Avianca,2025-10-14,2025-10-14,{},
112151,65351,2025-01-02,2110000,10,No disponible,2110,samuel9126473@viajes.cl,Inca,Lugo,64,2743,211000,Air Canada,2025-01-03,2025-01-04,{},
116355,60056,2025-01-25,2970000,6,No disponible,2970,santiago5940278@viajes.cl,Sanlúcar de Barrameda,La Coruña,78,4095,495000,Frontier Airlines,2025-03-29,2025-03-31,{},
147646,,,,,Disponible,0,santiago9579341@viajes.cl,Santa Coloma de Gramanet,,33,1302,120000,Copa Airlines,2025-11-20,2026-01-13,{},
141720,62563,2025-09-30,624000,4,No disponible,624,sasegr729@viajes.cl,Pamplona,San Sebastián,88,1507,156000,Japan Airlines,2025-10-10,2025-10-11,{},
147309,,,,,Disponible,0,sergio8830950@viajes.cl,,Cartagena,82,1326,111000,EasyJet,2025-09-16,2025-11-10,{},
148594,,,,,Disponible,0,sonia3028381@viajes.cl,Collado Villalba,Jaén,,3584,192000,Air New Zealand,2026-01-30,2026-06-28,{},
118636,57315,2025-06-10,149000,1,No disponible,149,sonia8445310@viajes.cl,Roquetas de Mar,Torremolinos,5,782,149000,ÖBB (Austria),2026-11-28,2026-11-28,"{Wifi,Calefacción,Comida}",
116912,65352,2025-01-01,399000,1,No disponible,399,sr.1328517@viajes.cl,Santiago de Compostela,Ceuta,15,3872,399000,AVE,2025-06-27,2025-06-29,"{Agua,TV,Calefacción,""Aire acondicionado"",Baño,""Asientos reclinables"",Wifi}",
110467,65705,2025-04-07,592000,8,No disponible,592,sr.1944583@viajes.cl,Almería,Irún,50,1398,74000,NS International,2025-08-23,2025-08-23,"{Agua,Baño,Calefacción}",
104957,56221,2025-12-24,730000,5,No disponible,730,sr.2984528@viajes.cl,Tarrasa,Almería,,1577,146000,Air New Zealand,2026-07-15,2026-07-16,{},
107747,66441,2025-04-01,3090000,10,No disponible,3090,sr.5449968@viajes.cl,Vitoria,Badajoz,89,3259,309000,NSB (Noruega),2025-04-03,,"{Baño,""Asientos reclinables"",Agua,TV,""Aire acondicionado"",Comida}",
96175,64365,2025-01-02,730000,5,No disponible,730,sr.6552793@viajes.cl,Arrecife,Almería,49,1587,146000,Air France,2025-03-05,2025-03-06,{},
136783,57903,2025-03-09,987000,7,No disponible,987,sr.7155697@viajes.cl,Alcorcón,Murcia,31,857,141000,,2025-05-11,2025-05-11,"{Calefacción,""Asientos reclinables"",Wifi}",
127594,65331,2025-02-03,2190000,10,No disponible,2190,sr.7819604@viajes.cl,Jerez de la Frontera,Tarrasa,73,3474,219000,DSB (Dinamarca),2026-07-17,2026-07-19,"{""Aire acondicionado"",TV,Comida,Wifi,Baño,Agua}",
147560,,,,,Disponible,0,sr.8238424@viajes.cl,Burgos,Santa Coloma de Gramanet,29,907,135000,Alaska Airlines,2025-11-05,,{},
123541,57404,2025-05-01,1025000,5,No disponible,1025,sr.9584607@viajes.cl,Arrecife,Sabadell,66,2847,205000,ŽFBH (Bosnia y Herzegovina),2025-05-14,2025-05-15,"{TV,Wifi,Baño,Comida,Agua}",
134314,60127,2025-01-11,600000,6,No disponible,600,sra.206109@viajes.cl,Benalmádena,Jaén,82,1900,100000,Air New Zealand,2025-01-24,2025-01-25,{},
88606,59186,2025-03-05,2190000,10,No disponible,2190,sra.3003957@viajes.cl,Lorca,Getafe,69,2469,219000,DSB (Dinamarca),2025-09-02,2025-09-03,"{Comida,""Aire acondicionado"",TV,Agua,Calefacción}",
93155,65532,2025-03-25,942000,3,No disponible,942,sra.3036357@viajes.cl,Motril,Cáceres,37,3092,314000,Nederlandse Sp,2025-07-04,2025-07-06,"{Comida,Agua,Wifi,Baño,TV,""Aire acondicionado""}",
99189,55842,2025-01-25,1368000,8,No disponible,1368,sra.4101767@viajes.cl,Barcelona,Valencia,48,4138,171000,RZD (Rusia),2025-05-08,2025-05-10,"{""Aire acondicionado"",""Asientos reclinables"",Comida,Agua,Baño,Wifi,TV}",
106545,64757,2025-03-09,1337000,7,No disponible,1337,sra.5975480@viajes.cl,Lérida,Motril,90,2515,191000,Qatar Airways,2026-01-24,2026-01-25,{},
113348,64640,2025-01-06,595000,7,No disponible,595,sra.6306248@viajes.cl,Ciudad Real,Estepona,13,1345,85000,RZD (Rusia),2025-01-29,2025-01-29,"{Baño,Agua,""Aire acondicionado""}",
84326,57265,2025-02-14,444000,3,No disponible,444,sra.7988218@viajes.cl,Vigo,Las Palmas de Gran Canaria,37,861,148000,Ethiopian Airlines,2025-09-11,2025-09-11,{},
147703,,,,,Disponible,0,sra.9139309@viajes.cl,Gijón,Valencia,34,434,133000,KLM,2026-08-26,2026-09-13,{},
149127,,,,,Disponible,0,srcegasá733@viajes.cl,Vigo,Irún,20,4231,396000,DSB (Dinamarca),2025-09-15,2026-03-10,,
96802,60032,2025-01-27,1494000,9,No disponible,1494,srcotepe595@viajes.cl,Puertollano,Cerdañola del Vallés,82,452,166000,SNCB (Bélgica),2025-03-08,2025-03-08,{},
108456,61189,2025-05-15,2720000,8,No disponible,2720,srelabor385@viajes.cl,Coslada,Alcobendas,25,3848,340000,Italo,2026-06-04,2026-06-06,"{""Aire acondicionado"",""Asientos reclinables"",Agua,Wifi,Calefacción,Comida,Baño}",
82301,55762,2025-03-07,2268000,9,No disponible,2268,srjepeur438@viajes.cl,Pozuelo de Alarcón,Motril,,3930,252000,Japan Airlines,2026-06-04,2026-06-06,,
139628,60433,2025-03-18,152000,2,No disponible,152,srjoeság861@viajes.cl,Zamora,Bilbao,96,150,76000,,2026-06-10,2026-06-10,{},
122740,58411,2026-05-13,380000,2,No disponible,380,srlusape355@viajes.cl,Chiclana de la Frontera,Viladecans,77,2628,190000,AVE,2026-11-05,2026-11-06,"{""Aire acondicionado"",Agua,Calefacción,Comida,Wifi}",
149282,,,,,Disponible,0,srmarete198@viajes.cl,Reus,San Fernando,59,3071,393000,ZS (Eslovenia),2026-08-07,2026-12-12,"{Comida,""Asientos reclinables"",Calefacción,TV,Wifi,Agua}",
149994,,,,,Disponible,0,srmavime606@viajes.cl,Mérida,Chiclana de la Frontera,55,3258,186000,CP (Portugal),2025-08-04,2025-12-17,"{Baño,Wifi,""Aire acondicionado"",Calefacción,Agua,TV}",
138332,60680,2025-05-06,3420000,10,No disponible,3420,sroccoma170@viajes.cl,Fuenlabrada,Ceuta,51,3235,342000,All Nippon Airways (ANA),2025-07-17,2025-07-19,{},
147459,,,,,Disponible,0,srregosá868@viajes.cl,,Badajoz,33,4202,269000,Vueling,2025-10-29,2026-04-22,{},
127294,57851,2026-03-19,1050000,6,No disponible,1050,srribaro313@viajes.cl,San Sebastián,Pozuelo de Alarcón,92,2497,175000,Wizz Air,2026-09-21,2026-09-22,{},
89483,62903,2025-08-08,1068000,4,No disponible,1068,srroarcu667@viajes.cl,Tarrasa,Orihuela,8,2599,267000,United Airlines,2026-01-10,2026-01-11,{},
127198,65781,2025-06-30,375000,5,No disponible,375,srsazamo562@viajes.cl,Madrid,Lérida,65,1029,75000,Turkish Airlines,2025-07-29,2025-07-29,{},
131886,63648,2025-02-09,540000,10,No disponible,540,srsolláv959@viajes.cl,Móstoles,Collado Villalba,56,1681,54000,Renfe,2025-10-06,2025-10-07,"{Wifi,""Aire acondicionado"",Agua,Calefacción}",
104949,56221,2025-10-24,880000,5,No disponible,880,sránocza476@viajes.cl,Cuenta,Tarrasa,80,1684,176000,KLM,2026-07-07,2026-07-08,{},
100659,62011,2025-12-25,645000,3,No disponible,645,sta.1662174@viajes.cl,Santander,Majadahonda,22,2432,215000,ZSSK (Eslovaquia),2026-07-22,2026-07-23,"{Baño,Calefacción,Wifi,Agua,""Asientos reclinables""}",
146972,,,,,Disponible,0,sta.3999824@viajes.cl,Gerona,Lérida,72,3140,148000,Copa Airlines,2026-04-14,2026-08-22,{},
148472,,,,,Disponible,0,sta.4185906@viajes.cl,Huelva,Majadahonda,40,3655,186000,Turkish Airlines,2026-07-17,2026-12-16,{},
147100,,,,,Disponible,0,sta.4768264@viajes.cl,Huelva,Linares,88,322,103000,KLM,2025-03-26,2025-04-08,,
137642,65403,2025-06-18,333000,3,No disponible,333,sta.6665708@viajes.cl,Córdoba,Barcelona,83,742,111000,American Airlines,2025-12-22,2025-12-22,{},
147937,,,,,Disponible,0,sta.6684379@viajes.cl,Puertollano,Reus,60,1129,60000,LATAM Airlines,2026-11-11,2026-12-28,{},
109343,58518,2025-01-02,416000,8,No disponible,416,sta.6977909@viajes.cl,Manresa,Puertollano,46,553,52000,Amtrak,2025-01-06,2025-01-06,{},
118298,59475,2025-03-13,1400000,8,No disponible,1400,sta.7893328@viajes.cl,La Línea de la Concepción,Pamplona,41,703,175000,Qantas,2025-03-16,2025-03-16,{},
83192,64368,2025-01-06,1935000,9,No disponible,1935,sta.8232485@viajes.cl,Albacete,Inca,60,2373,215000,Avianca,2025-01-08,2025-01-09,{},
149126,,,,,Disponible,0,starcalo784@viajes.cl,Las Palmas de Gran Canaria,Gijón,,4052,247000,SJ (Suecia),2025-12-17,2026-06-03,"{Comida,TV,Agua,""Aire acondicionado"",Baño,Calefacción,""Asientos reclinables""}",
131518,61592,2026-01-04,162000,9,No disponible,162,stgrvivi934@viajes.cl,Alcalá de Henares,La Línea de la Concepción,13,221,18000,Qantas,2026-04-26,2026-04-26,{},
99813,63999,2025-02-24,790000,10,No disponible,790,stjarabe770@viajes.cl,Santander,Benidorm,19,1400,79000,VR (Finlandia),2025-09-14,2025-09-14,"{Comida,Wifi,Calefacción}",
123735,57174,2025-12-27,1820000,7,No disponible,1820,stjucaga988@viajes.cl,Talavera de la Reina,Cáceres,76,2627,260000,Emirates,2026-01-11,2026-01-12,{},
148897,,,,,Disponible,0,stmaarsa493@viajes.cl,Estepona,Santander,90,1436,70000,Italo,2026-03-17,2026-05-15,"{Calefacción,Baño,TV}",
132026,61798,2026-04-22,540000,9,No disponible,540,stmapubé533@viajes.cl,Manresa,Pamplona,52,881,60000,Trenitalia,2026-09-10,2026-09-10,"{Baño,TV,Wifi}",
78501,57752,2025-01-25,2367000,9,No disponible,2367,stniniba272@viajes.cl,Santa Coloma de Gramanet,Las Palmas de Gran Canaria,43,3168,263000,ZS (Eslovenia),2025-05-16,2025-05-18,,
149431,,,,,Disponible,0,stroseal875@viajes.cl,San Sebastían de los Reyes,Ferrol,2,2387,250000,SBB (Suiza),2025-08-10,2025-11-17,"{Baño,""Asientos reclinables"",Agua,Calefacción,Wifi}",
98599,64276,2025-05-28,328000,2,No disponible,328,stsacemo586@viajes.cl,Roquetas de Mar,Parla,,1532,164000,,2026-01-01,,"{TV,Comida,""Aire acondicionado"",Baño}",
139830,57175,2025-01-11,62000,1,No disponible,62,stsiquho545@viajes.cl,Gandía,Benidorm,35,2576,62000,Condor Bus,2025-01-27,2025-01-28,"{""Asientos reclinables"",TV,Wifi}",
103077,58015,2025-03-31,890000,10,No disponible,890,suhemá328@viajes.cl,Collado Villalba,Alcoy,42,1827,89000,Eurostar,2025-10-16,2025-10-17,"{""Aire acondicionado"",""Asientos reclinables"",Wifi,Calefacción}",
110889,63333,2025-04-18,2360000,8,No disponible,2360,velimo426@viajes.cl,Torremolinos,Vigo,88,3867,295000,United Airlines,2026-07-19,2026-07-21,{},
100286,61770,2025-02-09,436000,4,No disponible,436,veorpa980@viajes.cl,Bilbao,Lugo,30,1419,109000,Alsa,2025-08-05,2025-08-05,,
115906,64869,2025-01-03,405000,3,No disponible,405,verónica1481805@viajes.cl,,Lugo,10,2822,135000,Trenitalia,2026-07-27,2026-07-28,"{""Asientos reclinables"",Comida,Wifi,Agua,Calefacción}",
149502,,,,,Disponible,0,viresa520@viajes.cl,Vitoria,Marbella,80,1648,94000,Eurostar,2025-03-27,2025-06-03,"{TV,Baño,Wifi,Comida}",
150072,,,,,Disponible,0,virginia9404929@viajes.cl,Benidorm,Estepona,66,3812,334000,CFR (Rumania),2026-10-12,2027-03-19,,
149214,,,,,Disponible,0,vivemo487@viajes.cl,Telde,Cartagena,50,3105,114000,ŽFBH (Bosnia y Herzegovina),2025-02-04,2025-06-13,"{Wifi,Comida,Agua,TV,Baño,""Asientos reclinables""}",
96126,66340,2025-07-21,1475000,5,No disponible,1475,yolanda4808953@viajes.cl,Zaragoza,,98,3197,295000,Copa Airlines,2026-02-22,2026-02-24,{},
149906,,,,,Disponible,0,Óscarlara210@viajes.cl,Vigo,Fuengirola,5,2525,115000,RZD (Rusia),2026-06-17,2026-09-30,"{Wifi,Comida,""Asientos reclinables"",Calefacción,Baño}",
149045,,,,,Disponible,0,óscar8305124@viajes.cl,Valdemoro,Elche,33,3270,382000,ZFBH (Bosnia y Herzegovina),2025-12-27,2026-05-12,,
108397,65111,2025-06-17,585000,9,No disponible,585,óscar9962637@viajes.cl,Lugo,Paterna,7,1234,65000,Emirates,2025-08-01,2025-08-01,{},
129022,60252,2025-07-14,325000,5,No disponible,325,ósheza630@viajes.cl,Bilbao,Gijón,60,1975,65000,Italo,2025-10-28,2025-10-29,"{""Asientos reclinables"",""Aire acondicionado"",TV,Agua}",
98898,61149,2025-03-31,1690000,5,No disponible,1690,Adrianaarevalo161@viajes.cl,La Coruña,Lugo,35,3769,338000,ŽFBH (Bosnia y Herzegovina),2025-08-27,2025-08-29,"{""Aire acondicionado"",TV,Agua,Comida,Wifi,Calefacción,""Asientos reclinables""}",
147101,,,,,Disponible,0,Albertocarranza913@viajes.cl,,Sanlúcar de Barrameda,59,2078,148000,KLM,2025-02-26,,{},
82168,65059,2026-01-13,1180000,10,No disponible,1180,Albertoosorio573@viajes.cl,Inca,Almería,39,1515,118000,Omnibus de México,2026-02-28,2026-03-01,"{""Aire acondicionado"",Baño,Wifi}",
84396,61486,2025-05-28,304000,8,No disponible,304,Alejandraleyva742@viajes.cl,Puertollano,La Línea de la Concepción,43,152,38000,Socibus,2025-07-29,2025-07-29,"{Calefacción,""Asientos reclinables"",""Aire acondicionado""}",
81239,61734,2025-07-17,1010000,5,No disponible,1010,Alfredobenavídez720@viajes.cl,Arrecife,Orihuela,18,2647,202000,Thalys,2025-08-27,2025-08-28,"{Agua,Wifi,""Asientos reclinables"",Calefacción,Baño}",
112707,61370,2026-08-17,316000,2,No disponible,316,Amaliaadame525@viajes.cl,Roquetas de Mar,,19,2821,158000,HŽ (Croacia),2026-09-10,,"{Baño,""Asientos reclinables"",Calefacción,Comida,Wifi}",
111942,59801,2025-08-13,192000,3,No disponible,192,Amaliagálvez582@viajes.cl,Albacete,Castellón de la Plana,18,1813,64000,Copa Airlines,2026-08-20,2026-08-21,{},
147043,,,,,Disponible,0,Arturosalas423@viajes.cl,Algeciras,Jerez de la Frontera,,3333,275000,Ryanair,2025-03-12,2025-07-28,{},
144936,,,,,Disponible,0,Benjamínloya261@viajes.cl,San Cristróbal de la Laguna,Gandía,39,3298,120000,BoltBus,2026-04-30,,"{""Asientos reclinables"",Wifi,""Aire acondicionado""}",
142011,64267,2025-01-15,588000,7,No disponible,588,Carlavega155@viajes.cl,Tarrasa,Mérida,49,785,84000,ÖBB (Austria),2025-02-23,2025-02-23,"{Wifi,TV,Calefacción}",
117278,59333,2025-08-07,160000,5,No disponible,160,Carlosgollum406@viajes.cl,Fuengirola,Zamora,26,535,32000,NS International,2026-02-06,,{},
135421,64852,2025-05-26,450000,6,No disponible,450,Carloshurtado807@viajes.cl,Móstoles,Majadahonda,32,1223,75000,NS International,2025-07-19,2025-07-19,"{Comida,Baño,""Aire acondicionado""}",
129517,57091,2025-05-24,1030000,5,No disponible,1030,Carlosloera513@viajes.cl,Parla,Leganés,23,2803,206000,Ryanair,2026-08-03,2026-08-04,,
103821,59201,2025-03-30,1768000,8,No disponible,1768,Clarasalas217@viajes.cl,Santa Lucía de Tirajana,,80,2803,221000,Renfe,2025-07-15,2025-07-16,"{""Aire acondicionado"",Calefacción,TV,Agua,Comida}",
148652,,,,,Disponible,0,Clarasaldaña655@viajes.cl,Cerdañola del Vallés,Telde,62,1724,134000,MÁV (Hungría),2026-11-08,2027-01-18,"{""Aire acondicionado"",Comida,Agua,Baño}",
118282,61592,2025-05-12,1544000,8,No disponible,1544,Cristinadelatorre259@viajes.cl,Murcia,Baracaldo,21,2816,193000,Turkish Airlines,2026-07-23,2026-07-24,{},
130966,61660,2025-09-14,450000,3,No disponible,450,Cristinagarza954@viajes.cl,Viladecans,Ceuta,61,887,150000,Vueling,2026-11-30,2026-11-30,{},
82357,61777,2025-05-02,830000,5,No disponible,830,Césarcarranza981@viajes.cl,Viladecans,Badajoz,65,2292,166000,TGV (SNCF),2025-11-29,2025-11-30,"{Calefacción,""Aire acondicionado"",Baño,Comida,TV}",
90412,58814,2025-01-02,522000,6,No disponible,522,Danielpáez646@viajes.cl,Gijón,Granada,3,192,87000,ŽFBH (Bosnia y Herzegovina),2026-02-21,2026-02-21,{},
111381,60214,2025-03-13,1296000,9,No disponible,1296,Doloreslucio682@viajes.cl,La Línea de la Concepción,Castellón de la Plana,83,1171,144000,,2025-12-27,2025-12-27,{},
149010,,,,,Disponible,0,Déboralimón727@viajes.cl,,Tarragona,2,3926,415000,HŽ (Croacia),2026-10-08,2027-03-20,"{Agua,""Asientos reclinables"",""Aire acondicionado"",Wifi,TV,Comida,Baño}",
123189,62566,2025-09-08,1088000,8,No disponible,1088,Elsavillalpando941@viajes.cl,Paterna,Ferrol,22,1621,136000,CFR (Rumania),2026-06-24,2026-06-25,,
131679,63094,2025-03-12,1224000,8,No disponible,1224,Elvirajaimes547@viajes.cl,Vitoria,Sabadell,27,719,153000,Turkish Airlines,2025-06-28,2025-06-28,{},
114960,61536,2025-03-26,405000,1,No disponible,405,Emiliabermúdez819@viajes.cl,Santa Coloma de Gramanet,Molina de Segura,75,4277,405000,,2025-05-02,2025-05-04,{},
148598,,,,,Disponible,0,Emiliotijerina676@viajes.cl,Cartagena,Talavera de la Reina,65,4158,432000,Japan Airlines,2026-09-08,2027-02-28,{},
83944,59252,2025-09-13,732000,4,No disponible,732,Enriqueochoa292@viajes.cl,Rubí,Málaga,17,2568,183000,NSB (Noruega),2026-05-21,2026-05-22,"{TV,Agua,""Asientos reclinables"",""Aire acondicionado"",Calefacción}",
132691,57698,2025-10-13,1876000,7,No disponible,1876,Enriquetamez108@viajes.cl,Gecho,Palencia,90,3871,268000,,2026-06-18,2026-06-20,"{Agua,""Aire acondicionado"",""Asientos reclinables"",Calefacción,Comida,Baño,TV}",
104701,59672,2025-02-08,1592000,8,No disponible,1592,Ernestocerda293@viajes.cl,Fuengirola,Palma de Mallorca,41,504,199000,,2025-02-11,2025-02-11,{},
100182,62819,2025-12-03,219000,3,No disponible,219,Esperanzacandelaria990@viajes.cl,La Línea de la Concepción,San Sebastián,50,3377,73000,Andesmar,2026-03-19,2026-03-21,,
130436,55581,2025-12-13,285000,3,No disponible,285,Estebanelizondo783@viajes.cl,Lérida,Málaga,47,3736,95000,Plusmar,2026-11-18,2026-11-20,"{Wifi,TV,""Asientos reclinables""}",
88038,65690,2025-06-21,513000,9,No disponible,513,Fernandodelao340@viajes.cl,Ponferrada,Alcoy,92,600,57000,CP (Portugal),2025-12-08,2025-12-08,{},
114651,64183,2025-01-16,2196000,9,No disponible,2196,Franciscogranado910@viajes.cl,Guadalajara,Toledo,70,2449,244000,NS International,2025-03-23,2025-03-24,"{Agua,""Aire acondicionado"",Baño,TV,Calefacción}",
87621,60035,2026-03-11,1305000,5,No disponible,1305,Franciscojesús882@viajes.cl,Badalona,Santiago de Compostela,28,2444,261000,Vueling,2026-10-10,2026-10-11,{},
149607,,,,,Disponible,0,Tomásvilla256@viajes.cl,Hospitalet de LLobregat,Ávila,67,152,82000,SBB (Suiza),2025-08-20,2025-08-26,"{""Asientos reclinables"",Comida,Calefacción}",
90184,57473,2025-12-28,556000,4,No disponible,556,Gilbertoayala702@viajes.cl,Segovia,Mataró,71,3208,139000,Deutsche Bahn (DB),2026-09-07,2026-09-09,"{TV,Calefacción,""Asientos reclinables"",Agua,Comida,Baño}",
126996,64101,2025-10-11,360000,8,No disponible,360,Gilbertosoria980@viajes.cl,Valdemoro,Torrevieja,78,177,45000,Emirates,2026-01-17,2026-01-17,{},
135993,56906,2025-05-11,2232000,6,No disponible,2232,Gilbertoverduzco611@viajes.cl,Vitoria,Ceuta,77,3925,372000,ZSSK (Eslovaquia),2026-08-31,2026-09-02,"{Agua,Baño,Comida,TV,Wifi,""Asientos reclinables"",""Aire acondicionado""}",
143206,63376,2025-04-22,2800000,10,No disponible,2800,Horacioaparicio754@viajes.cl,Salamanca,Reus,34,4068,280000,EasyJet,2025-05-24,2025-05-26,{},
149739,,,,,Disponible,0,Ignacioordóñez826@viajes.cl,Logroño,Salamanca,61,2876,140000,Eurostar,2026-09-04,2027-01-01,"{Wifi,Calefacción,Baño,Agua,""Aire acondicionado""}",
148854,,,,,Disponible,0,Ignaciopreciado651@viajes.cl,Alcalá de Henares,,18,3163,316000,,2025-01-05,2025-05-16,"{Agua,Baño,TV,Wifi,Calefacción,Comida}",
125480,66465,2025-04-03,2338000,7,No disponible,2338,Inésmejía800@viajes.cl,Salamanca,Tarragona,64,3118,334000,CFR (Rumania),2025-04-29,2025-05-01,"{TV,Baño,Agua,""Asientos reclinables"",Wifi,Calefacción}",
84530,59697,2026-03-18,906000,6,No disponible,906,Isabelabarrera904@viajes.cl,Badalona,Badalona,5,3352,151000,SNCB (Bélgica),2026-08-30,,"{Comida,""Asientos reclinables"",""Aire acondicionado"",Wifi,Agua,TV}",
123892,59988,2025-01-11,208000,2,No disponible,208,Jacobobueno267@viajes.cl,Calahorra,Santa Lucía de Tirajana,8,3119,104000,,2025-03-04,2025-03-06,{},
121599,62374,2025-02-27,445000,5,No disponible,445,Jacobotrejo682@viajes.cl,Toledo,Tarragona,65,215,89000,,2025-03-04,2025-03-04,{},
103454,57347,2025-08-12,354000,3,No disponible,354,Jorgearmenta382@viajes.cl,Fuenlabrada,Reus,84,587,118000,Singapore Airlines,2025-10-02,2025-10-02,{},
88826,65558,2025-07-04,833000,7,No disponible,833,Jorgecano411@viajes.cl,Estepona,Santa Cruz de Tenerife,90,2504,119000,AVE,2026-01-18,2026-01-19,"{""Asientos reclinables"",Wifi,Calefacción,Agua,TV}",
108252,60184,2025-04-19,3420000,9,No disponible,3420,Jorgesedillo847@viajes.cl,La Coruña,Marbella,22,3505,380000,CD (República Checa),2026-03-06,2026-03-08,"{Comida,""Aire acondicionado"",TV,Agua,Calefacción,Wifi}",
131746,62453,2025-09-14,2470000,10,No disponible,2470,Joséalonso117@viajes.cl,Gandía,Palma de Mallorca,52,3092,247000,British Airways,2025-11-08,2025-11-10,{},
143850,65990,2025-01-01,2672000,8,No disponible,2672,Joségallardo746@viajes.cl,Badajoz,Manresa,71,4039,334000,CD (República Checa),2025-01-04,2025-01-06,,
89850,56952,2025-04-11,365000,5,No disponible,365,Leticiaperalta553@viajes.cl,Ferrol,Alcobendas,74,1472,73000,Delta Air Lines,2025-07-30,2025-07-31,{},
127706,56043,2025-10-04,385000,5,No disponible,385,Lolacervántez866@viajes.cl,Manresa,La Coruña,21,2104,77000,DSB (Dinamarca),2026-04-28,2026-04-29,"{Comida,Calefacción,TV,""Aire acondicionado""}",
105199,60789,2025-11-15,1136000,4,No disponible,1136,Lorenzoadorno716@viajes.cl,Ferrol,,46,3726,284000,KLM,2026-01-16,2026-01-18,{},
148619,,,,,Disponible,0,Lorenzoechevarría718@viajes.cl,Reus,Valencia,53,999,125000,LATAM Airlines,2026-01-15,2026-02-25,{},
99409,56239,2025-09-27,276000,3,No disponible,276,Lucasleiva484@viajes.cl,Orihuela,,18,1519,92000,,2026-06-01,2026-06-02,"{Agua,TV,""Asientos reclinables"",Comida}",
87453,65518,2025-02-03,3030000,10,No disponible,3030,Lucasnazario473@viajes.cl,Ponferrada,Mollet del Vallés,50,3103,303000,ZS (Eslovenia),2025-08-19,2025-08-21,"{Baño,Wifi,""Asientos reclinables"",TV,""Aire acondicionado"",Agua}",
149002,,,,,Disponible,0,Lucastrejo703@viajes.cl,Málaga,San Fernando,19,424,89000,SBB (Suiza),2026-05-26,2026-06-12,"{Baño,Comida,""Aire acondicionado"",Wifi,Agua,""Asientos reclinables""}",
109375,57017,2026-03-30,280000,2,No disponible,280,Luisorellana841@viajes.cl,Vigo,Roquetas de Mar,96,2459,140000,Delta Air Lines,2026-11-14,2026-11-15,{},
140461,61690,2025-05-28,1393000,7,No disponible,1393,Luisvera478@viajes.cl,Arrecife,Leganés,1,344,199000,CD (República Checa),2025-09-02,2025-09-02,{},
79973,65502,2025-05-09,1030000,10,No disponible,1030,Marcosmadera742@viajes.cl,Leganés,Benalmádena,93,2283,103000,Amtrak,2026-08-15,2026-08-16,"{""Asientos reclinables"",Comida,Baño,Wifi,Calefacción}",
147041,,,,,Disponible,0,Margaritabadillo820@viajes.cl,Dos Hermanas,Guadalajara,46,2958,217000,Southwest Airlines,2026-08-06,2026-12-07,{},
110238,64920,2026-01-16,153000,1,No disponible,153,Marianozelaya465@viajes.cl,Zamora,,7,425,153000,Nederlandse Sp,2026-04-10,2026-04-10,{},
149258,,,,,Disponible,0,Mariluarmenta694@viajes.cl,San Fernando,Torrevieja,,701,112000,Deutsche Bahn (DB),2026-04-15,2026-05-14,"{Comida,Calefacción,TV,""Asientos reclinables"",""Aire acondicionado"",Wifi,Baño}",
148961,,,,,Disponible,0,Marilucarvajal616@viajes.cl,Benalmádena,,67,146,8000,Nederlandse Sp,2026-03-25,2026-03-31,"{Comida,Baño,Wifi,""Asientos reclinables"",""Aire acondicionado""}",
132761,65567,2025-01-02,822000,2,No disponible,822,Mariluvaldez369@viajes.cl,Jerez de la Frontera,La Coruña,85,4224,411000,AVE,2025-01-29,2025-01-31,"{Wifi,Calefacción,Agua,Baño,Comida,""Asientos reclinables"",TV}",
113812,65696,2025-09-04,903000,7,No disponible,903,Marisolmonroy204@viajes.cl,La Coruña,Tarragona,32,2709,129000,Damas,2025-12-08,2025-12-09,,
148371,,,,,Disponible,0,Maríacastro464@viajes.cl,Torrejón de Ardoz,Logroño,94,2769,208000,Wizz Air,2025-08-08,2025-12-01,{},
149215,,,,,Disponible,0,Maríachacón705@viajes.cl,Santiago de Compostela,Ponferrada,42,3385,398000,CP (Portugal),2025-06-26,2025-11-14,"{""Aire acondicionado"",""Asientos reclinables"",Baño,Wifi,Calefacción,Comida}",
84266,61660,2025-01-06,960000,10,No disponible,960,Maríacrespo351@viajes.cl,Baracaldo,El Prat de LLobregat,50,1950,96000,Delta Air Lines,2025-03-01,2025-03-02,{},
88336,65278,2025-02-21,740000,10,No disponible,740,Maríafeliciano394@viajes.cl,El Ejido,Viladecans,18,561,74000,Ethiopian Airlines,2025-11-12,2025-11-12,{},
106477,66082,2025-01-27,798000,7,No disponible,798,Maríalaureano486@viajes.cl,Valladolid,Paterna,62,1441,114000,SNCB (Bélgica),2025-12-03,2025-12-04,"{""Asientos reclinables"",Wifi,Comida,Baño}",
147007,,,,,Disponible,0,Maríameza143@viajes.cl,Granollers,Cerdañola del Vallés,21,2821,92000,Wizz Air,2025-07-18,2025-11-12,{},
148009,,,,,Disponible,0,Maríarodarte813@viajes.cl,Arrecife,Santiago de Compostela,84,1435,31000,Etihad Airways,2025-09-09,2025-11-07,{},
141207,56413,2025-04-19,1305000,9,No disponible,1305,Maríavalladares172@viajes.cl,Huelva,Granollers,47,521,145000,Omnibus de México,2025-08-12,2025-08-12,"{Comida,Wifi,Agua}",
107212,58557,2025-02-17,462000,3,No disponible,462,Mercedesalaniz750@viajes.cl,La Línea de la Concepción,Cuenta,32,2967,154000,Damas,2025-02-23,2025-02-25,"{""Asientos reclinables"",Wifi,TV}",
90951,61197,2025-05-18,2500000,10,No disponible,2500,Miguelaraña665@viajes.cl,Mijas,Alcalá de Guadaira,24,3033,250000,Aeroméxico,2025-06-09,2025-06-11,{},
138007,66571,2026-02-14,464000,8,No disponible,464,Nicolásmorales493@viajes.cl,Palencia,Huelva,37,1723,58000,Vueling,2026-11-30,2026-12-01,{},
86115,62785,2025-01-12,4570000,10,No disponible,4570,Normaraya573@viajes.cl,Algeciras,León,11,4285,457000,Qatar Airways,2025-01-13,2025-01-15,{},
114473,58163,2025-07-14,38000,2,No disponible,38,Patriciahuerta665@viajes.cl,Sagunto,Alcorcón,54,227,19000,NSB (Noruega),2026-11-30,2026-11-30,{},
114250,57989,2025-03-23,144000,1,No disponible,144,Patricioestévez422@viajes.cl,Castellón de la Plana,Torrelavega,51,2106,144000,ZS (Eslovenia),2026-02-27,2026-02-28,"{""Aire acondicionado"",Calefacción,TV,""Asientos reclinables""}",
100232,56273,2025-01-22,522000,2,No disponible,522,Patriciomagaña183@viajes.cl,Torremolinos,Valdemoro,81,3637,261000,Amtrak,2025-03-02,2025-03-04,"{Calefacción,Wifi,Baño,""Asientos reclinables"",""Aire acondicionado"",Agua,Comida}",
149318,,,,,Disponible,0,Patricioolivera472@viajes.cl,Badalona,Cerdañola del Vallés,3,877,44000,Renfe,2026-06-02,2026-07-08,"{Baño,""Aire acondicionado"",Agua}",
116234,57997,2025-07-19,440000,5,No disponible,440,Ramirocontreras288@viajes.cl,Guadalajara,,5,1615,88000,Amtrak,2026-08-09,2026-08-10,"{""Asientos reclinables"",Baño,Comida,Calefacción}",
148962,,,,,Disponible,0,Ramonaacevedo828@viajes.cl,Castellón de la Plana,Pamplona,78,1799,130000,MÁV (Hungría),2026-05-14,2026-07-27,"{Comida,Calefacción,Baño,Agua}",
111234,63538,2026-01-17,704000,4,No disponible,704,Ramonaguzmán438@viajes.cl,Cáceres,Valdemoro,42,1821,176000,Singapore Airlines,2026-10-12,2026-10-13,{},
148265,,,,,Disponible,0,Ramonaleal263@viajes.cl,Valladolid,Leganés,95,1108,122000,Air Canada,2026-09-21,2026-11-06,{},
122229,58882,2025-04-03,126000,3,No disponible,126,Ramónjurado680@viajes.cl,Sanlúcar de Barrameda,Getafe,43,980,42000,DSB (Dinamarca),2026-02-12,2026-02-12,,
148416,,,,,Disponible,0,Raúlcabán208@viajes.cl,Toledo,Valencia,8,3511,150000,Alaska Airlines,2025-10-30,2026-03-25,{},
148316,,,,,Disponible,0,Raúlzayas172@viajes.cl,Avilés,Alcalá de Guadaira,31,2447,295000,Copa Airlines,2025-03-04,2025-06-13,{},
135162,64443,2025-02-02,1624000,8,No disponible,1624,Robertobarragán763@viajes.cl,Coslada,,73,4065,203000,SBB (Suiza),2025-03-31,2025-04-02,"{""Aire acondicionado"",Agua,Comida,TV,Baño,Wifi,""Asientos reclinables""}",
147465,,,,,Disponible,0,Rodrigoangulo949@viajes.cl,Tarragona,Burgos,16,1588,119000,Air France,2026-08-03,2026-10-08,{},
149599,,,,,Disponible,0,Rosaorosco800@viajes.cl,Collado Villalba,Arrecife,60,2094,133000,PKP (Polonia),2025-09-30,,"{Baño,Calefacción,""Asientos reclinables"",Comida}",
118602,60164,2025-02-09,948000,6,No disponible,948,Salvadorjesús766@viajes.cl,,El Puerto de Santa María,62,1947,158000,Aeroméxico,2026-07-10,2026-07-11,{},
147472,,,,,Disponible,0,Salvadorsisneros837@viajes.cl,Irún,Toledo,66,1027,118000,Lufthansa,2026-04-23,2026-06-04,{},
121001,64735,2026-01-07,609000,7,No disponible,609,Saraalarcón969@viajes.cl,Móstoles,Fuengirola,67,941,87000,Frontier Airlines,2026-03-02,2026-03-02,{},
134418,57072,2025-05-03,560000,10,No disponible,560,Soniaquintana185@viajes.cl,Ávila,Málaga,100,568,56000,Lufthansa,2026-06-22,2026-06-22,{},
148192,,,,,Disponible,0,Sr.armijo432@viajes.cl,Marbella,Ponferrada,48,3963,415000,Air Canada,2026-06-10,2026-11-22,{},
148780,,,,,Disponible,0,Sr.barela594@viajes.cl,Santa Cruz de Tenerife,Torrevieja,32,1808,97000,TGV (SNCF),2025-12-14,2026-02-27,"{Comida,TV,Agua,""Aire acondicionado""}",
95469,61163,2025-09-16,283000,1,No disponible,283,Sr.carrera886@viajes.cl,Gandía,Santiago de Compostela,100,2341,283000,BDZ (Bulgaria),2025-11-16,2025-11-17,"{""Aire acondicionado"",Baño,Calefacción,Agua,""Asientos reclinables""}",
128476,61632,2025-04-25,2352000,7,No disponible,2352,Sr.ceja795@viajes.cl,Gijón,Rivas-Vaciamadrid,13,4169,336000,DSB (Dinamarca),2025-09-27,2025-09-29,"{""Asientos reclinables"",Baño,TV,Agua,Comida,Wifi,Calefacción}",
130855,64418,2025-07-11,1872000,6,No disponible,1872,Sr.delacrúz661@viajes.cl,Alcorcón,Sagunto,63,2937,312000,Italo,2026-02-12,,"{Calefacción,Wifi,""Asientos reclinables"",Baño,Comida,TV}",
147019,,,,,Disponible,0,Sr.ochoa742@viajes.cl,Santa Cruz de Tenerife,Arrecife,59,2250,85000,Qantas,2026-06-11,2026-09-12,{},
104737,59573,2025-04-03,560000,8,No disponible,560,Sr.reynoso806@viajes.cl,Parla,León,9,1008,70000,Nederlandse Sp,2025-04-11,2025-04-11,,
81381,56166,2025-03-05,280000,5,No disponible,280,Sra.banda816@viajes.cl,Benalmádena,Córdoba,35,1203,56000,RZD (Rusia),2025-10-25,2025-10-25,"{""Aire acondicionado"",Baño,Agua}",
108037,56587,2025-02-13,412000,2,No disponible,412,Sra.carrera208@viajes.cl,Barcelona,Majadahonda,28,3297,206000,NSB (Noruega),2025-08-08,2025-08-10,"{TV,Wifi,Calefacción,Comida,""Asientos reclinables"",Agua}",
139863,63265,2025-06-21,1184000,8,No disponible,1184,Sra.girón712@viajes.cl,Gerona,El Ejido,57,3349,148000,Thalys,2026-08-18,2026-08-20,"{Agua,""Asientos reclinables"",Wifi,TV,""Aire acondicionado"",Baño}",
146953,,,,,Disponible,0,Sra.jaime757@viajes.cl,Tarragona,Majadahonda,73,1068,55000,All Nippon Airways (ANA),2025-06-08,2025-07-22,{},
136643,55803,2025-01-21,505000,5,No disponible,505,Sra.loera788@viajes.cl,Alcobendas,Cuenta,19,922,101000,JetBlue,2026-11-01,2026-11-01,{},
107487,64701,2025-05-26,384000,3,No disponible,384,Sra.madrigal710@viajes.cl,Logroño,Burgos,4,2107,128000,CFR (Rumania),2025-06-05,2025-06-06,"{Calefacción,""Asientos reclinables"",""Aire acondicionado"",Comida}",
148136,,,,,Disponible,0,Sra.nieto446@viajes.cl,Cerdañola del Vallés,Chiclana de la Frontera,72,3690,171000,Delta Air Lines,2026-04-05,2026-09-05,{},
145440,,,,,Disponible,0,Sra.toro255@viajes.cl,Fuenlabrada,Torrevieja,33,2001,75000,,2025-10-21,,"{Comida,TV,Calefacción}",
96690,61718,2025-10-05,1504000,8,No disponible,1504,Sra.zapata174@viajes.cl,Motril,Toledo,11,1484,188000,ŽFBH (Bosnia y Herzegovina),2026-02-15,2026-02-16,"{Wifi,Agua,""Asientos reclinables"",Baño}",
131691,63883,2025-02-04,988000,4,No disponible,988,Sta.abrego223@viajes.cl,Las Palmas de Gran Canaria,,76,3595,247000,BDZ (Bulgaria),2025-04-05,2025-04-07,"{""Aire acondicionado"",Calefacción,""Asientos reclinables"",Agua,Wifi,Comida}",
98421,60425,2026-10-23,1010000,10,No disponible,1010,Sta.bueno636@viajes.cl,Tarragona,Cornellá de Llobregat,74,3150,101000,ŽFBH (Bosnia y Herzegovina),2026-11-20,2026-11-22,"{Wifi,Calefacción,Agua,""Aire acondicionado"",Comida,""Asientos reclinables""}",
125376,62447,2025-06-20,297000,1,No disponible,297,Sta.dávila345@viajes.cl,Badalona,Murcia,6,2351,297000,DSB (Dinamarca),2026-01-08,2026-01-09,"{""Aire acondicionado"",Agua,""Asientos reclinables"",Baño,Wifi}",
148253,,,,,Disponible,0,Sta.figueroa949@viajes.cl,Lorca,Benalmádena,42,2681,145000,United Airlines,2026-01-18,2026-05-09,{},
146222,,,,,Disponible,0,Sta.lucero377@viajes.cl,Alcoy,Alcalá de Guadaira,41,4223,176000,Omnibus de México,2025-09-24,,"{Calefacción,Agua,TV}",
147079,,,,,Disponible,0,Sta.parra332@viajes.cl,Santiago de Compostela,Cádiz,89,4042,463000,Ethiopian Airlines,2026-08-29,2027-02-13,{},
148484,,,,,Disponible,0,Sta.rocha539@viajes.cl,Granada,Mijas,52,1893,191000,,2025-10-03,2025-12-20,{},
128597,64766,2025-11-27,1600000,8,No disponible,1600,Teodoropáez479@viajes.cl,Getafe,Cáceres,41,321,200000,Japan Airlines,2026-09-11,2026-09-11,{},
112567,63462,2025-07-04,428000,2,No disponible,428,Teresagálvez741@viajes.cl,Gandía,El Ejido,82,2636,214000,VRZ (Croacia),2025-10-02,,"{Calefacción,Comida,""Asientos reclinables"",TV,Baño}",
148354,,,,,Disponible,0,Timoteohernández141@viajes.cl,Almería,Tarragona,,2791,86000,Iberia,2026-01-26,2026-05-22,{},
127376,55759,2025-03-16,384000,4,No disponible,384,Tomásbarrios980@viajes.cl,Torrevieja,Oviedo,13,865,96000,,2025-04-23,2025-04-23,"{Agua,""Asientos reclinables"",Wifi}",
144591,63670,2025-06-23,1008000,9,No disponible,1008,Tomászambrano517@viajes.cl,Alcalá de Guadaira,Ciudad Real,,2370,112000,Aeroméxico,2025-12-26,2025-12-27,,
99210,63650,2025-01-05,137000,1,No disponible,137,Víctorcervantes761@viajes.cl,Madrid,Toledo,6,371,137000,Qatar Airways,2025-01-20,2025-01-20,{},
148630,,,,,Disponible,0,Víctorvillalpando416@viajes.cl,Pozuelo de Alarcón,Benidorm,43,273,30000,Renfe,2026-02-06,,"{Baño,Comida,Agua,""Aire acondicionado"",""Asientos reclinables""}",
119795,57315,2025-01-23,412000,2,No disponible,412,adruvé344@viajes.cl,Gandía,Cuenta,64,3446,206000,WestJet,2025-02-09,2025-02-11,{},
99400,65533,2025-03-16,2121000,7,No disponible,2121,adán3347212@viajes.cl,Barcelona,Talavera de la Reina,26,3344,303000,Qantas,2026-09-06,2026-09-08,{},
82034,66611,2025-04-29,984000,6,No disponible,984,adán6039173@viajes.cl,Zaragoza,Burgos,92,4230,164000,British Airways,2025-08-18,2025-08-20,{},
79306,66471,2025-04-27,3015000,9,No disponible,3015,agvaro886@viajes.cl,Puertollano,Badalona,4,3621,335000,ZFBH (Bosnia y Herzegovina),2026-09-01,2026-09-03,"{Comida,Calefacción,TV,Baño,Wifi,Agua,""Aire acondicionado""}",
136055,61420,2026-03-14,144000,3,No disponible,144,agvisa375@viajes.cl,La Coruña,,56,789,48000,United Airlines,2026-10-01,2026-10-01,{},
85566,55653,2025-05-01,420000,4,No disponible,420,alcegá275@viajes.cl,Oviedo,Torrejón de Ardoz,6,892,105000,,2025-05-05,2025-05-05,{},
137606,66597,2025-08-29,980000,5,No disponible,980,alejandro4663195@viajes.cl,Zamora,Estepona,18,353,196000,CFR (Rumania),2026-10-28,2026-10-28,{},
107450,59640,2026-08-08,384000,3,No disponible,384,alfredo5112229@viajes.cl,Majadahonda,Alcalá de Henares,78,2558,128000,Delta Air Lines,2026-09-11,2026-09-12,{},
114469,58163,2025-09-22,286000,2,No disponible,286,alicia3200638@viajes.cl,,Sagunto,91,1597,143000,BDZ (Bulgaria),2026-11-26,2026-11-27,"{Baño,Wifi,Comida,""Asientos reclinables""}",
130651,61651,2025-04-08,595000,5,No disponible,595,almohu846@viajes.cl,Ponferrada,Guadalajara,,2417,119000,ZSSK (Eslovaquia),2026-09-26,2026-09-27,"{Wifi,Agua,TV,Baño,Calefacción}",
138387,62236,2026-02-26,764000,4,No disponible,764,amalqu651@viajes.cl,Molina de Segura,Chiclana de la Frontera,76,1634,191000,VRZ (Croacia),2026-06-02,2026-06-03,"{Calefacción,Baño,Agua,TV}",
147106,,,,,Disponible,0,amapgu909@viajes.cl,Cuenta,Mérida,45,3898,213000,Wizz Air,2026-10-07,2027-03-18,{},
149273,,,,,Disponible,0,amceul498@viajes.cl,Mataró,Arrecife,2,1979,124000,CD (República Checa),2025-06-30,2025-09-20,"{""Asientos reclinables"",TV,Comida,Baño}",
123712,58991,2025-02-21,232000,1,No disponible,232,amgávi612@viajes.cl,Algeciras,Majadahonda,11,2601,232000,Lufthansa,2025-10-01,2025-10-02,{},
141330,65496,2025-01-04,149000,1,No disponible,149,ana4177960@viajes.cl,Jerez de la Frontera,León,41,317,149000,All Nippon Airways (ANA),2025-06-02,2025-06-02,{},
98768,60347,2026-05-10,1521000,9,No disponible,1521,ana6425378@viajes.cl,Mérida,Fuenlabrada,46,3225,169000,AVE,2026-06-18,2026-06-20,"{Baño,TV,""Aire acondicionado"",Calefacción,Comida,Agua}",
148287,,,,,Disponible,0,anlubahe592@viajes.cl,Talavera de la Reina,Cornellá de Llobregat,11,2716,291000,American Airlines,2026-06-02,2026-09-23,{},
122320,62812,2026-01-24,1620000,5,No disponible,1620,anlurura621@viajes.cl,Murcia,Pozuelo de Alarcón,,3224,324000,WestJet,2026-07-15,2026-07-17,{},
109998,59538,2025-03-23,370000,1,No disponible,370,anmaaydu522@viajes.cl,Chiclana de la Frontera,Elche,6,4300,370000,Delta Air Lines,2026-08-02,2026-08-04,{},
127345,58281,2025-03-16,1755000,9,No disponible,1755,anmave718@viajes.cl,Benidorm,Roquetas de Mar,39,1803,195000,Copa Airlines,2026-09-16,2026-09-17,{},
127949,58089,2026-04-28,1674000,9,No disponible,1674,anorpa297@viajes.cl,Badajoz,Talavera de la Reina,4,2647,186000,ZFBH (Bosnia y Herzegovina),2026-10-05,2026-10-06,"{Baño,TV,Agua,Wifi,Comida}",
78989,59953,2025-04-20,255000,3,No disponible,255,anpubl651@viajes.cl,Sevilla,Lugo,88,2791,85000,ŽSSK (Eslovaquia),2025-04-27,2025-04-28,"{Agua,Wifi,Baño,""Aire acondicionado"",Calefacción}",
126994,64101,2025-07-06,896000,8,No disponible,896,antonia4933537@viajes.cl,,Alcalá de Henares,99,1321,112000,Air France,2026-01-16,2026-01-16,{},
119229,59348,2025-09-05,432000,3,No disponible,432,antonio6276571@viajes.cl,Tarragona,La Coruña,62,534,144000,Amtrak,2026-01-07,2026-01-07,{},
114918,63366,2025-01-24,1057000,7,No disponible,1057,anzama631@viajes.cl,Dos Hermanas,Burgos,35,622,151000,BoltBus,2025-03-05,,"{Calefacción,Agua,TV}",
83773,56330,2026-03-12,400000,10,No disponible,400,arbagu510@viajes.cl,Ferrol,Cádiz,8,837,40000,Deutsche Bahn (DB),2026-04-19,2026-04-19,"{""Aire acondicionado"",Calefacción,Baño}",
140482,60305,2025-11-01,651000,7,No disponible,651,ariadna2726453@viajes.cl,Burgos,Irún,46,2904,93000,Turbus,2026-02-04,2026-02-06,"{Agua,Wifi,""Asientos reclinables""}",
147273,,,,,Disponible,0,arteal325@viajes.cl,Gecho,Puertollano,32,852,38000,Turkish Airlines,2026-08-28,2026-10-02,{},
139672,55601,2025-11-09,2919000,7,No disponible,2919,arturo3897713@viajes.cl,San Fernando,Ponferrada,62,4290,417000,NSB (Noruega),2026-02-23,2026-02-25,"{Baño,Calefacción,""Asientos reclinables"",Wifi,Comida,""Aire acondicionado"",Agua}",
103305,62338,2025-10-31,900000,6,No disponible,900,beatriz7735309@viajes.cl,Logroño,Avilés,83,806,150000,United Airlines,2026-11-15,2026-11-15,{},
149682,,,,,Disponible,0,bebofa924@viajes.cl,Fuenlabrada,Pontevedra,64,1104,126000,ŽSSK (Eslovaquia),2026-02-23,2026-04-10,"{Baño,""Asientos reclinables"",""Aire acondicionado""}",
148870,,,,,Disponible,0,bemoes831@viajes.cl,Hospitalet de LLobregat,El Puerto de Santa María,21,4070,300000,PKP (Polonia),2025-11-16,2026-05-04,"{""Aire acondicionado"",""Asientos reclinables"",Wifi,TV,Agua,Comida,Calefacción}",
150043,,,,,Disponible,0,blanca9904722@viajes.cl,Torremolinos,,91,251,69000,Deutsche Bahn (DB),2026-09-11,2026-09-21,"{TV,Agua,""Aire acondicionado"",Calefacción,Wifi,""Asientos reclinables"",Comida}",
104534,65217,2025-04-15,1164000,6,No disponible,1164,cagasa796@viajes.cl,Torrejón de Ardoz,Santa Cruz de Tenerife,,1534,194000,,2025-06-22,2025-06-23,"{Agua,Calefacción,Wifi,""Aire acondicionado""}",
124173,57691,2025-10-14,1480000,10,No disponible,1480,cahago710@viajes.cl,Ceuta,Orihuela,29,1627,148000,,2025-11-22,,{},
130445,60460,2025-09-18,1593000,9,No disponible,1593,carla8513259@viajes.cl,Rubí,Rivas-Vaciamadrid,58,3777,177000,SJ (Suecia),2025-11-01,2025-11-03,"{Agua,Calefacción,Comida,""Aire acondicionado"",Wifi,""Asientos reclinables"",Baño}",
136380,61337,2025-10-17,1062000,9,No disponible,1062,caulbe408@viajes.cl,El Ejido,Molina de Segura,14,737,118000,Deutsche Bahn (DB),2025-10-25,,"{TV,Baño,Wifi}",
103465,58679,2025-01-14,900000,5,No disponible,900,cazaba427@viajes.cl,Barcelona,Ávila,33,3541,180000,,2025-01-17,2025-01-19,"{Wifi,""Asientos reclinables"",""Aire acondicionado""}",
102856,61034,2025-04-23,99000,1,No disponible,99,clara2103611@viajes.cl,Motril,Badajoz,99,2659,99000,NS International,2025-05-05,2025-05-06,"{Wifi,TV,Baño,Comida,""Asientos reclinables""}",
130261,59529,2025-01-02,61000,1,No disponible,61,claudia8772514@viajes.cl,Cartagena,Viladecans,91,941,61000,Air New Zealand,2025-10-03,2025-10-03,{},
101849,65934,2025-02-05,426000,2,No disponible,426,claudio6619751@viajes.cl,Sevilla,Mijas,74,3911,213000,ŽFBH (Bosnia y Herzegovina),2025-11-10,2025-11-12,"{Agua,""Asientos reclinables"",Baño,Calefacción,Comida,""Aire acondicionado"",Wifi}",
148608,,,,,Disponible,0,lusana316@viajes.cl,Marbella,Cartagena,69,3631,181000,Emirates,2026-04-20,2026-09-18,{},
149807,,,,,Disponible,0,clcava986@viajes.cl,,Telde,97,238,77000,HŽ (Croacia),2026-08-27,2026-09-05,"{Agua,Calefacción,""Aire acondicionado""}",
149979,,,,,Disponible,0,clliib153@viajes.cl,Oviedo,Ponferrada,91,999,78000,SBB (Suiza),2025-01-05,2025-02-15,"{Agua,Comida,""Aire acondicionado""}",
148500,,,,,Disponible,0,coarro408@viajes.cl,Inca,Alcalá de Guadaira,22,3063,222000,KLM,2026-06-09,2026-10-14,{},
147291,,,,,Disponible,0,cristobal7793541@viajes.cl,Avilés,Vitoria,87,1036,85000,Etihad Airways,2025-09-18,2025-10-31,{},
147256,,,,,Disponible,0,elágca283@viajes.cl,San Sebastián,Mataró,33,2668,296000,Alaska Airlines,2025-09-22,,{},
110151,55959,2025-01-02,1304000,8,No disponible,1304,crorar804@viajes.cl,Castellón de la Plana,Badajoz,,142,163000,SJ (Suecia),2025-08-30,,{},
87890,58609,2025-04-15,940000,5,No disponible,940,damotr290@viajes.cl,Torrelavega,Vitoria,63,1518,188000,Eurostar,2025-08-20,2025-08-21,"{Calefacción,TV,Comida,Agua}",
147210,,,,,Disponible,0,david2699917@viajes.cl,Hospitalet de LLobregat,Castellón de la Plana,17,2501,124000,Aeroméxico,2025-09-07,2025-12-20,{},
81822,58819,2025-04-03,3024000,7,No disponible,3024,diana5279558@viajes.cl,San Sebastián,Córdoba,64,4008,432000,EasyJet,2026-07-18,2026-07-20,,
139706,62564,2025-03-26,246000,2,No disponible,246,diego955510@viajes.cl,Paterna,Rubí,91,2409,123000,HŽ (Croacia),2025-05-27,2025-05-28,"{""Aire acondicionado"",Wifi,Calefacción,Agua,Baño}",
148469,,,,,Disponible,0,dovefe861@viajes.cl,Marbella,Arrecife,,3850,170000,Singapore Airlines,2026-03-03,2026-08-10,{},
149307,,,,,Disponible,0,elanpu412@viajes.cl,Badajoz,Zaragoza,90,3337,299000,NS International,2025-05-23,2025-10-09,"{Comida,Calefacción,Baño,Agua,""Asientos reclinables"",TV}",
148070,,,,,Disponible,0,elchpa632@viajes.cl,Burgos,Palencia,79,3597,165000,Qatar Airways,2025-02-03,2025-07-02,{},
99180,61299,2025-01-01,6000,1,No disponible,6,elrofl393@viajes.cl,Toledo,Lugo,40,361,6000,SBB (Suiza),2025-01-12,2025-01-12,{},
134667,63839,2025-11-04,900000,10,No disponible,900,elsaam871@viajes.cl,Molina de Segura,Torrejón de Ardoz,8,1820,90000,Emirates,2026-01-09,2026-01-10,{},
127514,62536,2025-01-26,745000,5,No disponible,745,emilio7555854@viajes.cl,Zamora,Torrejón de Ardoz,39,4004,149000,El Rápido Internacional,2025-04-21,2025-04-23,"{Calefacción,""Asientos reclinables"",""Aire acondicionado""}",
121000,64735,2025-04-22,742000,7,No disponible,742,encale987@viajes.cl,Torrevieja,Móstoles,13,2526,106000,WestJet,2026-03-01,2026-03-02,{},
107352,62832,2025-08-19,950000,5,No disponible,950,ernesto3187128@viajes.cl,Alicante,Lérida,65,1746,190000,Frontier Airlines,2025-09-24,2025-09-25,{},
89546,57077,2025-04-02,1336000,8,No disponible,1336,espema328@viajes.cl,Marbella,Murcia,25,2263,167000,Etihad Airways,2026-10-02,2026-10-03,{},
136065,58789,2026-04-25,870000,5,No disponible,870,estela6208869@viajes.cl,Ponferrada,Mollet del Vallés,61,3099,174000,NSB (Noruega),2026-06-26,2026-06-28,"{""Asientos reclinables"",Agua,Comida,""Aire acondicionado"",TV,Wifi}",
81359,58778,2025-01-24,621000,3,No disponible,621,ester3317224@viajes.cl,El Ejido,Alicante,78,2198,207000,RZD (Rusia),2025-02-18,2025-02-19,"{""Asientos reclinables"",Calefacción,Baño,Wifi,Comida}",
148288,,,,,Disponible,0,eszeca999@viajes.cl,Lorca,Pamplona,36,517,76000,Etihad Airways,2026-05-08,2026-05-29,{},
147335,,,,,Disponible,0,federico4793258@viajes.cl,Collado Villalba,Talavera de la Reina,87,4052,201000,Aeroméxico,2025-08-24,2026-02-08,{},
79515,65191,2025-03-14,2160000,6,No disponible,2160,fedosá946@viajes.cl,Estepona,Estepona,75,2904,360000,SJ (Suecia),2026-06-07,2026-06-09,"{""Asientos reclinables"",Comida,Agua,Baño,Wifi,Calefacción}",
103715,65467,2025-01-22,84000,3,No disponible,84,felipe7511543@viajes.cl,Guadalajara,Vigo,13,261,28000,ŽSSK (Eslovaquia),2026-01-05,2026-01-05,{},
135025,66588,2025-01-12,828000,9,No disponible,828,flvave980@viajes.cl,Toledo,Algeciras,12,1121,92000,EasyJet,2025-04-24,2025-04-24,{},
148609,,,,,Disponible,0,francisco1743593@viajes.cl,Santiago de Compostela,Arrecife,5,196,131000,Air New Zealand,2026-01-30,2026-02-07,{},
79863,58711,2026-05-25,448000,7,No disponible,448,francisco4411563@viajes.cl,Jaén,San Sebastián,8,1118,64000,,2026-09-26,2026-09-26,"{Baño,Calefacción,""Asientos reclinables""}",
99886,57318,2025-04-28,1575000,5,No disponible,1575,gabriela4787419@viajes.cl,Cáceres,Rubí,13,3486,315000,Avianca,2025-06-05,2025-06-07,{},
96473,63131,2025-02-14,558000,2,No disponible,558,gacaad829@viajes.cl,Mollet del Vallés,Lérida,10,2542,279000,Ethiopian Airlines,2025-07-14,2025-07-15,{},
149806,,,,,Disponible,0,gavade851@viajes.cl,Jaén,,66,1180,98000,VR (Finlandia),2025-01-14,2025-03-04,"{Agua,Calefacción,""Aire acondicionado""}",
149356,,,,,Disponible,0,geduor743@viajes.cl,Jerez de la Frontera,Sevilla,,3538,310000,VRZ (Croacia),2025-04-24,2025-09-18,"{""Asientos reclinables"",Calefacción,TV,""Aire acondicionado"",Wifi,Comida}",
149881,,,,,Disponible,0,gemeco374@viajes.cl,Collado Villalba,Alcalá de Guadaira,14,1672,60000,SJ (Suecia),2025-06-11,2025-08-19,"{Comida,""Asientos reclinables"",Baño,""Aire acondicionado""}",
96855,61898,2026-05-10,3980000,10,No disponible,3980,gesaig920@viajes.cl,Hospitalet de LLobregat,Torrelavega,58,3530,398000,Turkish Airlines,2026-08-13,2026-08-15,{},
140156,63693,2025-12-16,758000,2,No disponible,758,geteco332@viajes.cl,Salamanca,El Prat de LLobregat,68,3681,379000,EasyJet,2026-11-26,2026-11-28,{},
87058,55532,2025-01-01,366000,2,No disponible,366,gilberto650348@viajes.cl,Logroño,Pontevedra,54,2742,183000,American Airlines,2025-01-02,2025-01-03,{},
101661,59644,2025-03-22,320000,8,No disponible,320,gonzalo1079651@viajes.cl,Logroño,Mollet del Vallés,43,1134,40000,ŽFBH (Bosnia y Herzegovina),2025-05-23,2025-05-23,"{Calefacción,TV,Baño}",
124339,56418,2026-03-02,285000,1,No disponible,285,gopemo896@viajes.cl,Badajoz,Santa Cruz de Tenerife,55,4172,285000,,2026-04-12,2026-04-14,,
87963,66051,2025-04-28,1928000,4,No disponible,1928,gregorio2059471@viajes.cl,Paterna,Ávila,99,3788,482000,Iberia,2025-06-18,2025-06-20,{},
113432,55907,2025-02-07,832000,4,No disponible,832,gregorio4266951@viajes.cl,,Chiclana de la Frontera,25,3851,208000,Air France,2026-04-30,,{},
109830,58458,2025-02-19,819000,9,No disponible,819,grjaig399@viajes.cl,Alcoy,Rivas-Vaciamadrid,4,1988,91000,Wizz Air,2025-10-10,2025-10-11,{},
148964,,,,,Disponible,0,gustavo5004949@viajes.cl,Zaragoza,Cornellá de Llobregat,31,848,145000,ZSSK (Eslovaquia),2025-03-29,2025-05-03,"{Comida,Wifi,Calefacción}",
137396,59792,2025-10-05,816000,6,No disponible,816,heguca871@viajes.cl,Rivas-Vaciamadrid,Mérida,56,3074,136000,Trenitalia,2026-09-21,2026-09-23,"{Comida,""Aire acondicionado"",Wifi,TV,""Asientos reclinables"",Agua}",
109570,57856,2025-03-12,588000,7,No disponible,588,hehemo531@viajes.cl,Estepona,,,1777,84000,VR (Finlandia),2025-10-30,,"{TV,""Aire acondicionado"",Calefacción,Wifi}",
93201,65944,2025-04-22,1062000,9,No disponible,1062,hoarfe244@viajes.cl,Toledo,Salamanca,50,2232,118000,Amtrak,2026-06-05,2026-06-06,"{Comida,Baño,Wifi,TV,""Asientos reclinables""}",
122497,63951,2025-01-13,2388000,6,No disponible,2388,honúza973@viajes.cl,,Santander,10,3863,398000,Qantas,2026-10-07,2026-10-09,{},
147418,,,,,Disponible,0,horilo469@viajes.cl,Castellón de la Plana,Gecho,70,122,174000,Wizz Air,2025-01-18,2025-01-23,{},
113186,59678,2025-03-14,1062000,9,No disponible,1062,hubame100@viajes.cl,Valladolid,Elda,34,3408,118000,,2025-06-05,2025-06-07,{},
94348,58584,2025-01-10,304000,2,No disponible,304,huesca862@viajes.cl,Leganés,Coslada,37,2143,152000,,2025-03-12,2025-03-13,"{""Asientos reclinables"",Agua,""Aire acondicionado"",Calefacción}",
90719,62766,2025-01-26,468000,9,No disponible,468,ignacio6635603@viajes.cl,La Línea de la Concepción,Sevilla,48,1046,52000,SNCB (Bélgica),2025-04-03,2025-04-03,"{Wifi,Baño,""Aire acondicionado""}",
129171,61441,2025-01-26,1845000,9,No disponible,1845,incava830@viajes.cl,Salamanca,Inca,21,4017,205000,CFR (Rumania),2025-03-09,2025-03-11,"{""Aire acondicionado"",Baño,Wifi,Agua,""Asientos reclinables"",TV,Calefacción}",
135182,65258,2026-02-13,3144000,8,No disponible,3144,irpipi229@viajes.cl,Fuengirola,Móstoles,11,3616,393000,ZS (Eslovenia),2026-06-17,,"{Comida,Wifi,Agua,TV,""Aire acondicionado"",Baño,Calefacción}",
126433,60380,2025-02-04,630000,5,No disponible,630,isrelu647@viajes.cl,Reus,Manresa,25,2464,126000,ŽSSK (Eslovaquia),2025-05-03,2025-05-04,"{Agua,TV,Comida,""Asientos reclinables"",Baño}",
132259,64921,2025-08-29,660000,3,No disponible,660,iszara805@viajes.cl,,Burgos,2,2273,220000,,2025-11-30,2025-12-01,"{TV,Comida,Calefacción,""Aire acondicionado"",Baño}",
147942,,,,,Disponible,0,jacama710@viajes.cl,Lugo,,92,3202,102000,United Airlines,2025-10-31,2026-03-13,{},
79735,63154,2025-03-11,1660000,5,No disponible,1660,jahemu317@viajes.cl,Málaga,Sabadell,70,3538,332000,Deutsche Bahn (DB),2026-02-15,2026-02-17,"{Agua,Wifi,""Asientos reclinables"",""Aire acondicionado"",TV,Baño}",
147379,,,,,Disponible,0,jaime9567571@viajes.cl,Parla,Alicante,24,2190,141000,Qatar Airways,2025-11-25,2026-02-24,{},
97353,66353,2025-06-24,36000,1,No disponible,36,jarear931@viajes.cl,Zamora,Calahorra,46,376,36000,NSB (Noruega),2026-10-20,,{},
141862,56793,2025-12-06,199000,1,No disponible,199,jeroca654@viajes.cl,Sabadell,Gerona,57,2990,199000,,2026-05-22,2026-05-24,"{""Aire acondicionado"",Calefacción,Wifi,Baño,Comida,Agua}",
102919,65364,2025-01-11,150000,1,No disponible,150,jerónimo2841319@viajes.cl,Badajoz,Pontevedra,4,3738,150000,NS International,2025-02-23,2025-02-25,"{Baño,""Aire acondicionado"",Comida,Calefacción,Wifi,TV,""Asientos reclinables""}",
81340,64518,2025-04-28,1290000,10,No disponible,1290,joaquín6062886@viajes.cl,Arrecife,,75,413,129000,DSB (Dinamarca),2025-06-20,,{},
111115,62300,2025-01-24,1883000,7,No disponible,1883,jocacr192@viajes.cl,San Sebastián,Torrejón de Ardoz,70,2918,269000,,2026-07-26,2026-07-28,"{TV,Comida,Wifi,Baño,""Asientos reclinables"",""Aire acondicionado""}",
149252,,,,,Disponible,0,jolualal605@viajes.cl,San Cristróbal de la Laguna,Torrelavega,87,3037,171000,,2025-10-01,2026-02-04,,
114486,59675,2025-02-24,1410000,10,No disponible,1410,jomaalma170@viajes.cl,Ferrol,El Ejido,95,1349,141000,,2026-06-06,2026-06-06,"{TV,""Aire acondicionado"",Comida}",
112589,65994,2025-10-09,480000,5,No disponible,480,jomaraga355@viajes.cl,Salamanca,Ávila,9,776,96000,Nederlandse Sp,2025-11-25,2025-11-25,"{""Aire acondicionado"",Agua,TV}",
106622,58743,2025-04-06,1104000,8,No disponible,1104,jopabu104@viajes.cl,Parla,Santa Coloma de Gramanet,18,922,138000,Frontier Airlines,2026-08-10,,{},
146839,,,,,Disponible,0,josé4245489@viajes.cl,Linares,Rubí,41,922,194000,Buses Ahumada,2026-07-11,,"{TV,Agua,""Aire acondicionado""}",
131564,62278,2025-02-26,805000,5,No disponible,805,josé4375225@viajes.cl,Talavera de la Reina,Valdemoro,51,4117,161000,TGV (SNCF),2025-12-01,2025-12-03,"{TV,Comida,""Asientos reclinables"",Baño,""Aire acondicionado"",Agua,Calefacción}",
135516,64498,2025-11-09,801000,3,No disponible,801,josé7055717@viajes.cl,Almería,Lugo,11,3577,267000,Japan Airlines,2026-01-08,2026-01-10,{},
103985,61140,2025-07-10,1160000,8,No disponible,1160,josé7880619@viajes.cl,Palma de Mallorca,Marbella,72,1180,145000,CD (República Checa),2026-04-07,2026-04-07,,
82642,66341,2025-08-13,873000,9,No disponible,873,jucébeva663@viajes.cl,Burgos,Arrecife,7,2541,97000,LATAM Airlines,2025-11-11,2025-11-12,{},
146982,,,,,Disponible,0,jucéguvi280@viajes.cl,Palencia,La Línea de la Concepción,63,3482,110000,Southwest Airlines,2025-11-04,2026-03-29,{},
147986,,,,,Disponible,0,juolol339@viajes.cl,Elda,Cerdañola del Vallés,30,1608,134000,Frontier Airlines,2026-05-04,2026-07-10,{},
149147,,,,,Disponible,0,jupabe305@viajes.cl,Alcobendas,Coslada,56,417,85000,SNCB (Bélgica),2026-05-22,2026-06-08,"{Agua,TV,""Asientos reclinables"",Comida,Baño}",
139808,65666,2025-05-14,550000,5,No disponible,550,jupuma342@viajes.cl,San Sebastián,Barcelona,50,1750,110000,Megabus,2026-10-04,2026-10-05,"{Wifi,""Asientos reclinables"",""Aire acondicionado""}",
147031,,,,,Disponible,0,jutaáv641@viajes.cl,Fuengirola,Mérida,48,3775,267000,Avianca,2025-04-01,2025-09-05,{},
146997,,,,,Disponible,0,leonor9451196@viajes.cl,Badajoz,Vigo,50,4031,200000,Alaska Airlines,2026-01-12,2026-06-28,{},
81013,61625,2025-04-29,1560000,5,No disponible,1560,leorti155@viajes.cl,Paterna,León,14,3375,312000,Alaska Airlines,2026-07-05,2026-07-07,{},
95079,58383,2026-02-18,620000,5,No disponible,620,lilia8931915@viajes.cl,Zamora,Alicante,82,994,124000,NSB (Noruega),2026-03-18,2026-03-18,"{Baño,Calefacción,TV}",
130677,63811,2025-02-26,324000,1,No disponible,324,loalza265@viajes.cl,Elda,Estepona,7,3742,324000,CFR (Rumania),2026-07-23,2026-07-25,"{""Aire acondicionado"",Calefacción,Comida,Wifi,TV,Baño,Agua}",
107792,58263,2025-09-28,1715000,7,No disponible,1715,lola905232@viajes.cl,Jerez de la Frontera,Roquetas de Mar,35,3430,245000,Air Canada,2026-11-10,2026-11-12,{},
96820,61576,2026-05-26,1722000,6,No disponible,1722,lomato408@viajes.cl,Manresa,Orihuela,39,3650,287000,NS International,2026-06-04,,"{""Aire acondicionado"",Wifi,TV,Calefacción,Agua,Comida,Baño}",
88118,55876,2025-01-22,208000,2,No disponible,208,lorena3513609@viajes.cl,Cádiz,Irún,74,491,104000,Italo,2025-02-22,,{},
114019,61191,2025-06-26,256000,8,No disponible,256,lourdes4205209@viajes.cl,Madrid,Córdoba,43,1340,32000,Turkish Airlines,2025-11-17,2025-11-17,{},
90886,61071,2025-04-19,392000,7,No disponible,392,lucabo108@viajes.cl,Mérida,Gandía,41,1484,56000,,2025-08-21,2025-08-22,{},
124338,63660,2025-05-22,1955000,5,No disponible,1955,lucas2379246@viajes.cl,Estepona,Torrejón de Ardoz,85,2975,391000,PKP (Polonia),2025-12-22,2025-12-24,"{Comida,""Asientos reclinables"",Wifi,""Aire acondicionado"",TV,Calefacción}",
149390,,,,,Disponible,0,lucas4005174@viajes.cl,Pontevedra,Vitoria,63,1291,132000,SBB (Suiza),2025-07-01,2025-08-23,"{Wifi,Calefacción,Baño}",
79191,61312,2026-03-02,1740000,6,No disponible,1740,luis2971637@viajes.cl,Collado Villalba,Mollet del Vallés,34,2887,290000,ZSSK (Eslovaquia),2026-08-05,2026-08-07,"{""Asientos reclinables"",Agua,""Aire acondicionado"",Wifi,Baño,Comida}",
118879,62428,2026-07-15,220000,4,No disponible,220,luisa595785@viajes.cl,Lorca,Torremolinos,43,983,55000,,2026-11-20,2026-11-20,"{""Asientos reclinables"",""Aire acondicionado"",Calefacción}",
145139,,,,,Disponible,0,lumirira887@viajes.cl,Santa Coloma de Gramanet,Algeciras,48,499,129000,ADO,2025-09-23,,"{TV,""Asientos reclinables"",Wifi}",
122411,61429,2025-10-06,1002000,6,No disponible,1002,lupato375@viajes.cl,Pozuelo de Alarcón,Baracaldo,65,2689,167000,MÁV (Hungría),2025-11-06,2025-11-07,"{Baño,Wifi,Calefacción,""Aire acondicionado"",Agua}",
148504,,,,,Disponible,0,lurosi472@viajes.cl,Sabadell,Algeciras,52,2685,284000,Air New Zealand,2025-12-16,2026-04-06,{},
125381,62447,2025-01-30,214000,1,No disponible,214,luvade652@viajes.cl,Viladecans,Viladecans,97,3673,214000,SNCB (Bélgica),2026-01-13,2026-01-15,"{""Asientos reclinables"",""Aire acondicionado"",Agua,TV,Baño,Comida,Calefacción}",
147546,,,,,Disponible,0,luz7344853@viajes.cl,Logroño,Mataró,73,3194,246000,Frontier Airlines,2026-03-06,2026-07-17,,
83558,62440,2025-01-05,1170000,10,No disponible,1170,maanvaju254@viajes.cl,Vigo,Rubí,64,3250,117000,VRZ (Croacia),2025-02-10,2025-02-12,"{TV,Calefacción,Agua,""Asientos reclinables"",Wifi,Baño}",
149823,,,,,Disponible,0,mababa273@viajes.cl,Gijón,Tarrasa,4,1399,68000,CFR (Rumania),2026-06-27,2026-08-24,"{""Aire acondicionado"",Comida,Agua}",
143906,59703,2026-02-04,2280000,10,No disponible,2280,mabepa708@viajes.cl,Ávila,Pontevedra,43,3995,228000,Italo,2026-06-21,2026-06-23,"{Calefacción,""Aire acondicionado"",""Asientos reclinables"",TV,Wifi,Comida,Baño}",
90089,59200,2025-07-25,917000,7,No disponible,917,macaar807@viajes.cl,Pontevedra,Hospitalet de LLobregat,73,2791,131000,AVE,2025-10-10,,"{Comida,Agua,Baño,TV,Calefacción}",
148835,,,,,Disponible,0,maespa877@viajes.cl,Sabadell,Huelva,26,1598,78000,VR (Finlandia),2026-09-09,2026-11-14,"{Baño,Calefacción,""Asientos reclinables"",""Aire acondicionado""}",
114758,64416,2025-08-10,302000,2,No disponible,302,mafitr540@viajes.cl,Puertollano,Paterna,10,4300,151000,ŽFBH (Bosnia y Herzegovina),2025-10-18,2025-10-20,"{Baño,""Aire acondicionado"",Comida,""Asientos reclinables"",Wifi,Agua,Calefacción}",
149885,,,,,Disponible,0,manuel2609542@viajes.cl,Palma de Mallorca,Gerona,90,2035,171000,Italo,2025-09-17,2025-12-10,"{Agua,Calefacción,Comida,Wifi}",
117754,63225,2026-06-12,1089000,9,No disponible,1089,manuel8069557@viajes.cl,Marbella,Reus,45,2459,121000,El Rápido Internacional,2026-07-06,2026-07-07,"{TV,Baño,Wifi}",
148399,,,,,Disponible,0,mapéga398@viajes.cl,Ceuta,Cartagena,91,371,28000,JetBlue,2025-11-01,2025-11-16,{},
98731,57519,2025-06-14,858000,6,No disponible,858,marcela1063339@viajes.cl,Valencia,Estepona,26,2363,143000,SNCB (Bélgica),2026-02-22,2026-02-23,"{Baño,Calefacción,Comida,Agua,""Aire acondicionado""}",
106471,66082,2025-03-22,1953000,7,No disponible,1953,marcela3216289@viajes.cl,Gecho,Valladolid,47,2360,279000,NS International,2025-11-27,2025-11-28,"{Wifi,Comida,""Aire acondicionado"",TV,Baño}",
147348,,,,,Disponible,0,marco2477413@viajes.cl,,Albacete,55,532,158000,Southwest Airlines,2026-05-27,,{},
90130,56502,2025-04-20,87000,1,No disponible,87,marco4750582@viajes.cl,Segovia,Jerez de la Frontera,78,1081,87000,All Nippon Airways (ANA),2025-05-29,2025-05-29,{},
96655,66416,2025-01-18,2520000,9,No disponible,2520,marco9528241@viajes.cl,Collado Villalba,Elda,89,2934,280000,ZS (Eslovenia),2025-03-12,2025-03-14,"{""Asientos reclinables"",Comida,Calefacción,Agua,TV,""Aire acondicionado""}",
148124,,,,,Disponible,0,mariana7039242@viajes.cl,Orense,Lugo,57,3129,348000,Japan Airlines,2025-10-14,2026-02-21,{},
129885,60195,2025-08-20,328000,2,No disponible,328,mariano1060145@viajes.cl,Roquetas de Mar,Madrid,4,2670,164000,KLM,2026-06-13,2026-06-14,{},
145613,,,,,Disponible,0,maricarmen6071837@viajes.cl,Rivas-Vaciamadrid,Badajoz,49,1190,188000,Avanza,2026-10-12,,"{Baño,Calefacción,TV}",
87598,62145,2025-11-19,1376000,8,No disponible,1376,maricarmen9657233@viajes.cl,Tarrasa,,20,389,172000,AVE,2025-12-30,2025-12-30,{},
148101,,,,,Disponible,0,mario640726@viajes.cl,Toledo,Móstoles,71,2275,94000,Alaska Airlines,2026-08-22,2026-11-24,,
82341,56236,2025-12-04,687000,3,No disponible,687,mario7458237@viajes.cl,Orihuela,Elda,92,2231,229000,CD (República Checa),2026-09-27,2026-09-28,"{Comida,TV,Agua,Calefacción,Baño}",
149075,,,,,Disponible,0,marisol5505335@viajes.cl,,Sabadell,42,2485,140000,,2025-02-23,2025-06-06,"{""Aire acondicionado"",Wifi,TV,""Asientos reclinables"",Agua}",
135545,57527,2026-01-07,2136000,6,No disponible,2136,marose818@viajes.cl,San Sebastián,Sanlúcar de Barrameda,84,4023,356000,Spirit Airlines,2026-04-22,2026-04-24,{},
82970,63326,2025-01-25,560000,7,No disponible,560,marta7708109@viajes.cl,Santander,,100,767,80000,,2025-06-18,2025-06-18,"{TV,Agua,Comida}",
150012,,,,,Disponible,0,martín4667928@viajes.cl,Leganés,Badalona,83,2296,261000,ŽSSK (Eslovaquia),2025-08-09,2025-11-12,,
144038,61523,2025-01-01,3030000,10,No disponible,3030,maría1459222@viajes.cl,Fuengirola,Orense,49,4225,303000,Southwest Airlines,2025-04-14,2025-04-16,{},
121632,58887,2025-05-04,2712000,8,No disponible,2712,maría3991976@viajes.cl,Avilés,Valencia,64,4171,339000,All Nippon Airways (ANA),2026-05-29,2026-05-31,{},
147223,,,,,Disponible,0,maría4511762@viajes.cl,Elda,Ávila,32,771,148000,Delta Air Lines,2025-04-12,2025-05-14,{},
81097,66454,2025-01-04,456000,2,No disponible,456,maría5692273@viajes.cl,Sagunto,Castellón de la Plana,37,4095,228000,ÖBB (Austria),2025-04-27,2025-04-29,"{TV,Baño,Comida,""Aire acondicionado"",Agua,""Asientos reclinables"",Calefacción}",
83545,59950,2025-09-09,1141000,7,No disponible,1141,maría574504@viajes.cl,Móstoles,Orense,14,1750,163000,Eurostar,2026-08-23,2026-08-24,"{Comida,Agua,""Asientos reclinables"",Baño}",
113351,64640,2025-01-05,364000,7,No disponible,364,maría6649456@viajes.cl,Estepona,Ávila,12,449,52000,SJ (Suecia),2025-01-31,2025-01-31,{},
149575,,,,,Disponible,0,maría6926441@viajes.cl,Murcia,Castellón de la Plana,90,3626,219000,Italo,2025-12-26,2026-05-26,"{Agua,Comida,""Asientos reclinables"",Calefacción,Baño,TV,Wifi}",
131905,65109,2025-03-12,160000,5,No disponible,160,maría7665694@viajes.cl,,Valencia,33,924,32000,Thalys,2025-05-25,2025-05-25,"{""Aire acondicionado"",Calefacción,TV}",
124435,62295,2025-12-11,623000,7,No disponible,623,maría8426631@viajes.cl,Arrecife,Avilés,13,771,89000,NS International,2026-01-10,2026-01-10,"{TV,Comida,Calefacción}",
148256,,,,,Disponible,0,mateo2584848@viajes.cl,Roquetas de Mar,San Fernando,93,658,122000,Alaska Airlines,2025-06-01,2025-06-28,{},
148285,,,,,Disponible,0,mateo7221105@viajes.cl,Badajoz,San Cristróbal de la Laguna,,2103,175000,British Airways,2025-01-25,2025-04-22,{},
104782,66541,2025-03-15,428000,4,No disponible,428,mavepa513@viajes.cl,Algeciras,Logroño,62,1023,107000,ZFBH (Bosnia y Herzegovina),2025-11-10,2025-11-10,"{Wifi,""Asientos reclinables"",Comida}",
149644,,,,,Disponible,0,mazeha128@viajes.cl,,Segovia,96,2180,299000,ZFBH (Bosnia y Herzegovina),2026-05-29,2026-08-27,"{Baño,Agua,Comida,Wifi,TV}",
94831,64234,2025-04-23,662000,2,No disponible,662,migara979@viajes.cl,Fuengirola,Santa Cruz de Tenerife,30,3713,331000,Nederlandse Sp,2025-06-06,2025-06-08,"{Baño,""Aire acondicionado"",Wifi,Agua,Calefacción,TV,""Asientos reclinables""}",
148075,,,,,Disponible,0,miguel7762265@viajes.cl,Málaga,San Sebastián,35,937,117000,Qatar Airways,2025-11-27,2026-01-05,{},
148077,,,,,Disponible,0,mónica1582901@viajes.cl,Alcalá de Guadaira,Valladolid,74,3539,308000,Air Canada,2026-07-07,2026-12-01,{},
88340,65278,2025-05-17,1100000,10,No disponible,1100,octavio917278@viajes.cl,Viladecans,Alcoy,90,2868,110000,WestJet,2025-11-15,2025-11-16,{},
149237,,,,,Disponible,0,paaral909@viajes.cl,Valdemoro,Reus,7,634,147000,Trenitalia,2026-05-11,2026-06-06,"{""Aire acondicionado"",""Asientos reclinables"",Calefacción,Baño}",
147521,,,,,Disponible,0,pamade476@viajes.cl,Elche,Coslada,63,548,160000,Japan Airlines,2025-02-01,2025-02-23,{},
101529,66602,2025-08-18,1324000,4,No disponible,1324,papaci882@viajes.cl,Dos Hermanas,Segovia,47,3085,331000,Frontier Airlines,2026-02-22,2026-02-24,{},
132307,57970,2025-02-16,1350000,9,No disponible,1350,patricia8996692@viajes.cl,Calahorra,Palma de Mallorca,26,2021,150000,Qatar Airways,2025-07-21,2025-07-22,{},
140013,60999,2025-03-25,1295000,7,No disponible,1295,patricio7879257@viajes.cl,Gerona,Albacete,91,204,185000,Italo,2026-01-25,2026-01-25,{},
101295,59686,2025-03-23,805000,7,No disponible,805,pecacó921@viajes.cl,Orihuela,,70,946,115000,American Airlines,2025-07-25,2025-07-25,{},
85909,66346,2025-04-05,78000,2,No disponible,78,pedro5278659@viajes.cl,Valladolid,Avilés,7,134,39000,Southwest Airlines,2025-05-16,2025-05-16,{},
148331,,,,,Disponible,0,pivice769@viajes.cl,Rubí,Sabadell,84,3959,306000,Wizz Air,2026-06-04,2026-11-15,{},
86542,61411,2026-06-06,813000,3,No disponible,813,raacde153@viajes.cl,Ferrol,Sanlúcar de Barrameda,70,3104,271000,ZS (Eslovenia),2026-08-02,2026-08-04,"{""Asientos reclinables"",""Aire acondicionado"",Wifi,Baño,Agua,Comida}",
93490,64411,2025-05-08,1840000,10,No disponible,1840,rabéma434@viajes.cl,Salamanca,Marbella,61,2079,184000,Frontier Airlines,2025-06-11,2025-06-12,{},
147983,,,,,Disponible,0,ramiro8561965@viajes.cl,Gecho,Majadahonda,37,2848,126000,Air Canada,2025-10-24,2026-02-19,{},
118929,60427,2026-01-10,936000,6,No disponible,936,ramona8318679@viajes.cl,Albacete,Hospitalet de LLobregat,7,1688,156000,VRZ (Croacia),2026-10-11,2026-10-12,"{Wifi,TV,Baño,Agua}",
149946,,,,,Disponible,0,rapéal949@viajes.cl,San Fernando,,18,2671,178000,NS International,2026-04-23,2026-08-12,"{Wifi,""Asientos reclinables"",""Aire acondicionado"",Calefacción,TV}",
148487,,,,,Disponible,0,raviga372@viajes.cl,Huelva,Torremolinos,50,3650,319000,Japan Airlines,2025-08-02,2026-01-01,{},
107598,63483,2025-05-27,618000,6,No disponible,618,raágoc944@viajes.cl,Molina de Segura,Alcalá de Henares,26,3410,103000,ÖBB (Austria),2025-09-22,2025-09-24,"{Comida,Calefacción,""Asientos reclinables"",""Aire acondicionado"",Baño,Agua}",
91575,57324,2025-03-29,3872000,8,No disponible,3872,raúl2235183@viajes.cl,Ceuta,Tarrasa,94,4052,484000,CP (Portugal),2025-04-01,2025-04-03,"{Wifi,Baño,Comida,""Asientos reclinables"",Calefacción,""Aire acondicionado"",Agua}",
147153,,,,,Disponible,0,reciso597@viajes.cl,Talavera de la Reina,Rubí,40,2559,218000,Avianca,2025-01-22,2025-05-08,{},
97583,58937,2026-01-30,2988000,6,No disponible,2988,redeto680@viajes.cl,Calahorra,Chiclana de la Frontera,33,4061,498000,ZSSK (Eslovaquia),2026-05-16,2026-05-18,"{""Asientos reclinables"",Agua,""Aire acondicionado"",Baño,TV,Wifi,Calefacción}",
109074,55870,2025-02-05,2358000,9,No disponible,2358,reina5836237@viajes.cl,Albacete,Benidorm,50,2982,262000,United Airlines,2025-07-12,,{},
148551,,,,,Disponible,0,ricardo3973419@viajes.cl,Las Palmas de Gran Canaria,Alcalá de Henares,42,2718,233000,,2026-05-27,2026-09-17,{},
148464,,,,,Disponible,0,ricardo4847308@viajes.cl,Ponferrada,San Sebastían de los Reyes,3,1396,135000,British Airways,2026-05-31,2026-07-28,{},
83735,64515,2025-03-17,231000,3,No disponible,231,rizúca865@viajes.cl,Chiclana de la Frontera,Reus,60,1273,77000,ŽFBH (Bosnia y Herzegovina),2025-05-14,2025-05-14,"{Wifi,Agua,TV}",
87928,57281,2025-09-09,202000,2,No disponible,202,rodrigo4341380@viajes.cl,Barcelona,La Línea de la Concepción,,1476,101000,CP (Portugal),2026-07-22,2026-07-23,"{Wifi,""Aire acondicionado"",""Asientos reclinables"",Agua}",
134546,59264,2025-01-02,130000,1,No disponible,130,sagrca240@viajes.cl,Palma de Mallorca,Telde,94,1074,130000,Amtrak,2025-01-31,2025-01-31,"{Calefacción,""Aire acondicionado"",Comida}",
89394,61974,2025-02-02,184000,8,No disponible,184,samuel7438504@viajes.cl,,Zamora,82,658,23000,Avianca,2025-10-14,2025-10-14,{},
112151,65351,2025-01-02,2110000,10,No disponible,2110,samuel9126473@viajes.cl,Inca,Lugo,64,2743,211000,Air Canada,2025-01-03,2025-01-04,{},
116355,60056,2025-01-25,2970000,6,No disponible,2970,santiago5940278@viajes.cl,Sanlúcar de Barrameda,La Coruña,78,4095,495000,Frontier Airlines,2025-03-29,2025-03-31,{},
147646,,,,,Disponible,0,santiago9579341@viajes.cl,Santa Coloma de Gramanet,,33,1302,120000,Copa Airlines,2025-11-20,2026-01-13,{},
141720,62563,2025-09-30,624000,4,No disponible,624,sasegr729@viajes.cl,Pamplona,San Sebastián,88,1507,156000,Japan Airlines,2025-10-10,2025-10-11,{},
147309,,,,,Disponible,0,sergio8830950@viajes.cl,,Cartagena,82,1326,111000,EasyJet,2025-09-16,2025-11-10,{},
148594,,,,,Disponible,0,sonia3028381@viajes.cl,Collado Villalba,Jaén,,3584,192000,Air New Zealand,2026-01-30,2026-06-28,{},
118636,57315,2025-06-10,149000,1,No disponible,149,sonia8445310@viajes.cl,Roquetas de Mar,Torremolinos,5,782,149000,ÖBB (Austria),2026-11-28,2026-11-28,"{Wifi,Calefacción,Comida}",
116912,65352,2025-01-01,399000,1,No disponible,399,sr.1328517@viajes.cl,Santiago de Compostela,Ceuta,15,3872,399000,AVE,2025-06-27,2025-06-29,"{Agua,TV,Calefacción,""Aire acondicionado"",Baño,""Asientos reclinables"",Wifi}",
110467,65705,2025-04-07,592000,8,No disponible,592,sr.1944583@viajes.cl,Almería,Irún,50,1398,74000,NS International,2025-08-23,2025-08-23,"{Agua,Baño,Calefacción}",
104957,56221,2025-12-24,730000,5,No disponible,730,sr.2984528@viajes.cl,Tarrasa,Almería,,1577,146000,Air New Zealand,2026-07-15,2026-07-16,{},
107747,66441,2025-04-01,3090000,10,No disponible,3090,sr.5449968@viajes.cl,Vitoria,Badajoz,89,3259,309000,NSB (Noruega),2025-04-03,,"{Baño,""Asientos reclinables"",Agua,TV,""Aire acondicionado"",Comida}",
96175,64365,2025-01-02,730000,5,No disponible,730,sr.6552793@viajes.cl,Arrecife,Almería,49,1587,146000,Air France,2025-03-05,2025-03-06,{},
136783,57903,2025-03-09,987000,7,No disponible,987,sr.7155697@viajes.cl,Alcorcón,Murcia,31,857,141000,,2025-05-11,2025-05-11,"{Calefacción,""Asientos reclinables"",Wifi}",
127594,65331,2025-02-03,2190000,10,No disponible,2190,sr.7819604@viajes.cl,Jerez de la Frontera,Tarrasa,73,3474,219000,DSB (Dinamarca),2026-07-17,2026-07-19,"{""Aire acondicionado"",TV,Comida,Wifi,Baño,Agua}",
147560,,,,,Disponible,0,sr.8238424@viajes.cl,Burgos,Santa Coloma de Gramanet,29,907,135000,Alaska Airlines,2025-11-05,,{},
123541,57404,2025-05-01,1025000,5,No disponible,1025,sr.9584607@viajes.cl,Arrecife,Sabadell,66,2847,205000,ŽFBH (Bosnia y Herzegovina),2025-05-14,2025-05-15,"{TV,Wifi,Baño,Comida,Agua}",
134314,60127,2025-01-11,600000,6,No disponible,600,sra.206109@viajes.cl,Benalmádena,Jaén,82,1900,100000,Air New Zealand,2025-01-24,2025-01-25,{},
88606,59186,2025-03-05,2190000,10,No disponible,2190,sra.3003957@viajes.cl,Lorca,Getafe,69,2469,219000,DSB (Dinamarca),2025-09-02,2025-09-03,"{Comida,""Aire acondicionado"",TV,Agua,Calefacción}",
93155,65532,2025-03-25,942000,3,No disponible,942,sra.3036357@viajes.cl,Motril,Cáceres,37,3092,314000,Nederlandse Sp,2025-07-04,2025-07-06,"{Comida,Agua,Wifi,Baño,TV,""Aire acondicionado""}",
99189,55842,2025-01-25,1368000,8,No disponible,1368,sra.4101767@viajes.cl,Barcelona,Valencia,48,4138,171000,RZD (Rusia),2025-05-08,2025-05-10,"{""Aire acondicionado"",""Asientos reclinables"",Comida,Agua,Baño,Wifi,TV}",
106545,64757,2025-03-09,1337000,7,No disponible,1337,sra.5975480@viajes.cl,Lérida,Motril,90,2515,191000,Qatar Airways,2026-01-24,2026-01-25,{},
113348,64640,2025-01-06,595000,7,No disponible,595,sra.6306248@viajes.cl,Ciudad Real,Estepona,13,1345,85000,RZD (Rusia),2025-01-29,2025-01-29,"{Baño,Agua,""Aire acondicionado""}",
84326,57265,2025-02-14,444000,3,No disponible,444,sra.7988218@viajes.cl,Vigo,Las Palmas de Gran Canaria,37,861,148000,Ethiopian Airlines,2025-09-11,2025-09-11,{},
96802,60032,2025-01-27,1494000,9,No disponible,1494,srcotepe595@viajes.cl,Puertollano,Cerdañola del Vallés,82,452,166000,SNCB (Bélgica),2025-03-08,2025-03-08,{},
108456,61189,2025-05-15,2720000,8,No disponible,2720,srelabor385@viajes.cl,Coslada,Alcobendas,25,3848,340000,Italo,2026-06-04,2026-06-06,"{""Aire acondicionado"",""Asientos reclinables"",Agua,Wifi,Calefacción,Comida,Baño}",
82301,55762,2025-03-07,2268000,9,No disponible,2268,srjepeur438@viajes.cl,Pozuelo de Alarcón,Motril,,3930,252000,Japan Airlines,2026-06-04,2026-06-06,,
139628,60433,2025-03-18,152000,2,No disponible,152,srjoeság861@viajes.cl,Zamora,Bilbao,96,150,76000,,2026-06-10,2026-06-10,{},
122740,58411,2026-05-13,380000,2,No disponible,380,srlusape355@viajes.cl,Chiclana de la Frontera,Viladecans,77,2628,190000,AVE,2026-11-05,2026-11-06,"{""Aire acondicionado"",Agua,Calefacción,Comida,Wifi}",
149282,,,,,Disponible,0,srmarete198@viajes.cl,Reus,San Fernando,59,3071,393000,ZS (Eslovenia),2026-08-07,2026-12-12,"{Comida,""Asientos reclinables"",Calefacción,TV,Wifi,Agua}",
149994,,,,,Disponible,0,srmavime606@viajes.cl,Mérida,Chiclana de la Frontera,55,3258,186000,CP (Portugal),2025-08-04,2025-12-17,"{Baño,Wifi,""Aire acondicionado"",Calefacción,Agua,TV}",
138332,60680,2025-05-06,3420000,10,No disponible,3420,sroccoma170@viajes.cl,Fuenlabrada,Ceuta,51,3235,342000,All Nippon Airways (ANA),2025-07-17,2025-07-19,{},
147459,,,,,Disponible,0,srregosá868@viajes.cl,,Badajoz,33,4202,269000,Vueling,2025-10-29,2026-04-22,{},
127294,57851,2026-03-19,1050000,6,No disponible,1050,srribaro313@viajes.cl,San Sebastián,Pozuelo de Alarcón,92,2497,175000,Wizz Air,2026-09-21,2026-09-22,{},
89483,62903,2025-08-08,1068000,4,No disponible,1068,srroarcu667@viajes.cl,Tarrasa,Orihuela,8,2599,267000,United Airlines,2026-01-10,2026-01-11,{},
127198,65781,2025-06-30,375000,5,No disponible,375,srsazamo562@viajes.cl,Madrid,Lérida,65,1029,75000,Turkish Airlines,2025-07-29,2025-07-29,{},
131886,63648,2025-02-09,540000,10,No disponible,540,srsolláv959@viajes.cl,Móstoles,Collado Villalba,56,1681,54000,Renfe,2025-10-06,2025-10-07,"{Wifi,""Aire acondicionado"",Agua,Calefacción}",
104949,56221,2025-10-24,880000,5,No disponible,880,sránocza476@viajes.cl,Cuenta,Tarrasa,80,1684,176000,KLM,2026-07-07,2026-07-08,{},
100659,62011,2025-12-25,645000,3,No disponible,645,sta.1662174@viajes.cl,Santander,Majadahonda,22,2432,215000,ZSSK (Eslovaquia),2026-07-22,2026-07-23,"{Baño,Calefacción,Wifi,Agua,""Asientos reclinables""}",
146972,,,,,Disponible,0,sta.3999824@viajes.cl,Gerona,Lérida,72,3140,148000,Copa Airlines,2026-04-14,2026-08-22,{},
148472,,,,,Disponible,0,sta.4185906@viajes.cl,Huelva,Majadahonda,40,3655,186000,Turkish Airlines,2026-07-17,2026-12-16,{},
147100,,,,,Disponible,0,sta.4768264@viajes.cl,Huelva,Linares,88,322,103000,KLM,2025-03-26,2025-04-08,,
137642,65403,2025-06-18,333000,3,No disponible,333,sta.6665708@viajes.cl,Córdoba,Barcelona,83,742,111000,American Airlines,2025-12-22,2025-12-22,{},
147937,,,,,Disponible,0,sta.6684379@viajes.cl,Puertollano,Reus,60,1129,60000,LATAM Airlines,2026-11-11,2026-12-28,{},
109343,58518,2025-01-02,416000,8,No disponible,416,sta.6977909@viajes.cl,Manresa,Puertollano,46,553,52000,Amtrak,2025-01-06,2025-01-06,{},
118298,59475,2025-03-13,1400000,8,No disponible,1400,sta.7893328@viajes.cl,La Línea de la Concepción,Pamplona,41,703,175000,Qantas,2025-03-16,2025-03-16,{},
83192,64368,2025-01-06,1935000,9,No disponible,1935,sta.8232485@viajes.cl,Albacete,Inca,60,2373,215000,Avianca,2025-01-08,2025-01-09,{},
149126,,,,,Disponible,0,starcalo784@viajes.cl,Las Palmas de Gran Canaria,Gijón,,4052,247000,SJ (Suecia),2025-12-17,2026-06-03,"{Comida,TV,Agua,""Aire acondicionado"",Baño,Calefacción,""Asientos reclinables""}",
131518,61592,2026-01-04,162000,9,No disponible,162,stgrvivi934@viajes.cl,Alcalá de Henares,La Línea de la Concepción,13,221,18000,Qantas,2026-04-26,2026-04-26,{},
99813,63999,2025-02-24,790000,10,No disponible,790,stjarabe770@viajes.cl,Santander,Benidorm,19,1400,79000,VR (Finlandia),2025-09-14,2025-09-14,"{Comida,Wifi,Calefacción}",
123735,57174,2025-12-27,1820000,7,No disponible,1820,stjucaga988@viajes.cl,Talavera de la Reina,Cáceres,76,2627,260000,Emirates,2026-01-11,2026-01-12,{},
148897,,,,,Disponible,0,stmaarsa493@viajes.cl,Estepona,Santander,90,1436,70000,Italo,2026-03-17,2026-05-15,"{Calefacción,Baño,TV}",
132026,61798,2026-04-22,540000,9,No disponible,540,stmapubé533@viajes.cl,Manresa,Pamplona,52,881,60000,Trenitalia,2026-09-10,2026-09-10,"{Baño,TV,Wifi}",
78501,57752,2025-01-25,2367000,9,No disponible,2367,stniniba272@viajes.cl,Santa Coloma de Gramanet,Las Palmas de Gran Canaria,43,3168,263000,ZS (Eslovenia),2025-05-16,2025-05-18,,
149431,,,,,Disponible,0,stroseal875@viajes.cl,San Sebastían de los Reyes,Ferrol,2,2387,250000,SBB (Suiza),2025-08-10,2025-11-17,"{Baño,""Asientos reclinables"",Agua,Calefacción,Wifi}",
98599,64276,2025-05-28,328000,2,No disponible,328,stsacemo586@viajes.cl,Roquetas de Mar,Parla,,1532,164000,,2026-01-01,,"{TV,Comida,""Aire acondicionado"",Baño}",
139830,57175,2025-01-11,62000,1,No disponible,62,stsiquho545@viajes.cl,Gandía,Benidorm,35,2576,62000,Condor Bus,2025-01-27,2025-01-28,"{""Asientos reclinables"",TV,Wifi}",
103077,58015,2025-03-31,890000,10,No disponible,890,suhemá328@viajes.cl,Collado Villalba,Alcoy,42,1827,89000,Eurostar,2025-10-16,2025-10-17,"{""Aire acondicionado"",""Asientos reclinables"",Wifi,Calefacción}",
110889,63333,2025-04-18,2360000,8,No disponible,2360,velimo426@viajes.cl,Torremolinos,Vigo,88,3867,295000,United Airlines,2026-07-19,2026-07-21,{},
100286,61770,2025-02-09,436000,4,No disponible,436,veorpa980@viajes.cl,Bilbao,Lugo,30,1419,109000,Alsa,2025-08-05,2025-08-05,,
115906,64869,2025-01-03,405000,3,No disponible,405,verónica1481805@viajes.cl,,Lugo,10,2822,135000,Trenitalia,2026-07-27,2026-07-28,"{""Asientos reclinables"",Comida,Wifi,Agua,Calefacción}",
149502,,,,,Disponible,0,viresa520@viajes.cl,Vitoria,Marbella,80,1648,94000,Eurostar,2025-03-27,2025-06-03,"{TV,Baño,Wifi,Comida}",
150072,,,,,Disponible,0,virginia9404929@viajes.cl,Benidorm,Estepona,66,3812,334000,CFR (Rumania),2026-10-12,2027-03-19,,
149214,,,,,Disponible,0,vivemo487@viajes.cl,Telde,Cartagena,50,3105,114000,ŽFBH (Bosnia y Herzegovina),2025-02-04,2025-06-13,"{Wifi,Comida,Agua,TV,Baño,""Asientos reclinables""}",
96126,66340,2025-07-21,1475000,5,No disponible,1475,yolanda4808953@viajes.cl,Zaragoza,,98,3197,295000,Copa Airlines,2026-02-22,2026-02-24,{},
149906,,,,,Disponible,0,Óscarlara210@viajes.cl,Vigo,Fuengirola,5,2525,115000,RZD (Rusia),2026-06-17,2026-09-30,"{Wifi,Comida,""Asientos reclinables"",Calefacción,Baño}",
149045,,,,,Disponible,0,óscar8305124@viajes.cl,Valdemoro,Elche,33,3270,382000,ZFBH (Bosnia y Herzegovina),2025-12-27,2026-05-12,,
108397,65111,2025-06-17,585000,9,No disponible,585,óscar9962637@viajes.cl,Lugo,Paterna,7,1234,65000,Emirates,2025-08-01,2025-08-01,{},
129022,60252,2025-07-14,325000,5,No disponible,325,ósheza630@viajes.cl,Bilbao,Gijón,60,1975,65000,Italo,2025-10-28,2025-10-29,"{""Asientos reclinables"",""Aire acondicionado"",TV,Agua}",
147101,,,,,Disponible,0,Albertocarranza913@viajes.cl,,Sanlúcar de Barrameda,59,2078,148000,KLM,2025-02-26,,{},
147043,,,,,Disponible,0,Arturosalas423@viajes.cl,Algeciras,Jerez de la Frontera,,3333,275000,Ryanair,2025-03-12,2025-07-28,{},
129517,57091,2025-05-24,1030000,5,No disponible,1030,Carlosloera513@viajes.cl,Parla,Leganés,23,2803,206000,Ryanair,2026-08-03,2026-08-04,,
118282,61592,2025-05-12,1544000,8,No disponible,1544,Cristinadelatorre259@viajes.cl,Murcia,Baracaldo,21,2816,193000,Turkish Airlines,2026-07-23,2026-07-24,{},
130966,61660,2025-09-14,450000,3,No disponible,450,Cristinagarza954@viajes.cl,Viladecans,Ceuta,61,887,150000,Vueling,2026-11-30,2026-11-30,{},
111381,60214,2025-03-13,1296000,9,No disponible,1296,Doloreslucio682@viajes.cl,La Línea de la Concepción,Castellón de la Plana,83,1171,144000,,2025-12-27,2025-12-27,{},
146983,,,,,Disponible,0,Elenamontemayor792@viajes.cl,Rubí,Puertollano,7,1748,196000,American Airlines,2025-11-26,2026-02-06,{},
131679,63094,2025-03-12,1224000,8,No disponible,1224,Elvirajaimes547@viajes.cl,Vitoria,Sabadell,27,719,153000,Turkish Airlines,2025-06-28,2025-06-28,{},
114960,61536,2025-03-26,405000,1,No disponible,405,Emiliabermúdez819@viajes.cl,Santa Coloma de Gramanet,Molina de Segura,75,4277,405000,,2025-05-02,2025-05-04,{},
148598,,,,,Disponible,0,Emiliotijerina676@viajes.cl,Cartagena,Talavera de la Reina,65,4158,432000,Japan Airlines,2026-09-08,2027-02-28,{},
104701,59672,2025-02-08,1592000,8,No disponible,1592,Ernestocerda293@viajes.cl,Fuengirola,Palma de Mallorca,41,504,199000,,2025-02-11,2025-02-11,{},
87621,60035,2026-03-11,1305000,5,No disponible,1305,Franciscojesús882@viajes.cl,Badalona,Santiago de Compostela,28,2444,261000,Vueling,2026-10-10,2026-10-11,{},
126996,64101,2025-10-11,360000,8,No disponible,360,Gilbertosoria980@viajes.cl,Valdemoro,Torrevieja,78,177,45000,Emirates,2026-01-17,2026-01-17,{},
85323,56125,2025-02-15,385000,5,No disponible,385,Gregorionieto138@viajes.cl,San Sebastián,Valladolid,6,1178,77000,All Nippon Airways (ANA),2025-05-07,2025-05-07,{},
143206,63376,2025-04-22,2800000,10,No disponible,2800,Horacioaparicio754@viajes.cl,Salamanca,Reus,34,4068,280000,EasyJet,2025-05-24,2025-05-26,{},
123892,59988,2025-01-11,208000,2,No disponible,208,Jacobobueno267@viajes.cl,Calahorra,Santa Lucía de Tirajana,8,3119,104000,,2025-03-04,2025-03-06,{},
103454,57347,2025-08-12,354000,3,No disponible,354,Jorgearmenta382@viajes.cl,Fuenlabrada,Reus,84,587,118000,Singapore Airlines,2025-10-02,2025-10-02,{},
131746,62453,2025-09-14,2470000,10,No disponible,2470,Joséalonso117@viajes.cl,Gandía,Palma de Mallorca,52,3092,247000,British Airways,2025-11-08,2025-11-10,{},
89850,56952,2025-04-11,365000,5,No disponible,365,Leticiaperalta553@viajes.cl,Ferrol,Alcobendas,74,1472,73000,Delta Air Lines,2025-07-30,2025-07-31,{},
105199,60789,2025-11-15,1136000,4,No disponible,1136,Lorenzoadorno716@viajes.cl,Ferrol,,46,3726,284000,KLM,2026-01-16,2026-01-18,{},
148608,,,,,Disponible,0,lusana316@viajes.cl,Marbella,Cartagena,69,3631,181000,Emirates,2026-04-20,2026-09-18,{},
109375,57017,2026-03-30,280000,2,No disponible,280,Luisorellana841@viajes.cl,Vigo,Roquetas de Mar,96,2459,140000,Delta Air Lines,2026-11-14,2026-11-15,{},
147041,,,,,Disponible,0,Margaritabadillo820@viajes.cl,Dos Hermanas,Guadalajara,46,2958,217000,Southwest Airlines,2026-08-06,2026-12-07,{},
84266,61660,2025-01-06,960000,10,No disponible,960,Maríacrespo351@viajes.cl,Baracaldo,El Prat de LLobregat,50,1950,96000,Delta Air Lines,2025-03-01,2025-03-02,{},
147007,,,,,Disponible,0,Maríameza143@viajes.cl,Granollers,Cerdañola del Vallés,21,2821,92000,Wizz Air,2025-07-18,2025-11-12,{},
148009,,,,,Disponible,0,Maríarodarte813@viajes.cl,Arrecife,Santiago de Compostela,84,1435,31000,Etihad Airways,2025-09-09,2025-11-07,{},
90951,61197,2025-05-18,2500000,10,No disponible,2500,Miguelaraña665@viajes.cl,Mijas,Alcalá de Guadaira,24,3033,250000,Aeroméxico,2025-06-09,2025-06-11,{},
138007,66571,2026-02-14,464000,8,No disponible,464,Nicolásmorales493@viajes.cl,Palencia,Huelva,37,1723,58000,Vueling,2026-11-30,2026-12-01,{},
111234,63538,2026-01-17,704000,4,No disponible,704,Ramonaguzmán438@viajes.cl,Cáceres,Valdemoro,42,1821,176000,Singapore Airlines,2026-10-12,2026-10-13,{},
148265,,,,,Disponible,0,Ramonaleal263@viajes.cl,Valladolid,Leganés,95,1108,122000,Air Canada,2026-09-21,2026-11-06,{},
148416,,,,,Disponible,0,Raúlcabán208@viajes.cl,Toledo,Valencia,8,3511,150000,Alaska Airlines,2025-10-30,2026-03-25,{},
148316,,,,,Disponible,0,Raúlzayas172@viajes.cl,Avilés,Alcalá de Guadaira,31,2447,295000,Copa Airlines,2025-03-04,2025-06-13,{},
147465,,,,,Disponible,0,Rodrigoangulo949@viajes.cl,Tarragona,Burgos,16,1588,119000,Air France,2026-08-03,2026-10-08,{},
133404,58839,2025-01-15,320000,10,No disponible,320,Rosariodíaz538@viajes.cl,Castellón de la Plana,Gerona,84,172,32000,Lufthansa,2026-10-06,2026-10-06,{},
118602,60164,2025-02-09,948000,6,No disponible,948,Salvadorjesús766@viajes.cl,,El Puerto de Santa María,62,1947,158000,Aeroméxico,2026-07-10,2026-07-11,{},
147472,,,,,Disponible,0,Salvadorsisneros837@viajes.cl,Irún,Toledo,66,1027,118000,Lufthansa,2026-04-23,2026-06-04,{},
121001,64735,2026-01-07,609000,7,No disponible,609,Saraalarcón969@viajes.cl,Móstoles,Fuengirola,67,941,87000,Frontier Airlines,2026-03-02,2026-03-02,{},
134418,57072,2025-05-03,560000,10,No disponible,560,Soniaquintana185@viajes.cl,Ávila,Málaga,100,568,56000,Lufthansa,2026-06-22,2026-06-22,{},
147019,,,,,Disponible,0,Sr.ochoa742@viajes.cl,Santa Cruz de Tenerife,Arrecife,59,2250,85000,Qantas,2026-06-11,2026-09-12,{},
146953,,,,,Disponible,0,Sra.jaime757@viajes.cl,Tarragona,Majadahonda,73,1068,55000,All Nippon Airways (ANA),2025-06-08,2025-07-22,{},
136643,55803,2025-01-21,505000,5,No disponible,505,Sra.loera788@viajes.cl,Alcobendas,Cuenta,19,922,101000,JetBlue,2026-11-01,2026-11-01,{},
148136,,,,,Disponible,0,Sra.nieto446@viajes.cl,Cerdañola del Vallés,Chiclana de la Frontera,72,3690,171000,Delta Air Lines,2026-04-05,2026-09-05,{},
148253,,,,,Disponible,0,Sta.figueroa949@viajes.cl,Lorca,Benalmádena,42,2681,145000,United Airlines,2026-01-18,2026-05-09,{},
147079,,,,,Disponible,0,Sta.parra332@viajes.cl,Santiago de Compostela,Cádiz,89,4042,463000,Ethiopian Airlines,2026-08-29,2027-02-13,{},
148484,,,,,Disponible,0,Sta.rocha539@viajes.cl,Granada,Mijas,52,1893,191000,,2025-10-03,2025-12-20,{},
148354,,,,,Disponible,0,Timoteohernández141@viajes.cl,Almería,Tarragona,,2791,86000,Iberia,2026-01-26,2026-05-22,{},
99210,63650,2025-01-05,137000,1,No disponible,137,Víctorcervantes761@viajes.cl,Madrid,Toledo,6,371,137000,Qatar Airways,2025-01-20,2025-01-20,{},
119795,57315,2025-01-23,412000,2,No disponible,412,adruvé344@viajes.cl,Gandía,Cuenta,64,3446,206000,WestJet,2025-02-09,2025-02-11,{},
99400,65533,2025-03-16,2121000,7,No disponible,2121,adán3347212@viajes.cl,Barcelona,Talavera de la Reina,26,3344,303000,Qantas,2026-09-06,2026-09-08,{},
82034,66611,2025-04-29,984000,6,No disponible,984,adán6039173@viajes.cl,Zaragoza,Burgos,92,4230,164000,British Airways,2025-08-18,2025-08-20,{},
136055,61420,2026-03-14,144000,3,No disponible,144,agvisa375@viajes.cl,La Coruña,,56,789,48000,United Airlines,2026-10-01,2026-10-01,{},
85566,55653,2025-05-01,420000,4,No disponible,420,alcegá275@viajes.cl,Oviedo,Torrejón de Ardoz,6,892,105000,,2025-05-05,2025-05-05,{},
147106,,,,,Disponible,0,amapgu909@viajes.cl,Cuenta,Mérida,45,3898,213000,Wizz Air,2026-10-07,2027-03-18,{},
123712,58991,2025-02-21,232000,1,No disponible,232,amgávi612@viajes.cl,Algeciras,Majadahonda,11,2601,232000,Lufthansa,2025-10-01,2025-10-02,{},
118297,59475,2025-03-10,840000,8,No disponible,840,ana1890804@viajes.cl,Torrevieja,La Línea de la Concepción,32,724,105000,Aeroméxico,2025-03-16,2025-03-16,{},
141330,65496,2025-01-04,149000,1,No disponible,149,ana4177960@viajes.cl,Jerez de la Frontera,León,41,317,149000,All Nippon Airways (ANA),2025-06-02,2025-06-02,{},
107022,57203,2025-09-05,660000,2,No disponible,660,angoac972@viajes.cl,Orihuela,Cádiz,17,3564,330000,Spirit Airlines,2025-11-06,2025-11-08,{},
122320,62812,2026-01-24,1620000,5,No disponible,1620,anlurura621@viajes.cl,Murcia,Pozuelo de Alarcón,,3224,324000,WestJet,2026-07-15,2026-07-17,{},
109998,59538,2025-03-23,370000,1,No disponible,370,anmaaydu522@viajes.cl,Chiclana de la Frontera,Elche,6,4300,370000,Delta Air Lines,2026-08-02,2026-08-04,{},
127345,58281,2025-03-16,1755000,9,No disponible,1755,anmave718@viajes.cl,Benidorm,Roquetas de Mar,39,1803,195000,Copa Airlines,2026-09-16,2026-09-17,{},
126994,64101,2025-07-06,896000,8,No disponible,896,antonia4933537@viajes.cl,,Alcalá de Henares,99,1321,112000,Air France,2026-01-16,2026-01-16,{},
147273,,,,,Disponible,0,arteal325@viajes.cl,Gecho,Puertollano,32,852,38000,Turkish Airlines,2026-08-28,2026-10-02,{},
86248,57991,2025-01-06,180000,10,No disponible,180,bepaba265@viajes.cl,Zamora,Benalmádena,97,535,18000,Alaska Airlines,2026-02-09,2026-02-09,{},
124173,57691,2025-10-14,1480000,10,No disponible,1480,cahago710@viajes.cl,Ceuta,Orihuela,29,1627,148000,,2025-11-22,,{},
130261,59529,2025-01-02,61000,1,No disponible,61,claudia8772514@viajes.cl,Cartagena,Viladecans,91,941,61000,Air New Zealand,2025-10-03,2025-10-03,{},
148500,,,,,Disponible,0,coarro408@viajes.cl,Inca,Alcalá de Guadaira,22,3063,222000,KLM,2026-06-09,2026-10-14,{},
147210,,,,,Disponible,0,david2699917@viajes.cl,Hospitalet de LLobregat,Castellón de la Plana,17,2501,124000,Aeroméxico,2025-09-07,2025-12-20,{},
81822,58819,2025-04-03,3024000,7,No disponible,3024,diana5279558@viajes.cl,San Sebastián,Córdoba,64,4008,432000,EasyJet,2026-07-18,2026-07-20,,
148070,,,,,Disponible,0,elchpa632@viajes.cl,Burgos,Palencia,79,3597,165000,Qatar Airways,2025-02-03,2025-07-02,{},
147256,,,,,Disponible,0,elágca283@viajes.cl,San Sebastián,Mataró,33,2668,296000,Alaska Airlines,2025-09-22,,{},
121000,64735,2025-04-22,742000,7,No disponible,742,encale987@viajes.cl,Torrevieja,Móstoles,13,2526,106000,WestJet,2026-03-01,2026-03-02,{},
107352,62832,2025-08-19,950000,5,No disponible,950,ernesto3187128@viajes.cl,Alicante,Lérida,65,1746,190000,Frontier Airlines,2025-09-24,2025-09-25,{},
89546,57077,2025-04-02,1336000,8,No disponible,1336,espema328@viajes.cl,Marbella,Murcia,25,2263,167000,Etihad Airways,2026-10-02,2026-10-03,{},
147335,,,,,Disponible,0,federico4793258@viajes.cl,Collado Villalba,Talavera de la Reina,87,4052,201000,Aeroméxico,2025-08-24,2026-02-08,{},
135025,66588,2025-01-12,828000,9,No disponible,828,flvave980@viajes.cl,Toledo,Algeciras,12,1121,92000,EasyJet,2025-04-24,2025-04-24,{},
148609,,,,,Disponible,0,francisco1743593@viajes.cl,Santiago de Compostela,Arrecife,5,196,131000,Air New Zealand,2026-01-30,2026-02-07,{},
99886,57318,2025-04-28,1575000,5,No disponible,1575,gabriela4787419@viajes.cl,Cáceres,Rubí,13,3486,315000,Avianca,2025-06-05,2025-06-07,{},
96473,63131,2025-02-14,558000,2,No disponible,558,gacaad829@viajes.cl,Mollet del Vallés,Lérida,10,2542,279000,Ethiopian Airlines,2025-07-14,2025-07-15,{},
96855,61898,2026-05-10,3980000,10,No disponible,3980,gesaig920@viajes.cl,Hospitalet de LLobregat,Torrelavega,58,3530,398000,Turkish Airlines,2026-08-13,2026-08-15,{},
140156,63693,2025-12-16,758000,2,No disponible,758,geteco332@viajes.cl,Salamanca,El Prat de LLobregat,68,3681,379000,EasyJet,2026-11-26,2026-11-28,{},
87963,66051,2025-04-28,1928000,4,No disponible,1928,gregorio2059471@viajes.cl,Paterna,Ávila,99,3788,482000,Iberia,2025-06-18,2025-06-20,{},
113432,55907,2025-02-07,832000,4,No disponible,832,gregorio4266951@viajes.cl,,Chiclana de la Frontera,25,3851,208000,Air France,2026-04-30,,{},
109830,58458,2025-02-19,819000,9,No disponible,819,grjaig399@viajes.cl,Alcoy,Rivas-Vaciamadrid,4,1988,91000,Wizz Air,2025-10-10,2025-10-11,{},
122497,63951,2025-01-13,2388000,6,No disponible,2388,honúza973@viajes.cl,,Santander,10,3863,398000,Qantas,2026-10-07,2026-10-09,{},
147418,,,,,Disponible,0,horilo469@viajes.cl,Castellón de la Plana,Gecho,70,122,174000,Wizz Air,2025-01-18,2025-01-23,{},
113186,59678,2025-03-14,1062000,9,No disponible,1062,hubame100@viajes.cl,Valladolid,Elda,34,3408,118000,,2025-06-05,2025-06-07,{},
94093,57118,2025-06-09,2970000,6,No disponible,2970,huciap119@viajes.cl,Motril,Zamora,23,4255,495000,Qantas,2026-09-08,2026-09-10,{},
147942,,,,,Disponible,0,jacama710@viajes.cl,Lugo,,92,3202,102000,United Airlines,2025-10-31,2026-03-13,{},
106622,58743,2025-04-06,1104000,8,No disponible,1104,jopabu104@viajes.cl,Parla,Santa Coloma de Gramanet,18,922,138000,Frontier Airlines,2026-08-10,,{},
135516,64498,2025-11-09,801000,3,No disponible,801,josé7055717@viajes.cl,Almería,Lugo,11,3577,267000,Japan Airlines,2026-01-08,2026-01-10,{},
82642,66341,2025-08-13,873000,9,No disponible,873,jucébeva663@viajes.cl,Burgos,Arrecife,7,2541,97000,LATAM Airlines,2025-11-11,2025-11-12,{},
146982,,,,,Disponible,0,jucéguvi280@viajes.cl,Palencia,La Línea de la Concepción,63,3482,110000,Southwest Airlines,2025-11-04,2026-03-29,{},
147986,,,,,Disponible,0,juolol339@viajes.cl,Elda,Cerdañola del Vallés,30,1608,134000,Frontier Airlines,2026-05-04,2026-07-10,{},
147031,,,,,Disponible,0,jutaáv641@viajes.cl,Fuengirola,Mérida,48,3775,267000,Avianca,2025-04-01,2025-09-05,{},
146997,,,,,Disponible,0,leonor9451196@viajes.cl,Badajoz,Vigo,50,4031,200000,Alaska Airlines,2026-01-12,2026-06-28,{},
81013,61625,2025-04-29,1560000,5,No disponible,1560,leorti155@viajes.cl,Paterna,León,14,3375,312000,Alaska Airlines,2026-07-05,2026-07-07,{},
107792,58263,2025-09-28,1715000,7,No disponible,1715,lola905232@viajes.cl,Jerez de la Frontera,Roquetas de Mar,35,3430,245000,Air Canada,2026-11-10,2026-11-12,{},
114019,61191,2025-06-26,256000,8,No disponible,256,lourdes4205209@viajes.cl,Madrid,Córdoba,43,1340,32000,Turkish Airlines,2025-11-17,2025-11-17,{},
90886,61071,2025-04-19,392000,7,No disponible,392,lucabo108@viajes.cl,Mérida,Gandía,41,1484,56000,,2025-08-21,2025-08-22,{},
148504,,,,,Disponible,0,lurosi472@viajes.cl,Sabadell,Algeciras,52,2685,284000,Air New Zealand,2025-12-16,2026-04-06,{},
147546,,,,,Disponible,0,luz7344853@viajes.cl,Logroño,Mataró,73,3194,246000,Frontier Airlines,2026-03-06,2026-07-17,,
148399,,,,,Disponible,0,mapéga398@viajes.cl,Ceuta,Cartagena,91,371,28000,JetBlue,2025-11-01,2025-11-16,{},
90130,56502,2025-04-20,87000,1,No disponible,87,marco4750582@viajes.cl,Segovia,Jerez de la Frontera,78,1081,87000,All Nippon Airways (ANA),2025-05-29,2025-05-29,{},
148124,,,,,Disponible,0,mariana7039242@viajes.cl,Orense,Lugo,57,3129,348000,Japan Airlines,2025-10-14,2026-02-21,{},
129885,60195,2025-08-20,328000,2,No disponible,328,mariano1060145@viajes.cl,Roquetas de Mar,Madrid,4,2670,164000,KLM,2026-06-13,2026-06-14,{},
148101,,,,,Disponible,0,mario640726@viajes.cl,Toledo,Móstoles,71,2275,94000,Alaska Airlines,2026-08-22,2026-11-24,,
135545,57527,2026-01-07,2136000,6,No disponible,2136,marose818@viajes.cl,San Sebastián,Sanlúcar de Barrameda,84,4023,356000,Spirit Airlines,2026-04-22,2026-04-24,{},
144038,61523,2025-01-01,3030000,10,No disponible,3030,maría1459222@viajes.cl,Fuengirola,Orense,49,4225,303000,Southwest Airlines,2025-04-14,2025-04-16,{},
121632,58887,2025-05-04,2712000,8,No disponible,2712,maría3991976@viajes.cl,Avilés,Valencia,64,4171,339000,All Nippon Airways (ANA),2026-05-29,2026-05-31,{},
147223,,,,,Disponible,0,maría4511762@viajes.cl,Elda,Ávila,32,771,148000,Delta Air Lines,2025-04-12,2025-05-14,{},
148256,,,,,Disponible,0,mateo2584848@viajes.cl,Roquetas de Mar,San Fernando,93,658,122000,Alaska Airlines,2025-06-01,2025-06-28,{},
148285,,,,,Disponible,0,mateo7221105@viajes.cl,Badajoz,San Cristróbal de la Laguna,,2103,175000,British Airways,2025-01-25,2025-04-22,{},
148075,,,,,Disponible,0,miguel7762265@viajes.cl,Málaga,San Sebastián,35,937,117000,Qatar Airways,2025-11-27,2026-01-05,{},
148077,,,,,Disponible,0,mónica1582901@viajes.cl,Alcalá de Guadaira,Valladolid,74,3539,308000,Air Canada,2026-07-07,2026-12-01,{},
88340,65278,2025-05-17,1100000,10,No disponible,1100,octavio917278@viajes.cl,Viladecans,Alcoy,90,2868,110000,WestJet,2025-11-15,2025-11-16,{},
147521,,,,,Disponible,0,pamade476@viajes.cl,Elche,Coslada,63,548,160000,Japan Airlines,2025-02-01,2025-02-23,{},
101529,66602,2025-08-18,1324000,4,No disponible,1324,papaci882@viajes.cl,Dos Hermanas,Segovia,47,3085,331000,Frontier Airlines,2026-02-22,2026-02-24,{},
132307,57970,2025-02-16,1350000,9,No disponible,1350,patricia8996692@viajes.cl,Calahorra,Palma de Mallorca,26,2021,150000,Qatar Airways,2025-07-21,2025-07-22,{},
85909,66346,2025-04-05,78000,2,No disponible,78,pedro5278659@viajes.cl,Valladolid,Avilés,7,134,39000,Southwest Airlines,2025-05-16,2025-05-16,{},
147991,,,,,Disponible,0,picaba895@viajes.cl,Vitoria,Paterna,48,4012,430000,Ethiopian Airlines,2025-04-14,2025-09-28,{},
148331,,,,,Disponible,0,pivice769@viajes.cl,Rubí,Sabadell,84,3959,306000,Wizz Air,2026-06-04,2026-11-15,{},
93490,64411,2025-05-08,1840000,10,No disponible,1840,rabéma434@viajes.cl,Salamanca,Marbella,61,2079,184000,Frontier Airlines,2025-06-11,2025-06-12,{},
147983,,,,,Disponible,0,ramiro8561965@viajes.cl,Gecho,Majadahonda,37,2848,126000,Air Canada,2025-10-24,2026-02-19,{},
148487,,,,,Disponible,0,raviga372@viajes.cl,Huelva,Torremolinos,50,3650,319000,Japan Airlines,2025-08-02,2026-01-01,{},
147153,,,,,Disponible,0,reciso597@viajes.cl,Talavera de la Reina,Rubí,40,2559,218000,Avianca,2025-01-22,2025-05-08,{},
109074,55870,2025-02-05,2358000,9,No disponible,2358,reina5836237@viajes.cl,Albacete,Benidorm,50,2982,262000,United Airlines,2025-07-12,,{},
148551,,,,,Disponible,0,ricardo3973419@viajes.cl,Las Palmas de Gran Canaria,Alcalá de Henares,42,2718,233000,,2026-05-27,2026-09-17,{},
148464,,,,,Disponible,0,ricardo4847308@viajes.cl,Ponferrada,San Sebastían de los Reyes,3,1396,135000,British Airways,2026-05-31,2026-07-28,{},
147656,,,,,Disponible,0,rigipa534@viajes.cl,Sagunto,Alcalá de Henares,57,2151,126000,British Airways,2026-05-23,2026-08-20,{},
89394,61974,2025-02-02,184000,8,No disponible,184,samuel7438504@viajes.cl,,Zamora,82,658,23000,Avianca,2025-10-14,2025-10-14,{},
112151,65351,2025-01-02,2110000,10,No disponible,2110,samuel9126473@viajes.cl,Inca,Lugo,64,2743,211000,Air Canada,2025-01-03,2025-01-04,{},
116355,60056,2025-01-25,2970000,6,No disponible,2970,santiago5940278@viajes.cl,Sanlúcar de Barrameda,La Coruña,78,4095,495000,Frontier Airlines,2025-03-29,2025-03-31,{},
147646,,,,,Disponible,0,santiago9579341@viajes.cl,Santa Coloma de Gramanet,,33,1302,120000,Copa Airlines,2025-11-20,2026-01-13,{},
141720,62563,2025-09-30,624000,4,No disponible,624,sasegr729@viajes.cl,Pamplona,San Sebastián,88,1507,156000,Japan Airlines,2025-10-10,2025-10-11,{},
147309,,,,,Disponible,0,sergio8830950@viajes.cl,,Cartagena,82,1326,111000,EasyJet,2025-09-16,2025-11-10,{},
148594,,,,,Disponible,0,sonia3028381@viajes.cl,Collado Villalba,Jaén,,3584,192000,Air New Zealand,2026-01-30,2026-06-28,{},
96175,64365,2025-01-02,730000,5,No disponible,730,sr.6552793@viajes.cl,Arrecife,Almería,49,1587,146000,Air France,2025-03-05,2025-03-06,{},
147560,,,,,Disponible,0,sr.8238424@viajes.cl,Burgos,Santa Coloma de Gramanet,29,907,135000,Alaska Airlines,2025-11-05,,{},
134314,60127,2025-01-11,600000,6,No disponible,600,sra.206109@viajes.cl,Benalmádena,Jaén,82,1900,100000,Air New Zealand,2025-01-24,2025-01-25,{},
106545,64757,2025-03-09,1337000,7,No disponible,1337,sra.5975480@viajes.cl,Lérida,Motril,90,2515,191000,Qatar Airways,2026-01-24,2026-01-25,{},
84326,57265,2025-02-14,444000,3,No disponible,444,sra.7988218@viajes.cl,Vigo,Las Palmas de Gran Canaria,37,861,148000,Ethiopian Airlines,2025-09-11,2025-09-11,{},
147703,,,,,Disponible,0,sra.9139309@viajes.cl,Gijón,Valencia,34,434,133000,KLM,2026-08-26,2026-09-13,{},
86848,62303,2025-06-30,162000,6,No disponible,162,sralbabu154@viajes.cl,Sanlúcar de Barrameda,Rivas-Vaciamadrid,57,417,27000,EasyJet,2026-06-09,2026-06-09,{},
139628,60433,2025-03-18,152000,2,No disponible,152,srjoeság861@viajes.cl,Zamora,Bilbao,96,150,76000,,2026-06-10,2026-06-10,{},
138332,60680,2025-05-06,3420000,10,No disponible,3420,sroccoma170@viajes.cl,Fuenlabrada,Ceuta,51,3235,342000,All Nippon Airways (ANA),2025-07-17,2025-07-19,{},
147459,,,,,Disponible,0,srregosá868@viajes.cl,,Badajoz,33,4202,269000,Vueling,2025-10-29,2026-04-22,{},
127294,57851,2026-03-19,1050000,6,No disponible,1050,srribaro313@viajes.cl,San Sebastián,Pozuelo de Alarcón,92,2497,175000,Wizz Air,2026-09-21,2026-09-22,{},
89483,62903,2025-08-08,1068000,4,No disponible,1068,srroarcu667@viajes.cl,Tarrasa,Orihuela,8,2599,267000,United Airlines,2026-01-10,2026-01-11,{},
127198,65781,2025-06-30,375000,5,No disponible,375,srsazamo562@viajes.cl,Madrid,Lérida,65,1029,75000,Turkish Airlines,2025-07-29,2025-07-29,{},
104949,56221,2025-10-24,880000,5,No disponible,880,sránocza476@viajes.cl,Cuenta,Tarrasa,80,1684,176000,KLM,2026-07-07,2026-07-08,{},
146972,,,,,Disponible,0,sta.3999824@viajes.cl,Gerona,Lérida,72,3140,148000,Copa Airlines,2026-04-14,2026-08-22,{},
147100,,,,,Disponible,0,sta.4768264@viajes.cl,Huelva,Linares,88,322,103000,KLM,2025-03-26,2025-04-08,,
147937,,,,,Disponible,0,sta.6684379@viajes.cl,Puertollano,Reus,60,1129,60000,LATAM Airlines,2026-11-11,2026-12-28,{},
118298,59475,2025-03-13,1400000,8,No disponible,1400,sta.7893328@viajes.cl,La Línea de la Concepción,Pamplona,41,703,175000,Qantas,2025-03-16,2025-03-16,{},
83192,64368,2025-01-06,1935000,9,No disponible,1935,sta.8232485@viajes.cl,Albacete,Inca,60,2373,215000,Avianca,2025-01-08,2025-01-09,{},
123735,57174,2025-12-27,1820000,7,No disponible,1820,stjucaga988@viajes.cl,Talavera de la Reina,Cáceres,76,2627,260000,Emirates,2026-01-11,2026-01-12,{},
110889,63333,2025-04-18,2360000,8,No disponible,2360,velimo426@viajes.cl,Torremolinos,Vigo,88,3867,295000,United Airlines,2026-07-19,2026-07-21,{},
96126,66340,2025-07-21,1475000,5,No disponible,1475,yolanda4808953@viajes.cl,Zaragoza,,98,3197,295000,Copa Airlines,2026-02-22,2026-02-24,{},
147101,,,,,Disponible,0,Albertocarranza913@viajes.cl,,Sanlúcar de Barrameda,59,2078,148000,KLM,2025-02-26,,{},
147043,,,,,Disponible,0,Arturosalas423@viajes.cl,Algeciras,Jerez de la Frontera,,3333,275000,Ryanair,2025-03-12,2025-07-28,{},
129517,57091,2025-05-24,1030000,5,No disponible,1030,Carlosloera513@viajes.cl,Parla,Leganés,23,2803,206000,Ryanair,2026-08-03,2026-08-04,,
118282,61592,2025-05-12,1544000,8,No disponible,1544,Cristinadelatorre259@viajes.cl,Murcia,Baracaldo,21,2816,193000,Turkish Airlines,2026-07-23,2026-07-24,{},
130966,61660,2025-09-14,450000,3,No disponible,450,Cristinagarza954@viajes.cl,Viladecans,Ceuta,61,887,150000,Vueling,2026-11-30,2026-11-30,{},
111381,60214,2025-03-13,1296000,9,No disponible,1296,Doloreslucio682@viajes.cl,La Línea de la Concepción,Castellón de la Plana,83,1171,144000,,2025-12-27,2025-12-27,{},
146983,,,,,Disponible,0,Elenamontemayor792@viajes.cl,Rubí,Puertollano,7,1748,196000,American Airlines,2025-11-26,2026-02-06,{},
131679,63094,2025-03-12,1224000,8,No disponible,1224,Elvirajaimes547@viajes.cl,Vitoria,Sabadell,27,719,153000,Turkish Airlines,2025-06-28,2025-06-28,{},
114960,61536,2025-03-26,405000,1,No disponible,405,Emiliabermúdez819@viajes.cl,Santa Coloma de Gramanet,Molina de Segura,75,4277,405000,,2025-05-02,2025-05-04,{},
148598,,,,,Disponible,0,Emiliotijerina676@viajes.cl,Cartagena,Talavera de la Reina,65,4158,432000,Japan Airlines,2026-09-08,2027-02-28,{},
104701,59672,2025-02-08,1592000,8,No disponible,1592,Ernestocerda293@viajes.cl,Fuengirola,Palma de Mallorca,41,504,199000,,2025-02-11,2025-02-11,{},
87621,60035,2026-03-11,1305000,5,No disponible,1305,Franciscojesús882@viajes.cl,Badalona,Santiago de Compostela,28,2444,261000,Vueling,2026-10-10,2026-10-11,{},
126996,64101,2025-10-11,360000,8,No disponible,360,Gilbertosoria980@viajes.cl,Valdemoro,Torrevieja,78,177,45000,Emirates,2026-01-17,2026-01-17,{},
85323,56125,2025-02-15,385000,5,No disponible,385,Gregorionieto138@viajes.cl,San Sebastián,Valladolid,6,1178,77000,All Nippon Airways (ANA),2025-05-07,2025-05-07,{},
143206,63376,2025-04-22,2800000,10,No disponible,2800,Horacioaparicio754@viajes.cl,Salamanca,Reus,34,4068,280000,EasyJet,2025-05-24,2025-05-26,{},
123892,59988,2025-01-11,208000,2,No disponible,208,Jacobobueno267@viajes.cl,Calahorra,Santa Lucía de Tirajana,8,3119,104000,,2025-03-04,2025-03-06,{},
103454,57347,2025-08-12,354000,3,No disponible,354,Jorgearmenta382@viajes.cl,Fuenlabrada,Reus,84,587,118000,Singapore Airlines,2025-10-02,2025-10-02,{},
131746,62453,2025-09-14,2470000,10,No disponible,2470,Joséalonso117@viajes.cl,Gandía,Palma de Mallorca,52,3092,247000,British Airways,2025-11-08,2025-11-10,{},
89850,56952,2025-04-11,365000,5,No disponible,365,Leticiaperalta553@viajes.cl,Ferrol,Alcobendas,74,1472,73000,Delta Air Lines,2025-07-30,2025-07-31,{},
105199,60789,2025-11-15,1136000,4,No disponible,1136,Lorenzoadorno716@viajes.cl,Ferrol,,46,3726,284000,KLM,2026-01-16,2026-01-18,{},
109375,57017,2026-03-30,280000,2,No disponible,280,Luisorellana841@viajes.cl,Vigo,Roquetas de Mar,96,2459,140000,Delta Air Lines,2026-11-14,2026-11-15,{},
147041,,,,,Disponible,0,Margaritabadillo820@viajes.cl,Dos Hermanas,Guadalajara,46,2958,217000,Southwest Airlines,2026-08-06,2026-12-07,{},
84266,61660,2025-01-06,960000,10,No disponible,960,Maríacrespo351@viajes.cl,Baracaldo,El Prat de LLobregat,50,1950,96000,Delta Air Lines,2025-03-01,2025-03-02,{},
147007,,,,,Disponible,0,Maríameza143@viajes.cl,Granollers,Cerdañola del Vallés,21,2821,92000,Wizz Air,2025-07-18,2025-11-12,{},
148009,,,,,Disponible,0,Maríarodarte813@viajes.cl,Arrecife,Santiago de Compostela,84,1435,31000,Etihad Airways,2025-09-09,2025-11-07,{},
90951,61197,2025-05-18,2500000,10,No disponible,2500,Miguelaraña665@viajes.cl,Mijas,Alcalá de Guadaira,24,3033,250000,Aeroméxico,2025-06-09,2025-06-11,{},
138007,66571,2026-02-14,464000,8,No disponible,464,Nicolásmorales493@viajes.cl,Palencia,Huelva,37,1723,58000,Vueling,2026-11-30,2026-12-01,{},
111234,63538,2026-01-17,704000,4,No disponible,704,Ramonaguzmán438@viajes.cl,Cáceres,Valdemoro,42,1821,176000,Singapore Airlines,2026-10-12,2026-10-13,{},
148265,,,,,Disponible,0,Ramonaleal263@viajes.cl,Valladolid,Leganés,95,1108,122000,Air Canada,2026-09-21,2026-11-06,{},
148416,,,,,Disponible,0,Raúlcabán208@viajes.cl,Toledo,Valencia,8,3511,150000,Alaska Airlines,2025-10-30,2026-03-25,{},
148316,,,,,Disponible,0,Raúlzayas172@viajes.cl,Avilés,Alcalá de Guadaira,31,2447,295000,Copa Airlines,2025-03-04,2025-06-13,{},
147465,,,,,Disponible,0,Rodrigoangulo949@viajes.cl,Tarragona,Burgos,16,1588,119000,Air France,2026-08-03,2026-10-08,{},
133404,58839,2025-01-15,320000,10,No disponible,320,Rosariodíaz538@viajes.cl,Castellón de la Plana,Gerona,84,172,32000,Lufthansa,2026-10-06,2026-10-06,{},
118602,60164,2025-02-09,948000,6,No disponible,948,Salvadorjesús766@viajes.cl,,El Puerto de Santa María,62,1947,158000,Aeroméxico,2026-07-10,2026-07-11,{},
147472,,,,,Disponible,0,Salvadorsisneros837@viajes.cl,Irún,Toledo,66,1027,118000,Lufthansa,2026-04-23,2026-06-04,{},
121001,64735,2026-01-07,609000,7,No disponible,609,Saraalarcón969@viajes.cl,Móstoles,Fuengirola,67,941,87000,Frontier Airlines,2026-03-02,2026-03-02,{},
134418,57072,2025-05-03,560000,10,No disponible,560,Soniaquintana185@viajes.cl,Ávila,Málaga,100,568,56000,Lufthansa,2026-06-22,2026-06-22,{},
147019,,,,,Disponible,0,Sr.ochoa742@viajes.cl,Santa Cruz de Tenerife,Arrecife,59,2250,85000,Qantas,2026-06-11,2026-09-12,{},
146953,,,,,Disponible,0,Sra.jaime757@viajes.cl,Tarragona,Majadahonda,73,1068,55000,All Nippon Airways (ANA),2025-06-08,2025-07-22,{},
136643,55803,2025-01-21,505000,5,No disponible,505,Sra.loera788@viajes.cl,Alcobendas,Cuenta,19,922,101000,JetBlue,2026-11-01,2026-11-01,{},
148136,,,,,Disponible,0,Sra.nieto446@viajes.cl,Cerdañola del Vallés,Chiclana de la Frontera,72,3690,171000,Delta Air Lines,2026-04-05,2026-09-05,{},
148253,,,,,Disponible,0,Sta.figueroa949@viajes.cl,Lorca,Benalmádena,42,2681,145000,United Airlines,2026-01-18,2026-05-09,{},
147079,,,,,Disponible,0,Sta.parra332@viajes.cl,Santiago de Compostela,Cádiz,89,4042,463000,Ethiopian Airlines,2026-08-29,2027-02-13,{},
148484,,,,,Disponible,0,Sta.rocha539@viajes.cl,Granada,Mijas,52,1893,191000,,2025-10-03,2025-12-20,{},
148354,,,,,Disponible,0,Timoteohernández141@viajes.cl,Almería,Tarragona,,2791,86000,Iberia,2026-01-26,2026-05-22,{},
99210,63650,2025-01-05,137000,1,No disponible,137,Víctorcervantes761@viajes.cl,Madrid,Toledo,6,371,137000,Qatar Airways,2025-01-20,2025-01-20,{},
119795,57315,2025-01-23,412000,2,No disponible,412,adruvé344@viajes.cl,Gandía,Cuenta,64,3446,206000,WestJet,2025-02-09,2025-02-11,{},
99400,65533,2025-03-16,2121000,7,No disponible,2121,adán3347212@viajes.cl,Barcelona,Talavera de la Reina,26,3344,303000,Qantas,2026-09-06,2026-09-08,{},
82034,66611,2025-04-29,984000,6,No disponible,984,adán6039173@viajes.cl,Zaragoza,Burgos,92,4230,164000,British Airways,2025-08-18,2025-08-20,{},
136055,61420,2026-03-14,144000,3,No disponible,144,agvisa375@viajes.cl,La Coruña,,56,789,48000,United Airlines,2026-10-01,2026-10-01,{},
85566,55653,2025-05-01,420000,4,No disponible,420,alcegá275@viajes.cl,Oviedo,Torrejón de Ardoz,6,892,105000,,2025-05-05,2025-05-05,{},
147106,,,,,Disponible,0,amapgu909@viajes.cl,Cuenta,Mérida,45,3898,213000,Wizz Air,2026-10-07,2027-03-18,{},
123712,58991,2025-02-21,232000,1,No disponible,232,amgávi612@viajes.cl,Algeciras,Majadahonda,11,2601,232000,Lufthansa,2025-10-01,2025-10-02,{},
118297,59475,2025-03-10,840000,8,No disponible,840,ana1890804@viajes.cl,Torrevieja,La Línea de la Concepción,32,724,105000,Aeroméxico,2025-03-16,2025-03-16,{},
141330,65496,2025-01-04,149000,1,No disponible,149,ana4177960@viajes.cl,Jerez de la Frontera,León,41,317,149000,All Nippon Airways (ANA),2025-06-02,2025-06-02,{},
107022,57203,2025-09-05,660000,2,No disponible,660,angoac972@viajes.cl,Orihuela,Cádiz,17,3564,330000,Spirit Airlines,2025-11-06,2025-11-08,{},
122320,62812,2026-01-24,1620000,5,No disponible,1620,anlurura621@viajes.cl,Murcia,Pozuelo de Alarcón,,3224,324000,WestJet,2026-07-15,2026-07-17,{},
109998,59538,2025-03-23,370000,1,No disponible,370,anmaaydu522@viajes.cl,Chiclana de la Frontera,Elche,6,4300,370000,Delta Air Lines,2026-08-02,2026-08-04,{},
127345,58281,2025-03-16,1755000,9,No disponible,1755,anmave718@viajes.cl,Benidorm,Roquetas de Mar,39,1803,195000,Copa Airlines,2026-09-16,2026-09-17,{},
126994,64101,2025-07-06,896000,8,No disponible,896,antonia4933537@viajes.cl,,Alcalá de Henares,99,1321,112000,Air France,2026-01-16,2026-01-16,{},
147273,,,,,Disponible,0,arteal325@viajes.cl,Gecho,Puertollano,32,852,38000,Turkish Airlines,2026-08-28,2026-10-02,{},
86248,57991,2025-01-06,180000,10,No disponible,180,bepaba265@viajes.cl,Zamora,Benalmádena,97,535,18000,Alaska Airlines,2026-02-09,2026-02-09,{},
124173,57691,2025-10-14,1480000,10,No disponible,1480,cahago710@viajes.cl,Ceuta,Orihuela,29,1627,148000,,2025-11-22,,{},
130261,59529,2025-01-02,61000,1,No disponible,61,claudia8772514@viajes.cl,Cartagena,Viladecans,91,941,61000,Air New Zealand,2025-10-03,2025-10-03,{},
148500,,,,,Disponible,0,coarro408@viajes.cl,Inca,Alcalá de Guadaira,22,3063,222000,KLM,2026-06-09,2026-10-14,{},
147210,,,,,Disponible,0,david2699917@viajes.cl,Hospitalet de LLobregat,Castellón de la Plana,17,2501,124000,Aeroméxico,2025-09-07,2025-12-20,{},
81822,58819,2025-04-03,3024000,7,No disponible,3024,diana5279558@viajes.cl,San Sebastián,Córdoba,64,4008,432000,EasyJet,2026-07-18,2026-07-20,,
148070,,,,,Disponible,0,elchpa632@viajes.cl,Burgos,Palencia,79,3597,165000,Qatar Airways,2025-02-03,2025-07-02,{},
147256,,,,,Disponible,0,elágca283@viajes.cl,San Sebastián,Mataró,33,2668,296000,Alaska Airlines,2025-09-22,,{},
121000,64735,2025-04-22,742000,7,No disponible,742,encale987@viajes.cl,Torrevieja,Móstoles,13,2526,106000,WestJet,2026-03-01,2026-03-02,{},
107352,62832,2025-08-19,950000,5,No disponible,950,ernesto3187128@viajes.cl,Alicante,Lérida,65,1746,190000,Frontier Airlines,2025-09-24,2025-09-25,{},
89546,57077,2025-04-02,1336000,8,No disponible,1336,espema328@viajes.cl,Marbella,Murcia,25,2263,167000,Etihad Airways,2026-10-02,2026-10-03,{},
82642,66341,2025-08-13,873000,9,No disponible,873,jucébeva663@viajes.cl,Burgos,Arrecife,7,2541,97000,LATAM Airlines,2025-11-11,2025-11-12,{},
147335,,,,,Disponible,0,federico4793258@viajes.cl,Collado Villalba,Talavera de la Reina,87,4052,201000,Aeroméxico,2025-08-24,2026-02-08,{},
135025,66588,2025-01-12,828000,9,No disponible,828,flvave980@viajes.cl,Toledo,Algeciras,12,1121,92000,EasyJet,2025-04-24,2025-04-24,{},
148609,,,,,Disponible,0,francisco1743593@viajes.cl,Santiago de Compostela,Arrecife,5,196,131000,Air New Zealand,2026-01-30,2026-02-07,{},
99886,57318,2025-04-28,1575000,5,No disponible,1575,gabriela4787419@viajes.cl,Cáceres,Rubí,13,3486,315000,Avianca,2025-06-05,2025-06-07,{},
96473,63131,2025-02-14,558000,2,No disponible,558,gacaad829@viajes.cl,Mollet del Vallés,Lérida,10,2542,279000,Ethiopian Airlines,2025-07-14,2025-07-15,{},
96855,61898,2026-05-10,3980000,10,No disponible,3980,gesaig920@viajes.cl,Hospitalet de LLobregat,Torrelavega,58,3530,398000,Turkish Airlines,2026-08-13,2026-08-15,{},
140156,63693,2025-12-16,758000,2,No disponible,758,geteco332@viajes.cl,Salamanca,El Prat de LLobregat,68,3681,379000,EasyJet,2026-11-26,2026-11-28,{},
87963,66051,2025-04-28,1928000,4,No disponible,1928,gregorio2059471@viajes.cl,Paterna,Ávila,99,3788,482000,Iberia,2025-06-18,2025-06-20,{},
113432,55907,2025-02-07,832000,4,No disponible,832,gregorio4266951@viajes.cl,,Chiclana de la Frontera,25,3851,208000,Air France,2026-04-30,,{},
109830,58458,2025-02-19,819000,9,No disponible,819,grjaig399@viajes.cl,Alcoy,Rivas-Vaciamadrid,4,1988,91000,Wizz Air,2025-10-10,2025-10-11,{},
122497,63951,2025-01-13,2388000,6,No disponible,2388,honúza973@viajes.cl,,Santander,10,3863,398000,Qantas,2026-10-07,2026-10-09,{},
147418,,,,,Disponible,0,horilo469@viajes.cl,Castellón de la Plana,Gecho,70,122,174000,Wizz Air,2025-01-18,2025-01-23,{},
113186,59678,2025-03-14,1062000,9,No disponible,1062,hubame100@viajes.cl,Valladolid,Elda,34,3408,118000,,2025-06-05,2025-06-07,{},
94093,57118,2025-06-09,2970000,6,No disponible,2970,huciap119@viajes.cl,Motril,Zamora,23,4255,495000,Qantas,2026-09-08,2026-09-10,{},
147942,,,,,Disponible,0,jacama710@viajes.cl,Lugo,,92,3202,102000,United Airlines,2025-10-31,2026-03-13,{},
106622,58743,2025-04-06,1104000,8,No disponible,1104,jopabu104@viajes.cl,Parla,Santa Coloma de Gramanet,18,922,138000,Frontier Airlines,2026-08-10,,{},
135516,64498,2025-11-09,801000,3,No disponible,801,josé7055717@viajes.cl,Almería,Lugo,11,3577,267000,Japan Airlines,2026-01-08,2026-01-10,{},
146982,,,,,Disponible,0,jucéguvi280@viajes.cl,Palencia,La Línea de la Concepción,63,3482,110000,Southwest Airlines,2025-11-04,2026-03-29,{},
147986,,,,,Disponible,0,juolol339@viajes.cl,Elda,Cerdañola del Vallés,30,1608,134000,Frontier Airlines,2026-05-04,2026-07-10,{},
147031,,,,,Disponible,0,jutaáv641@viajes.cl,Fuengirola,Mérida,48,3775,267000,Avianca,2025-04-01,2025-09-05,{},
146997,,,,,Disponible,0,leonor9451196@viajes.cl,Badajoz,Vigo,50,4031,200000,Alaska Airlines,2026-01-12,2026-06-28,{},
81013,61625,2025-04-29,1560000,5,No disponible,1560,leorti155@viajes.cl,Paterna,León,14,3375,312000,Alaska Airlines,2026-07-05,2026-07-07,{},
107792,58263,2025-09-28,1715000,7,No disponible,1715,lola905232@viajes.cl,Jerez de la Frontera,Roquetas de Mar,35,3430,245000,Air Canada,2026-11-10,2026-11-12,{},
114019,61191,2025-06-26,256000,8,No disponible,256,lourdes4205209@viajes.cl,Madrid,Córdoba,43,1340,32000,Turkish Airlines,2025-11-17,2025-11-17,{},
90886,61071,2025-04-19,392000,7,No disponible,392,lucabo108@viajes.cl,Mérida,Gandía,41,1484,56000,,2025-08-21,2025-08-22,{},
148504,,,,,Disponible,0,lurosi472@viajes.cl,Sabadell,Algeciras,52,2685,284000,Air New Zealand,2025-12-16,2026-04-06,{},
148608,,,,,Disponible,0,lusana316@viajes.cl,Marbella,Cartagena,69,3631,181000,Emirates,2026-04-20,2026-09-18,{},
147546,,,,,Disponible,0,luz7344853@viajes.cl,Logroño,Mataró,73,3194,246000,Frontier Airlines,2026-03-06,2026-07-17,,
148399,,,,,Disponible,0,mapéga398@viajes.cl,Ceuta,Cartagena,91,371,28000,JetBlue,2025-11-01,2025-11-16,{},
90130,56502,2025-04-20,87000,1,No disponible,87,marco4750582@viajes.cl,Segovia,Jerez de la Frontera,78,1081,87000,All Nippon Airways (ANA),2025-05-29,2025-05-29,{},
148124,,,,,Disponible,0,mariana7039242@viajes.cl,Orense,Lugo,57,3129,348000,Japan Airlines,2025-10-14,2026-02-21,{},
129885,60195,2025-08-20,328000,2,No disponible,328,mariano1060145@viajes.cl,Roquetas de Mar,Madrid,4,2670,164000,KLM,2026-06-13,2026-06-14,{},
148101,,,,,Disponible,0,mario640726@viajes.cl,Toledo,Móstoles,71,2275,94000,Alaska Airlines,2026-08-22,2026-11-24,,
135545,57527,2026-01-07,2136000,6,No disponible,2136,marose818@viajes.cl,San Sebastián,Sanlúcar de Barrameda,84,4023,356000,Spirit Airlines,2026-04-22,2026-04-24,{},
144038,61523,2025-01-01,3030000,10,No disponible,3030,maría1459222@viajes.cl,Fuengirola,Orense,49,4225,303000,Southwest Airlines,2025-04-14,2025-04-16,{},
121632,58887,2025-05-04,2712000,8,No disponible,2712,maría3991976@viajes.cl,Avilés,Valencia,64,4171,339000,All Nippon Airways (ANA),2026-05-29,2026-05-31,{},
147223,,,,,Disponible,0,maría4511762@viajes.cl,Elda,Ávila,32,771,148000,Delta Air Lines,2025-04-12,2025-05-14,{},
148256,,,,,Disponible,0,mateo2584848@viajes.cl,Roquetas de Mar,San Fernando,93,658,122000,Alaska Airlines,2025-06-01,2025-06-28,{},
148285,,,,,Disponible,0,mateo7221105@viajes.cl,Badajoz,San Cristróbal de la Laguna,,2103,175000,British Airways,2025-01-25,2025-04-22,{},
148075,,,,,Disponible,0,miguel7762265@viajes.cl,Málaga,San Sebastián,35,937,117000,Qatar Airways,2025-11-27,2026-01-05,{},
148077,,,,,Disponible,0,mónica1582901@viajes.cl,Alcalá de Guadaira,Valladolid,74,3539,308000,Air Canada,2026-07-07,2026-12-01,{},
88340,65278,2025-05-17,1100000,10,No disponible,1100,octavio917278@viajes.cl,Viladecans,Alcoy,90,2868,110000,WestJet,2025-11-15,2025-11-16,{},
147521,,,,,Disponible,0,pamade476@viajes.cl,Elche,Coslada,63,548,160000,Japan Airlines,2025-02-01,2025-02-23,{},
101529,66602,2025-08-18,1324000,4,No disponible,1324,papaci882@viajes.cl,Dos Hermanas,Segovia,47,3085,331000,Frontier Airlines,2026-02-22,2026-02-24,{},
132307,57970,2025-02-16,1350000,9,No disponible,1350,patricia8996692@viajes.cl,Calahorra,Palma de Mallorca,26,2021,150000,Qatar Airways,2025-07-21,2025-07-22,{},
85909,66346,2025-04-05,78000,2,No disponible,78,pedro5278659@viajes.cl,Valladolid,Avilés,7,134,39000,Southwest Airlines,2025-05-16,2025-05-16,{},
147991,,,,,Disponible,0,picaba895@viajes.cl,Vitoria,Paterna,48,4012,430000,Ethiopian Airlines,2025-04-14,2025-09-28,{},
148331,,,,,Disponible,0,pivice769@viajes.cl,Rubí,Sabadell,84,3959,306000,Wizz Air,2026-06-04,2026-11-15,{},
93490,64411,2025-05-08,1840000,10,No disponible,1840,rabéma434@viajes.cl,Salamanca,Marbella,61,2079,184000,Frontier Airlines,2025-06-11,2025-06-12,{},
147983,,,,,Disponible,0,ramiro8561965@viajes.cl,Gecho,Majadahonda,37,2848,126000,Air Canada,2025-10-24,2026-02-19,{},
148487,,,,,Disponible,0,raviga372@viajes.cl,Huelva,Torremolinos,50,3650,319000,Japan Airlines,2025-08-02,2026-01-01,{},
147153,,,,,Disponible,0,reciso597@viajes.cl,Talavera de la Reina,Rubí,40,2559,218000,Avianca,2025-01-22,2025-05-08,{},
109074,55870,2025-02-05,2358000,9,No disponible,2358,reina5836237@viajes.cl,Albacete,Benidorm,50,2982,262000,United Airlines,2025-07-12,,{},
148551,,,,,Disponible,0,ricardo3973419@viajes.cl,Las Palmas de Gran Canaria,Alcalá de Henares,42,2718,233000,,2026-05-27,2026-09-17,{},
148464,,,,,Disponible,0,ricardo4847308@viajes.cl,Ponferrada,San Sebastían de los Reyes,3,1396,135000,British Airways,2026-05-31,2026-07-28,{},
147656,,,,,Disponible,0,rigipa534@viajes.cl,Sagunto,Alcalá de Henares,57,2151,126000,British Airways,2026-05-23,2026-08-20,{},
89394,61974,2025-02-02,184000,8,No disponible,184,samuel7438504@viajes.cl,,Zamora,82,658,23000,Avianca,2025-10-14,2025-10-14,{},
112151,65351,2025-01-02,2110000,10,No disponible,2110,samuel9126473@viajes.cl,Inca,Lugo,64,2743,211000,Air Canada,2025-01-03,2025-01-04,{},
116355,60056,2025-01-25,2970000,6,No disponible,2970,santiago5940278@viajes.cl,Sanlúcar de Barrameda,La Coruña,78,4095,495000,Frontier Airlines,2025-03-29,2025-03-31,{},
147646,,,,,Disponible,0,santiago9579341@viajes.cl,Santa Coloma de Gramanet,,33,1302,120000,Copa Airlines,2025-11-20,2026-01-13,{},
141720,62563,2025-09-30,624000,4,No disponible,624,sasegr729@viajes.cl,Pamplona,San Sebastián,88,1507,156000,Japan Airlines,2025-10-10,2025-10-11,{},
147309,,,,,Disponible,0,sergio8830950@viajes.cl,,Cartagena,82,1326,111000,EasyJet,2025-09-16,2025-11-10,{},
148594,,,,,Disponible,0,sonia3028381@viajes.cl,Collado Villalba,Jaén,,3584,192000,Air New Zealand,2026-01-30,2026-06-28,{},
96175,64365,2025-01-02,730000,5,No disponible,730,sr.6552793@viajes.cl,Arrecife,Almería,49,1587,146000,Air France,2025-03-05,2025-03-06,{},
147560,,,,,Disponible,0,sr.8238424@viajes.cl,Burgos,Santa Coloma de Gramanet,29,907,135000,Alaska Airlines,2025-11-05,,{},
134314,60127,2025-01-11,600000,6,No disponible,600,sra.206109@viajes.cl,Benalmádena,Jaén,82,1900,100000,Air New Zealand,2025-01-24,2025-01-25,{},
106545,64757,2025-03-09,1337000,7,No disponible,1337,sra.5975480@viajes.cl,Lérida,Motril,90,2515,191000,Qatar Airways,2026-01-24,2026-01-25,{},
84326,57265,2025-02-14,444000,3,No disponible,444,sra.7988218@viajes.cl,Vigo,Las Palmas de Gran Canaria,37,861,148000,Ethiopian Airlines,2025-09-11,2025-09-11,{},
147703,,,,,Disponible,0,sra.9139309@viajes.cl,Gijón,Valencia,34,434,133000,KLM,2026-08-26,2026-09-13,{},
86848,62303,2025-06-30,162000,6,No disponible,162,sralbabu154@viajes.cl,Sanlúcar de Barrameda,Rivas-Vaciamadrid,57,417,27000,EasyJet,2026-06-09,2026-06-09,{},
139628,60433,2025-03-18,152000,2,No disponible,152,srjoeság861@viajes.cl,Zamora,Bilbao,96,150,76000,,2026-06-10,2026-06-10,{},
138332,60680,2025-05-06,3420000,10,No disponible,3420,sroccoma170@viajes.cl,Fuenlabrada,Ceuta,51,3235,342000,All Nippon Airways (ANA),2025-07-17,2025-07-19,{},
147459,,,,,Disponible,0,srregosá868@viajes.cl,,Badajoz,33,4202,269000,Vueling,2025-10-29,2026-04-22,{},
127294,57851,2026-03-19,1050000,6,No disponible,1050,srribaro313@viajes.cl,San Sebastián,Pozuelo de Alarcón,92,2497,175000,Wizz Air,2026-09-21,2026-09-22,{},
89483,62903,2025-08-08,1068000,4,No disponible,1068,srroarcu667@viajes.cl,Tarrasa,Orihuela,8,2599,267000,United Airlines,2026-01-10,2026-01-11,{},
127198,65781,2025-06-30,375000,5,No disponible,375,srsazamo562@viajes.cl,Madrid,Lérida,65,1029,75000,Turkish Airlines,2025-07-29,2025-07-29,{},
104949,56221,2025-10-24,880000,5,No disponible,880,sránocza476@viajes.cl,Cuenta,Tarrasa,80,1684,176000,KLM,2026-07-07,2026-07-08,{},
146972,,,,,Disponible,0,sta.3999824@viajes.cl,Gerona,Lérida,72,3140,148000,Copa Airlines,2026-04-14,2026-08-22,{},
147100,,,,,Disponible,0,sta.4768264@viajes.cl,Huelva,Linares,88,322,103000,KLM,2025-03-26,2025-04-08,,
147937,,,,,Disponible,0,sta.6684379@viajes.cl,Puertollano,Reus,60,1129,60000,LATAM Airlines,2026-11-11,2026-12-28,{},
118298,59475,2025-03-13,1400000,8,No disponible,1400,sta.7893328@viajes.cl,La Línea de la Concepción,Pamplona,41,703,175000,Qantas,2025-03-16,2025-03-16,{},
83192,64368,2025-01-06,1935000,9,No disponible,1935,sta.8232485@viajes.cl,Albacete,Inca,60,2373,215000,Avianca,2025-01-08,2025-01-09,{},
123735,57174,2025-12-27,1820000,7,No disponible,1820,stjucaga988@viajes.cl,Talavera de la Reina,Cáceres,76,2627,260000,Emirates,2026-01-11,2026-01-12,{},
110889,63333,2025-04-18,2360000,8,No disponible,2360,velimo426@viajes.cl,Torremolinos,Vigo,88,3867,295000,United Airlines,2026-07-19,2026-07-21,{},
96126,66340,2025-07-21,1475000,5,No disponible,1475,yolanda4808953@viajes.cl,Zaragoza,,98,3197,295000,Copa Airlines,2026-02-22,2026-02-24,{},
