nombre,correo,contrasena,username,telefono_contacto,run,dv,puntos
Sr. Esperanza Arias Zaragoza,sr.3134211@viajes.cl,8Fj4kntcmWs6O,Sr.zaragoza542,+56 2 7287 9157,6227631,2,
María del Carmen Velásquez Paredes,Maríaparedes646@outluc.com,7pBFv1iv4zd,,+56 2 2948 9493,10481144,2,0
Vicente Tórrez Angulo,vitóan636@viajes.cl,B3X5uZ6F9W,vicente4434665,+56 9 9927 2377,8884197,2,
Amalia Torres Macías,amalia8518314@viajes.cl,,amalia5742883,+56 9 2320 7364,29209609,7,
Sta. Vicente Camacho Delvalle,Sta.delvalle496@tourket.com,LlkghN7Vs,sta.8228233,+56 2 1779 8679,16663834,8,
Felipe Malave Guzmán,femagu861@outluc.com,0EM0qX3yBNe,felipe389913,+56 9 9829 3364,13634972,4,-3776
Horacio Núñez Zamudio,honúza973@viajes.cl,LjBB5s2XwjHc0H2A,horacio7004884,+56 9 1252 8240,3033322,5,
Javier Esquivel Pineda,,EfoLl0t3O5w3q,jaespi269,+56 9 7542 1937,13892845,4,
Fernando Almaraz Rivero,fernando9516886@viajes.cl,XeXFRd6UX2p,fealri559,+56 9 0757 4618,4245897,K,
María Eugenia Sosa Sisneros,maeusosi613@viajesanma.com,E3Kt56SlwwQQMrVN,maría3615408,+56 2 7181 0244,,,396
Gloria Esparza Saucedo,gloria5976977@marmol.com,1z8trupWyKUfN,glessa368,+56 9 8230 5946,7629293,0,
Ricardo Oquendo Castillo,ricardo3973419@viajes.cl,Y24jZx1iRQ6gWAWe,ricardo6993336,+56 9 1353 1879,13675797,0,
Sra. Rubén Valdez Lira,srruvali274@viajes.cl,RdyLTzvUA26g,sra.9801908,+56 2 4465 7016,28871279,4,
,maricarmen7666586@edubus.cal,NHcqrhrdKnKeL3z,maricarmen1891224,+56 2 9241 1198,8356729,5,15447
Horacio Brito Mondragón,Horaciomondragón671@viajes.cl,FoV4CKKB9d,Horaciomondragón620,+56 9 6309 3594,23119308,1,
Ana María Solorzano Ledesma,anmasole255@marmol.com,d3KBs54QTV,Analedesma879,+56 9 4970 0391,14398569,5,-4451
César Alejandro Beltrán,céalbe602@outluc.com,,,+56 9 6507 6863,16378798,9,23868
Mario Terán Ocasio,Marioocasio558@tourket.com,ow2XRdO8xQrvkTe,mario1581363,+56 9 9188 3122,,,15988
Luis Miguel Arguello Ulibarri,Luisulibarri495@outluc.com,JeMxFC8fkq1mTe4,,+56 2 5805 7964,10145933,0,0
Silvia Ayala Paredes,siaypa710@viajesanma.com,nfHIet8dE292,Silviaparedes473,+56 9 0288 4765,,,4413
Adela Estévez Valadez,Adelavaladez917@viajes.cl,5ZEiEB18DVgg7,adesva669,+56 9 1658 2783,,,
Elena Puente Rascón,,RT8qvA2pt,Elenarascón584,+56 9 2903 1620,22030988,6,0
Agustín Rodríguez Covarrubias,agroco155@viajes.cl,KJmninb93iIEb,Agustíncovarrubias398,+56 2 4355 6453,23752105,6,
Federico Segura Gonzales,Federicogonzales535@edubus.cal,Vjj6aFZDzV2dV,,+56 2 1541 6895,,,5184
Timoteo Casas de Anda,timoteo7741506@viajes.cl,8aEsBCGEdq,ticadean651,+56 2 3950 7465,,,
Rafael Solorzano Guzmán,rasogu224@viajes.cl,59JkacjCp,rasogu744,+56 2 5714 6119,1284257,0,
José María Cazares Olivárez,jomacaol823@viajes.cl,wt6zSATIrc,jomacaol279,+56 2 5533 8763,13025266,4,
Daniel Tovar Orozco,daniel9564115@viajes.cl,rSDU5LZVyiZ530Dp,datoor784,+56 9 9961 8616,10188544,5,
Sra. Sancho Maya Rentería,Sra.rentería193@wass.com,xCxr0y0SN7,sra.1284367,,,,0
Roberto Delvalle Merino,roberto6254109@viajes.cl,,roberto652719,+56 9 2830 7539,-28550826,6,
Alejandro Ramos Gálvez,alragá795@marmol.com,wtvcEf7ArJbXy,Alejandrogálvez870,+56 9 8179 0592,27334479,9,
Hugo Figueroa Dávila,,4LhChSdTO5LjaHLX,Hugodávila664,,25261641,1,16003
Ricardo Olmos Otero,,pJjwf4wkeYHDto8b,Ricardootero102,,20454407,7,9800
Sta. Margarita Chávez Quiñónez,,xXL2bzjPsAziLfft,Sta.quiñónez514,+56 2 1690 7131,6194219,K,0
Ana María Ordóñez Ibarra,ana168390@viajes.cl,e1Rqo4oPNR7okJsi,anmaorib399,+56 9 3275 7794,21245655,1,
Conchita Ávalos Muñiz,,ZOXg3UhguN17jj5W,coávmu849,+56 9 5905 4230,6949938,4,
Juan Carlos Rangel Herrera,,47w4MMlWe0Y,jucarahe651,+56 9 5445 8998,10308907,7,
Sr. Ángela Ocampo Zayas,sránocza476@viajes.cl,3AHQ5hr5,Sr.zayas958,+56 2 4292 4598,710952,0,
Sara Coronado Pelayo,sacope302@edubus.cal,D3086REYignWrT,,+56 2 0787 1570,28699422,9,-706
Elsa Crespo Villalpando,Elsavillalpando941@viajes.cl,H6M7qLG5m,Elsavillalpando465,+56 2 2866 5111,5524282,8,
Claudia Serna Pichardo,clsepi736@viajes.cl,9dnlBquXQG7,Claudiapichardo392,+56 9 9988 6738,20193189,4,
Sr. Ramiro Cortez Zamora,sr.4154206@viajes.cl,5ZcZgfr0Rz,sr.1164210,,28707987,7,
,,N3NMwwntJTp55m,maría377164,+56 2 6394 6518,20340678,9,0
Lucas Peña Almonte,lupeal718@viajes.cl,Wf50uEo3NLXMfg,Lucasalmonte986,+56 2 8332 2553,19396780,9,
Sra. Adán Delao Guevara,sra.9489774@viajes.cl,CgxupkUUvcG53S,sra.9118895,+56 9 4711 1810,16680382,9,
Juan Carlos Cortés Alaniz,,M8PopqxB,Juanalaniz456,+56 2 6775 6779,6365109,5,3773
Laura Loera Reséndez,laura7467553@edubus.cal,OylAfT9cJjE,lalore208,+56 9 1017 0003,11006057,2,
,,ld30kRYw,Teresaflórez761,+56 2 1088 1794,10990638,7,6378
Gilberto Carrasco Soria,Gilbertosoria980@viajes.cl,2a1VX4nNeest,Gilbertosoria580,+56 9 2199 9808,10970262,5,
Ángela Berríos Alba,Ángelaalba718@viajesanma.com,aFQ1XeKP,ánbeal178,,9409857,2,3164
Marilu Rivas Avilés,,Ce4Avna2mk9HNZw,mariav146,+56 2 8261 5154,-19126049,K,
Lucas Apodaca Ferrer,Lucasferrer412@outluc.com,5uNcM8ldmQ,Lucasferrer600,+56 2 2489 6344,17869014,0,10558
Dorotea Mejía Acevedo,dorotea2336994@edubus.cal,tQzS7VLNuV5i0cCm,dorotea1524736,+56 2 5388 6045,11796100,1,
Lorena Sevilla Rojo,losero995@viajesanma.com,3W1pYvKJ,losero389,+56 9 9355 2955,1012366,6,
Raquel Cazares Robledo,raquel6455489@edubus.cal,sF2kDV4x2I,,+56 9 4861 1181,27445347,8,4224
Fernando Acevedo Vásquez,feacvá813@viajes.cl,8ii2qpI9BvsQdb1,Fernandovásquez253,+56 9 2395 3055,11961604,2,
Sta. Victoria Camacho Rodrígez,stvicaro967@viajes.cl,mO3PDFD7V7Jip,sta.8669640,+56 9 5177 0454,,,
Eva Mata Cepeda,Evacepeda737@edubus.cal,1zFS74vX2,evmace692,+56 2 7051 7043,29265642,4,
María del Carmen Mata Peralta,madecamape194@viajesanma.com,K2cXHtKKwjh7yRzV,maría9787144,+56 9 1233 3298,28259208,8,-43202
Víctor Palomo Macías,vípama583@viajes.cl,91X5uio0qq8,Víctormacías696,+56 2 2639 8913,10054876,3,
Sra. Susana Ruiz Ponce,sra.1334886@marmol.com,,srsurupo186,+56 9 0109 3141,,,12226
Ernesto Moya Navarro,Ernestonavarro302@viajes.cl,INrNCJIL7Yb0E,Ernestonavarro978,+56 2 7320 7210,5831554,0,
Sr. Ramona Orosco Sáenz,sr.4903927@viajes.cl,hkeI6OnTA5SuSCqy,Sr.sáenz495,+56 2 3878 5887,4725381,0,
Patricia Palomino Adame,Patriciaadame600@viajes.cl,N5DkZkzbGC,papaad535,+56 2 6976 7083,-13672787,7,
Sta. Emilio Muñiz Navarro,,781pq3Y891,,+56 9 5842 8362,22636534,6,4428
Rosa Escobedo Delgadillo,rosa6148769@tourket.com,2thTGzi6tBz9T,Rosadelgadillo959,+56 2 7556 2507,24457716,4,0
Óscar Hernández Zambrano,ósheza630@viajes.cl,,ósheza687,+56 9 7656 0208,9072998,5,
Leonor Molina Granado,,r0LmGcYIMxn5,,+56 9 4697 5495,3824246,6,2187
Sra. Claudia Quiñónez Sánchez,Sra.sánchez672@outluc.com,Y3CA3IDgFjvj3,Sra.sánchez385,+56 9 8894 7961,26389295,K,
Anita González Acevedo,angoac972@viajes.cl,zCUeIWGib6756b,anita278408,+56 9 2062 3139,9940474,4,
Julia Menchaca Anguiano,julia5060345@viajes.cl,pCQM3a06SgrLw,julia9439635,+56 2 3364 0671,24885000,0,
Antonio Barajas Narváez,antonio5143423@viajes.cl,dl7SLivz,Antonionarváez896,+56 2 0204 9982,12574439,7,
Sara Muñiz León,,LxWTy49xbV74GhI,sara5449654,+56 2 3762 6277,7713558,8,0
Emilia Aranda Cintrón,emarci670@edubus.cal,FCSt971B2,Emiliacintrón830,+56 2 4049 0429,6731491,3,
Mariano Navarrete Linares,manali180@viajes.cl,6GPMu5WZvx,Marianolinares110,+56 9 4012 3527,18733620,1,
Pablo Cervántez Alcaraz,pablo1161196@viajes.cl,C1VwQeE5uAZCqXgW,Pabloalcaraz453,+56 2 0427 9828,16598559,1,
Sta. Gerardo Lovato Cabán,Sta.cabán461@tourket.com,T2F3Tbcp,stgeloca434,+56 9 0220 9502,6048418,K,23166
Verónica Casárez Rodrígez,verónica1481805@viajes.cl,mTBDOV3jNtNo0,vecaro880,+56 9 7472 6950,4122017,1,
Federico Robledo Valentín,ferova525@viajes.cl,criWWj3hInq0cy,ferova846,+56 2 9650 2430,1999756,1,
Salvador Samaniego Campos,,jIyzirA32HQTDl,Salvadorcampos949,+56 2 7346 9326,8241240,9,5966
Ramón Saldivar Arredondo,ramón5115143@edubus.cal,etQEcufhA7qpUQ,rasaar469,+56 2 8303 5513,29680422,3,
Ricardo Garrido Aguilera,,Q6AJ8q0FzRGwaMQp,ricardo2474929,+56 9 9391 5210,4479646,5,
Gonzalo Colunga Vergara,gonzalo1079651@viajes.cl,M43tIekCE,gonzalo2205430,+56 2 0439 9217,4906880,8,
Emilia Arguello Montaño,emilia1000632@tourket.com,5Z09rRDiqtgSRP,,+56 2 0525 6881,18223061,8,1992
David Villa Jáquez,,Isu2NltEY0,david6454150,+56 2 2610 1601,5611097,6,969
,Ernestobarraza502@viajes.cl,INGtwz9MZX,ermeba875,+56 2 6059 5508,14042825,6,
Leticia Muñiz Villanueva,,,Leticiavillanueva572,+56 2 0853 2580,16155457,K,20573
Eva Lemus Carranza,Evacarranza419@viajes.cl,TRmJ4303abymm,,+56 2 7613 2942,15119234,3,
Sta. Dolores Deleón Colón,sta.8353426@wass.com,PzHU5U289xwVCSlh,sta.6683383,,,,2705
Guadalupe Chávez Garica,,WvDnBtNAxS9,guadalupe3643604,+56 2 1575 0017,23522043,1,13783
Teresa Alemán Zúñiga,,K2RnK0g0nwgBbiZ,teresa6284141,+56 2 0852 9601,22463486,2,469
Ana Luisa Barraza Henríquez,anlubahe592@viajes.cl,YtVMd1ikA0,anlubahe699,,1913440,7,
Irene Romo Quintana,Irenequintana176@viajes.cl,lPp8ZNP7vCSt,irroqu907,+56 9 8057 8874,23833937,5,
Ramiro Colunga Manzanares,ramiro8561965@viajes.cl,37HKScgcUnyQoa,Ramiromanzanares827,+56 2 8484 3712,25277761,K,
Mónica Navarrete Guzmán,mónagu274@viajes.cl,ZPo3NdSVSBpnb,mónagu115,+56 9 5909 1248,11158144,4,
Conchita Corrales Santiago,,cE68j5Ar1YrJ3W,Conchitasantiago523,+56 2 7156 8033,8169717,5,
Lilia Almanza Castillo,lilia8931915@viajes.cl,zAcCv9O6WCkn92k,Liliacastillo579,+56 9 9565 1220,4950197,8,
Ester Aponte Mares,Estermares578@viajes.cl,s57vRk3f5N,esapma695,+56 2 6514 6286,7356158,2,
Sra. Salvador Duarte Romo,,3yyEiE2f9RWq,srsaduro114,+56 9 2128 4319,20722616,5,
Graciela Cuellar Gollum,graciela1787859@tourket.com,PvV2CnLJjXF34fP,grcugo121,+56 2 8234 0344,-15785754,1,24039
Horacio Duarte Ortega,hoduor430@marmol.com,uB9aGcqt,hoduor704,+56 9 1691 5165,3601361,3,-574
Claudia Ortiz Bermúdez,Claudiabermúdez356@viajes.cl,M2O0IuFh,Claudiabermúdez608,+56 9 7146 6863,25305983,4,
Ana María Ayala Duran,anmaaydu522@viajes.cl,xGk8h8xNO7HoHr,anmaaydu726,+56 9 4919 8159,6706893,9,
Lucas Domínguez Frías,Lucasfrías890@edubus.cal,FxE1t32jYUb,lucas3116305,+56 2 9917 6453,,,5094
Ramiro Alcaraz Garza,Ramirogarza269@wass.com,w4KPiDWRFX,Ramirogarza930,+56 9 9967 1799,2593023,1,-7112
Rosa Guajardo Torres,roguto488@viajes.cl,XJgwdm3D13m3nWH,roguto911,+56 2 4189 1688,,,
Micaela Mota Quiroz,Micaelaquiroz905@outluc.com,,,+56 2 2348 0368,-9859268,7,7245
Hernán Ojeda Mondragón,heojmo408@viajesanma.com,VwLH4MoJuipu8Zy,,+56 9 9949 2252,14296624,7,4805
Josefina Vera Téllez,Josefinatéllez916@edubus.cal,sKtY0iROknlMTSG,josefina8605455,+56 9 9311 9374,12417924,6,
Sara Balderas Carrasco,sabaca244@viajes.cl,q1Egxe2BYdj7zsq5,Saracarrasco753,+56 9 5680 6928,22196521,3,
Gloria Esquibel Roldán,Gloriaroldán400@edubus.cal,WdPOKHK2,Gloriaroldán816,+56 2 3277 6812,,,6800
Miguel Maldonado Corral,mimaco244@viajes.cl,JBMD0PAajMhX,mimaco697,+56 9 2867 3079,9594552,K,
Diana Montoya Aguilera,Dianaaguilera969@viajes.cl,6m4rs02B,dimoag871,+56 9 7620 4034,,,
Sr. Guillermina Salinas Espinosa,srgusaes484@outluc.com,9Kq0qqSmzYVwKY5,Sr.espinosa149,+56 9 0136 3450,9600790,6,-3021
Juan Cano Salcedo,jucasa710@tourket.com,n1w1e9xfO,jucasa988,+56 2 2906 2840,28635796,2,
Sta. Emilio Sarabia Brito,sta.9844799@viajes.cl,9y0qm5XL,sta.3167180,+56 9 2206 4235,2865906,7,
María Eugenia Palacios Delapaz,maría5802899@viajes.cl,K7Qki0xn7d,maeupade969,+56 2 4938 7423,3633732,K,
Rosa Reynoso Márquez,rosa4990751@viajes.cl,3V5YFiizPggzLu,Rosamárquez335,+56 2 1037 1504,,,
Carlos Sierra Uribe,Carlosuribe251@viajesanma.com,izdaW2hcWnrydS,carlos2151194,+56 2 2330 0356,28788420,6,
Micaela Pacheco Navarro,Micaelanavarro721@viajes.cl,CXb8r2Jw,,+56 2 8066 2893,21820785,5,
Patricia Rubio Matías,patricia1999310@viajes.cl,E8xj1QadLQ6gbn,paruma669,+56 9 0764 1928,29782123,7,
Sr. Isabel Henríquez Batista,Sr.batista377@viajes.cl,9UVoTsKymU,srisheba453,+56 9 7842 1735,6158981,3,
Sra. Maricarmen Galván Botello,sra.3992295@viajes.cl,pc2VfQSD24iKFshD,Sra.botello477,+56 9 8050 9442,16425901,3,
Francisca Henríquez Cervantes,Franciscacervantes436@tourket.com,IbUv7R7Ay1g5uAno,Franciscacervantes348,+56 9 9012 1479,,,5260
Vicente Rentería Angulo,Vicenteangulo491@viajes.cl,UoIx1yjqvaj5zZd4,virean376,+56 2 4853 2622,28090922,K,
,alcato224@marmol.com,2rIlFEyXM2vsqvt,,+56 2 0224 0679,1913969,7,4976
Sra. Cecilia García Sáenz,srcegasá733@viajes.cl,xG83qQ3YHyvY,sra.7059841,+56 2 5967 1663,398475,3,
,luz7344853@viajes.cl,ixIY0PTXqyPP3j,luhupu467,+56 9 0223 3403,29155756,2,
Ana Luisa Fajardo Ochoa,,,ana8664771,+56 9 4417 0950,26527231,2,18609
Daniela Maldonado Candelaria,Danielacandelaria184@viajes.cl,dqoGoZgSJo2,Danielacandelaria865,,13183093,9,
José Anguiano Ballesteros,Joséballesteros167@tourket.com,g89XkyYnk8aUEM,joanba351,+56 2 1174 2957,4498772,4,306
Elena Barela Montez,elbamo860@viajes.cl,HwSkxvtskg9,,+56 2 7092 9744,29914427,5,
Vicente Raya Valverde,virava360@viajesanma.com,nMzhPhS0nz0,Vicentevalverde628,+56 9 6790 5112,20464731,3,
Sr. Lorena Galván Romo,srlogaro943@viajes.cl,Jha2gjnDLoVa,Sr.romo162,+56 9 3030 6153,8786563,0,
Natalia Rosas Robles,naroro910@viajes.cl,RPtwqafNHQ883c0V,natalia6651745,+56 9 1704 3637,19467370,1,
Octavio Saldaña Soria,,QGn3XANbIrv,Octaviosoria202,+56 9 2879 4219,21147606,0,16235
,pabear838@viajes.cl,qnrGQab1M6s36eR,patricio2188655,+56 9 1315 4607,,,
Sofia Amador Portillo,Sofiaportillo314@viajes.cl,Fu507bKgtjZz,sofia5165830,+56 2 8606 0411,4538381,4,
Sta. Manuel Ureña Segovia,sta.179300@wass.com,637H6dekH,Sta.segovia738,+56 9 0379 0519,27882682,1,
José Montemayor Pantoja,jomopa723@wass.com,V4J7N0v3doRFbg6,josé8018377,+56 2 2197 7348,3327143,3,-4906
Ramón Jurado Verduzco,Ramónverduzco522@viajes.cl,JBuqH8vI0Y,Ramónverduzco796,+56 9 5960 1712,8486911,2,
María Cristina Ocasio Canales,maría3238354@viajes.cl,oSJs5lFmsYiYRmo,Maríacanales267,+56 9 1446 6028,6116028,0,
,viríca811@viajes.cl,VhsXS4ugM,virginia9808224,+56 2 9482 2490,4615482,7,
Jacobo Murillo Armas,,4qD2CpdD1zzY,jacobo4400203,+56 9 6412 0497,744382,K,17062
,Saraalarcón969@viajes.cl,TQ0LKJxCJmecln9,salual640,+56 2 3311 2390,23265933,5,
Dolores Alarcón Vanegas,Doloresvanegas563@viajes.cl,1cYBKia62w1,doalva916,+56 9 7123 8723,29479484,0,
Sergio Hidalgo Ybarra,sehiyb598@tourket.com,VSDFBr5QKlyeK4,sergio7144568,+56 9 4811 6454,21306235,2,
Hernán Ávalos Santana,,,Hernánsantana931,+56 2 1091 0836,3699303,0,11148
Sta. Francisca Sáenz Parra,Sta.parra332@viajes.cl,J4DzVaz08GTM,sta.5481290,+56 9 3489 5935,554881,0,
Marcos Leiva Zelaya,marcos9466158@outluc.com,a0R9JAxaWdTJ8Y,Marcoszelaya488,+56 9 9612 1282,29089183,3,6842
Lorena Jaimes García,lorena2437172@viajes.cl,lKhA4bBr,lojaga665,+56 2 6183 7061,24104880,2,
Sta. Francisca Martínez Almonte,sta.6769137@viajes.cl,eryH7Rax5bQ,sta.9222158,+56 2 9890 8629,-4634667,K,
Sra. Pablo Quezada Nava,srpaquna207@viajes.cl,Dw07crS3F,srpaquna185,+56 2 0022 3809,3061273,6,
Carolina Raya Baca,Carolinabaca615@viajes.cl,5t8FGZ2h6pNfY,caraba170,+56 9 5243 4797,19348858,7,
Josefina Gracia Lira,josefina4470996@viajesanma.com,6qU184t3AWHE5,,+56 2 6845 3478,19243345,2,3110
Mario Rodríquez Garibay,maroga573@viajes.cl,dikBXsP0,mario2421971,+56 2 9618 2710,29331634,1,
Amalia Aponte Guerrero,amapgu909@viajes.cl,Xm0vCQVhgTjsTx,amalia1067234,+56 9 2149 4647,6422318,6,
Sta. Joaquín Murillo Casanova,stjomuca556@viajes.cl,i8nbF5oz4Lo79eZ,Sta.casanova835,+56 9 3282 1043,21297207,K,
Clara Limón Peña,clara7771923@viajes.cl,neq9GFzOC,clara7275880,+56 9 1729 1335,20808510,7,
Jaime Montero Peña,Jaimepeña295@wass.com,ajjnA42KR,,+56 2 8613 4754,1903294,9,23786
Luisa Miramontes Valles,luisa872547@wass.com,wmaRSgy0BoXtdKt,Luisavalles285,+56 2 5389 5899,,,
Sta. Natalia Zúñiga Mena,sta.6650224@outluc.com,3irXYa1DAu,stnazúme376,+56 9 8021 5491,8303826,8,0
Sra. Antonia Rivera Santillán,sra.988333@tourket.com,Xs4BHj0c,,+56 2 8347 5388,26930118,K,
Pablo Rivera Ulloa,,LjcqYfPCFI57,Pabloulloa817,+56 2 9804 8888,18036909,0,4081
Ramiro Abreu Barajas,Ramirobarajas244@viajes.cl,GIN3FxlMDXTL6emg,Ramirobarajas508,+56 2 4119 2086,4873946,6,
Sr. Micaela Núñez Mayorga,srminúma748@tourket.com,aQj2f9Yn4j,,,19181563,7,8456
Sta. Ester Solís Abeyta,sta.6665708@viajes.cl,iyT0rYkqms,sta.7198855,,15880782,3,
Ester Guillen Vanegas,ester2119354@wass.com,J0A1rnALUJP,ester6905914,+56 2 7601 1564,,,14791
Andrea Reséndez Guardado,Andreaguardado378@tourket.com,4LriTbO5dyo,Andreaguardado248,+56 2 2609 6392,7430795,7,
Sra. Sofia Zapata Jasso,srsozaja802@viajesanma.com,gsdOB3lE1XgLh,sra.5171808,+56 2 4014 4069,21183980,5,-6920
Sta. Alejandro Gurule Tejada,Sta.tejada565@outluc.com,3IHuBu4Fr,sta.5630750,+56 2 3846 1135,-25507852,6,13212
Lucia Lira Casillas,Luciacasillas408@viajes.cl,LpoziMT5f08DR,Luciacasillas862,+56 9 9896 6315,12145493,9,
Maricarmen Duarte Rosado,Maricarmenrosado518@viajes.cl,,,+56 9 7117 1181,15426985,1,
Sta. Timoteo Solorio Solís,sta.9052328@viajes.cl,tH8IrJ3X,sta.4035145,+56 2 8611 4059,29994077,2,
Gilberto Ureña Salcido,gilberto6987804@viajes.cl,jeeF1J0MVs3dAxE,Gilbertosalcido437,+56 9 0136 4363,27753316,2,
Marilu Delvalle Olivera,marilu2791390@marmol.com,65u8g6RIAdqkVdA,Mariluolivera396,+56 2 2350 9899,1920466,9,
Sra. Graciela Solorio Ramírez,sra.8577415@wass.com,225vXeL3vKBLnR,Sra.ramírez837,+56 9 7993 2986,,,
Alejandra Gracia Briseño,algrbr211@marmol.com,iF8OeSLgdSVWYLZa,alejandra6238423,+56 9 7105 4318,14805876,8,-1698
Hernán Lira Marín,helima194@viajesanma.com,p8ro2cYKzZ8Kxv,,+56 9 0627 8587,12233979,3,-21534
Antonio Rivas Riojas,antonio1796431@viajes.cl,ZIdbO3rfTU8bKMd,anriri400,,21887834,2,
Antonio Rolón Regalado,,i5KAsbVbHx30G,anrore623,+56 9 6381 5686,,,7812
César Castañeda Concepción,césar2295448@viajes.cl,69jNpLson2MQ,,+56 9 2709 5248,18156027,4,
Sr. Miguel Pabón Corral,Sr.corral649@tourket.com,Hh9TjCZWfyZ,srmipaco388,+56 9 5411 3399,6780198,9,0
Caridad Vaca Dávila,caridad9349337@wass.com,3MuYiYfGemA12,cavadá388,+56 2 9612 6245,24348577,0,
Natalia Alvarez Valadez,naalva967@viajes.cl,txQJjWX0W7,Nataliavaladez487,+56 2 9595 9591,11462383,0,
Sta. Soledad Almanza Molina,Sta.molina427@wass.com,f7FdAx4S2xxEs,Sta.molina192,+56 2 7871 3561,29195682,3,
Ramona Navarro Acevedo,Ramonaacevedo828@viajes.cl,K427CdtXKIkb,Ramonaacevedo287,+56 9 8668 9287,21566146,6,
Sta. Emilio Valenzuela Santillán,sta.9588609@viajesanma.com,Yq1r88FsOXC,sta.9326241,+56 2 2233 4987,16023310,9,-20005
Carlos Alarcón Ferrer,,bsSwFFO9cFBsEoX,Carlosferrer394,+56 2 7850 6632,23821370,3,10388
Sta. Lorenzo Santiago Valles,stlosava427@viajes.cl,gfU8F0DrZAV6u2SV,,+56 9 5561 4674,429551,K,
Sta. Federico Cornejo Tamayo,sta.5614166@outluc.com,2IgRluqL6V16l,Sta.tamayo481,+56 2 0868 4215,20832027,0,0
Maricarmen Armas Molina,maricarmen6071837@viajes.cl,vq82ZjojxRJd2u,maarmo459,+56 9 4832 3195,7243313,0,
,Ernestoalcaraz354@viajes.cl,,ernesto8859973,+56 9 9557 3037,27690369,1,
Lola Zúñiga Rico,lozúri351@outluc.com,GTZ9p1j4R6X3,,+56 2 5771 5974,6545398,3,10329
Teodoro Lugo Patiño,teodoro9438521@viajes.cl,viYQzEaYP8,telupa933,+56 2 6116 2002,17699310,3,
Francisco Ramón Ruiz,Franciscoruiz187@viajesanma.com,RnLXKjRj6,frraru690,+56 9 4488 6266,29435615,0,
Ramón Pichardo Collazo,ramón1222984@viajes.cl,nigE3Gab3BG4,Ramóncollazo576,+56 2 2138 3519,6095063,6,
Sra. Adán Araña Colunga,sradarco814@marmol.com,XcV8G2Dt25,sradarco327,+56 9 2355 3576,,,4380
Raquel Alonso Jaramillo,Raqueljaramillo885@viajes.cl,V1vf7YyGnJuoLVZI,,+56 9 2706 8978,7471078,6,
Mayte Amaya Quesada,Maytequesada714@outluc.com,dO6wl551EifR,Maytequesada544,+56 2 1230 0023,16270879,1,-17583
María José Maya Rosario,Maríarosario889@viajesanma.com,8WTZBkxb7sJnKGfg,,+56 9 9005 6535,9460570,9,
Cristian Armendáriz Palomino,,eh95DlVFDFi,crarpa941,+56 9 6254 4281,1087863,2,9812
Mónica Franco Burgos,Mónicaburgos781@tourket.com,0Z0pU5P9,mónica1025308,+56 2 1386 4699,5621400,3,
Marco Antonio Díaz Cortez,Marcocortez795@viajes.cl,2NcM9xMVLFqyr5o,maandíco641,+56 2 9363 0374,28045566,0,
Marco Antonio Treviño Haro,marco2477413@viajes.cl,lyVu2TG8,maantrha560,+56 9 1521 7975,29044116,1,
Alberto Ybarra Ybarra,Albertoybarra929@viajes.cl,qXqlvP1PVJR3,alybyb871,+56 2 4167 2752,23720600,2,
Mercedes Curiel Gollum,mercedes966447@viajes.cl,FATV3i1uS0,Mercedesgollum193,+56 2 6465 4987,4287510,4,
Claudio Baca Canales,clbaca144@viajes.cl,Hd7DWHrLaTTwpCo8,Claudiocanales113,+56 9 1145 0028,11765036,7,
Samuel Segovia Gracia,sasegr729@viajes.cl,DMLFrDgQ3ghDd,Samuelgracia383,+56 2 4663 4939,18450683,1,
Josefina Salinas Olivares,Josefinaolivares376@outluc.com,KJrcK2DQNsb,josefina9635636,+56 9 7470 4423,,,11566
Marcos Pérez Enríquez,marcos3611741@outluc.com,,,+56 2 0729 8024,20923350,9,5681
Javier Perea Nieves,Javiernieves797@viajes.cl,6GuPqrHq,Javiernieves850,+56 9 7687 7852,15707821,6,
Sr. Julio César de Jesús Loya,,K7M6AfvxL,srjucédejelo472,+56 9 3149 4727,24306276,4,0
Nicolás Tapia Moya,nitamo315@viajes.cl,Qitww04o,Nicolásmoya807,+56 2 8091 8123,3025093,1,
Ana María Serrano Villalobos,anmasevi543@viajes.cl,TfPP8kLBIf5AS96,ana9355335,+56 9 3712 5550,8881713,3,
Alicia Montaño Griego,alicia4034135@marmol.com,AJQ6n8t6qsN,Aliciagriego829,+56 2 0252 0462,16153929,5,
David Tapia Cadena,,R7Lw3uZ4DErKPnF,,+56 9 2266 6173,7965501,5,0
Julio Gamboa Montoya,julio8213563@viajes.cl,r3Xq2g46fYV,julio5621444,+56 9 2107 0485,2699842,5,
Isabel Barrios Quesada,,3udA3xSUvqnZl,isabel3627113,+56 2 7691 5780,22210249,9,
Manuel Lerma Carrion,,lm9ri3gnKdEnI,manuel7878178,+56 2 5090 5887,5273202,6,1629
Santiago Moya Rangel,santiago5940278@viajes.cl,0Y0foTabJo,santiago7197742,+56 9 8155 7974,2706834,0,
Alfredo Angulo Pabón,,OZcrtd2Pb7nQ15,,+56 2 7188 7032,21651457,2,11308
Blanca Nieto Pichardo,blanca6896603@viajes.cl,Yvz8LjBUdz14,blanca8595977,+56 9 7401 1454,7844812,1,
Diego Almaraz Casárez,diego1376309@viajes.cl,rKM4SMu08,diego8693885,+56 9 3982 6843,21865212,3,
Emilio Pizarro Meléndez,emilio7555854@viajes.cl,A3bfGHFRzFl4IVH,emilio2892125,+56 2 2984 2007,10849047,0,
Rocio Berríos Lozano,robelo841@viajes.cl,,,+56 2 5449 9506,23664186,4,
Miguel Ángel Cervantes Robles,miguel9141123@viajes.cl,ek1b4gPOY1,Miguelrobles364,+56 9 1034 1178,2341192,K,
Gerardo Velasco Almaraz,gerardo956789@edubus.cal,2iL3zGXOPxt,gerardo8692514,+56 2 1328 2281,,,2721
Teresa Enríquez Reyna,teenre998@edubus.cal,C8h8ns0zXQNmz,,+56 2 2068 3233,25651099,5,5010
Reina Robles Cepeda,,V5FJxEu5,Reinacepeda463,+56 2 4402 3709,24102900,K,0
Sr. Barbara Ochoa Bustamante,Sr.bustamante598@outluc.com,,sr.6086277,+56 2 4082 3139,28151776,7,2960
Raúl Espinal Carvajal,raesca493@viajes.cl,gfpV0c26x8n4,raúl4945560,+56 2 1073 5918,8808592,2,
Raúl Saavedra Gamboa,raúl2235183@viajes.cl,LzIOKb2woxB,rasaga995,+56 2 0891 2044,10158142,K,
Graciela Granado Navarro,Gracielanavarro786@outluc.com,bZYX59lIMv7,graciela5516225,+56 9 4808 3244,11544971,0,-6282
Julio Rangel Urrutia,Juliourrutia198@edubus.cal,2TArhWz0ha7IMtY,,+56 9 3419 4955,-27709102,K,0
,japaca917@viajes.cl,ueco49iINF76,jacobo4017227,,7754927,7,
,Soniamonroy754@viajes.cl,,Soniamonroy360,,2810968,7,
Sr. Lorena Villarreal Alvarado,srlovial552@outluc.com,c7JuOKaxXoXd,Sr.alvarado841,+56 2 9794 8039,645665,0,
Marco Antonio Olvera Arroyo,marco9528241@viajes.cl,,marco3023533,+56 9 5843 0802,29241399,8,
Julia Perea Arteaga,Juliaarteaga578@edubus.cal,xkYsNW0ND,julia3235764,+56 9 5100 4671,,,16762
Sra. Mariana Perea Valladares,srmapeva595@viajes.cl,0BFNdKgrI54U6,Sra.valladares216,+56 9 1008 1018,11595769,4,
,Jesúshurtado122@edubus.cal,t0RrA4Z3QLuLzY5,Jesúshurtado934,+56 9 5356 0688,26389198,8,2880
Sra. Daniel Zaragoza Lozano,Sra.lozano349@viajes.cl,3sIITye9zf6p,Sra.lozano681,,6941052,9,
Alejandro Tamez Reséndez,altare803@viajes.cl,24tynONC,altare555,+56 9 4532 6638,24415070,5,
Sr. Yolanda Cuellar Camacho,sryocuca420@viajes.cl,VKCmDF5NbQr4,Sr.camacho939,+56 9 3090 5817,9524942,6,
Octavio Véliz Guillen,octavio6319425@edubus.cal,vS6GokZeb0,octavio3079170,+56 2 9684 1420,1853001,5,
Ricardo Zúñiga Castañeda,rizúca865@viajes.cl,nQxztggPP5,Ricardocastañeda143,+56 2 5819 0591,11917433,3,
,,lpOodI2BU,Cristinalaboy363,+56 9 8082 3315,26649451,3,1644
Clemente Armenta Mojica,,20HRzMgxk1ea,clemente4213490,,16810929,6,0
Rocio Gaytán Guajardo,rocio5625820@viajes.cl,z98KO97Efg3Imb,rogagu852,+56 9 4288 4858,,,
Sonia Delgado Fajardo,Soniafajardo989@wass.com,x23CORcIsiJv2,Soniafajardo105,+56 9 7265 1458,8361503,6,
Estela Mojica Pineda,estela6208869@viajes.cl,NBa4UfhljvZ6tg,Estelapineda187,+56 2 5036 1221,24368328,9,
Julio Orellana Barraza,julio3900607@viajes.cl,XJSBfS9kkWCuC,julio2591546,+56 9 2842 4606,2381267,3,
Sta. Marco Antonio Cavazos Campos,stmaancaca776@viajes.cl,gLkopttRXEr3,sta.7344371,+56 2 1158 4269,25085412,9,
Carla Alonzo Mesa,carla4325758@viajes.cl,,Carlamesa820,+56 2 2150 9250,18190545,K,
Sr. Inés Pantoja Cavazos,,fDYEAW9SE3hn,srinpaca363,+56 9 4198 9768,9275677,7,
Ricardo Padilla Gallegos,Ricardogallegos900@viajesanma.com,pfSjetU0kPN73e2,ripaga698,+56 2 4899 3134,4491675,4,-23608
Rocio Hernández Mateo,Rociomateo446@tourket.com,,rohema870,+56 9 4981 5669,23287556,9,
Sta. Cristian Solano Vallejo,stcrsova938@viajes.cl,,Sta.vallejo583,+56 2 1367 4265,6362465,9,
Julio César Becerra Valle,jucébeva663@viajes.cl,GISHWBP1yU1vQ,julio2091242,,15426010,2,
Jaime Casanova Briones,jacabr338@outluc.com,iBirc90lthOySgmn,Jaimebriones605,+56 9 5159 6982,14220259,K,-10156
Leonor Estévez Zambrano,leonor8794107@wass.com,vCBPaRvMCvE1,leesza946,+56 9 3407 9503,22119107,2,0
Norma Tafoya Zamudio,norma1741100@tourket.com,CM4aUEF9,Normazamudio663,+56 9 5461 7952,,,0
Gerardo Rocha Núñez,Gerardonúñez896@viajes.cl,zOi2iYn5qqV1,,+56 9 5881 2503,4780684,4,
Antonia Gonzales Naranjo,,Re6C80JdF5Pv,antonia6828176,+56 2 4047 4188,,,-1888
Vicente Vela Moya,vivemo487@viajes.cl,JFE1xQmK8BN8x,Vicentemoya342,+56 9 7471 9476,3384265,1,
María Soledad Alonzo Cedillo,Maríacedillo654@viajes.cl,cguCrn5CsOpdlVj,Maríacedillo954,+56 9 3628 0169,-4447008,K,
Federico Rosales Rodríguez,Federicorodríguez126@viajes.cl,mXAHRE4l85Egk,Federicorodríguez214,+56 2 8056 9575,6059656,5,
Rosa Barreto Verduzco,rosa7004561@viajes.cl,QoyOxd35,Rosaverduzco247,+56 2 3732 2748,8783201,5,
,gumuba425@marmol.com,,Gustavobahena436,+56 9 2969 2577,5787712,K,-3913
Cristian Elizondo Pacheco,crelpa783@viajes.cl,8RGDmZ1kdclSnTEP,cristian2429547,+56 2 3231 8468,26325604,2,
Raúl Núñez Delacrúz,raúl9381742@viajes.cl,iuJZZa5rNr2gf1,raúl6250250,+56 9 4046 3418,6860702,7,
Claudio Gonzales Guajardo,claudio8255363@edubus.cal,o4g6n5ydutH,,+56 9 6420 1204,29067880,3,8869
Miguel Ángel Tirado Alvarado,miántial875@viajes.cl,vfPC9xfm,miguel8328522,+56 9 9091 2553,7149573,6,
Lorena Jurado Marrero,Lorenamarrero270@viajesanma.com,a0ceIY3UBkusDE,,+56 2 9974 0231,24094427,8,15382
Alejandra Sotelo Roybal,alejandra2758964@viajesanma.com,dFXH4w1lHJZ5,Alejandraroybal449,+56 2 6285 3962,15332079,9,-6382
Mónica Preciado Rael,mónica8949391@wass.com,3hXK037L06QhCK8a,móprra417,+56 9 3777 7666,,,2328
Sra. Laura Maya Reynoso,srlamare942@wass.com,q5zQNOCVbxawVtGi,sra.2511196,,8739422,0,0
Hugo Araña Ballesteros,Hugoballesteros708@viajes.cl,XMVP0FsX1x1r9jE1,Hugoballesteros616,+56 9 9326 5235,10388099,8,
,Mercedesalmonte943@marmol.com,35mnmZ6VW,metoal329,+56 9 9498 5994,-19550427,K,30606
Norma Méndez Ruelas,noméru838@viajes.cl,64XMzZ0YNeQT3M,norma4841235,+56 9 5585 7594,6151079,6,
,anpevé395@viajes.cl,UiFq4MgpM6,andrea4537520,+56 9 8975 3001,27264250,8,
Ramiro Delgadillo Contreras,Ramirocontreras288@viajes.cl,Vw4GP8188YNd,radeco645,+56 9 2029 7530,13876742,6,
Hugo Prado Arriaga,huprar955@viajes.cl,pY11Fjtl,huprar602,+56 2 0783 3174,12762754,1,
María Eugenia Leiva Lucero,Maríalucero990@tourket.com,8Q95ItWAgbE,maeulelu268,,27295565,4,27927
Roberto Quintana Briseño,roberto9744305@viajes.cl,2x0NkuxGxF,roberto7592343,+56 2 6954 4873,21500769,3,
Miguel Macías Delvalle,mimade747@viajes.cl,6f2zx4NIM9,mimade380,+56 2 4307 8085,5285149,1,
,miánelbu961@marmol.com,,Miguelbustos405,+56 2 5931 4292,18396189,6,0
Sr. Mónica Colón Ávalos,srmócoáv354@viajes.cl,ClE2IW4tUzKtE,srmócoáv169,+56 9 9669 0448,22544303,3,
Sta. Juana Ocampo Parra,Sta.parra771@marmol.com,,Sta.parra155,,20508918,7,
Óscar Contreras Ballesteros,óscar6641495@viajesanma.com,,Óscarballesteros726,+56 2 2909 3941,,,0
María Eugenia Rojas Bonilla,maeurobo361@viajes.cl,iynGmAxNE2s,maeurobo654,+56 2 8363 1256,8527612,3,
Sra. Dorotea Cabrera Rodarte,sra.5833903@marmol.com,q0m7s7IVFdjm,srdocaro168,+56 2 6556 7981,14207251,3,
Jesús Domínquez Llamas,jedoll636@edubus.cal,rHXuOT9tGKKAMCL,jedoll561,+56 9 7223 2950,,,3597
Manuel Delgado Peralta,manuel2099816@viajes.cl,,madepe447,+56 9 1968 3572,14037126,2,
Sr. Mateo Nieves Arredondo,,5GPFg4OVPlrmz,Sr.arredondo790,+56 2 6193 9321,7761839,2,8914
Manuel Delao Barrera,madeba309@edubus.cal,pAridXK79,madeba151,+56 9 1276 2830,,,
Susana Garica Hinojosa,,5YQRqZPwErfR8Ml,sugahi413,+56 9 3153 2742,25952501,2,4693
Felipe Valenzuela Ulibarri,Felipeulibarri341@viajesanma.com,LAy8eKHYoh1H,Felipeulibarri754,+56 9 0182 4383,,,6077
Daniela Canales Vega,,R0P44vCbxXHbH4M,dacave717,+56 9 4976 1325,22629240,3,8125
Patricia Quintanilla Delgado,,NyX6JaD20HcmF87i,paqude425,+56 9 6518 7699,19876279,2,
Sr. Inés Águilar Solano,sr.1742141@outluc.com,hUGil11ewfg1LqC,sr.5324366,+56 2 1114 9419,13413412,7,-8964
Daniel Pantoja Ríos,,,daniel4005501,+56 2 1672 5498,6843900,0,9573
José Emilio Arce Gallardo,Joségallardo746@viajes.cl,VHEpRwVZh4a,Joségallardo281,+56 9 6528 5189,10877050,3,
Sr. Graciela Loera Banda,,B7TmrVlgNg,,+56 2 8219 6871,-13212604,6,2504
Armando Prieto Navarro,armando8288965@tourket.com,WC1uFugkUlSQqpi0,Armandonavarro842,,,,27038
,agustín2169362@wass.com,B9nkdZSKz,,+56 9 8593 8726,22865122,2,1126
Antonio Rodrígez Castellanos,,,anroca904,+56 9 3815 5488,11697936,5,
Concepción Feliciano Garica,concepción2266378@edubus.cal,nMgljVO4g,cofega688,+56 2 2852 3302,21396489,5,-1002
Luis Carrion Mota,Luismota517@outluc.com,7NOEf6l0qWusiPE,lucamo800,+56 9 0740 2348,529385,5,
Sra. Antonia Ulloa Padilla,sra.3077196@tourket.com,85SEepVqjr8,,+56 9 9838 4593,13293696,K,0
Luis Miguel de Jesús Gracia,lumidejegr954@edubus.cal,92slUhDmQHzH,lumidejegr383,+56 9 8342 4933,24477059,2,
Guillermo Mora Botello,,6ATuo6WgsK,guillermo3541917,+56 9 8425 9339,414279,9,
Sr. Gabriela Samaniego Armenta,Sr.armenta518@tourket.com,lMgnQoK54QtuD,sr.7334257,+56 2 1464 7662,21913760,5,
Clara Prado Saldaña,Clarasaldaña655@viajes.cl,lnh9Zz6iNj,Clarasaldaña990,+56 9 4488 8819,1897988,8,
Sr. Lucia Quiñones Quintana,srluququ687@viajes.cl,eZx2uqseQnzAFpHB,sr.4607493,+56 9 3224 0412,21194445,5,
Cristian Dueñas Lomeli,,bnL6dsBhS,cristian3157389,+56 2 3191 4304,9759640,9,16261
Amalia Lara Portillo,,dGbfSVXyBsFR4,,+56 9 3573 9905,28154229,K,3515
Esperanza Samaniego Santacruz,,yh6XxGf4,essasa135,+56 9 1451 7469,4971614,1,0
Sra. Marco Antonio Pulido Cedillo,sra.7697392@viajes.cl,Hs8lBRsiTsBJY4zY,Sra.cedillo924,+56 2 9132 7653,24463415,K,
Josefina Sáenz Fuentes,josáfu986@viajesanma.com,2arMaMjU7sMDwn,,+56 2 3723 9433,22288960,K,8235
David Solorio Acuña,dasoac580@marmol.com,qPS7rFKxkznRF8,david1652991,+56 9 9362 3010,594749,9,0
Lola Duarte Treviño,,IUjEbyT9HFz,lola2905158,+56 9 6937 6746,16844510,5,
,,sFkCkFc5x,gogiad530,+56 9 2560 7728,18175891,0,9412
,,,,,,,
María Cristina Curiel Briseño,Maríabriseño689@edubus.cal,x86IQlumr9UfOVP,Maríabriseño281,+56 9 8670 5788,28944210,3,-12670
Guillermo Delafuente Saldaña,Guillermosaldaña643@viajes.cl,cfV2C2u8Lp3ET,guillermo6566619,+56 2 4814 2777,4937420,8,
Sta. Arturo Arce Alvarez,stararal347@viajes.cl,mbfy2RAd,sta.7469191,+56 9 9121 6297,3733727,7,
Roberto Pagan Ledesma,ropale334@outluc.com,DR3lcKMeJ,Robertoledesma970,+56 2 7993 5398,,,0
María Luisa Gamez Leiva,maría8334850@viajesanma.com,GjBqJ5US6Q,Maríaleiva547,+56 9 0052 8679,5902457,4,-7171
Jorge Vela Adorno,jorge7473809@tourket.com,kT4IReIfroS,Jorgeadorno116,+56 2 8906 6796,17993655,0,
Sra. Gerardo Sedillo Suárez,sra.7410924@tourket.com,,,+56 9 1800 0147,9362146,8,0
Guillermo Medina Olivares,Guillermoolivares662@viajes.cl,,guillermo1402156,+56 2 3073 3692,20820300,2,
Gilberto Gurule Ramón,Gilbertoramón421@viajes.cl,3SaIsm2Xfvnka,Gilbertoramón825,,18148161,7,
Sr. Sara Molina Otero,Sr.otero613@viajesanma.com,fE67QvJx5,,+56 2 8681 3223,26474556,K,4562
Julia Gonzales Alarcón,julia8587147@marmol.com,93ztmnbKJPl5,jugoal246,+56 2 0344 3174,-24841458,8,24981
Sofia Armenta Torres,soarto254@viajes.cl,QpWgfZhMzvlsMm16,Sofiatorres547,+56 2 7245 8981,22548963,7,
,srbegrqu492@viajes.cl,,,+56 2 9173 7110,24734476,4,
Elena Alfaro Montez,elalmo454@marmol.com,AlH3eFcpR3,,+56 2 0900 5041,26842368,0,10127
Sra. Rafael Sisneros Meza,sra.8376490@edubus.cal,WfNyQHksnf16,srrasime561,+56 9 6501 3027,,,0
Sr. Alfredo Téllez Zavala,sr.7155697@viajes.cl,T3pR8lz8Zo,sr.8516950,+56 9 9431 4847,11311592,0,
María Eugenia Covarrubias Delrío,maeucode191@edubus.cal,0v3fiRwfW,maría1510295,+56 2 6933 9058,8106887,9,
Adriana Briones Arevalo,Adrianaarevalo161@viajes.cl,R4mcytna9CcoGM,Adrianaarevalo939,,13235396,4,
,Miguelaraña665@viajes.cl,8azMzB6CL,Miguelaraña564,+56 9 0865 6077,4490628,7,
Olivia Armas Hernández,Oliviahernández922@marmol.com,jH54P2jO1,,,,,12610
Daniela Alva Noriega,daalno295@viajes.cl,Yje6l0dj,Danielanoriega937,+56 9 3358 2347,3970139,1,
Jerónimo Méndez Valdez,jerónimo8920662@marmol.com,QHEpPCS08,jeméva604,+56 9 8098 9902,,,9424
Octavio Arce Sandoval,ocarsa130@viajes.cl,ypzw3Qwa5IxDu,ocarsa496,+56 9 8042 4673,29657032,K,
Vicente Barajas Garay,vibaga825@viajes.cl,Q2uDXczKLSQq2,vicente1919993,+56 9 9931 7349,20575219,6,
Antonia Montes Valencia,antonia3604496@viajes.cl,ccKwoLSx2X,anmova570,+56 2 0350 4174,18068086,1,
,,Ik0VAF5iRj0n,sta.6166392,+56 2 2125 0618,-23814228,8,
,Claudioescobedo824@viajes.cl,o0r18RvEaMkwB,claudio2045477,+56 2 3044 8173,20893547,K,
Patricio Duran Alemán,patricio8682387@viajesanma.com,,patricio7333167,+56 9 9628 2494,,,2684
María Elena Hernández Chacón,Maríachacón705@viajes.cl,of2W1H2vBB19l,maría4177968,+56 2 9444 8632,23429681,7,
Ramona Munguía Gamez,ramuga474@viajes.cl,mNcn028dMbK13UX,ramuga197,+56 2 9185 5427,6109796,1,
Esperanza Serrano Segura,,e7qY4BcHDF,esperanza6822786,+56 2 0197 0628,2045148,3,8862
Miguel Ángel Padrón Arreola,miánpaar973@viajes.cl,m89PGLGl,miguel7611665,+56 2 0127 4951,26830143,7,
,bernardo1750413@wass.com,QqESvaNFVT7jve,Bernardoquezada975,+56 2 0482 0204,,,0
Sancho Méndez Bétancourt,Sanchobétancourt392@viajes.cl,5hjmIDKFoLR8NcpY,samébé268,+56 9 1681 2222,-1615010,K,
Rebeca Delarosa Tovar,redeto680@viajes.cl,0kwLIUJsq,Rebecatovar796,+56 2 7631 5703,29013235,5,
Mario Rodrígez Alarcón,,THodABpH7,mario8808698,+56 2 7273 5908,6520483,5,1722
Victoria Lucero Mojica,,IJFVtXRR7,Victoriamojica304,+56 2 2386 6122,,,
María Teresa Meza Marroquín,maría4547699@viajes.cl,,matemema181,+56 9 3165 9508,26844173,5,
Gloria Lucio Zamora,Gloriazamora989@viajes.cl,hHqUUDEDn6zZZE3,gloria4508906,+56 2 4723 9238,21290974,2,
Sra. Sara Alanis Loera,Sra.loera788@viajes.cl,ho7fKzgXBYmPi4q,sra.9250499,+56 9 0103 5241,27148210,8,
Óscar Rodríguez Gurule,ósrogu582@wass.com,d6ctOErC6LNNKjum,,+56 9 9517 8372,4417429,4,6963
María Rodrígez Robles,maría6872169@marmol.com,cJbqFH1lzDZbcIBD,maría3144736,+56 2 8446 4131,19537425,2,0
Rosario Rivas Márquez,,fGbHv4j55oQ,rorimá732,+56 2 9208 9286,217104,K,194
Mayte Baca Heredia,mabahe502@viajes.cl,,mabahe323,+56 9 0047 2204,10319517,9,
Laura Chapa Carrera,,qih6dT1Phs,laura1911935,,11174923,K,1888
Julia Sedillo Pelayo,Juliapelayo134@viajes.cl,xWgAJR66B,julia7398716,+56 9 1312 1881,28062941,3,
José Eduardo Lugo Nájera,joedluná479@viajes.cl,zj6N1k0p1d6e,josé4935985,+56 2 2046 9798,3293644,K,
Benjamín Soria León,Benjamínleón812@viajes.cl,efk9o4BHZKxcf6,Benjamínleón104,+56 9 3335 1133,14379960,3,
Lola Zavala Olivares,lola114224@tourket.com,,,+56 9 0468 2275,24433055,K,17080
Rodrigo Patiño Zavala,rodrigo6562850@edubus.cal,LcloQtf8vJpWS9,ropaza835,+56 9 3597 8479,,,1996
Leonor Méndez Castro,leonor6713388@viajes.cl,m2p6LM2aMVh,Leonorcastro215,+56 2 6208 8885,18705642,K,
Germán Polanco Pelayo,Germánpelayo635@outluc.com,mQSj1tVpGtJ6L,Germánpelayo915,+56 9 3998 0907,9909216,5,26551
Mayte Martínez Ulloa,Mayteulloa538@marmol.com,3AeZVG3t,Mayteulloa621,+56 2 5693 8167,15398300,3,
Cristobal Flores Lozano,crfllo203@edubus.cal,,crfllo549,+56 9 4837 6314,8242596,9,0
Jorge Maya Mejía,Jorgemejía520@viajesanma.com,pDyOGoBue447j,,+56 9 7115 6072,10067956,6,0
Sra. Alfonso Reyna Arreola,,7yjljlHVDV,sralrear873,+56 2 3399 0674,26623356,6,7363
,ángela1550142@viajesanma.com,LWsim4uvmDHW8,ángela3580666,+56 2 0044 3406,,,3688
Sonia Lara Quesada,Soniaquesada509@viajes.cl,peO47JA8iDAxOUw,solaqu321,+56 9 1154 3953,281181,2,
María Parra Lomeli,maría6189610@viajes.cl,15wIakdSU,maría4331729,+56 9 8727 8211,9472681,6,
Sra. Víctor Bonilla Aranda,srvíboar581@outluc.com,eMYeSGOvnNb6I,,+56 2 9949 5524,18561599,5,0
,sr.9973688@outluc.com,TQqnXge2Fd0Bl4f,,,11171374,K,4938
Sta. Pedro Lucio Negrón,sta.4160875@viajes.cl,IUqA2X5HwZmd,stpelune901,+56 9 4223 6391,22726428,4,
Mónica Torres Rosas,mótoro439@viajes.cl,byzDlEkrIf8cxA,,+56 2 0902 2487,7936627,7,
Patricia Zepeda Arellano,pazear936@edubus.cal,d2xltI8MhYxYW8uz,,+56 9 3550 4217,25683520,7,0
Jorge Luis Alaniz Canales,jolualca163@viajes.cl,ZjoqE4clPB1LO,Jorgecanales751,+56 2 0501 5981,16856613,1,
Sr. David Zaragoza Ocasio,srdazaoc638@marmol.com,aIgmJe9uJdiW5ZA,srdazaoc473,+56 9 9628 4963,,,0
Juan Navarro Olivárez,juan8830456@viajes.cl,3hB084hC,juan9747337,+56 2 9594 3032,27371990,3,
Dolores Araña Lucio,Doloreslucio682@viajes.cl,WpZ9g99PxxWLGx,dolores858298,+56 9 3406 2894,24395626,9,
Gabriela Cardona Hidalgo,Gabrielahidalgo828@viajes.cl,g6t0iSm9EnQ,gabriela2563541,+56 9 3603 9048,14450172,1,
Clemente Aponte Carvajal,Clementecarvajal245@viajesanma.com,,,+56 2 4043 1795,,,3745
Claudio Otero Verdugo,claudio5165940@outluc.com,0ebyEEk7ps,claudio3759129,+56 2 8556 9697,,,10260
Alfredo Baeza Laboy,Alfredolaboy963@viajes.cl,PUAiM2sTgds6,,,26159560,5,
Luis Espinal Jimínez,,UKJW3tw49eg,luesji180,+56 9 6460 4489,26919381,6,0
Francisco Irizarry Pagan,,nJ05kT3FzjVEMS,francisco5154912,+56 9 0744 2439,7192534,K,
Carlos Arteaga Abeyta,Carlosabeyta963@viajes.cl,HAgF3VIaROz2,carlos4978237,+56 2 6461 1779,11032753,6,
María Eugenia Montero Armas,maría6558223@viajes.cl,cnO7d21tBtJX64p,,+56 2 9713 9770,9129958,5,
Germán Mejía Cortés,gemeco374@viajes.cl,,germán6109912,+56 2 2596 3382,-25439824,1,
Sr. Adela Amaya Amaya,Sr.amaya148@marmol.com,jdq7YfSa62b49,sradamam811,+56 9 0501 4531,,,3639
Ana Luisa Nazario Manzanares,Anamanzanares596@viajes.cl,pFChgGV3qCxG,Anamanzanares560,+56 2 3465 6012,4100666,8,
Horacio Casárez Toledo,Horaciotoledo760@viajes.cl,R71bmrrnVpU2,hocato606,+56 2 3299 2886,28281608,3,
Sancho Tejeda Cervántez,satece760@wass.com,nogQeeGRuoq67b,,+56 9 6748 5321,,,292
Marisol Ocasio Quintanilla,Marisolquintanilla277@edubus.cal,Td7cHk6Sf,maocqu504,+56 9 4558 5661,23665204,1,
Sta. Julio César Bonilla Banda,sta.6716383@edubus.cal,Pfpna9C9X0,stjucéboba913,+56 9 7463 4017,,,0
Sr. Cristina Castañeda Rael,Sr.rael240@viajesanma.com,5RANOo4vEpkbm2,,,13253043,2,0
Ramón Solorio Armijo,rasoar976@viajesanma.com,Pn14oIaTTDbb08,rasoar171,+56 9 5564 7790,3772707,5,10405
Jerónimo Quintero Montaño,jerónimo3980480@viajesanma.com,BTYp7Inng76UbT2L,jequmo725,+56 9 7121 7654,1396995,7,-17179
Horacio Galindo Pedroza,Horaciopedroza640@viajes.cl,YMiGvbJe6Cb2,horacio3036374,+56 9 7962 6251,29451872,K,
Ángela Gaytán Matos,ángama975@viajes.cl,18fOvEFch,ángela8730591,+56 2 7220 3343,-2278312,2,
Sta. Timoteo Barrientos Deleón,,9y3YQaxIKnoB7,sta.9532887,+56 9 8995 4016,19311922,0,
David Lebrón Cruz,dalecr689@viajes.cl,ZhJbXeXCh2P5oU2M,Davidcruz411,+56 2 5927 8731,27014936,7,
Sta. Susana Hidalgo Toledo,Sta.toledo438@viajes.cl,eMi8UoVZtWe,sta.5452578,+56 9 3265 4292,2859542,5,
Rosa Pantoja Peralta,ropape515@viajesanma.com,J4PWhVoXVCBN6Ogq,,+56 2 0583 8632,1051989,6,24899
Cristobal Delao Huerta,cristobal4759218@marmol.com,,cristobal5759710,+56 9 0193 2644,17402412,K,1648
Santiago Abeyta Estévez,santiago253387@edubus.cal,HnFAn6LE,santiago1627383,+56 2 3681 1733,11275729,5,1650
,raqucr272@viajes.cl,n1Cql0Gx,raqucr780,+56 2 7690 8699,12700149,9,
Sta. Felipe Miranda Heredia,stfemihe492@viajes.cl,uG7EhdGn,stfemihe727,+56 2 9622 3539,,,
Sra. Alfonso Baeza Burgos,sralbabu154@viajes.cl,XyzRE541,sralbabu628,+56 2 0125 6254,16223316,5,
Alejandra Chávez Vargas,alchva980@viajes.cl,EVvgCgscSD4SRs,Alejandravargas497,+56 9 0117 9300,24477880,1,
Mario Reséndez Esparza,mario6545832@tourket.com,ypOCnmm7CI,mario8353353,+56 9 8944 0333,,,0
Sr. Mayte Galván Cabrera,sr.9923211@tourket.com,yLpd4TmfwVZrviT,,+56 2 5886 8971,20946437,3,
Joaquín Rivas Coronado,joaquín2939103@marmol.com,YimnJEhfG29Pv8r8,Joaquíncoronado386,+56 2 1557 0624,,,0
Julio César Corona Montenegro,Juliomontenegro577@viajes.cl,FtQcWeNme0YZ,julio6852963,+56 9 4068 1793,,,
Salvador Roldán Segovia,,2u3tnvtf9Mb,salvador5355927,+56 9 4114 8858,20140520,3,2030
Arturo Guerrero Quezada,arturo3897713@viajes.cl,6VXHulsF,arturo7808211,+56 2 6324 7355,9783043,6,
Sergio Quiñones Juárez,sergio8830950@viajes.cl,B09ZNcbcDuUKGgm9,sequju132,+56 9 7469 8858,29413291,0,
Sra. Octavio Urbina Lerma,sra.7988218@viajes.cl,6t8Vb0rOfp64GtW,sra.735303,+56 2 4736 1359,27692568,7,
Isabel Castañeda Guerrero,iscagu257@outluc.com,bzuODGM4S6,isabel9260277,+56 2 6303 6711,,,27425
María Soledad Serrato Vallejo,maría7425308@tourket.com,3OCi2GbLSyPJi7,masoseva545,+56 9 2806 1416,,,0
Sr. Maricarmen Sosa Ochoa,Sr.ochoa742@viajes.cl,azgYJ5Sf,sr.4990663,+56 2 4080 8070,10111435,K,
Andrea Cortés Ruiz,Andrearuiz309@outluc.com,uyDS1rv6vs0FwBh,Andrearuiz262,+56 2 3214 3866,26906656,3,
,jaarad771@viajes.cl,zU4Mrve6ar81xB,jacobo3875515,+56 2 3934 1958,1168512,9,
Patricio Yáñez Soliz,Patriciosoliz754@viajes.cl,g38q7dNjNs9,Patriciosoliz133,+56 9 4314 1698,8147905,4,
Sta. Jerónimo Zamudio Bueno,Sta.bueno636@viajes.cl,Zt30CWKmZm,stjezabu841,+56 2 4277 6475,9198608,6,
Lourdes Chapa Villagómez,Lourdesvillagómez232@tourket.com,akkM0ij7rWSeBsk0,lourdes5861154,+56 9 5797 1746,,,5592
,adela1211424@viajesanma.com,QEGDrx9BXSh2hX3R,,+56 9 0533 6655,12895499,6,6931
Luisa García Baeza,,AKc7WnV1obfI,Luisabaeza728,+56 9 8815 6033,9821315,5,
Gerardo Ocasio González,,MUwQ76t1XgWR,gerardo7518664,+56 9 6917 1103,2002520,4,3005
Alfonso Tafoya Zarate,Alfonsozarate453@viajes.cl,NBJ5iiTOTLuNdh,altaza691,+56 9 9545 6450,16373240,8,
Guillermina Santana Bravo,gusabr510@edubus.cal,KtZIwwT9U5,guillermina1911307,+56 9 0884 5695,4494513,4,4437
Sta. Sonia Gamez Carrasco,,BcKjQEXkdWX5j74g,Sta.carrasco699,+56 9 4248 5128,18588469,4,814
Sta. Gonzalo Sánchez Chávez,Sta.chávez640@outluc.com,,Sta.chávez333,+56 2 3878 1482,9404831,1,558
Sta. Luis Miguel Terrazas Malave,stlumitema624@viajesanma.com,znDRzGYYx8yuuF6,sta.1847516,+56 9 4648 7709,28124156,7,
José Correa Águilar,josé6774317@viajes.cl,4xes1sU6LeQh22K,,+56 9 3634 6473,8729430,7,
Eduardo Riojas Agosto,Eduardoagosto919@marmol.com,610Guvj1wjrODw,eduardo2353838,+56 2 7855 2247,28668103,4,
Eva Carrion Maya,,,,+56 9 7660 7329,,,19600
Guillermina Carmona Serrano,Guillerminaserrano753@marmol.com,83YyKyU2,guillermina7788476,+56 9 3257 8658,20705559,K,-3094
Reina Yáñez Baeza,reyába475@edubus.cal,C0HrSQLRgwTV,,+56 2 7724 8168,-29083126,1,5270
Ramiro Velásquez Ortiz,Ramiroortiz190@marmol.com,8P2qUEfUp6,Ramiroortiz982,+56 2 3163 6132,,,0
Ester Almanza Batista,ester3317224@viajes.cl,SpkDg7B3iv,esalba509,+56 9 4256 6734,4822458,K,
Sr. Andrea Vargas Rocha,Sr.rocha126@wass.com,Ug2pN8C7A,sranvaro899,+56 2 5706 6377,3690463,1,
Sta. Eduardo Delapaz Posada,,5Wbpjj9ttkU27rb,Sta.posada258,+56 2 1339 7289,19306980,0,
José Luis Sedillo Pelayo,,xZrof4XvE1xeDAd6,jolusepe291,+56 2 9353 6616,26033478,6,
Lilia Araña Linares,lilia914103@wass.com,NZ76TlCOkIHU,Lilialinares356,+56 9 0960 7078,15643553,8,0
Sra. Dolores Tafoya Alemán,,OZBoK7xuj,Sra.alemán551,+56 2 9530 1060,21694751,7,4152
Pedro Longoria Rodríguez,peloro658@viajes.cl,2bgZdFdlXfpxc,,+56 2 2759 5332,22476828,1,
Sra. Caridad Quesada Loera,Sra.loera733@edubus.cal,cWRTZISovn0MMzsV,srcaqulo196,+56 2 3594 6387,27856691,9,-2760
María Luisa Barraza Partida,malubapa813@viajes.cl,6W3qCt442D,malubapa409,+56 2 9314 9115,,,
Marilu Mena Montalvo,marilu8903173@viajes.cl,E9aUn0hgt61L,Marilumontalvo611,+56 2 5016 5546,17526564,3,
Sra. Samuel Nava Peres,srsanape502@marmol.com,QNrVA4bwSVvKh,,+56 9 3699 8912,23605967,7,6228
Rebeca Carmona Aguilera,Rebecaaguilera215@viajes.cl,HModJJOy1,rebeca7667189,+56 9 9702 6664,22157915,1,
Alejandra Raya Gamboa,alraga536@viajes.cl,arYkY8jdq8elDsFZ,Alejandragamboa941,+56 9 6877 8311,11051549,9,
Javier Aparicio Palacios,javier3160596@viajes.cl,ro8wS8yhTyk,Javierpalacios839,+56 2 9264 0930,15695552,3,
Leonor Manzanares Pelayo,leonor9451196@viajes.cl,dCqIEgEZMMwG12,leonor2001869,+56 9 2895 2422,879363,8,
Bernardo Feliciano Vergara,Bernardovergara432@viajes.cl,9TE2wKEz3slZD,Bernardovergara763,+56 2 0544 4640,12566305,2,
María Eugenia Jaimes Rodarte,Maríarodarte813@viajes.cl,,Maríarodarte640,+56 2 5993 9473,23628069,1,
,juriro294@viajes.cl,YCU3ZMqJXJg,juana6575182,,22704469,1,
Margarita Vallejo Flores,Margaritaflores968@marmol.com,3oXgxvASsU,Margaritaflores583,+56 9 6293 4937,17964994,2,1152
Sta. Raquel Quiñones Villegas,Sta.villegas331@tourket.com,qGyunZUZAT1wQr,Sta.villegas660,+56 9 8734 6243,5795872,3,2934
Martín Espino Delgadillo,martín4667928@viajes.cl,5ekfIIU22YoD7n,martín9093405,,6107014,1,
Alberto Posada Bañuelos,,yk4gIIH0Ky,Albertobañuelos220,+56 2 6082 4308,18887385,5,
Jacobo Arellano Delgadillo,Jacobodelgadillo820@viajes.cl,zJppB1cK53eD,jaarde217,+56 9 3783 9897,28372169,8,
Daniel Padilla Ruiz,,4E4bncL4rMJiSsph,,+56 2 9568 6497,19301348,1,
Gustavo Valencia Posada,gustavo8952191@viajes.cl,PY2Ij2cDxN7,gustavo6480565,+56 9 6794 9470,5430489,7,
Eduardo Pacheco Merino,edpame371@viajes.cl,YIS9lszisCVA47D5,edpame715,+56 2 9695 0468,668681,8,
Carla Robledo Baca,caroba415@viajes.cl,cmIN7cR1HHLV,Carlabaca917,+56 9 2035 3625,18691399,K,
Amalia Figueroa Quintana,Amaliaquintana437@viajes.cl,Y1k6sKa8dS,amalia625817,+56 9 5352 5084,11959755,2,
Sta. Florencia Balderas Jiménez,sta.4606315@viajesanma.com,mk5UEzm6knySF,sta.8926101,+56 2 2606 4674,12651175,2,
Eva Chacón Pedraza,evchpe183@viajesanma.com,eCP90TmkMO,Evapedraza673,+56 9 7985 2961,19244343,1,2781
Claudia Hidalgo Marín,claudia479520@viajes.cl,pmt953d6FduPIZJR,Claudiamarín983,+56 2 8058 6755,27208092,5,
Sr. Joaquín Franco Méndez,,pmf5WWv2pddASe0,Sr.méndez357,+56 9 7082 5086,12631001,3,
Sr. Elisa Cano Terán,sr.2288636@tourket.com,apI2EfZA3fEF5lZe,,+56 2 4557 8983,11702378,8,4391
Sta. Gregorio Viera Villalpando,stgrvivi934@viajes.cl,2pygQz4T5,sta.8504954,+56 9 3640 9230,26029553,5,
Raúl Galván Corrales,Raúlcorrales716@viajes.cl,pFQ1p4QLlJz6u,raúl3658617,+56 9 8593 5227,17823130,8,
Marilu Rocha Carvajal,Marilucarvajal616@viajes.cl,9pR7dBbUejGk4cL,Marilucarvajal912,,2862934,6,
Sra. Horacio Rojo Peralta,Sra.peralta519@viajes.cl,KBhI1AnesOt9CjE,srhorope936,+56 9 9506 9738,11218325,6,
Lourdes Urbina Puente,lourpu923@outluc.com,1JY37jsYWy8NP4wc,Lourdespuente767,+56 2 0720 7714,,,16627
Amalia Viera Barrientos,Amaliabarrientos651@viajesanma.com,chl1AlBXM5qg5,Amaliabarrientos599,+56 9 4242 6023,5743321,3,
Patricio Acevedo Ruiz,paacru281@marmol.com,FF1fBgo8,Patricioruiz339,+56 9 2861 9713,28918030,3,0
Marco Antonio Alcaraz Sisneros,marco6028412@viajesanma.com,cqR8rsGOhoeWN0t,maanalsi561,+56 2 5595 6602,,,3160
Mercedes González Delafuente,mercedes6680239@viajes.cl,iqpZp9uxC7,Mercedesdelafuente381,+56 2 6050 0581,17174761,9,
Miguel Gallardo Canales,,8MfscC1LzPPvfMKf,migaca779,+56 9 5551 5750,11153802,6,2870
Juana Gallardo Guardado,jugagu568@viajes.cl,8XuVR9ugkvZ,,+56 2 5874 1323,19866043,4,
Eva Bustamante Gallegos,eva9441686@viajesanma.com,C3zAL5ut7ijT1,,+56 2 5476 1530,1244782,5,9300
Eloisa Lemus Delao,eloisa2133965@viajes.cl,42GJiO3qy,ellede756,+56 9 3313 0238,3813390,K,
Pedro Orozco Perales,pedro7959605@tourket.com,Z58eJcccx7hvw,peorpe490,,15283042,4,29890
Sra. Juan Carlos Arenas Luna,sra.8023957@viajes.cl,E1zgnnBfYW2LW,srjucaarlu813,+56 2 3604 4218,25208872,5,
Claudia Granados Mares,Claudiamares959@viajes.cl,X3Mt4Kzy,,+56 9 5272 2079,26862886,K,
Víctor Bueno Angulo,víbuan640@viajesanma.com,n7zWH3BDVwWyN,Víctorangulo944,+56 2 4476 8400,25720617,3,
Agustín Alcántar Loya,agallo325@outluc.com,tYY4XI0hr6K,agallo540,+56 9 6388 9606,,,0
Ramona Hernández Macías,ramona1701167@viajes.cl,ze8iWDeRme1YF1,Ramonamacías888,+56 9 7262 4974,13613986,K,
Miguel Ángel Negrón Fonseca,Miguelfonseca151@viajes.cl,3yHHCowQd64xz8Y,miánnefo698,+56 2 7095 1206,,,
Jorge Vera Ponce,jovepo298@viajes.cl,P2On6ZwKe7qu6uD,jovepo530,+56 2 4034 3398,18179729,0,
Lourdes Toro Sáenz,lourdes8362869@viajes.cl,e6W5K9eV,Lourdessáenz994,+56 2 1006 3570,8810461,7,
Gloria Rodarte Marrero,gloria4507340@tourket.com,,,+56 9 3599 2503,10467428,3,16065
Caridad Valdivia Ortiz,cavaor428@marmol.com,s1WxPWgADBS,Caridadortiz655,+56 9 1312 0074,19753649,7,15054
Alejandra Quintanilla Adame,Alejandraadame618@viajes.cl,u60uAgGkAIt,alejandra3932144,+56 2 6833 5381,-2813685,4,
Gerardo Nava Delao,genade978@viajes.cl,cuNuWItE0,Gerardodelao661,+56 9 4186 3371,13834369,3,
Cristobal Jáquez Flórez,cristobal7793541@viajes.cl,,cristobal877397,+56 9 4425 3026,16301702,4,
Adán Villarreal Arguello,adán8505112@wass.com,OBkOn5Czucm,,+56 2 9518 3057,21168735,5,3358
Jerónimo Mayorga Regalado,jerónimo2841319@viajes.cl,VWDuC2QMU7lm4,jemare958,+56 2 8278 8043,19331458,9,
Guillermina Camarillo Fuentes,gucafu467@viajesanma.com,79LLprLrbb2YJ0,,+56 2 6817 9554,20381033,4,-2996
Alejandra Irizarry Samaniego,alirsa833@viajes.cl,kS7KdVWvtp,Alejandrasamaniego157,+56 9 8239 4114,19417887,5,
Graciela Rico Chacón,Gracielachacón334@viajes.cl,DxlGGL5m2t,Gracielachacón207,+56 2 4288 9507,26159534,6,
Luisa Tejeda Soliz,Luisasoliz819@viajes.cl,UzI3nNDNSEdvw,Luisasoliz164,+56 2 6646 1652,23201543,8,
Luisa Carrera Domínguez,luisa595785@viajes.cl,ABP6iypOI39Jd,Luisadomínguez224,+56 9 9450 2416,2437346,0,
Alfonso Villaseñor Lovato,alfonso9925642@viajes.cl,3M0VjW8OzJgWkI2,alvilo120,+56 9 9665 6493,17989529,3,
Pablo Burgos Saldivar,pabusa292@outluc.com,GXYA9yZtYkTNlLa,Pablosaldivar462,+56 2 4932 4946,18960263,4,
Lorenzo Briseño Ochoa,lorenzo6587692@edubus.cal,2PI1aozCtsObR,Lorenzoochoa661,+56 9 9894 8473,,,0
Antonio Soto Treviño,antonio638296@tourket.com,n6aHrzE5eg7,,+56 2 2455 2758,-11471585,9,3130
María Gallardo Esquibel,,w5yuiOyj,maría5814170,+56 9 4314 2497,-16200619,3,5579
José Emilio Peralta Bernal,josé4391822@outluc.com,,josé5056362,+56 2 7776 1418,,,5562
Sta. Jacobo Quiroz Figueroa,Sta.figueroa949@viajes.cl,R3BkSzvA,sta.2061406,+56 2 5734 8618,1440962,9,
Andrea Jurado Galarza,andrea4816899@outluc.com,unT1RQCbwTlF,Andreagalarza358,+56 2 1684 6529,2157547,K,
Marcos Maya Corrales,Marcoscorrales762@viajes.cl,RjeqN3guAs16,Marcoscorrales830,+56 2 6613 5532,24820378,1,
Sergio Villalpando Vergara,Sergiovergara410@tourket.com,tisBBM8ZaSthayp,,+56 2 1224 7903,25410515,5,1346
,Estelasauceda957@viajes.cl,8a4Qo9d4wu,estela5035108,+56 9 9626 7897,24634078,1,
Carlos Montemayor Rosales,Carlosrosales796@viajes.cl,unndn74TQDYleA,Carlosrosales413,+56 9 4304 0055,24265028,K,
José Emilio Hernández Cardenas,josé5639328@marmol.com,ssDi4Db5ch,josé6497970,+56 9 0306 3047,11890051,0,-3294
Ignacio Castellanos Marín,igcama698@outluc.com,5gYwxIeQ4irtl,,+56 9 6001 4014,4500940,8,37511
Sr. Sara Murillo Chapa,sr.3664786@viajes.cl,Lwf4QmbPIno9g,sr.828988,+56 9 4278 4279,4487571,3,
Lucas Paz Toledo,lupato375@viajes.cl,3oiB9pLulH9JKyE,lupato391,+56 9 3310 9884,7747559,1,
Rosa Chacón Benítez,,ZzZw11aB,,+56 9 0248 3752,17075058,6,9199
Sra. José Emilio Camacho Nieto,Sra.nieto446@viajes.cl,3Pe7ncDEPAWodv,srjoemcani117,+56 9 4673 4130,14723340,K,
Joaquín Fajardo Soliz,joaquín6062886@viajes.cl,qcN2E6Xxm,jofaso525,+56 9 2214 4295,-27083788,3,
Dorotea Camarillo Franco,docafr798@viajes.cl,c4OHuPwlvu0wHurG,dorotea6148145,+56 9 0042 3704,7271774,0,
Reina Jiménez Rodrígez,rejiro250@edubus.cal,LVXm5sgelxZ,rejiro849,,9266590,9,
Sra. Leonor Negrete Esquivel,sra.4771595@marmol.com,8ynspeNW,srlenees389,+56 9 4968 5040,11819379,2,0
Marcela Carrillo Perea,macape258@viajesanma.com,MhUcCH5QN,Marcelaperea661,+56 2 1146 3181,,,17949
,lehiqu538@viajes.cl,cK2rtjBACDq,leonor9673162,+56 9 7841 9789,28942252,8,
Guillermina Batista Cerda,Guillerminacerda636@viajes.cl,YxRevSkdi9g,guillermina3494381,+56 2 4067 6911,1583698,9,
Miguel Ángel Camarillo Reynoso,miguel1703488@viajes.cl,Zvfrt9Bb5,miguel6798190,+56 9 7053 3759,20127626,8,
Roberto Leyva Pedraza,rolepe717@tourket.com,wl6jSoza0uAU,roberto3416537,+56 9 3443 8716,-13883870,6,-1688
,leticia4877418@viajes.cl,dP8AvowNAA,Leticiaguardado218,+56 2 9476 5484,-8738811,5,
,mónica6343775@viajes.cl,,Mónicagil336,+56 9 6816 2156,29274918,K,
Olivia Montemayor Tirado,olivia2230537@wass.com,NVZCdUZ9m2DPhQtR,olmoti559,+56 9 0914 6515,,,0
Sr. Julio Alarcón Limón,Sr.limón373@viajes.cl,q1SSwQDNlg4rmNX,Sr.limón633,+56 9 4486 6365,11316263,5,
Alejandro Partida Barrientos,,qadcG41TkNdMcZX,Alejandrobarrientos167,+56 2 1123 8323,6718128,K,19512
Manuel Bustos Ayala,manuel2609542@viajes.cl,0b3Gkjjh1jxz8,manuel4089184,+56 9 9000 7932,20613388,0,
Alberto Ortega Ocasio,Albertoocasio669@viajes.cl,,aloroc923,+56 9 1606 8131,28682846,9,
Claudia Montez Yáñez,clmoyá766@wass.com,77xJGjNi4lzZYP,claudia1847389,+56 9 2976 7999,,,11382
Magdalena Bravo Casanova,Magdalenacasanova305@viajes.cl,Hjh0IQdSQ,magdalena814875,+56 2 5067 6378,12406939,4,
Graciela Díaz Reynoso,graciela7587437@viajes.cl,w86yh0zg5ImhO3,Gracielareynoso459,+56 9 4109 5170,-26886875,5,
Cristian Guevara Piña,cristian7289312@viajes.cl,wU1Dk0WWCf,,+56 9 1463 4798,10500009,K,
Guadalupe González Arias,gugoar622@tourket.com,ZN2Q5ToC7eUugAjP,guadalupe2410684,+56 2 8159 3219,,,174
Sra. Mayte Rendón Terrazas,srmarete198@viajes.cl,XIlDfHWMrKht1b,sra.4723214,+56 9 1592 2791,-21678316,6,
,cresca507@viajesanma.com,Av4b0AbS9,cresca171,+56 9 1356 6894,1887226,9,18195
Sta. Nicolás Nieves Bañuelos,stniniba272@viajes.cl,4Q7yELehi4u,Sta.bañuelos296,+56 9 6373 1991,9127989,4,
Berta Fernández León,Bertaleón826@edubus.cal,Iv4GiHhN6Mao,,+56 9 8541 9519,22765198,9,16733
Esperanza Mares Gastélum,Esperanzagastélum106@outluc.com,WiupeSQTe50ki,esmaga528,+56 9 8396 8380,9280067,9,13763
Carlos Enríquez Fajardo,carlos3776747@viajes.cl,HGyej3rF6W2UTWN,Carlosfajardo194,+56 9 0071 8179,5276610,9,
,Jerónimolara380@viajes.cl,MNvm7cbp,Jerónimolara494,+56 2 2129 3955,26737871,1,
Tomás Granado Villa,Tomásvilla256@viajes.cl,CtjL7WxlcGjX,Tomásvilla188,+56 9 2479 0416,4964895,2,
Leticia Arevalo Peña,Leticiapeña778@viajes.cl,Vx0oes8CJy,,,17410106,K,
Luisa Galarza Briones,Luisabriones835@wass.com,N5fcV0ey,,+56 2 9054 2562,11904164,3,0
Lola Martínez Ávalos,lomaáv687@viajes.cl,,lola2711893,+56 2 1415 7305,18250359,2,
Jorge Luis Tapia Ordóñez,jorge8870623@viajes.cl,pQjwrKmLBGe95Lb,Jorgeordóñez318,,3691539,0,
Sra. Luz Samaniego Perea,srlusape355@viajes.cl,PU7AdyC2YW,srlusape201,+56 2 7550 7416,24761287,4,
Marta Gálvez Quintanilla,,,magáqu633,+56 2 9577 8044,21475660,9,1125
Sta. Ernesto Banda Navarro,sterbana150@viajes.cl,9Q6Si1IIibXpY,sterbana771,+56 2 4760 9656,,,
Teodoro Ulibarri Delrío,teulde801@tourket.com,2KqOqEAN5bHIAYq,,+56 9 1028 7967,4873368,9,2318
Cristobal Estrada Acevedo,cristobal245607@viajes.cl,euriT1r3wtEef9,Cristobalacevedo367,+56 2 9053 5715,4420492,4,
María Cristina Carbajal Preciado,Maríapreciado433@viajes.cl,yRFNh5t10qnAT50,,,28417738,K,
Samuel Alva Vaca,Samuelvaca104@outluc.com,Gz2YO8B1PIGB3I6h,,+56 2 8576 2090,10214920,3,8800
Lorenzo Villaseñor Cepeda,lovice659@tourket.com,FaoKBESK1Eu,lorenzo3954197,,23423529,K,
Julio César Rivera Ramírez,julio5928547@viajes.cl,NPs2Z0TEu,Julioramírez416,+56 9 9843 9094,4931825,1,
Norma Delvalle Raya,Normaraya573@viajes.cl,Js53trgmFLngdSK,norma2077456,+56 9 8709 4611,17217548,1,
Joaquín Valverde Armenta,Joaquínarmenta932@edubus.cal,,jovaar707,+56 9 3674 1539,28643008,2,0
Cristian Aguilera Benavídez,,7golvLfggR,cragbe733,+56 2 3873 5697,9002368,3,0
Virginia Reséndez Orozco,vireor184@viajes.cl,X9iuJDkrb2s7hiH,vireor722,+56 9 0349 8011,,,
María Cristina Alba Rendón,Maríarendón440@viajes.cl,lFmiIKD5HTO6Mv,Maríarendón788,+56 2 4377 1243,8317979,1,
Isabela Matías Leyva,Isabelaleyva623@viajes.cl,ivTrkjMUeIVm9,,+56 2 4798 3671,,,
Bernardo Corrales Quiroz,bernardo5607682@viajes.cl,nXAqgL0dooc2R,bernardo729697,+56 2 5252 4286,22233385,7,
Gustavo Sosa Galván,gusoga959@outluc.com,O5sYNDcI9bG,Gustavogalván303,+56 9 6816 4227,29812922,1,
Beatriz Cervántez Cotto,beatriz4510392@viajes.cl,Sn78Zz0u9,bececo237,+56 9 1431 6897,17793038,5,
Bernardo Díaz Cabrera,bedíca294@viajes.cl,JGQehVQIxVAa0,bedíca800,,15612745,0,
,Arturoparra110@viajes.cl,ChG8iDYVajSQ,arturo5356893,+56 2 4185 8746,23998248,4,
Sr. Sergio Cotto Arreola,sr.7451797@viajesanma.com,tI3Og741o75,sr.1171134,+56 2 7670 8421,10681401,5,-12763
Catalina Solorio Reyna,casore427@viajes.cl,nc6XdfjB8Pszl,catalina5145923,+56 9 9746 9140,10150923,0,
Lola Cabán Merino,lola7104104@viajes.cl,mnugU95T4PDHKtJ,locame171,+56 2 7643 1922,24649775,3,
Concepción Avilés Rendón,Concepciónrendón327@edubus.cal,vIeV5W1qY,,+56 2 0542 3168,13080315,6,5712
Sta. Elsa Badillo Lugo,stelbalu988@viajes.cl,r0mHw8W1m6nu,sta.6297218,,12716555,6,
María Mondragón Arteaga,maría2954882@viajesanma.com,jsWSAL7jpwuK5rb,,+56 2 2513 2186,26028744,3,3228
Julio César Vaca Jaimes,Juliojaimes822@viajes.cl,MU77CyFX5,,+56 9 6588 4515,29633198,8,
Tomás Matos Velásquez,tomás3757789@viajes.cl,gnG7Qo8JC,,+56 2 3319 2975,16303215,5,
Diego Gaona González,diego955510@viajes.cl,q5G5IeAM65wwp,Diegogonzález897,+56 2 9370 9159,14184372,9,
Ernesto Canales Matías,,,ercama473,+56 9 3044 1376,9486119,5,19295
Sra. Lucas Cadena Alcántar,Sra.alcántar365@wass.com,MKE3FGfhCsyVb,srlucaal949,+56 2 9072 1375,,,1823
Dolores Miranda Granados,,bbzmsGv739Tc,domigr102,+56 2 3728 6781,3602216,7,0
Nicolás Nájera Murillo,nicolás2999751@wass.com,96HSOSX9r3LDlXG,nicolás855689,+56 9 1000 7169,28236911,7,
Martín Barrientos Duarte,mabadu448@viajes.cl,9Sa3LZR4N0IXSu1,mabadu291,+56 2 7629 9816,24784574,7,
Sr. Juan Barela Cabrera,Sr.cabrera350@viajes.cl,,Sr.cabrera117,+56 2 2952 9070,2485949,5,
Yolanda Pabón Velásquez,yolanda4907946@viajesanma.com,3F9cJraF,yopave415,+56 9 1331 4852,17995816,3,
Jerónimo Trujillo Montemayor,jerónimo3557882@outluc.com,zduK0wcKCm,jetrmo919,+56 9 9013 1573,-15910537,7,6598
Carla Porras Deleón,capode618@outluc.com,Y2qoridusLCg1O,Carladeleón857,+56 9 4381 3205,6667432,0,
Graciela Gastélum Farías,grgafa303@marmol.com,2EbboZCqaG,Gracielafarías261,+56 2 6151 6198,23598299,4,
,macrvaga962@viajes.cl,rr5jCbmy7pyU,,+56 2 1299 1288,3290363,0,
Alicia Mayorga Briseño,Aliciabriseño959@viajes.cl,IhR7ILiRas,Aliciabriseño552,+56 2 8420 3894,20603571,4,
Julio César Baeza Carmona,Juliocarmona251@outluc.com,4UBETQU0Qfzl,jucébaca172,+56 2 8699 8690,22165959,7,
,clesro149@viajes.cl,YA8Fp5ZzUYuYd,clemente9125782,+56 2 0674 3239,3827014,1,
Enrique Alemán Heredia,,purSjBHD11,enrique2517893,+56 9 2335 9926,6399554,1,0
Ana María Flores Rascón,ana1756928@wass.com,Q6Gp6W6N,Anarascón603,+56 9 2799 8894,,,0
Vicente Vargas Vargas,,Bvw01huhRBQOvQ,vivava798,+56 2 9435 4472,17491618,7,
Magdalena Godoy Girón,Magdalenagirón148@outluc.com,nrpkKznmOj9W,magogi489,+56 2 2406 7031,5426992,7,-11049
Sra. Victoria Merino Flores,,b38Bc6SuN,Sra.flores417,+56 2 5124 6548,18557079,7,9037
Sara Viera Narváez,savina416@edubus.cal,taN2I1JpZyrufxfK,savina763,+56 9 2506 8214,27039857,K,
Manuel Preciado Morales,manuel3575963@viajes.cl,CGPMy7leHlVrATmU,maprmo318,+56 9 3044 0773,8697974,8,
Sra. Irene Ávalos Gonzales,srirávgo776@viajesanma.com,,sra.9329521,+56 2 8870 8952,20348184,5,21002
Armando Padilla Maldonado,Armandomaldonado855@viajes.cl,rat6hYwjh,,+56 2 5192 8775,,,
Sta. José María Cintrón Terrazas,sta.831723@tourket.com,LUlpPjwWbsAiM4,Sta.terrazas849,+56 9 5848 1036,8611646,4,
Lorenzo Sáenz Torres,lorenzo7727311@viajes.cl,WtlYxib3For4UR,lorenzo2640364,+56 2 0038 5804,9438670,5,
Eloisa Arenas Ávalos,eloisa888944@viajes.cl,BiuiuuzZX68ua,elaráv276,+56 2 4523 3061,10036513,8,
Carlos García Loera,Carlosloera513@viajes.cl,UlQC9CrF,cagalo342,+56 2 4384 5376,12084829,1,
María Teresa Verduzco Laureano,Maríalaureano486@viajes.cl,Yj3Vew7C1FtQD,maría6836164,+56 9 5296 1339,22666894,2,
Jorge Ferrer Solís,jorge4470264@outluc.com,u3eo1kgYpttXuJx,jorge551210,+56 2 0837 4745,,,
Sara Ruiz Santillán,sarusa993@viajesanma.com,JA8RP3A84LKLGLuD,,+56 9 4411 3920,20333783,3,4516
,Sr.bañuelos530@viajes.cl,uMMjEiUrn93,sr.7396369,+56 2 7717 9232,22484612,6,
Victoria Niño Espinosa,,rwiWIPJnyyN93w5,vinies924,+56 2 7668 1814,16255774,2,
Sr. Lola Alarcón Bernal,sr.3383439@viajes.cl,5r87rXJgdt53,sr.8478165,+56 9 6129 8340,13144931,3,
Catalina Bustos Varela,Catalinavarela631@viajes.cl,u5tnEEiI2rYXn,cabuva188,+56 2 2833 9536,4078037,8,
Gilberto Palacios Becerra,gipabe145@viajes.cl,i7j146ZlCcR,Gilbertobecerra960,+56 9 4506 8127,9441260,9,
Reina Mayorga Aguayo,remaag174@viajes.cl,8ZoQ0mGSRDaX,remaag483,+56 2 1170 1526,19062719,5,
Ángela Briones Atencio,ánbrat817@marmol.com,,,,-18449738,7,3980
Ramón Griego Noriega,Ramónnoriega776@wass.com,ZKH6hQtpk,ragrno634,+56 2 8418 4955,,,9710
Sra. Mario Madrid Aranda,Sra.aranda751@wass.com,,Sra.aranda891,+56 2 2203 6502,4038364,6,
Conchita Loera Orellana,conchita7188143@tourket.com,,conchita8698724,+56 9 8900 4521,19370680,0,0
Yolanda Guerrero Alaniz,Yolandaalaniz488@edubus.cal,6ehDq78bY,Yolandaalaniz231,+56 9 0101 1845,,,7752
Juana Gurule Arreola,juguar573@edubus.cal,LcmePplf22kBwEN,Juanaarreola675,+56 9 4767 6374,,,7846
Sra. Diana Tovar Brito,,M2f6u6uzMTYi,srditobr525,+56 9 3369 1394,12967465,2,
Sr. Carlota Nava Benítez,srcanabe968@viajesanma.com,mst4uwXVA8dtV,Sr.benítez595,,9129275,0,-6860
Elsa Lebrón Nájera,Elsanájera336@viajes.cl,xQiveu5CJBeN,elsa6798921,+56 9 1044 3525,16019390,5,
,jomaraga355@viajes.cl,5qkbAohQFe,jomaraga995,+56 2 9764 7122,5147950,5,
Sra. Rebeca Hidalgo Apodaca,Sra.apodaca812@viajes.cl,6n67cU8TFIP8J,srrehiap834,+56 2 7063 1806,342561,4,
Julia Cuellar Valencia,Juliavalencia268@viajes.cl,1Uc7u4WdU,julia3220546,+56 9 2964 8618,21747080,3,
Julio Pichardo Garica,Juliogarica923@viajes.cl,RjSXb59bZyj,jupiga775,+56 2 1163 6519,11626832,9,
Caridad Brito Olmos,Caridadolmos757@wass.com,hEmwm1xYA,caridad8025569,+56 2 1124 6159,,,2247
Sta. Luis Miguel Cuellar Casas,stlumicuca647@viajes.cl,1j69v57QWQt4r,sta.7748666,+56 9 6190 1901,21910252,6,
Magdalena Abreu Marroquín,maabma639@viajes.cl,OD6r6PYKq9i4,maabma792,+56 2 8433 7016,29838141,9,
Sta. José Luis Mares Ulloa,stjolumaul474@viajes.cl,28AQUzFpvk5FenS,stjolumaul995,+56 9 7278 0827,1376538,3,
Santiago Arellano Carbajal,saarca679@viajes.cl,C1f7a6VaDR2XZ,saarca650,+56 9 7990 1015,-20335453,3,
,pablo5088683@outluc.com,1NMVm2spZVC8eq,padere695,+56 9 7778 3211,20005574,8,-7406
Mateo Quiñónez Lebrón,mateo366872@outluc.com,vssWvARfEyH9,mateo2144216,+56 9 4620 7435,,,-5826
Salvador Pulido Rael,Salvadorrael871@viajes.cl,qEuQUU8df,salvador8669483,+56 2 7786 1337,19386422,8,
Luisa Olivárez Aponte,,CrgD4DwNGZnHu0FN,luisa7807560,+56 9 8383 0534,29011400,4,4275
Margarita Alonso Castro,,hWIPDn3u8FLJlGTp,maalca853,+56 9 5802 2754,23754129,4,4268
Sr. Andrés Miranda Flores,sr.8656807@viajes.cl,lxzyEgk5,Sr.flores925,+56 9 0779 8958,5171260,9,
Luisa Huerta Lomeli,,R12yQgTX8x7C,luisa9964377,+56 2 6432 8626,25687738,4,9036
Guillermina Frías Véliz,Guillerminavéliz425@viajes.cl,11s14dhG8eRai9a,Guillerminavéliz762,+56 2 7852 2397,6219101,5,
Berta Orosco Almaraz,berta893330@viajes.cl,uYOcqqpHXzz6i7,beoral576,+56 9 4680 3152,6117017,0,
,joaquín2078868@viajes.cl,PGtdPcpfzv4j,joaquín5804712,+56 2 1967 9100,29682077,6,
Mayte Gálvez Gómez,magágó137@wass.com,WNcovXREG63,Maytegómez216,+56 2 2587 2061,20771352,K,
César Rascón Delacrúz,cérade760@viajes.cl,rKApMK2WQ704smu,Césardelacrúz535,+56 9 6118 2323,-16629066,K,
Rebeca Valladares Ortega,revaor825@viajes.cl,1c4O3Mq2Lg5Jqtnb,rebeca3769626,+56 2 6065 0126,28501722,K,
Sta. Rocio Velásquez Garica,,5VMYq2gvB1O96k,sta.677650,+56 9 7896 5957,1574539,8,
Ariadna Serna Aguirre,arseag547@tourket.com,JHf9ul0V02t3J,,+56 9 8927 5032,14767084,2,7597
,subrqu744@marmol.com,isyZQpU9Kc,subrqu811,+56 2 5463 4260,8871854,2,15264
Francisco Duarte Granado,Franciscogranado910@viajes.cl,D8GbkSEllkMWZrie,francisco9897839,+56 9 5978 5505,2693199,1,
Miguel Delafuente Jiménez,miguel7248711@viajes.cl,RxMIrOR1zTy,miguel3386993,+56 2 9102 1001,6095016,4,
Emilio Blanco Paredes,emilio822282@viajes.cl,e4W3LsJ6SSdT4eSt,emblpa396,+56 2 1954 7823,24833429,0,
María Pizarro Peralta,mapipe691@marmol.com,f6AHIu5yLYeyu,mapipe938,+56 9 2905 2517,17022244,K,
Sr. César Brito Segura,srcébrse308@viajes.cl,WN9kfAtQTzt3BIK,sr.3014324,,28284823,6,
Eloisa Partida Agosto,eloisa1278790@edubus.cal,aYuqNqO5Kux,elpaag667,+56 2 1292 4830,7887552,6,1092
Carlota Cervantes Ávila,Carlotaávila327@viajes.cl,DBWc1oELlFavq,Carlotaávila377,+56 9 5680 5046,,,
Agustín Vaca Rosales,agvaro886@viajes.cl,OlwXFgU0m,agvaro501,+56 2 3649 6372,2933523,0,
Miguel Sierra Villa,misivi873@viajes.cl,9XgxKXayK,miguel1528968,+56 9 3626 5767,7278651,3,
Sr. Timoteo Gálvez Pagan,sr.4977383@viajes.cl,uIWW8puM8,srtigápa383,+56 2 6233 2830,15859376,9,
Eva Vigil Montez,evvimo997@tourket.com,xXGuZwbk6M4,eva5492543,+56 9 2392 1221,22004226,K,
Sta. Ana María Niño Adorno,sta.5648347@marmol.com,4g8OUeDWtt8,,+56 9 8634 8268,19256615,0,14536
Lorena Cortez Salgado,lorena822833@viajes.cl,9CGs2ynxz2e,lorena1210641,+56 9 3903 7884,22792402,0,
Gabriel Martínez Briseño,Gabrielbriseño263@viajes.cl,3hY09TuRamYWZR0,gabriel7061733,+56 9 6786 6060,9284098,0,
Eloisa Noriega Baeza,,IIrDPx1na8s,Eloisabaeza457,+56 9 6428 9116,1502468,2,0
Santiago Ortiz Madrid,Santiagomadrid737@edubus.cal,HcNe52sm,,+56 2 8490 3706,14782565,K,2316
Salvador Venegas Villanueva,salvador2465742@outluc.com,ChAXh72O2,savevi436,+56 2 0772 4499,,,33791
Carmen Melgar Adorno,carmen9488238@viajes.cl,Y3iUHqdm89ZZC,camead598,+56 9 5228 7582,358877,7,
Tomás Muro Zambrano,Tomászambrano517@viajes.cl,4Ykuiw0XP3wG,tomuza447,+56 9 9837 2137,22742471,0,
Norma Gutiérrez Malave,Normamalave614@outluc.com,TxTpW38JqqjVPO5,Normamalave259,+56 9 8041 2458,4122060,0,-255
Sra. María Teresa Orta Águilar,srmateorág301@tourket.com,9PUjR4UYdmQG,srmateorág585,+56 2 3878 3267,19786040,5,
Roberto Olivo Caldera,Robertocaldera659@viajes.cl,bMQZig5CDzT6Gj,roolca559,+56 9 2636 1843,,,
,gumebe955@tourket.com,joqbBZuw2t,gustavo9058628,,-17739011,9,733
Luz Rolón Sierra,lurosi472@viajes.cl,4xfKU7QvG1eyj3U,Luzsierra544,+56 2 6647 4941,16125019,8,
Sergio Serna Franco,sergio4309670@viajesanma.com,1rZxzdHem3qXA5oz,,+56 2 0421 0021,29436696,2,0
Sra. Clemente Calderón Orellana,sra.4315289@viajes.cl,QGJ8okT5fjWdFTM,sra.6860937,+56 9 4341 2561,,,
Timoteo Maya Pizarro,Timoteopizarro971@wass.com,jgU9iiTG8wsRXP,,+56 2 3437 9571,1496458,4,0
Andrea Caraballo Báez,andrea6328405@viajes.cl,HGyfrQWfRjgiv1,Andreabáez105,+56 2 1957 2293,17976700,7,
Cristobal Nájera Chapa,crnách772@viajes.cl,vQu62tmG9NG5,crnách995,+56 9 3617 0073,10553005,6,
Sra. Luz Arevalo Téllez,,,Sra.téllez353,+56 2 3054 7470,26969741,5,0
María Cristina Barreto Luna,Maríaluna894@viajes.cl,vdXQ8GHNG,Maríaluna383,+56 2 7361 3716,2775730,8,
Luisa Varela Delvalle,luvade652@viajes.cl,I0SeX7i17,luvade275,,2687161,1,
Samuel Barrios Tapia,Samueltapia215@marmol.com,TUVA2KhUc7p6,,+56 9 1386 4884,20304317,1,15452
Sonia Bravo Tapia,sonia4827360@outluc.com,y9Lzo1wcJFzG5Tcy,sobrta147,+56 2 0567 1435,24485817,1,-2513
Sta. Fernando Burgos Guajardo,,BKAyn2xAcP0O,Sta.guajardo705,+56 2 4494 3493,22270278,K,0
Ariadna Báez Madrigal,arbáma992@marmol.com,8eMAECJQAexMMPUN,arbáma611,+56 2 7898 0138,,,4959
Clara Fonseca Blanco,Clarablanco549@viajesanma.com,Vy5P6I0i,Clarablanco842,+56 2 4630 9996,21970661,8,445
Alberto Rocha Carranza,Albertocarranza913@viajes.cl,j8wid4EgUbxiOMDy,alberto566617,+56 9 6529 2393,26108209,8,
Vicente Alcántar Aponte,Vicenteaponte297@viajes.cl,4pnEA9DwRs,Vicenteaponte603,+56 9 4718 9387,21051994,7,
Samuel Sisneros Marrero,Samuelmarrero509@edubus.cal,F9yLzWJ3,samuel5168365,+56 2 2496 4194,3585345,6,
Joaquín Zarate Oquendo,,ga2LetT7Iu5BLat2,Joaquínoquendo984,+56 2 8738 2893,20636248,0,21846
Amalia Casárez Rentería,amalia1638984@viajes.cl,qy8x3iL0hlXXB1,amcare221,+56 2 1484 4832,984409,0,
Leticia Fernández Peralta,Leticiaperalta553@viajes.cl,noR0jXSf9cJ,leticia2942656,+56 2 4135 2968,13467480,6,
Julio César Colón Corrales,julio7400662@edubus.cal,05BDlPf54,julio4345427,+56 9 2985 4990,,,1764
Virginia Caraballo Zepeda,Virginiazepeda399@viajes.cl,4ZKUrCsNcs2LUky,vicaze931,+56 2 5323 9076,9888780,6,
Diana Mares Villarreal,,YrPhQDA3Ur7Xv3,,+56 9 3940 2575,23544015,6,
Rubén Carrero Madera,Rubénmadera789@viajes.cl,NjTpmpIQO7,rucama960,+56 2 9571 2806,3757339,6,
José Eduardo Cornejo Ocasio,Joséocasio511@viajesanma.com,Pfk3Qgq97,joedcooc275,+56 9 3604 5033,1529083,8,0
Alfredo Gallardo Castañeda,,3llJlgWlTMu,alfredo5333739,+56 9 1915 6970,463524,8,
Ana Luisa Corral Mares,ana8582626@outluc.com,xWJsPc6nFS2,ana4225821,+56 2 1027 4714,-19520083,1,13929
Benito Robledo Cardona,Benitocardona170@viajes.cl,AzzlZ6M8F0XV7,benito9852436,+56 9 7320 2506,12954954,8,
Ramona Arroyo Guzmán,Ramonaguzmán438@viajes.cl,cXYEW0LpJJOCOe3,ramona8448687,+56 9 0513 7533,24428665,8,
Juana Báez Ornelas,jubáor209@viajes.cl,,jubáor584,+56 2 5906 1036,2165214,8,
Sr. María Elena Treviño Castillo,srmaeltrca573@viajes.cl,xwTO4yTGp5n,Sr.castillo448,+56 2 7762 6652,-10894031,K,
Raúl Martínez Orozco,ramaor839@wass.com,VAkfBSn9R6,raúl9167336,+56 2 3825 3668,2956085,4,
Ariadna Raya de Jesús,arradeje840@viajes.cl,bT6Xk66innC,Ariadnajesús578,+56 2 2301 5672,26116136,2,
María Luisa Terán Loera,malutelo499@tourket.com,n0NAS1zCfhtEzBG,,,,,
Sta. Amalia Pelayo Loera,sta.3903315@wass.com,pkyY6PCq3uNS,sta.9407229,+56 9 9587 8843,4545974,8,-8802
Teresa Murillo Espinoza,,nxeIrHJa8jPFJ,temues193,+56 2 4973 6600,4090152,3,528
Susana Segura Ayala,Susanaayala828@outluc.com,,susana1228203,+56 9 0373 6900,6916727,6,
Juan Hernández Alanis,juheal336@tourket.com,ik7VzYzi8lTLGj,juheal489,+56 9 5253 2709,,,4685
Alejandro de Jesús Alcaraz,alejandro4663195@viajes.cl,ESUbU6k6uE,aldejeal230,,21147795,4,
Sra. Juan Arellano de Jesús,srjuardeje698@viajes.cl,lP5qvfbz,srjuardeje243,+56 9 4858 4834,3035017,0,
Teodoro Escalante Escobedo,teeses724@marmol.com,f1XKL6waEOvI,teeses466,+56 2 5661 0536,,,49216
Jorge Oquendo Zavala,Jorgezavala800@edubus.cal,WQP4uWTS0L7hf0,Jorgezavala491,+56 9 9354 4621,,,7620
Sra. Fernando Ibarra Abrego,Sra.abrego176@viajes.cl,BL6D9vijD22Jd,sra.9898735,+56 2 7126 9435,5622090,9,
Caridad Figueroa Garay,cafiga949@viajes.cl,KxG2IJj8DMmDavi,caridad6999509,+56 9 7202 4253,17089426,K,
Jorge Luis Ayala Curiel,,fq8nUt9p7V,Jorgecuriel612,+56 9 3165 8796,3895064,9,13165
Cecilia Delagarza Flórez,Ceciliaflórez371@viajes.cl,roRnbq10bi1MtS,cedefl581,+56 9 9348 5982,10693239,5,
María Vela Garibay,mavega737@viajes.cl,OU2P10oS4lN6km,Maríagaribay548,,17172182,2,
Sergio Peña Zambrano,sepeza140@viajes.cl,gSna5iv2Q1U,,+56 2 0980 3349,10922916,4,
Francisca Espinal Ulloa,francisca8404259@viajes.cl,xTcMTuNe6lgr2h,francisca7641720,+56 2 0562 0813,,,
,Virginiahernández425@viajes.cl,uDtzTt6M,virginia9839181,+56 9 4925 9854,2075912,7,
Miguel Valencia Fajardo,miguel4891310@outluc.com,,miguel7628569,+56 2 4608 6334,16014111,5,
Débora Santiago Jaramillo,,5gARxKLD9,débora9634480,+56 2 2409 8118,,,2364
Laura Benavídez Valverde,Lauravalverde772@viajes.cl,scPsmMNaB8wJyapu,labeva903,+56 2 4875 1226,24959800,3,
Lourdes Zavala Jimínez,Lourdesjimínez985@viajes.cl,EnUU2AWWubiR,Lourdesjimínez627,+56 2 7333 5468,15229199,K,
Sr. Nicolás Mares Paz,sr.6406297@viajes.cl,ehK5fTQeN6F,srnimapa962,+56 2 5152 1166,1577355,3,
Victoria Arriaga Delrío,victoria3315739@viajes.cl,H36pNaRucvFmIUb,viarde709,+56 2 4947 6718,24799329,0,
Felipe Alemán Saavedra,,XH7VM4i07Pc3,Felipesaavedra751,+56 9 4254 8629,24465852,0,
Sta. Cristobal Uribe Chacón,stcrurch737@wass.com,syU01fpc,sta.2016752,+56 2 2373 6093,7489283,3,-14863
Sta. Cecilia Puente Padrón,sta.3506129@viajes.cl,s6uK5ohrP,stcepupa345,+56 2 5565 6803,,,
María Teresa Pagan Cordero,matepaco678@viajes.cl,UmIa6ua6sVNyIB,Maríacordero453,+56 9 6473 4274,4386021,6,
Samuel Rosales Laureano,sarola737@wass.com,zU55j9VmRO5vnIRx,Samuellaureano604,+56 9 0755 7700,13710481,4,
Dolores Montez Gálvez,dolores6875267@viajes.cl,XKeg22Haif,domogá290,,3489220,2,
Sr. Miguel Lozada Lemus,sr.3206621@outluc.com,BY59CCHRh,sr.3369387,+56 9 8911 1776,21097508,K,-9340
Caridad Lugo Magaña,caridad8115247@viajes.cl,zNqvLIQmMCOxBp3x,caluma844,,22396420,6,
Marta Ocasio Casanova,marta879398@edubus.cal,B8fOTtcNlqIol7,Martacasanova885,+56 9 1322 2742,,,0
,rebeca7537746@edubus.cal,LtEK4omlKFclniM,Rebecaalcaraz544,+56 2 7741 1058,22624090,K,-11214
Miguel Rosario Mejía,Miguelmejía168@viajesanma.com,,miguel1011584,+56 2 7551 2182,7115898,5,0
Eduardo Prieto Ontiveros,,CubdE2cmCDfMr,edpron217,+56 9 3603 1043,8148589,5,
Sra. José Luis Rodarte Cornejo,,q6JpOR1R3,srjoluroco861,+56 9 6615 4378,18719771,6,
Maricarmen Acuña Nájera,maacná844@viajes.cl,l4Su1oXYO,Maricarmennájera607,+56 2 8492 2040,295314,5,
Nicolás Baca Tórrez,nibató846@marmol.com,Jnl6PmXyZHPmFsW,Nicolástórrez487,+56 9 9375 2658,18915598,0,4906
Norma Ceja Canales,noceca787@viajes.cl,emi1CO6jJWPWli6,Normacanales578,+56 2 9166 4129,29097525,5,
Carolina Jurado Villanueva,cajuvi986@marmol.com,moFLZ1pxk1cl5,Carolinavillanueva178,+56 2 5663 3871,2773545,2,16064
Mónica Jurado Valles,Mónicavalles477@viajes.cl,3XMywBrEIrmL6,Mónicavalles727,+56 2 1571 1603,18192102,1,
Ernesto Valdez Gómez,Ernestogómez420@wass.com,bW6Cjo9qm,ernesto921907,+56 9 1693 1238,,,15762
Jaime Guevara Villegas,jaguvi499@viajesanma.com,rcWIln4tYyv,jaguvi454,+56 9 6181 1984,7504512,3,3301
Isabela Molina Romo,isabela9927916@edubus.cal,FGKj6IWhrUu7,Isabelaromo450,+56 9 4712 2456,4991190,4,-12589
Irene Herrera Ybarra,,ypr4vZ4w3S,irheyb536,+56 9 0706 5203,6358297,2,
Luis Miguel Tejada Cintrón,luis7215383@viajes.cl,0LGgm64Fed,lumiteci878,+56 9 9230 1238,6333410,3,
Mario Solorzano Jaramillo,mario3257633@viajes.cl,gVP9yuJZDuxq,Mariojaramillo520,+56 9 2772 2179,-1634136,3,
Ana Luisa Naranjo Vázquez,ana8305224@wass.com,50e0s38XpyRAqSqa,anlunavá607,+56 2 9700 5125,,,11229
Lourdes Quintero Ordóñez,lourdes4205209@viajes.cl,nakocYI3tLWrDS8j,loquor623,+56 9 3973 7709,18931557,0,
Julio Tamayo Ávila,jutaáv641@viajes.cl,Lpq0T0bFRFrGSzA,jutaáv601,+56 2 9447 5558,25192530,5,
Horacio Orellana Lucio,Horaciolucio884@viajes.cl,W5aKsMy7d4M3,Horaciolucio764,+56 9 9572 6284,-900272,3,
José Emilio Cerda Solano,josé4245489@viajes.cl,ZRfTjZ53k,josé587646,+56 9 0792 5361,12117696,3,
Luis Ybarra Orellana,Luisorellana841@viajes.cl,kBfICn232gTzNvW,luis1932904,+56 9 4145 0270,18459981,3,
Gabriel Armas Villareal,,1wRgG7IK,gaarvi733,,21219935,4,0
Sonia Solorio Correa,Soniacorrea422@wass.com,3Hni2UEVsOC8ZP,Soniacorrea657,+56 2 8588 8881,3823351,3,
Tomás Olivera Acosta,toolac769@viajes.cl,,toolac666,+56 9 5174 8435,19926354,4,
Gustavo Núñez Leyva,gustavo5004949@viajes.cl,P2toBl6HNgEcqc,gunúle189,+56 9 0506 8152,6890048,4,
Inés Caldera Valenzuela,incava830@viajes.cl,eqOE71mzFAHa,Inésvalenzuela642,+56 2 1863 5821,2575501,4,
Sta. Francisca Martínez Olvera,sta.3684397@tourket.com,m3oL9QAhFZzu,Sta.olvera611,+56 2 6257 0272,,,0
,dapicó253@viajes.cl,OytuO8P8VaS5,dapicó544,+56 2 1655 2305,2156703,5,
Esperanza Barraza Pacheco,Esperanzapacheco849@viajes.cl,4VaF64mlUIgwXZ,esperanza4999935,+56 9 5873 2367,19547229,7,
Carla Zapata Serrato,,tXMjL0mBkw3WD,carla4292156,+56 2 4414 7291,3742955,4,
Benjamín Hurtado Posada,behupo888@wass.com,Qc0ORQg7fG8S,Benjamínposada108,+56 2 0091 2798,29277104,5,-6130
Sta. Silvia Quintero Holguín,stsiquho545@viajes.cl,7TDdYVeJ,stsiquho170,+56 9 9196 2014,6283164,2,
Pablo Reséndez Mojica,,,Pablomojica100,+56 2 6540 2472,23170422,1,
Juan Carlos Alcaraz Caballero,jucaalca382@edubus.cal,GN4Ko3pmQY4fx5,Juancaballero118,+56 9 5076 3291,-16761703,4,
Sra. Ignacio Montenegro Adorno,srigmoad631@viajes.cl,dQi8r2Ovy7AQK,,+56 9 3216 6451,2629886,5,
Leticia Cortez Meléndez,Leticiameléndez767@tourket.com,lesxxDsAF2K8Z,leticia7899790,+56 9 6179 8130,6164634,5,
Débora Collazo Curiel,débora7320908@marmol.com,h5miHYI8J,débora226546,+56 9 0024 2448,6455197,3,-10143
Sta. Emilio Borrego Pelayo,,D1g3eXmMQbEUK,,+56 2 1060 0158,8135797,8,
Sra. Francisco Valenzuela Macías,sra.8417190@outluc.com,,Sra.macías139,+56 2 5190 4098,6306999,K,
Concepción Tovar Benavídez,cotobe132@viajes.cl,yk0yRvNvMP2Z1MNh,concepción184259,+56 9 5956 5049,,,
Sr. Felipe Robles Sisneros,sr.6894983@wass.com,TTgNUjf2PTR4Z,,+56 9 3559 5189,12433165,K,10617
Reina Gálvez Leyva,Reinaleyva327@viajes.cl,1967tt0WNoJ,reina9009550,+56 9 0749 6776,16929123,3,
Sra. Maricarmen Camacho Escobedo,srmacaes852@viajes.cl,0wadUB8u,sra.1425899,+56 2 3007 3140,2095133,8,
Claudia Ávalos de Jesús,claudia2190479@outluc.com,GXY5jemV1,Claudiajesús329,+56 9 2989 1041,19945274,6,5610
Elisa Anguiano Puente,elanpu412@viajes.cl,i5Tma0WUqU,elanpu448,+56 2 3994 7558,27073958,K,
,bemega791@edubus.cal,jhKf85p38kY6,Benitogalarza104,+56 2 5801 2009,-5769309,6,4447
Sofia Valle Briseño,sovabr481@outluc.com,vCAVWK4noIspp8RG,Sofiabriseño807,,-7917104,2,0
,hocetr835@edubus.cal,oTBWqQjHX2pxE,,+56 9 5039 1667,,,8084
Lilia Roybal Longoria,lirolo275@viajes.cl,MB4eNNkiunb,lirolo666,+56 9 7593 8440,-8613654,6,
Mónica Zamora Corona,mózaco269@viajes.cl,,mózaco952,+56 9 6560 6061,23901514,K,
María José Orta Ortega,maría9409503@viajes.cl,Uvh4zWZ4k6Sq,,+56 2 6529 3176,21355629,0,
Silvia Casanova Serrano,Silviaserrano929@tourket.com,yJEUuCuIJ6AJ,,,21987282,8,4056
Rebeca Garica Rubio,,76KbAGXXfu,regaru480,+56 9 5082 6728,14585822,4,0
Javier Abrego Mateo,Javiermateo256@viajes.cl,qdfWoggrc8d,javier8774848,+56 9 2193 7394,11372341,6,
Cristina Meza Cedillo,cristina2812921@viajes.cl,n3U8g7GfoPLHkiBj,Cristinacedillo774,+56 2 1676 1375,24779293,7,
Ricardo Reyes Granados,,0tujH3gPIfRagc,riregr434,+56 2 5591 3029,19022134,2,10194
Gabriel Caldera Adame,Gabrieladame361@outluc.com,irAFWV90OTEd4,gacaad441,+56 9 0828 7340,28251166,5,
María Elena Muñiz Verduzco,maelmuve231@tourket.com,RI7yJbA6Hd,,+56 9 2119 7932,13160121,2,22947
Catalina Olivo Alcaraz,Catalinaalcaraz270@tourket.com,9koljjRbJfALJ9,caolal970,+56 9 8181 1422,3539815,5,1994
Jaime Olivo Díaz,jaime1141720@viajesanma.com,9DpxkIZDqs,Jaimedíaz589,+56 2 9943 5308,,,0
José María Alaniz Benavides,Josébenavides690@viajes.cl,saVbXPBSl3wf4H,,+56 2 5831 5967,16815430,5,
Mario Alonso Benítez,mario3024191@tourket.com,b4hF5zKGb,mario5678756,+56 9 3688 9640,15165810,5,-13701
Federico Roybal Cabán,federico3355300@viajes.cl,vE0kqUYrUztt7J,federico6957963,+56 2 3314 6847,-1116484,6,
Jesús Delatorre Escobar,,2K9n4RHd6,Jesúsescobar947,+56 2 7687 5022,4532898,8,1745
Eva Aguilera Escobedo,eva5525398@viajes.cl,1Hch0e265NUF,eva1482540,+56 2 1466 6839,26400826,3,
Sergio Arteaga Romo,Sergioromo646@viajes.cl,VmPL75N4ixwmWlc,Sergioromo461,+56 9 3747 3478,23819083,5,
Isabel Espinosa Concepción,Isabelconcepción876@outluc.com,8FrzK7529Dooc0,,+56 9 2848 1230,21836502,7,9503
Raquel Roldán Holguín,Raquelholguín560@viajes.cl,29FzYMxham,Raquelholguín764,+56 2 0359 8989,21334607,5,
María Elena Abrego Contreras,maelabco272@viajes.cl,6nlVSaZ0W,maría7275226,+56 2 8463 2241,20439274,9,
Ana María Cano Delapaz,anmacade780@viajes.cl,cbChodFrVmO2,Anadelapaz589,+56 9 6088 6357,26598032,5,
Sta. Gilberto Paz Hurtado,sta.3999824@viajes.cl,paIvrAdTvoa6,stgipahu445,+56 2 7467 6017,6962390,5,
Armando Suárez Bustamante,armando658613@viajes.cl,SfwuXPOpj1e,Armandobustamante911,+56 2 0380 9049,5589927,4,
José María Alonzo Mata,jomaalma170@viajes.cl,KPo725A6lPZ8nj8l,Josémata696,+56 2 0215 6114,22286639,1,
Javier Lucio Montemayor,Javiermontemayor730@wass.com,V8IbD0f4jEoXBoGl,,+56 2 2671 6530,8187055,1,252
Horacio Alba Meza,horacio1035112@viajesanma.com,eNynBC73j6q7kG,horacio2770914,+56 2 7091 5871,15611709,9,-5615
José Luis Cavazos Murillo,jolucamu889@viajes.cl,wEDXi65tOz,jolucamu172,+56 2 2626 8829,9858910,4,
,josefina7589382@outluc.com,21eJTYhd,Josefinacedillo247,+56 2 0805 5278,,,10602
Sra. Vicente Acuña Concepción,Sra.concepción176@outluc.com,xJLy9y95RcOo,Sra.concepción718,+56 2 7940 4359,15399660,1,0
Ernesto Flórez Alcala,ernesto9095694@viajes.cl,C9g7dGAm7M5,Ernestoalcala245,+56 9 8259 4034,6885993,K,
,Sra.escamilla417@viajes.cl,SFKapdeqHC76Lxh,sra.177913,+56 9 9815 1666,26848143,5,
Verónica Ordóñez Pacheco,veorpa980@viajes.cl,TKKzhbyZd5kzrA5q,verónica2323240,+56 9 2250 9342,20193101,0,
Luis Becerra Franco,,JtZHN1Ffnl6fzWeM,Luisfranco557,+56 9 1916 9607,16602972,4,0
Gabriel Loya Posada,Gabrielposada795@viajes.cl,oq8D4Iwe,gabriel965193,+56 9 7352 4263,22623477,2,
Federico Trujillo Roque,fetrro362@tourket.com,rA1qggiPJ17u,fetrro461,+56 9 9871 4094,12813896,K,7756
Miguel Hurtado Pérez,mihupé966@outluc.com,,Miguelpérez718,+56 9 4467 0448,287418,0,0
Ana Luisa Cornejo Rivero,Anarivero619@viajes.cl,zgkIqBC24AiM,ana9746708,+56 2 8551 0299,10655157,K,
Enrique Godoy Rosado,,gWC3wnOyMoU,Enriquerosado625,+56 9 2782 5244,23535597,3,9978
Francisco Vanegas Ávila,Franciscoávila759@wass.com,GhcF5hrWXT9p,frvaáv109,+56 9 5074 6470,8369968,K,
,lucabo108@viajes.cl,SbrK15bQ2udsCpSN,lucabo909,+56 2 6147 3567,24378329,1,
,alfees578@edubus.cal,DA8A76r8clMDM,,+56 2 5608 8006,-21101107,6,4408
Sr. Julio César Carrasquillo Gallardo,sr.8161428@viajesanma.com,Fvm5LtRR75Y,sr.2633556,+56 2 3445 4258,12777341,6,3088
,,XEy87skWy3hEH,srcaguro407,+56 2 8772 2008,10701019,K,0
Sta. José Luis Loya Soria,sta.8744824@viajes.cl,fS5rPkoEC,stjoluloso130,+56 9 1818 4079,28116297,7,
Gloria Zamudio Ruiz,gloria5815519@marmol.com,mUA9xmFQU,Gloriaruiz944,+56 2 0070 9001,,,168
Rosalia Santacruz Chavarría,Rosaliachavarría168@edubus.cal,DJVpB155,rosach472,,12642657,7,1400
José Luis Gonzales Corral,josé9370717@wass.com,Yoto7Vw6Gs,josé2364735,+56 9 6122 7901,,,1330
Lucia Lozada Sanabria,lulosa466@viajes.cl,,lucia3054576,+56 2 7545 4013,,,
Marcela Amador Ramos,Marcelaramos215@marmol.com,lzwVTf25PqcA5Ix,maamra656,+56 9 5579 6193,5167028,0,
Gabriela Reynoso Guevara,gabriela4787419@viajes.cl,Zyxvu4toP,gabriela1789747,+56 9 1736 1546,26151925,9,
Agustín Terrazas Zelaya,agustín2795217@wass.com,5lfMqr1Zijr2FC,Agustínzelaya740,+56 2 3490 4396,-5813160,1,-749
Hugo Cisneros Aparicio,huciap119@viajes.cl,,huciap919,+56 9 4963 7818,17502598,7,
Emilia Barraza Curiel,emilia3123845@edubus.cal,3zFrTZT7slCWrV,Emiliacuriel380,+56 2 8390 1475,7925808,3,
Alicia Velasco Castellanos,alveca156@viajes.cl,PYOrLpyzD73G,alveca773,,21545563,7,
,stcrceca710@outluc.com,T3iG2LHsX,,+56 9 1219 9747,2344670,7,
Rosario Hernández Orta,Rosarioorta745@viajesanma.com,QFNx8pG1k47cS2,rosario711734,,,,7785
Sr. Timoteo Preciado Mena,,H6PKgsiFh0VBq,sr.5729982,+56 2 5258 0906,24618909,9,3110
,Luisaraña167@viajes.cl,v6dkYgkaY2zwJ82,,+56 2 1429 9000,29524635,9,
,toquma393@viajes.cl,8wayZLBYj,tomás4587100,+56 9 8393 2445,19868050,8,
Timoteo Solís Domínguez,Timoteodomínguez465@viajes.cl,C6i592p66qYaB0J,Timoteodomínguez361,+56 2 5991 0115,11983864,9,
Alberto Jiménez Lovato,aljilo220@marmol.com,NNMwuSS4N,aljilo360,+56 2 8966 1775,5888334,4,
Miguel Ángel Romero Adorno,Migueladorno451@viajes.cl,,,+56 2 6313 4291,3711927,K,
Mateo Aguayo Nazario,Mateonazario243@viajesanma.com,yBOSqLsounXff6qd,,+56 9 5391 8656,11328728,4,0
Hernán Barreto Acosta,hernán1890960@viajes.cl,FSFbaOrvY7,hernán5753989,+56 9 9749 8884,22155021,8,
Amalia Hernandes Naranjo,amhena219@outluc.com,Rt6Gi5qZgg,Amalianaranjo600,+56 9 3087 0812,6662978,3,
Sra. Leonor Reyes Preciado,srlerepr997@tourket.com,FYI9vhTBVvvW1TEW,Sra.preciado529,+56 2 5102 0167,27811892,4,-3866
Inés Alicea Vera,inés7084745@tourket.com,EDF1uWnpp4qJe,inés5556255,+56 9 9325 4537,27102585,8,8712
Ángela Gallegos Gallardo,ángaga278@viajes.cl,K9jOLpDV1,ángaga746,+56 2 3635 9094,18740144,5,
Teodoro Araña Peña,Teodoropeña685@wass.com,G5YqZcw23,teodoro2824239,+56 9 6717 7450,13527862,9,
Sra. Patricia Regalado Ulibarri,srpareul537@tourket.com,,srpareul807,+56 9 7282 6744,9417192,K,23773
Sta. Conchita Alaniz Saldaña,sta.3035395@tourket.com,b8brYlXffm,Sta.saldaña440,+56 9 9669 6808,21408751,0,
Ramón Caldera Jurado,Ramónjurado680@viajes.cl,37yWJ80bLmL,racaju926,+56 9 8979 7734,11085669,5,
Laura García Castellanos,laura2478321@edubus.cal,dW9f6PO61XdH,laura6667975,+56 2 9129 1593,9302433,8,0
Luis Miguel Montañez Barrios,luis8199500@viajes.cl,H1Jldy1u5,Luisbarrios728,,,,
Mateo Hurtado Godínez,mateo688995@wass.com,3ISmH5opMN7g6c,mateo3384912,+56 9 8189 7350,,,36082
Sta. Claudia Miranda Cantú,sta.7049740@tourket.com,chyqhhC53eK,stclmica867,+56 2 9091 2704,25021174,0,
Cristian Tovar Briseño,crtobr476@viajesanma.com,Zb3aLtpt,cristian6031496,+56 2 1551 6917,,,
Pilar López Mata,Pilarmata943@tourket.com,X5HWb7MRB82j,Pilarmata389,+56 9 4110 2725,,,1280
Lourdes Sanabria Melgar,Lourdesmelgar597@tourket.com,Bd3QZKMdG1Ra4L,,+56 9 4233 2795,2678088,8,26939
Fernando Guevara Tijerina,,Nh2G5ghd,Fernandotijerina339,+56 9 0882 3507,21389181,2,0
,ricardo4506845@outluc.com,EkSjIS6H1m81n,ricardo7775935,+56 2 4260 2040,3688385,5,
Marisol Arenas Nájera,marisol6249480@edubus.cal,,maarná761,+56 9 6213 7889,3525900,7,
Lourdes Solorzano Arce,Lourdesarce209@viajes.cl,TYzOKwNzhUs53R,lourdes1762887,+56 9 5174 7344,19022794,4,
Andrea Rolón Vela,anrove982@viajes.cl,smBJHXiZw7O5,anrove870,+56 2 0252 6158,23711790,5,
Yolanda Rosales Pedraza,yorope256@marmol.com,88qHXMoEuHh,,+56 9 0116 5107,13918699,0,3565
Adán Rubio Vélez,adruvé344@viajes.cl,91ZjP76W9s,adán8583549,+56 9 0549 8521,26255975,0,
Alberto Almonte Llamas,,t9l81FkW,alalll768,+56 2 4046 5138,5717285,1,0
Ana María Cano Meraz,ana1243422@viajes.cl,OZ0HR9eCi3Abl9,Anameraz229,+56 2 8824 4110,11541661,8,
Esteban Estévez Elizondo,Estebanelizondo783@viajes.cl,AkMePQ1iyen88H4,Estebanelizondo907,+56 2 5515 3902,29710034,3,
Sr. Lorena Quintero Fernández,srloqufe240@viajes.cl,q65txVE6NnD,sr.2926780,+56 2 9136 7932,19987268,0,
Leonor Terán Soliz,Leonorsoliz140@outluc.com,CJ91wCBwV1FkVyP,Leonorsoliz801,+56 2 4269 3684,10781549,K,
Juan Carlos Osorio Alonso,,t3eBS5e4,jucaosal718,+56 9 7249 3986,17724943,2,0
Daniela Matías Camarillo,Danielacamarillo683@viajes.cl,zmM8ugxJTJ1,damaca720,+56 9 1068 3131,6141399,5,
Diana Lugo Sanabria,,05oXBUzizBGZCu1y,,,7292158,5,
Gabriel Corrales Casárez,gacoca437@viajesanma.com,QLsbLjzX6,gacoca512,+56 9 9020 3706,25660512,0,0
Sra. Mario Bahena Pacheco,sra.867154@viajes.cl,r5zv4V3ait,Sra.pacheco109,,13125524,1,
Norma Salgado Estévez,nosaes737@viajes.cl,V4pyVnmHh2hb,,+56 9 3220 6126,24358404,3,
Rosa Frías Godínez,rosa3149719@viajes.cl,FgNJu70xE,Rosagodínez762,,5718494,9,
Salvador Alanis de Jesús,Salvadorjesús766@viajes.cl,BTI7UFiYRnJI,saaldeje843,+56 2 3660 8745,22058373,2,
Ana Águilar Collazo,Anacollazo583@wass.com,UDHpoa7QV4Y2,ana1246206,+56 2 2656 6677,22945932,5,-11115
Ramona Zelaya Cardona,Ramonacardona734@edubus.cal,IErAN2iY6mgurQc,razeca229,+56 2 5728 1202,22468799,0,
Juan Carlos Orta Orozco,Juanorozco540@viajes.cl,eIMx0qBU0KkWA,juan3518538,+56 2 0141 3572,4953096,K,
Sra. Marco Antonio Rangel Jaimes,sra.3972649@outluc.com,KONQW29qwaPEiSs,,+56 9 1052 3948,15085121,1,0
Fernando Delgadillo Muñoz,Fernandomuñoz208@viajes.cl,,Fernandomuñoz623,+56 9 5871 8200,13471629,0,
Sta. Gustavo Olivares Ruelas,sta.6474360@viajes.cl,kxsWK2kQ8P,stguolru281,+56 2 5821 7400,331832,K,
Ramón Bustamante Cedillo,Ramóncedillo274@viajes.cl,MCEThk0rGy02L,ramón8411138,+56 9 4186 8772,14341556,2,
Rosa Tijerina Velasco,rosa3292475@viajes.cl,1OmmW17sR3vM,Rosavelasco450,+56 9 4030 7501,17336866,6,
Juan Carlos Granados Toledo,juan2477901@outluc.com,yG0AfdP681jSbc,juan3400874,+56 2 4425 3113,25552283,3,
Sra. Susana Guajardo Llamas,sra.5690979@tourket.com,3FOZ79J5Nc,,+56 2 4294 3474,6140446,5,1729
Alicia Carrasquillo Delgado,alcade356@viajes.cl,yDAp4onzS,alcade570,+56 2 1906 7514,28378465,7,
Raquel Almanza Villalobos,Raquelvillalobos916@viajes.cl,kvIkKb8M,Raquelvillalobos405,+56 9 1803 1372,1457492,1,
María Eugenia Molina Olivo,maría6926441@viajes.cl,U0BMylNP1Id,maría9320683,+56 9 0581 8018,28096042,K,
Micaela Ledesma Saavedra,milesa806@wass.com,Oz1Osh1joRKF,micaela2280557,+56 2 2135 9970,,,18287
Luisa Atencio Soto,luisa6107945@wass.com,1icPRWj5,Luisasoto442,+56 2 6672 2779,,,10215
,Patriciomagaña183@viajes.cl,gWpKDfz54SY,patricio306334,+56 9 2426 0525,13175792,1,
Rafael Quintana Linares,rafael3265304@tourket.com,5r7NqQM4a,,+56 2 2254 1315,-5527139,9,2130
María Teresa Reyes Acuña,maría6183440@viajes.cl,EQB28J1nzhaN2XH2,matereac977,+56 2 8812 5619,18430389,2,
Dorotea Delapaz Vallejo,Doroteavallejo370@viajes.cl,9WFqhbLEBH,dodeva458,+56 9 7449 4765,,,
Raúl Rivas Rendón,Raúlrendón304@viajesanma.com,MZB4jhcAUt9xyspr,raúl4374958,+56 9 1809 2107,20431493,4,-3365
Hernán Téllez Montero,hetémo696@viajes.cl,jJeRQ5edsNqAO,hernán7137712,+56 2 6145 9690,24105672,4,
Sr. Elvira Zayas Solís,Sr.solís593@viajes.cl,,sr.1299596,+56 2 6380 6298,-20500921,3,
Javier Leal Armijo,jalear437@viajes.cl,nDggyTlMG1Esn38,jalear330,+56 2 1690 9550,27004979,6,
María Teresa Águilar Sedillo,Maríasedillo292@marmol.com,WyUfmv889ROhh,mateágse705,+56 9 9931 7976,,,0
César Olvera Cedillo,céolce991@viajes.cl,,,+56 2 2592 1204,7444188,2,
Daniel Véliz Medina,davéme730@tourket.com,FPfsQhz8D,,+56 2 2705 5630,5758853,5,29113
Sr. Bernardo Venegas Cornejo,,ddUx1cYJ75X,Sr.cornejo342,+56 9 3858 2704,15102622,2,842
Sta. Hugo Rubio Nevárez,sta.8937326@viajes.cl,4Xi5UynyrQNtMcS,sthurune848,+56 9 1120 7856,,,
Sta. Hernán Mayorga Girón,sthemagi384@viajes.cl,nFAy1KiV,sthemagi518,+56 2 1030 5220,24878010,K,
Berta Soliz Garibay,Bertagaribay652@viajes.cl,Tt3gtU6FtiT,,+56 2 4810 2154,11101543,0,
Silvia Cortez Aguirre,Silviaaguirre528@tourket.com,,silvia7879600,+56 9 1618 8633,7328116,4,12576
Hugo Sanabria Atencio,husaat905@outluc.com,QMnL1kdUxNvJrESO,husaat998,+56 9 5658 0487,16733761,9,
Alejandra Suárez Pelayo,alejandra9343406@viajes.cl,7GuMjBYT,alejandra3205419,+56 2 5135 0412,22778273,0,
Antonio Jurado Bernal,antonio8674531@viajesanma.com,astPv0eixBE,Antoniobernal348,+56 2 2346 6124,,,0
Teresa Montenegro Perales,teresa7429718@marmol.com,Pyp0zmXfPBir,teresa2584666,+56 9 8148 2797,29995613,K,
Ramiro Negrón Candelaria,ramiro6881877@viajes.cl,le3fMnDyiE11N,ramiro4296869,+56 2 7972 1454,28792068,7,
Esteban Sotelo Alonzo,Estebanalonzo556@viajes.cl,TUtXHtO3j,esteban9610469,+56 9 3114 0970,,,
Manuela Duran Alvarez,Manuelaalvarez722@marmol.com,WasMY9eE,manuela6091306,+56 9 8560 0777,24370035,3,
Berta Ramos Robles,berta7261434@outluc.com,Q3t8VxNmQ6x8rt8,,+56 9 4769 8704,13903784,7,15078
José Emilio Macías Cardona,josé7055717@viajes.cl,uzrr3ZvOyDmP8Sm,Josécardona326,+56 2 1590 3163,-24608386,K,
Jerónimo Godoy Batista,,LqI1Cyq0c9L,jegoba817,,5402622,6,7692
Sra. Sancho Hurtado Porras,Sra.porras732@viajes.cl,2lMxfWK1SM0rvX,Sra.porras711,+56 9 2687 4818,1641827,7,
Sr. Lucia Casillas Covarrubias,srlucaco282@viajes.cl,48uGN9S0u4,sr.9241758,+56 9 5638 7129,,,
José María Castillo Gastélum,josé3908539@viajes.cl,0ZFL54ax,josé6122393,+56 2 9767 1796,22346994,9,
David Gálvez Angulo,david592704@outluc.com,,dagáan189,+56 2 2495 9612,19250702,2,0
Diego Alvarez Covarrubias,Diegocovarrubias897@wass.com,g2pur4g6DKpHjohO,,+56 9 8720 6949,7752735,4,0
Guadalupe Cornejo Carranza,guadalupe4581165@viajes.cl,78ffZ6qCUdVRiqO5,Guadalupecarranza550,+56 9 6252 7994,12186782,6,
Carolina Montenegro Báez,carolina2797923@viajes.cl,Dm1NEePlrN9vx,camobá809,+56 2 2463 7107,,,
,sonia8445310@viajes.cl,EQEOru4x1K6wXER,Soniapelayo857,+56 9 7881 3297,21687487,0,
Mateo Delacrúz Corona,mateo3147170@edubus.cal,d6ZzoBuRqeTLCD,mateo4459474,+56 9 2626 4421,2714071,8,
Patricia Menchaca Casanova,patricia8996692@viajes.cl,U2uX2YJAfbDiOX,pameca599,+56 9 1854 1583,11001789,8,
Carla Ibarra Santillán,carla6301208@edubus.cal,L1lftojPTbH2ratM,caibsa805,+56 2 0503 1216,,,18417
Sta. Arturo Casas Lovato,starcalo784@viajes.cl,66mF1WJO,starcalo351,+56 2 9190 4041,1906344,5,
Reina Velasco Collado,Reinacollado243@viajes.cl,MYy0OAEA5,reveco823,,15593992,3,
Agustín Corral Quezada,agustín6701648@edubus.cal,QJ2yIfdr,,,19417265,6,19933
,ignacio6635603@viajes.cl,jqECfPP6eRY4u2rY,igsuva467,+56 9 4176 7481,18022034,8,
Jorge Luis Carrasco Montoya,jorge5266606@viajes.cl,oerNT736h,Jorgemontoya999,+56 2 2514 2178,20850666,8,
Lucas Navarro Feliciano,lucas4005174@viajes.cl,X4jzsxqW8JElJu,Lucasfeliciano168,+56 2 2392 3457,20929815,5,
Sr. Lourdes Tórrez Barrera,Sr.barrera752@tourket.com,LOMBIuihNJ7P7,srlotóba770,+56 2 1099 5214,26248408,4,
Federico Salcido Parra,federico4645597@viajes.cl,9iIcTrtC,,+56 2 4003 5583,27583716,4,
Joaquín Suárez Mojica,joaquín6096243@tourket.com,ss9r5J78kvxqRI8,josumo217,+56 2 6298 9145,29099298,2,-10413
Rodrigo González Apodaca,rodrigo4810214@viajes.cl,,Rodrigoapodaca159,+56 2 9380 9141,7418311,5,
,Doloresroybal738@viajes.cl,6dKeiwAaJrjM9Vt,Doloresroybal632,+56 2 3658 6802,18643982,1,
,Sr.reséndez920@viajes.cl,mslX2ZS7EtIS,sr.8580176,+56 2 2011 8562,12579276,6,
Débora Olivera Villagómez,déolvi874@outluc.com,sLOyB8yK9JqhPPB,débora8585229,+56 2 4733 8774,14218728,0,0
Eduardo Olivárez Serrato,edolse351@edubus.cal,UU4FkJ7p4dBC63t,edolse442,+56 9 7283 2902,,,13674
Lourdes Solorzano Rivero,losori293@wass.com,1hBKZbX6bcb1,Lourdesrivero135,+56 9 3423 3621,29084067,8,
Sta. Ernesto Iglesias Lebrón,sterigle541@viajesanma.com,EWSO41lu3EgKZ8qS,,+56 2 0827 0413,15469623,7,2638
Sta. Hernán Leal Gálvez,sta.5368684@edubus.cal,OFgvH8PExqkY9v,Sta.gálvez179,+56 9 9581 1469,22274511,K,
Marcos Duarte Agosto,,edCX1z0IhZ0g14u,,+56 9 7249 1065,27856413,4,
Luz Zúñiga Girón,,J289xlOTB1kmqvE,luz8793693,+56 9 3596 1772,9781763,4,4653
Daniela Briseño Villalpando,Danielavillalpando367@viajes.cl,,dabrvi950,+56 9 8335 4710,28196268,K,
Sancho Valencia Ontiveros,savaon858@viajes.cl,3CxbXtrLn2PgA65,Sanchoontiveros636,+56 2 9569 0163,22321547,5,
Sta. Sancho Meléndez Saldaña,,H3Ypat8mWCc2TBo,Sta.saldaña884,+56 2 3635 3306,25221425,9,
Roberto Cordero Sánchez,Robertosánchez319@marmol.com,IddhW1EGV,Robertosánchez539,,18758236,9,267
,inveve365@wass.com,Pn58Go0r,Inésvelásquez295,+56 9 1795 9775,,,2440
Dorotea Valdés Delagarza,dovade352@marmol.com,E6MqYJu4xP6tJGdN,,,5198466,8,7064
Andrea Guardado Cotto,Andreacotto787@edubus.cal,Su2avNgEvy,,+56 9 5067 3299,29086500,K,24100
Enrique Otero Alfaro,Enriquealfaro216@edubus.cal,cIqT32XHz3hTy0,,+56 2 9582 5367,20898384,9,5890
Rosario Crespo Collazo,rocrco693@edubus.cal,Kc97IRNgBhgaB5,rosario209537,+56 9 9621 6694,29086189,6,-2046
,,iQ8UBkGjQ3QU7S,Gabrieltamayo921,+56 2 3796 5414,20698217,9,0
Gloria Márquez Padilla,glmápa136@viajes.cl,ahUk9u06rDNTvGcE,Gloriapadilla881,+56 2 4252 3464,3375621,6,
Rafael Aranda Piña,Rafaelpiña439@viajesanma.com,,rafael9263480,+56 2 9438 0492,,,-1908
Marcela Quintana Valadez,,ratN295pHRZR,Marcelavaladez472,+56 9 2217 5634,27705869,3,0
Lourdes Samaniego Anguiano,,ccPtFdY8ylfJC,losaan747,+56 9 2886 9390,14919885,7,
Sergio Matos Zúñiga,semazú292@viajes.cl,,semazú822,+56 2 2139 8820,11480298,0,
María del Carmen Meléndez Cavazos,madecameca958@tourket.com,cwEpHHwK3j73,,+56 2 6242 8902,4537597,8,385
Alberto Padilla Godínez,alpago246@viajes.cl,kWXVONL9seLz,alpago204,+56 2 0637 1950,21532368,4,
María Soledad Gil Delvalle,Maríadelvalle249@viajes.cl,GqIjKzXVKoL1pN,Maríadelvalle724,,21134562,4,
Pilar Meléndez Hernandes,,HfPajTP6X,Pilarhernandes219,+56 2 7057 2642,6926236,8,
Alberto Abrego Samaniego,alberto5174210@viajes.cl,hDyVZ2dza4t,alabsa290,+56 2 4554 5043,7116150,1,
Sr. Marilu Guajardo Bermúdez,sr.1320668@edubus.cal,jN54oZSJRiA,sr.8851105,+56 2 3921 5099,,,3831
Nicolás Galindo Meza,Nicolásmeza899@edubus.cal,v66HQ7HH,,+56 2 0809 1028,4504652,4,808
Graciela Núñez Castellanos,grnúca824@viajes.cl,03GZAAvbN6,Gracielacastellanos362,+56 2 8667 3569,25484390,3,
Elvira Báez Robledo,elbáro341@viajes.cl,8mE44PXe5YqjA,elbáro567,+56 2 4557 1983,24832638,7,
Arturo Delacrúz Peres,ardepe428@viajes.cl,DG0Gf41RlAPuKx,Arturoperes805,+56 2 8644 3899,21891230,3,
Lola Aranda Varela,loarva272@viajes.cl,Wi89KvL2KBn4n7,loarva410,+56 2 7715 8858,737003,2,
Sr. Javier Irizarry Ortiz,,Y4TdGCz4S5,sr.8455662,+56 2 0100 8803,17860295,0,
Ignacio Cano Alanis,igcaal675@viajes.cl,PY8wzj4HOP8n,igcaal632,+56 2 9232 8909,6097076,9,
Sra. Ramona Correa Banda,Sra.banda816@viajes.cl,6Ya96yqH4R3PcEA,Sra.banda947,,6808733,3,
,,HTWjby86eqQus,Sta.gurule340,+56 2 3973 2335,5510937,0,0
Eloisa Vanegas Madrigal,elvama419@viajes.cl,2Q8HVxcfTa,eloisa747202,+56 2 9029 3002,-901986,3,
Raúl Soliz García,Raúlgarcía387@marmol.com,G3q0qumNFcU,raúl2352489,+56 2 6290 0759,,,1344
Armando Badillo Gutiérrez,arbagu510@viajes.cl,WFdlXcVWi8QGV,armando4646876,+56 9 2538 1810,28962810,K,
Sta. Ignacio Noriega Sánchez,Sta.sánchez524@tourket.com,L0I1avmJZRl0OUZM,,+56 2 7030 2496,2280421,9,8766
Esperanza Briseño Candelaria,Esperanzacandelaria990@viajes.cl,InsMTqb2F4QnXX,esperanza6044473,+56 9 9085 2179,13750336,0,
Sta. María José Tejada Ozuna,,SiPez9mT6XeKCS,Sta.ozuna876,+56 9 7590 5604,1058863,4,
,srjugáce908@viajes.cl,td1w9hFrONg,srjugáce563,+56 2 9498 5903,18012968,5,
Sta. Marco Antonio Bravo Garrido,sta.1573811@viajes.cl,o4YG5YrJZQtZ,stmaanbrga700,+56 2 3836 3217,9999526,2,
Marisol Crespo Murillo,macrmu157@viajes.cl,INDaVU4uU,marisol6321295,,19403712,0,
Julio César Cardona Anaya,jucécaan587@viajes.cl,8t1oJWw8psb2v9,julio1601933,+56 2 3866 0506,10593403,3,
Daniel Leiva Collazo,daniel1491180@viajesanma.com,7oFFnoxQ,daniel7178389,+56 2 6836 1784,26173613,6,18908
Sta. Mario Prado Benítez,sta.3467745@outluc.com,YkR554sOSzzbh,sta.3476250,+56 9 1616 8829,,,3276
,geluga160@viajes.cl,REIS4WaWpfs,germán8005501,+56 2 6644 7654,9277283,7,
Sra. Margarita Mondragón Mateo,sra.8049853@viajes.cl,,,+56 2 0656 8077,18114686,9,
Gerardo Casanova Briseño,Gerardobriseño638@viajes.cl,svXaK62tf1z,gecabr512,+56 9 0821 4013,3836008,6,
Elvira Oquendo Iglesias,Elviraiglesias305@viajes.cl,E2GUQgynyOVw7,eloqig646,+56 2 0930 6770,24519540,0,
Josefina Sandoval Amaya,josaam611@tourket.com,A1KTQ6V5xHcyIIyI,,+56 2 0421 3184,28180393,K,0
Sr. Inés Baca Sarabia,sr.2527428@viajes.cl,X7LYTxl2tSSnmQrm,Sr.sarabia967,+56 2 8178 7899,14892765,0,
María Eugenia Raya García,maría3179898@edubus.cal,L20sXQkaGEuse,maría2368242,+56 2 7546 3112,10643698,3,
Mayte Gallegos Aponte,Mayteaponte518@viajes.cl,JPY4aPSpw867a,mayte4618320,+56 9 9826 6829,23343150,8,
Adán Monroy Rincón,adán8981286@viajes.cl,ja0z2hScok7Hs1,adán9807393,+56 9 0813 7408,-8515239,4,
Timoteo Montes Orellana,Timoteoorellana761@viajes.cl,CyzTpeRtyWz9,Timoteoorellana852,+56 9 7187 0739,15926252,9,
Ramiro Razo Laureano,Ramirolaureano860@viajes.cl,noB77SeBIH8rp,Ramirolaureano529,+56 9 3571 6484,,,
Patricio Heredia Solís,patricio865861@tourket.com,NED3pVK8uPz,paheso462,+56 9 7956 9884,,,0
Adela Guardado Ojeda,,Nsg2V0b7,adguoj670,+56 2 0267 7871,10540093,4,
María Elena Quintana Bueno,maelqubu754@viajes.cl,niycaspJvY9Pj,maría3457232,+56 9 9860 8276,9753211,7,
Ramona Cantú Cedillo,ramona8318679@viajes.cl,eKkNT5nJ5hFBuQQ,Ramonacedillo157,+56 2 2285 8709,15781770,1,
Rodrigo Lugo Zelaya,rodrigo7922805@viajes.cl,vRhHwDdn8R,Rodrigozelaya839,+56 2 5760 6653,6783842,4,
Ernesto Acevedo Montes,Ernestomontes257@viajes.cl,hGPu594U97jUA,Ernestomontes559,+56 9 9415 8539,,,
Luisa Escalante Estévez,lueses830@viajes.cl,Qoo5KXsc6s5Fsx,Luisaestévez136,+56 2 9680 2670,21791436,1,
Miguel Ángel Menéndez Garay,miánmega822@viajes.cl,c174qIkFst2MxpiQ,,+56 9 3444 6205,12141605,0,
,,2BMewDEGUp7MNa3,maelcize560,+56 2 2019 0634,1351910,2,
Olivia de Anda Collado,oldeanco821@viajes.cl,HBa9C7xeA,oldeanco717,+56 2 7689 9104,24979410,4,
Maricarmen Granado Uribe,,,maricarmen2352849,+56 9 8688 4197,16752846,5,0
Sra. Pilar Leyva Alanis,Sra.alanis701@viajes.cl,9LjJzpsWt,sra.8214446,+56 2 7835 9898,24202668,3,
Timoteo Carmona Mesa,,TTUiER5uJDlHM,Timoteomesa912,+56 9 8787 2348,243927,1,113
Sta. Silvia Morales Torres,sta.9660229@viajes.cl,f4Aw9t2LrT8,sta.7731176,+56 2 0545 1650,21168251,5,
Jorge Valdez Rosas,Jorgerosas657@wass.com,XoLpJK1SP7jKAA2,jorge8569908,+56 2 7109 8732,-28143547,7,0
Anita Sierra Patiño,,FyI3XjAXi50t,Anitapatiño981,+56 9 9240 6848,7498833,4,24362
Sta. Óscar Jasso Ramírez,sta.6733753@viajes.cl,nthk28eVOA,sta.4515627,+56 9 2671 5234,28799467,2,
Sr. Gilberto Hernández Vaca,Sr.vaca608@marmol.com,1rlNme7GgJgZ,Sr.vaca886,+56 2 3692 1358,,,
Natalia Guajardo Tamayo,natalia8789422@viajes.cl,2DtNM4WHWKxJhHe0,naguta321,+56 2 3876 7104,18915868,8,
José María Archuleta Ocasio,josé3191110@viajesanma.com,vVIMzsTcBlHp14,josé7178849,+56 2 2514 2681,18743122,0,8510
Cecilia Heredia Gallardo,cehega692@viajes.cl,RjROcA29c3L9X,cehega242,+56 2 7082 8649,-6026760,K,
Rosalia Olivas Delafuente,rosalia9975276@outluc.com,Xd9bdOsQ5Qarn,,+56 9 6219 5257,22200364,4,12764
Rafael Grijalva Moreno,Rafaelmoreno644@tourket.com,IxFkIU3D8O0,,+56 9 3670 0750,25807660,5,9872
Sta. Alfredo Carrera Márquez,,98f9RVcx,stalcamá501,+56 9 2643 3750,13829811,6,6359
Mateo Ontiveros Leal,mateo2584848@viajes.cl,8pAXNA4wpcfF,mateo2532715,+56 2 8480 3390,13720132,1,
Juana Vega Núñez,,wwmNtnRNKptYk6,juvenú912,+56 9 8245 9638,14677038,K,1998
Gilberto Otero Ayala,Gilbertoayala702@viajes.cl,vCdRgDufSX5c4,giotay726,+56 2 8103 2348,12272934,6,
Sr. Lorenzo Alanis Olivo,Sr.olivo335@tourket.com,Nv34mAin6rA8nN,Sr.olivo787,+56 2 5517 4209,,,1750
Sta. Lourdes Paz Acosta,Sta.acosta525@tourket.com,ZQemGximcPwi0,Sta.acosta959,+56 9 0153 3641,13324573,1,
Cristina Orta Armas,crorar804@viajes.cl,zbwEmM8F2xwTK,Cristinaarmas228,+56 2 0683 8303,29694480,7,
Julia Olivárez Olivo,juolol339@viajes.cl,lNF7T4zZx,juolol755,+56 2 9978 0963,13327840,0,
Cecilia Niño Ávila,cecilia9491795@viajes.cl,qWZpps2N1BdEWvt,Ceciliaávila403,+56 2 9611 9887,13299278,9,
Carlota Puente Flórez,Carlotaflórez433@edubus.cal,mt6ae0JkijOoI5gg,Carlotaflórez757,+56 9 8641 3317,,,
Homero Reséndez Ruiz,homero1275324@viajes.cl,PaF2sxjYUW5b,horeru960,+56 9 8197 3255,17354150,3,
Francisco Quiroz Espinoza,frques693@marmol.com,f69jF4fMbY,francisco1652584,+56 9 1007 1869,23294474,9,18581
Francisco Gallardo Alba,Franciscoalba215@viajes.cl,i6K3SYkwAuhhuLs,francisco5509867,+56 2 4442 4215,28648891,9,
Barbara Terán Gil,Barbaragil299@edubus.cal,,,+56 2 7771 2528,20294618,6,0
Julia Naranjo Rosales,Juliarosales301@outluc.com,fz68wT2F6,junaro972,+56 2 8172 3564,12501020,2,
Tomás Sierra Luevano,tosilu640@outluc.com,OxSGTzLx3BT,Tomásluevano652,+56 9 5712 9420,,,
Antonio Aragón Quiroz,Antonioquiroz229@tourket.com,w3kSzfEI1Ua,anarqu865,+56 9 2100 2268,28167760,8,-5610
Sr. Yolanda Bueno Barreto,Sr.barreto906@edubus.cal,tgIZWiE65fJMvn,sr.4829246,+56 9 6687 7268,,,14261
Francisca Cavazos Montoya,,,francisca9808198,+56 9 8581 5355,-16590866,K,
,artara334@viajes.cl,xf2VVsep3KG3,artara422,+56 9 4455 4650,8310825,8,
Benjamín Alanis Barragán,benjamín9439784@viajes.cl,NVGr09IRqHmKm,bealba754,+56 9 3419 1440,23632681,0,
Sta. María Eugenia Crespo Gaona,Sta.gaona818@viajes.cl,9sr9GHArg,Sta.gaona786,+56 9 9298 6166,15960867,0,
Virginia Samaniego Carrasco,visaca599@outluc.com,YTtAxo4dXY5,virginia703161,+56 9 7294 1499,,,1316
Ana María Badillo Uribe,,Wf1Bllr8eWXp,ana9921646,+56 9 9582 2455,-3799475,8,-3962
Germán Tejeda Cortés,geteco332@viajes.cl,R1CCMy8ZH,germán2624509,+56 9 2695 6078,6425868,0,
Alberto Rascón Villarreal,Albertovillarreal176@outluc.com,dFLTT90dyPB,Albertovillarreal636,+56 2 4566 6277,,,17213
Sta. Luz Madrigal Muñoz,stlumamu560@viajes.cl,7QPD8AiNhENDev,Sta.muñoz736,+56 2 5209 1731,4718648,K,
Rubén Bustamante Gracia,Rubéngracia541@viajes.cl,901wl7wcvAkp2oy,Rubéngracia869,+56 2 4489 5611,7178235,2,
Ignacio León Gamez,iglega922@outluc.com,yeqbrSULP0G,,+56 9 4303 1330,5291126,5,0
Silvia Peres Centeno,silvia4184684@viajes.cl,t0sVwgA1uQ3,Silviacenteno376,+56 9 7079 3072,18967898,3,
,Isabelalcántar881@edubus.cal,0Y7GQY5qNEh3,isroal858,+56 2 6259 8767,11715208,1,
Bernardo Anguiano Arias,Bernardoarias154@viajes.cl,,bernardo6966578,+56 9 8915 6669,10223241,0,
Gloria Roybal Ocasio,,AH2IdlpXDp,Gloriaocasio247,+56 2 0176 8248,,,
,pilar5469194@viajes.cl,zFYm3v3Sao,Pilarflórez750,+56 2 6984 1029,12209769,2,
Sra. José Olivárez Zavala,Sra.zavala806@edubus.cal,nb5AHp7b,Sra.zavala869,+56 9 1923 0767,11333317,0,12063
,jarear931@viajes.cl,0TQhU0KXFTorppxM,Jaimearanda515,+56 2 2665 1296,732489,8,
Sra. Lorenzo Cardenas González,,z3gvMEusBL7,Sra.gonzález918,+56 9 6449 1873,24272216,7,6876
Marta Pulido Urrutia,Martaurrutia521@viajesanma.com,6HyBzFAjb4csA60,marta5680556,+56 2 3757 2352,7770542,2,10250
Carolina Canales Vázquez,cacavá434@tourket.com,GQgZwQYxwZ9Ev2KH,,+56 9 3649 3215,,,25675
María Bustos Juárez,mabuju896@viajes.cl,qwe1rv98YfBOe8Di,maría842755,+56 2 4512 9738,714359,1,
Martín Rosas Razo,Martínrazo938@tourket.com,KP3S0SmX2Jk,marora578,,25830908,1,2865
Josefina Palacios Alanis,jopaal349@viajesanma.com,kUmaIz1O0uEjSY,,+56 9 3634 8669,26251336,K,6291
Sr. Lourdes Quintero Alva,sr.7274483@viajes.cl,ZmG03AfqDVe9yq55,srloqual739,+56 2 1690 2897,3070079,1,
Olivia Dueñas Guerra,olivia5797726@wass.com,W4O9at7A,olivia7393697,+56 9 0786 0446,29839552,5,
,Maríaontiveros265@outluc.com,TRXQhqv1u,maría4698821,+56 9 8411 1714,12015489,3,0
Sra. Carlos Casares Zamudio,srcacaza999@viajes.cl,EO1ihQNDE47YdBI,sra.9124194,+56 9 9818 2706,,,
María José Sarabia Enríquez,maría7665694@viajes.cl,kPEeW5p2,majosaen229,+56 2 3663 1579,7087944,1,
Leonor Cervántez Montero,leonor3521619@wass.com,aza1WFDQ7ug,leonor5906179,+56 9 5077 1162,11704222,7,
Susana Soria Palomo,susana9892181@marmol.com,sKIy60HYIxknk1s,Susanapalomo410,+56 2 1807 6018,,,13134
Santiago Salazar Beltrán,Santiagobeltrán904@wass.com,KgE0Ww0Bq,Santiagobeltrán103,+56 9 8577 4018,11032862,1,32803
Sra. Mateo Calderón Alonso,sra.1996500@wass.com,Umlg0otFaC6vZun,srmacaal858,+56 9 4372 3304,,,0
Mariano Solorio Garibay,masoga180@viajes.cl,DwEe0AyT,masoga964,+56 2 6627 0818,28840328,7,
Caridad Verduzco Lebrón,caridad6182643@tourket.com,6mAwXfC5Mk,Caridadlebrón853,+56 9 7748 0641,17387607,6,
Sra. Víctor Caraballo Carbajal,Sra.carbajal674@marmol.com,W9O2slXcn0Y,Sra.carbajal724,+56 9 1136 1304,,,
Elvira Archuleta Razo,Elvirarazo717@viajes.cl,v8E9zkuYh,elvira9253535,+56 2 6052 8775,3857980,0,
Sr. José María Solano Duran,,sNH6VoY23T5Y,sr.6302478,+56 9 8322 3192,24716350,6,
Ángela Venegas Cadena,ángela4947162@viajes.cl,yH6KLuMdnw5,ángela7249591,+56 9 5254 5405,19525166,5,
Ariadna Garrido Bernal,argabe875@marmol.com,rbbJa573B,ariadna5518551,+56 2 4707 3635,,,20144
,,12fcINx5,maliro758,+56 2 3889 5294,27912951,2,14439
Bernardo Gracia Meza,Bernardomeza483@viajes.cl,WqY2Pt9wUP4k9,begrme860,+56 2 6688 3805,21762302,2,
Octavio Otero Banda,,VMZxG3VEP,Octaviobanda819,+56 9 2471 3848,23352364,K,
Carlos Ruiz Carrillo,caruca852@viajes.cl,KVG4Up4FVKBt,caruca668,+56 2 7136 7061,8119508,0,
Sta. Dolores Casas Becerra,sta.1348576@outluc.com,ZzihXh38,sta.8166439,+56 9 1151 1913,20508090,2,10776
Sra. María Elena Ceja Delapaz,sra.7859461@tourket.com,,Sra.delapaz627,+56 9 7309 0899,28687853,9,
Rocio Rendón Ayala,rocio4724470@viajes.cl,7bNCPAhd5dBq0,Rocioayala941,+56 9 3319 6526,15412113,7,
Alejandro Nevárez Páez,alejandro997823@viajesanma.com,,,+56 2 2185 2318,8045351,5,580
Sra. Soledad Prado Morales,sra.9402989@viajes.cl,aeIcvk07WukmpzL,sra.9284224,+56 2 1141 7148,13669281,K,
Sta. Silvia Rolón Estrada,sta.847296@wass.com,qz2HgvEOZ,sta.2586539,+56 2 8848 0282,26469421,3,-6063
Silvia Zaragoza Angulo,silvia7626610@edubus.cal,UI4tdPUX,,+56 9 0331 3367,-10812858,5,4322
Sra. Cristobal Montero Ramírez,,pkUMLREEVxoA2h,sra.3548830,+56 9 3026 2310,3628972,4,0
Sta. Rosa Raya Carvajal,stroraca212@viajes.cl,zCyMsmVQFY7S,stroraca629,+56 9 4983 9434,22089504,1,
Arturo Terrazas Alcántar,arteal325@viajes.cl,9TyI3gv9EVaVBijy,Arturoalcántar209,+56 9 5109 1617,6598177,7,
Rebeca Patiño Ruiz,rebeca1362244@viajesanma.com,oBNbvY9v,,+56 2 1683 1590,-12177193,4,306
Sta. Ramona Vallejo Carrion,sta.4185906@viajes.cl,w4Iasjl18,sta.2442817,+56 9 9967 9238,2969524,5,
Ana María Núñez Dueñas,ana8583900@tourket.com,IL0yJhzxFcZ7,Anadueñas692,+56 2 6617 1828,11327486,7,-7446
Sr. Concepción Jimínez Tamez,Sr.tamez864@viajes.cl,ySUzJcxI1,srcojita409,+56 9 9293 9387,27517325,8,
Gonzalo Pedraza Mora,gopemo896@viajes.cl,lXT4dxHnb5zAX,gonzalo6591764,+56 2 1224 3204,10696886,1,
Ricardo Murillo Corona,,ISrX2DmOi02DRm,Ricardocorona376,+56 9 5908 6494,29851202,5,4470
María Teresa Salas Valladares,Maríavalladares172@viajes.cl,qEoWyh7n,maría7385870,+56 2 6909 7902,16962080,6,
José Arce Montañez,Josémontañez841@edubus.cal,K4cOll59AV,josé2248326,+56 9 0720 8939,,,970
Claudia Quiñones Ávalos,claudia8569766@viajesanma.com,HHdX6fRet,claudia6105448,+56 9 8076 1279,5683994,1,
Federico Reyna Gálvez,Federicogálvez952@viajes.cl,b1JDJqc01X,federico4723728,+56 9 6625 1613,-19127379,6,
Pedro Espinoza Pelayo,Pedropelayo325@viajes.cl,ZpgLNWZw4yJK0,Pedropelayo138,+56 9 1533 5219,21772044,3,
Sr. Julio César Pineda Barela,Sr.barela594@viajes.cl,iunddsj7135h4G,Sr.barela722,+56 9 8539 7029,6562376,5,
Martín Olmos Cepeda,maolce304@viajes.cl,,maolce190,+56 9 9909 6110,16648109,0,
Alberto Banda Cervantes,Albertocervantes264@tourket.com,R8mawKvRq669sW,albace836,+56 2 8901 0843,14369637,5,-14384
Rafael Guajardo Montoya,Rafaelmontoya852@viajes.cl,kshdQ3y7uF8BY4K,rafael3808677,+56 9 2338 9436,,,
,antonia3866498@viajes.cl,5FcpPhtg7DMJ0g,,+56 2 9656 7903,25120735,6,
Leonor Moya Montalvo,lemomo979@viajes.cl,WZuEt2LjOU5Df,lemomo186,+56 9 1166 5981,21235509,7,
Sr. Florencia Soto Luna,srflsolu390@viajes.cl,8OH7zR4WDQ0nRc,sr.1671374,+56 9 4554 9455,-15929760,8,
Mateo Serrato Arriaga,mateo7221105@viajes.cl,PTRuWX83sJ2GiN2,mateo6886949,+56 9 3326 2324,29977124,5,
Ariadna Carrillo Sanabria,arcasa652@marmol.com,7OUwpVsMODN,,+56 9 8546 1319,,,0
Marcos Mendoza Salcido,marcos890811@viajes.cl,h1r3ZqpP,marcos3032696,+56 9 0314 3403,3150186,5,
,,hUIQ259ox,allova849,,5543699,1,
Sra. Juan Soto Cantú,sra.7178466@viajes.cl,hgR1DV4xc,Sra.cantú671,+56 9 8170 0851,3107127,5,
Rosa Pichardo Ceballos,Rosaceballos545@viajes.cl,mlBV5cSiIHG,Rosaceballos352,+56 2 5870 8243,-5003498,4,
Sta. Guillermo Marroquín Borrego,stgumabo565@viajes.cl,pV9ywQH1pKS,,+56 2 7597 5739,15793611,5,
Alfredo Estévez Alonso,alfredo5112229@viajes.cl,,alesal851,+56 2 8627 6053,16658731,K,
Óscar Gallegos Palacios,óscar3400586@wass.com,tFPkb8Ey3djk,Óscarpalacios860,+56 2 6399 2901,-11719776,K,-8084
Gabriel Burgos Adorno,gabuad796@edubus.cal,l7GtsjJfaQXCFqf,Gabrieladorno216,+56 2 0278 0418,,,0
Hernán Gurule Echevarría,heguec389@wass.com,rzRM2E1GkE,Hernánechevarría490,+56 2 7445 7643,,,1600
Caridad Roldán Suárez,,oT2peydQI,carosu702,+56 9 5504 1410,23969229,K,0
Armando Delrío Magaña,Armandomagaña635@viajesanma.com,7nKDV3w5ztNp5m2n,ardema973,+56 9 3544 6125,12901514,4,
Lourdes Alemán Rodarte,lourdes3752581@viajes.cl,TNGA1d8SYpFDY,Lourdesrodarte398,+56 9 4736 5401,27617258,1,
Jorge Luis Frías Bonilla,Jorgebonilla879@outluc.com,bAh7IRJFl3oZBq,jorge903966,+56 2 8802 9188,,,2340
Salvador Godoy Nieves,sagoni828@viajes.cl,,sagoni955,+56 9 8508 5293,23245875,5,
,escapa296@viajesanma.com,tx6BT4bhU67,esperanza5247641,,,,12091
Eloisa Cavazos Lerma,eloisa1741681@viajes.cl,8731IeKMNl3Kj,Eloisalerma367,+56 9 6196 4937,23768623,3,
David Salcido Carvajal,david2699917@viajes.cl,8Yz6ASxO,Davidcarvajal769,+56 9 9740 0257,14977127,1,
Fernando Tovar Lomeli,,jLK8J8GcGI3ssL,Fernandolomeli807,+56 9 0442 3253,21104287,7,0
Guillermina Cadena Correa,guillermina2190206@viajes.cl,8R5ZPu0aY2E,gucaco886,+56 9 1037 7492,26193778,6,
Raúl Villalobos Gaytán,raviga372@viajes.cl,bDMV90pa6,raviga145,+56 9 2076 6220,5183336,8,
Sr. José María Nevárez Muro,sr.8467531@viajes.cl,,srjomanemu444,+56 2 8689 0549,27379418,2,
Silvia Cerda Caraballo,,4Pv0rgDEsVF,silvia5319943,+56 2 5964 2581,23030103,4,
Germán Vera Alvarez,,xRQ9lNB10,germán3643842,+56 2 7238 5954,9708917,5,7691
Horacio Barrera Guzmán,Horacioguzmán500@tourket.com,FE1HRVXtlqy,horacio2677690,+56 2 5377 2414,16494840,4,
Martín Agosto Esquibel,Martínesquibel775@viajes.cl,JA4Lk8oSycAP,maages396,,7153206,2,
Catalina Adame Salcido,Catalinasalcido382@viajes.cl,CjBaGe51traK,catalina8301795,+56 9 9357 5495,7668669,6,
Sta. Catalina Vélez Botello,stcavébo386@wass.com,bD9eXfkz5my,sta.4493845,,7566393,5,12949
Ester Medina Segura,Estersegura683@wass.com,aXVNuDT6NR5,,,16703935,9,
Ramiro Almanza Rodríquez,ramiro4979117@viajes.cl,2HwGwQXP,raalro558,+56 2 0328 1669,27795704,3,
Sra. Sonia Luna Espinosa,srsolues399@viajes.cl,TkH3zTaBDF,Sra.espinosa256,+56 2 3906 3783,4757416,1,
Gloria Carbajal Tejeda,glcate278@wass.com,F0h34lREweGOYoq,Gloriatejeda544,+56 2 4473 6217,6727768,6,
Sta. Arturo Canales Marroquín,starcama253@wass.com,dvXU8Nqbrs0DeOR,sta.6312202,+56 9 5894 5624,16829534,0,11098
Enrique Zepeda Tamez,Enriquetamez108@viajes.cl,ujqlvSCcDG1U,Enriquetamez119,+56 2 7495 9613,24319908,5,
Lucas Casillas Rincón,lucari551@viajes.cl,YWJqBu1t,lucari882,+56 9 5081 8106,5318776,5,
Gilberto Griego Mejía,,1boaKu4JinYE,gilberto1483464,+56 9 6925 1193,4681565,3,-14284
Manuel Meraz Becerra,Manuelbecerra686@marmol.com,0NJq5dl7X,Manuelbecerra705,+56 9 4608 3482,9621350,6,
Rodrigo Cabán Patiño,rocapa636@viajes.cl,JQS0wsTBdLxkT,rocapa707,+56 2 7765 0820,13058842,5,
Sr. Francisco Robledo Correa,sr.9118460@viajes.cl,UCClR2S6yHvkUT9,Sr.correa104,+56 9 9367 9527,8139134,3,
Sr. Fernando Negrón Burgos,sr.9387177@viajes.cl,4HMHU4mEG,Sr.burgos144,+56 9 1944 2824,24619719,9,
Sra. María José Pérez Mireles,srmajopémi861@viajes.cl,qPofmYY2ITi42,sra.6875739,+56 9 7447 7236,29589153,K,
Gerardo Tórrez Mojica,Gerardomojica966@viajes.cl,PzhU8p7e,getómo810,+56 9 7871 9100,16267855,8,
Raúl Henríquez Rangel,Raúlrangel650@marmol.com,BiZaXw0JZ,raúl2191630,+56 9 7752 9622,24074901,7,
Sr. Josefina Menéndez Tapia,Sr.tapia171@tourket.com,Epqk4Q3EGUOh8e,sr.8420201,+56 2 5882 4663,24732775,4,-17563
Sta. Homero Aragón Macías,sta.7893328@viajes.cl,37Q5MSfLN,sthoarma844,+56 2 3553 9161,8377879,2,
Natalia Niño Serrato,nanise574@viajes.cl,lK4ahSwQeN4YSA86,Nataliaserrato297,+56 2 3255 5223,6068862,1,
Luisa Dávila Rael,luisa8524956@viajes.cl,e7kPzC1uwkWn,Luisarael955,+56 9 8370 6172,3320174,5,
Sra. Andrés Barragán Caballero,sra.3998257@viajesanma.com,,sra.486330,+56 2 2637 5362,4523880,6,-265
Florencia Griego Jaime,flgrja317@viajes.cl,odqfdKHZ0m,,,2383206,2,
José Eduardo Téllez Montenegro,joedtémo768@viajes.cl,RvW7WE9s46u,joedtémo972,+56 9 6494 3904,27709614,5,
César Pagan Tejeda,cépate804@viajes.cl,2hQTSKNnLWcPe7u,Césartejeda917,+56 9 6011 9884,,,
Óscar Franco Sevilla,ósfrse369@viajes.cl,nTVjWDuosRVIK1,Óscarsevilla840,+56 9 6698 7502,8001780,4,
Octavio Delafuente Santillán,octavio917278@viajes.cl,f76bPikJDfQ0g2OP,Octaviosantillán507,+56 2 1296 5089,21739741,3,
Marco Antonio Colón Rascón,maancora809@tourket.com,PHhG2jToQLS,,+56 2 6865 6793,27587900,2,12719
Jacobo Tovar Hernandes,jacobo6008124@wass.com,Swfub4WSO,jacobo3338145,+56 9 9843 0960,4369933,4,
Santiago Carrero Benítez,sacabe132@viajes.cl,CA5w11mLDrALpK,,+56 9 2317 6114,23402619,4,
Carla Tejeda Delvalle,carla6417310@outluc.com,O667kpyGWcl2,carla7001818,+56 9 2682 5956,,,2925
Elena Lucio Roque,elluro351@edubus.cal,Ktz4jGgKj,,+56 9 1046 6125,17019993,6,7277
Vicente Vigil Miranda,vivimi661@viajes.cl,xLDrItA9G0tdD,vicente5975343,+56 9 4252 9991,19968229,6,
Sra. Hugo Echevarría Ortiz,sra.5633370@viajes.cl,7UUPsBZW,sra.460289,+56 9 2119 1732,3378089,3,
,Estebanjiménez364@tourket.com,dQTxLOMYtq5MSY,esteban3749203,+56 2 5647 1715,,,3384
Adán Patiño Lomeli,adán6039173@viajes.cl,uz0zetKkP19,adán8128786,+56 2 9191 8603,9859420,5,
María Reynoso Lucio,Maríalucio404@viajes.cl,,maría8831149,+56 9 2222 4024,18493265,2,
Sara Aguilera Serrano,saagse120@tourket.com,VN78j41dLJ,saagse879,+56 9 6849 1297,13069617,1,7963
Sra. Julio César Pedroza Botello,srjucépebo698@edubus.cal,7Mjc1anIGYAt,sra.2315833,+56 2 6037 8063,,,
Marcela Ruelas Jaimes,Marcelajaimes783@viajes.cl,7stq2NxI1nfXHb,Marcelajaimes414,+56 2 9871 3100,2494250,3,
Lola Cardenas Acevedo,locaac619@tourket.com,yNXYuWY15hS,lola8376393,+56 2 4661 1739,24406211,3,2990
Lilia Collado Rosas,licoro858@edubus.cal,H0t0foxl,lilia1577861,+56 2 8094 1132,12310516,8,0
Sra. José Eduardo Velázquez Munguía,Sra.munguía627@viajes.cl,skxmVc6TrP,srjoedvemu215,+56 9 3687 3087,7946633,6,
Federico Saucedo Pérez,fesapé914@viajes.cl,6YfHam7YLH29V,federico7268947,,18805412,9,
Ramón Campos Arguello,Ramónarguello372@viajes.cl,AVm7l444G8Ww,racaar607,+56 2 8989 5082,16683113,K,
Enrique Banda Pantoja,enrique8963146@viajes.cl,orcmdBq8Q,enbapa739,+56 2 2262 2112,,,
Sta. Raúl Jaimes Escobedo,Sta.escobedo349@outluc.com,oifKOS95DtRHo,Sta.escobedo434,+56 9 9574 5381,15644241,0,
Sr. Manuel Armenta Marroquín,sr.8601983@marmol.com,Ti4SA5Ql2ZhGg,srmaarma423,+56 2 9495 1590,,,10671
Virginia Delarosa Caballero,virginia2661573@tourket.com,IYKVnhCPcOn586t,virginia4178533,+56 9 2160 5017,26761269,2,8905
Gerardo Viera Niño,Gerardoniño597@viajes.cl,,gerardo4977871,+56 9 0321 8858,8607437,0,
María José Medrano Meza,Maríameza143@viajes.cl,kU6SVcliGDlki8,maría8239214,+56 2 6974 5480,-25272307,2,
Germán Reynoso Vélez,Germánvélez748@outluc.com,9QCLfgbmlY,Germánvélez812,+56 9 5595 6936,20941723,5,-13314
Elena Feliciano Arenas,,9SOn7ceG,elfear218,+56 2 0993 0949,12181560,5,
Patricio Barraza Serrato,Patricioserrato534@viajes.cl,5M7HP3emA,Patricioserrato233,+56 9 7195 5876,,,
Patricio Valenzuela Archuleta,pavaar863@viajes.cl,SF9vSgUFf,pavaar219,+56 9 9774 0228,19539898,4,
Jorge Báez Iglesias,Jorgeiglesias178@wass.com,qK5VYvIlu9x,,+56 2 0775 9342,13792707,1,9709
José Eduardo Montemayor Portillo,joedmopo307@viajes.cl,Dw29PbyM,josé2274457,+56 9 9181 4671,24448382,8,
Sta. Samuel Ávalos Garrido,Sta.garrido707@outluc.com,,Sta.garrido806,+56 2 8777 4312,,,3639
Sra. Gustavo Espinoza Montaño,Sra.montaño428@viajes.cl,cM4t2qqwK,Sra.montaño578,+56 2 4905 5397,11723622,6,
Hernán Abreu Padilla,hernán4823795@viajes.cl,n6GnNFddjudMEaaD,Hernánpadilla380,+56 9 4604 3037,,,
Roberto Abrego Casares,,,roberto1681636,+56 2 6093 7787,19511238,K,1449
José Emilio Acevedo Angulo,joemacan775@outluc.com,78zTI6J71Sm6x,Joséangulo886,+56 9 6526 0083,,,0
Fernando Anaya Ojeda,,,feanoj756,+56 9 5271 9310,10760925,3,
Sta. Timoteo Piña Montenegro,sttipimo925@marmol.com,T6hUHWmr6c,Sta.montenegro857,+56 9 0274 0277,,,10793
Salvador Regalado Alfaro,salvador3854627@edubus.cal,i2aiEHXQ16Tq,salvador6864460,+56 9 0285 8879,,,1335
Ignacio Garrido Barrera,Ignaciobarrera916@wass.com,X1sXfjjsAmqReGaJ,iggaba322,+56 2 6319 1054,26336754,5,0
Lourdes Alarcón Longoria,loallo917@marmol.com,,,+56 9 4441 6729,17706919,1,-820
Marco Antonio Heredia Toro,Marcotoro670@outluc.com,cEXAWQ7n1KAesTjH,,+56 9 9338 2971,23132004,0,0
Sra. María Rodríguez Ocasio,,RT4VmBA1ag,srmarooc915,+56 9 4842 6665,18861904,5,0
Gabriel Robledo Castillo,garoca621@viajes.cl,hfxhBskLnrV9Eldc,garoca229,+56 2 2985 8387,7730462,2,
Irene Rosales Carrasquillo,Irenecarrasquillo380@marmol.com,3nYJYneg,irene9709419,+56 2 4400 5806,,,7217
Jorge Luis Ferrer Palomino,jolufepa617@viajes.cl,EMiAo2bZjgnY,Jorgepalomino203,+56 2 9868 8891,13632285,0,
María Teresa Romero Valencia,maría5347415@viajes.cl,PT7Uavsed,materova517,+56 2 0696 1277,10202758,2,
Samuel Camarillo Cisneros,samuel9126473@viajes.cl,52sewVOIVbG,sacaci301,+56 9 4918 0785,15231907,K,
Soledad Niño Soto,soledad4866400@viajes.cl,UH892czCAJCY,Soledadsoto874,+56 2 8481 8858,11027080,1,
Margarita Carbajal Delatorre,Margaritadelatorre248@tourket.com,hZI2Jct5WXF2,macade971,+56 9 5718 3822,,,0
Florencia Cortez Acosta,florencia470272@viajes.cl,6MIDrR0tons,flcoac406,+56 2 2113 7229,8380929,9,
Timoteo Irizarry Mercado,Timoteomercado843@viajes.cl,HYnF0gxK,tiirme171,+56 2 3026 3756,9746220,8,
Jaime Ochoa Bermúdez,Jaimebermúdez723@viajes.cl,Ak9I73M1v5EvGc03,jaime7925902,+56 2 5996 4162,8589875,2,
María Luisa Villanueva Montero,Maríamontero518@outluc.com,23mWouy8UWu,maluvimo622,+56 2 2294 9596,15650157,3,-388
Berta Borrego Fajardo,bebofa924@viajes.cl,IYfsaZ5ssWK,Bertafajardo432,+56 2 2471 9204,25428807,1,
Sr. Jorge Luis Muro Pedroza,srjolumupe583@viajes.cl,kq34DLZ8,sr.7558922,+56 9 6024 9141,3243230,1,
Diana Rascón Farías,Dianafarías798@viajes.cl,95PqjZgSYjoVc0r0,Dianafarías768,+56 2 8008 0799,27803491,7,
Sra. María Teresa Tapia Gaona,,n5hWXtgTbEdzAP4,srmatetaga513,+56 2 9171 5611,11383478,1,
Guillermo Piña Tapia,gupita391@marmol.com,ndV4bCCa,Guillermotapia820,+56 9 4583 8909,8522393,3,
Francisco Orosco Tirado,Franciscotirado826@wass.com,0KhNqfSM1I5N3cKZ,Franciscotirado868,+56 9 3021 1657,,,2325
Raquel Reséndez Gutiérrez,raregu307@viajesanma.com,Z0y5i0yPCVaM,Raquelgutiérrez924,+56 9 7709 7327,7304717,K,
Julio César Mares Loera,,eSiqoDO6wsUe,jucémalo655,+56 2 9567 2698,-15236405,9,23686
Sra. Cristian Rosales Molina,sra.9139309@viajes.cl,YXAWv4cK4X,sra.9441384,+56 2 8471 7550,13936912,2,
Carla Valdivia Araña,,Wv0ZS20i,cavaar863,+56 9 9373 1802,16069450,5,317
Sr. Blanca Peña Grijalva,sr.7218730@viajes.cl,ltnllg0NZbaAd,srblpegr670,+56 9 0279 0671,,,
Sr. Rosalia Monroy Yáñez,srromoyá724@viajesanma.com,5ZOC5MwOGLV4n,sr.1738765,+56 9 9329 3740,23181324,1,-7975
Sta. Lorena Borrego Ruelas,,vE9PQIKV4i,sta.7639701,+56 2 6895 8397,-11349190,6,8499
Ana Bermúdez Malave,ana6425378@viajes.cl,ll1q462Q0yn,ana9417588,+56 2 5957 4498,13680630,0,
Julio César Nava Tello,jucénate198@viajes.cl,SZXy5X2r1A,julio2000229,+56 2 9088 2171,16294735,4,
Sta. Homero Ramírez Galindo,sthoraga190@viajes.cl,4LuQkRFAU,sthoraga585,+56 2 6536 7318,28532542,0,
Sra. Mario Cruz Berríos,Sra.berríos215@outluc.com,,sra.381490,+56 9 4069 4649,4006246,7,
,Déboraduran581@viajes.cl,366PBo5OW9Cetl,débora4099707,+56 9 1463 2126,23353947,3,
Daniel Báez Porras,daniel5330297@edubus.cal,5iToK8lQNLN,daniel9768885,+56 9 6868 1902,,,537
María Luisa Menchaca Soliz,maría4964879@edubus.cal,5W24vqk2vdhxhp,malumeso558,+56 2 2899 4782,,,24294
Patricia Orosco Menéndez,paorme766@edubus.cal,MctT08BLU,Patriciamenéndez732,+56 2 0550 6897,,,1070
Sta. Víctor Muñiz Orosco,,OA3HaV0wKznr,stvímuor849,+56 9 6546 6306,16753743,K,0
Sra. Roberto Magaña Alcántar,srromaal213@viajesanma.com,,,+56 9 5875 6137,1521517,8,5814
,sraltacu152@wass.com,TPLljhdf7Sd,,+56 2 6909 2708,11385655,6,14654
Amalia Zayas Orellana,,utWrWoF3bL0Q2PR,Amaliaorellana652,+56 9 1326 5411,23021465,4,3522
Clemente Malave Granados,clmagr532@viajes.cl,8YB3uDYuESqN5g,clmagr638,+56 9 1727 4361,27841724,7,
Timoteo Santillán Alvarado,timoteo6843858@viajes.cl,zo3Fdw0l,Timoteoalvarado749,+56 9 5748 3207,23499588,K,
María José Rolón Rubio,Maríarubio434@viajes.cl,Uybaw6Hh7z1N41p,Maríarubio509,+56 2 9561 4733,25136877,5,
Laura Zelaya Perea,laura896645@viajes.cl,TneFi30hibX3kChb,lazepe759,+56 9 7129 3649,13225868,6,
María Teresa Villaseñor Maestas,Maríamaestas443@viajes.cl,2SCoD020ucekTF,Maríamaestas617,+56 2 5408 1767,14983558,K,
Caridad Rangel Mercado,carame562@viajes.cl,HhXTde25tn0WIs,carame253,+56 2 4311 5764,-18613447,8,
Fernando Soto Maestas,fesoma882@viajes.cl,Mv4yC6iTt0pxY2f,Fernandomaestas339,+56 9 7809 5197,29550446,3,
Sta. Carmen Baeza Rocha,Sta.rocha539@viajes.cl,j5oIy9Lg8vDJF4,Sta.rocha961,,29128249,0,
Daniel Rolón Matos,daniel7623906@viajes.cl,ZXw8zES2,daroma376,+56 9 5591 5127,-17238825,6,
Sta. Alfredo Casares Casares,sta.3774941@edubus.cal,qhjXEIUWcMP3,stalcaca797,+56 9 0822 6251,,,0
Andrés Rael Valencia,Andrésvalencia995@viajes.cl,7dTQrwy3c,andrés6272380,+56 2 0792 0806,12114406,9,
Eloisa Urías Acuña,Eloisaacuña117@edubus.cal,wZr0l5Yn,Eloisaacuña207,,,,0
Alejandra Maya Valverde,alejandra1046907@viajes.cl,IHFej6hMia3sdrMY,almava546,+56 2 1456 8849,8488605,K,
José Luis Caballero Villareal,,cuVKDEZf6yvl6gr9,Josévillareal872,+56 2 5877 0683,9737395,7,11930
Sra. Marcos Gallegos Ortega,Sra.ortega288@viajes.cl,wg6h1DJOFeJ,srmagaor678,+56 2 1479 2319,20036248,9,
Isabel Rodarte Piña,isropi708@viajes.cl,6aVWxX27,isropi500,+56 9 8951 4184,2595155,7,
Sra. Julio Esquibel Águilar,sra.6979334@viajes.cl,b26XvVFzMYQ1Lo,sra.9533111,+56 9 6568 0000,19374788,4,
Amalia Delao Balderas,Amaliabalderas976@viajes.cl,uJZiL5mAF,Amaliabalderas461,+56 2 5033 4592,9597508,9,
Maricarmen Mora Carmona,mamoca720@viajes.cl,B55U6kTTtB,maricarmen1759643,+56 9 2241 3466,26301030,2,
Débora Ruelas Tejeda,,CR2cBquAZ,dérute971,+56 9 6668 7544,8255494,7,6793
Sr. Alfonso Medrano Treviño,sr.2551129@viajes.cl,1BwOUmubP7,sralmetr332,+56 9 5031 5876,1092181,3,
,saarec726@outluc.com,bjn0loZJ,sara3644140,+56 9 1085 5800,16570401,0,0
Sta. Reina de Jesús Hinojosa,stredejehi377@tourket.com,6xikKwwgRk10rXI,sta.5281198,+56 2 6942 3951,4851156,2,
Josefina Chapa Cardona,josefina3559243@edubus.cal,e3HkSmhLQa14G,,+56 9 7590 7452,29908855,3,7266
Alberto Candelaria Tejada,alberto1905433@edubus.cal,Rq5yv3IZZk,alcate181,+56 2 0032 0663,21063777,K,
Gilberto Soria Verduzco,Gilbertoverduzco611@viajes.cl,vezeE8MNBgZKBQ,gisove303,+56 2 1476 0149,3911659,6,
María Cristina Flores Lovato,Maríalovato218@viajes.cl,pShh46jZoqNAD8,,+56 9 0841 1988,6822313,K,
María Soledad Merino Roldán,maría4122370@viajesanma.com,DOKDLj9sGHlD6cq,maría8062666,+56 2 2153 2264,,,0
Marilu Nieto Concepción,Mariluconcepción320@tourket.com,J6KzppsF,,+56 2 6775 2767,3494549,7,0
,,sFkCkFc5x,gogiad530,+56 9 2560 7728,18175891,0,9412
Amalia Zamora Gálvez,Amaliagálvez582@viajes.cl,i5taoQMwtW,amalia4806455,+56 9 4880 4772,29363861,6,
Eloisa Adorno Fierro,eladfi277@viajes.cl,yApb2vZiv,eloisa4327867,+56 9 3192 7930,3286201,2,
Leticia Tafoya García,Leticiagarcía122@viajes.cl,DyM0pHwuI4RWi4,leticia2430329,+56 9 2068 5986,12052920,K,
Carolina Padrón Borrego,Carolinaborrego238@marmol.com,pmRhJwjO1B,Carolinaborrego306,+56 2 8490 6253,,,
Gregorio Jaramillo Iglesias,grjaig399@viajes.cl,SE1VVlONK9qjmt,gregorio7436961,+56 9 3744 7347,-17894590,4,
Sr. Berta Castillo Orta,Sr.orta582@viajes.cl,AyZZ8TFl,srbecaor839,+56 2 6148 0070,26724983,0,
Gabriel Jimínez Regalado,gajire460@viajes.cl,IF2qApoQCSR13,Gabrielregalado882,+56 2 7536 2697,17041430,6,
María Eugenia Matos Soria,maeumaso244@viajes.cl,BOlslyG40Y8,maeumaso929,,16395413,3,
Silvia Cabrera Nava,silvia8550653@marmol.com,nvVW3ioOh,,+56 2 4381 6537,4632610,5,4811
Marcos Espinal Alcántar,maesal112@edubus.cal,VI4prpeNUx,,+56 9 7498 4771,9725622,5,4876
Patricia Collado Almonte,patricia2243343@tourket.com,sYjGDW9hIXGckYR,Patriciaalmonte954,+56 2 4418 5043,,,14949
Reina Ochoa Polanco,reocpo678@viajes.cl,7lp8hrMQAZb,reina8013562,+56 9 4220 5922,4081156,7,
Florencia Bravo Villareal,Florenciavillareal940@viajes.cl,n1VGlAagudRd,flbrvi175,+56 2 1251 1187,,,
Julio Partida Vera,julio3023600@viajes.cl,SyIUIl30,julio2076131,+56 2 1161 9098,5226874,5,
María Cristina Cruz Lovato,macrcrlo627@viajes.cl,ZOor5HEBJh021NYy,Maríalovato859,+56 2 9504 3709,16422209,8,
Pablo Salas Salazar,pablo6484534@viajes.cl,XiawOCB3,,+56 9 7183 7027,23754391,2,
Guadalupe Acevedo Camacho,guadalupe9639467@tourket.com,0stknOhT,guacca511,+56 2 3471 5319,,,19745
Cecilia Tijerina Porras,Ceciliaporras578@outluc.com,2BXqNk2R,Ceciliaporras280,+56 9 1006 1624,16405465,9,
Alejandra Pedraza Gaitán,alejandra6060515@viajes.cl,alwcJII1RAC,Alejandragaitán745,+56 9 0252 8079,4110749,9,
Hernán Osorio Torres,heosto940@tourket.com,91EDZo2e,heosto266,+56 9 1277 9105,12684816,1,
Homero Villalpando Longoria,homero705843@viajes.cl,0r8neGaH7,Homerolongoria852,+56 2 7936 1557,535369,6,
Ricardo Rosario Lebrón,,q5RbqNP5l8,,+56 9 9802 6146,7245708,0,4557
Sara Vélez Varela,Saravarela138@viajes.cl,pxAR6uJv5Ti0ip,,+56 9 1662 1040,22697001,0,
Ramiro Guerrero Puente,Ramiropuente583@marmol.com,qWnRItwZ5rpNrE,ragupu791,+56 2 6579 3957,17428386,9,
Sra. Lourdes Bustamante Domínquez,srlobudo327@viajesanma.com,AAw3mtpT5iP2kY,sra.6692734,,2807714,9,125
Pilar Urrutia Chacón,piurch784@viajes.cl,hvZM2uvPNf,piurch822,+56 9 5564 8534,20154612,5,
Beatriz Salazar Águilar,beatriz5107351@viajes.cl,DymdQU5Pob9,besaág653,+56 2 6789 8894,22968538,4,
Claudia Treviño Pulido,cltrpu724@marmol.com,gafC6cbD,claudia8300795,+56 2 0999 8479,28392581,1,-13533
Alfredo Ruelas Jurado,alfredo2747745@viajes.cl,51GDW5ilYrwS4z,Alfredojurado485,+56 2 9588 7350,9330664,3,
Gloria Cornejo Cotto,Gloriacotto254@viajes.cl,YwmD5KeBsEu3y,gloria1296763,+56 9 1256 0064,6489262,2,
Micaela Arevalo Becerra,miarbe677@viajes.cl,cByo19txm,,+56 2 6595 1668,-4289412,5,
Lorena Garica Lara,lorena6007301@marmol.com,E1Xbu6FlHx9Cl3kM,,+56 9 2895 6948,26611431,1,6701
Juan Uribe Montero,juan4715798@outluc.com,sVOo7dYv0C28uP,juan3100337,+56 2 0477 0316,19895845,K,-10317
,elcece245@marmol.com,EmR8GZ6s3C,Elviracepeda320,+56 9 0427 3579,11482976,5,15453
Cristian Mejía Camarillo,,Pt87AFC8yv4Wx,crmeca232,+56 2 6393 2316,12360875,5,19586
Sta. Gilberto Loera Mendoza,sta.6708100@viajes.cl,lCDQG0dbW,stgilome519,,14541115,7,
Bernardo Montero Estrada,bemoes831@viajes.cl,djxinQ596,bemoes970,+56 9 5916 2971,11959999,7,
Raquel Mota Valdez,Raquelvaldez225@viajes.cl,WfrkJuE1lD12va3F,ramova520,+56 2 7768 8235,19837234,K,
Bernardo Prieto Maya,Bernardomaya294@tourket.com,gZ56o7577Um,beprma415,+56 9 3581 2912,10630881,0,
María del Carmen Limón Barragán,,VDWW80Z5aabmsG,madecaliba417,+56 2 6908 9745,6921485,1,0
Sra. Elisa Villanueva Duran,,ccd24KbIhXTrqt,srelvidu208,+56 2 8710 5055,27469606,0,2095
Gilberto Longoria Márquez,gilomá332@viajesanma.com,VEV70147RoYxjH,gilberto5632173,+56 2 1633 8710,15022445,4,-27537
Estela Ortiz Lebrón,estela8925147@viajes.cl,8fnIQzkXi2aQzkh,estela9622886,+56 2 1067 9101,21401036,4,
Horacio Zamora Garay,horacio2597856@viajes.cl,70jIhI6iqHmZ7,Horaciogaray584,+56 2 1032 4143,3820272,3,
Tomás Peña Galarza,Tomásgalarza652@viajes.cl,,,+56 9 7541 1930,11153001,7,
Jaime Castañeda Matos,jacama710@viajes.cl,Q0WuW3JThrc4u,jaime2089590,+56 9 8068 8760,1060694,2,
Juana Gaitán Vargas,Juanavargas840@outluc.com,Pce5FWHg8XUZxTo,juana6400153,+56 9 9319 9852,16269357,3,-4921
Rocio Quesada Valladares,roquva333@marmol.com,P7C9LSXbSuAtuVgf,rocio522193,+56 2 8726 4997,2038121,3,
Roberto Serna Domínquez,Robertodomínquez641@viajes.cl,S3bgHfOsfCY8x7kk,roberto1095712,+56 2 6504 1857,24129133,2,
Beatriz Ballesteros Sotelo,beatriz1717380@viajes.cl,1TnvqpBO6Tu4J65,bebaso401,+56 2 5435 6038,4962187,6,
,josé6262364@viajes.cl,DFLjGVDaaVhFM7,Josémelgar276,,29621419,1,
Sra. Rebeca Zelaya Maya,sra.4101767@viajes.cl,Mm3VaexfkCvIDPXf,Sra.maya725,+56 2 2139 7968,5102534,2,
Reina Acosta Cuellar,reina1650221@viajes.cl,i4UMBY9sJnANy6,reina3196418,+56 9 1036 1097,543132,8,
Cristina Gálvez Pérez,,5THOeH7LAH,crgápé328,+56 2 3510 0579,20110192,1,11245
Miguel Malave Acosta,miguel1475927@viajes.cl,,miguel8291511,+56 2 0101 3921,-19233389,K,
Marisol Montero Tello,Marisoltello847@tourket.com,Jp749L5456tW9E,,,9822843,8,18934
José Luis Bétancourt Saldivar,josé8124366@outluc.com,UW8bgb3QKY,,+56 2 1246 6450,29041862,3,1239
Alfredo Montenegro Hurtado,almohu846@viajes.cl,EW5SOlRAtn94fWr,almohu894,+56 9 3488 8190,7380146,K,
Sta. José María Brito Miramontes,sta.5091745@viajes.cl,L6X5ukAyIKtl2x,,+56 2 6850 6160,5738129,9,
Gilberto Burgos Hidalgo,gibuhi919@wass.com,rXYmmfre6t9nF,,,16039462,5,0
,lesama482@viajes.cl,11jbopAl6CrIpoL1,leonor2838828,+56 9 2224 6928,3070790,7,
Daniel Irizarry Barreto,,W1xGiFfgp2,dairba456,+56 9 0151 4620,1717261,1,
Samuel Villa Aguilera,saviag794@viajes.cl,piA51p55,,+56 9 3472 4150,,,
Salvador Beltrán Nevárez,Salvadornevárez763@viajes.cl,J2KC30fMR9ylG,sabene685,+56 9 7634 5141,-15625016,3,
Javier Ortega Casanova,javier3481954@viajes.cl,LgCXy6GkA,Javiercasanova271,+56 9 4717 4085,27471797,1,
Rosalia Apodaca Espinal,Rosaliaespinal416@outluc.com,m2U0Mcg7tG,roapes895,+56 2 8532 2297,20099327,6,16030
Esteban Lebrón Reyna,esteban6021415@edubus.cal,x3RQc1fq,esteban1568550,+56 2 9697 2511,,,16283
Sta. Susana Aragón Robles,,0U62k2uz,Sta.robles301,+56 9 6543 5567,26006240,9,0
Sta. Esperanza Casas Alcala,Sta.alcala107@viajes.cl,FbU3kA0a8,,+56 2 6724 0003,5259870,2,
Sta. Jaime Espinoza Suárez,stjaessu577@edubus.cal,u9DJE8wAr,sta.1876648,+56 2 0672 4596,12618162,0,1900
María Polanco Negrete,mapone321@viajes.cl,mWSgI4Q0DhZU,Maríanegrete121,,18665084,0,
Claudio Mascareñas Salcido,,7LwU5hgR4xluMQ,claudio6584922,+56 2 6914 9514,19708381,6,
Eduardo Hinojosa Narváez,edhina669@viajesanma.com,7nQv1fFQuycrz3W7,Eduardonarváez123,+56 9 2034 0812,-11163276,6,9189
Gregorio Rosales Frías,gregorio529396@viajes.cl,dGz7QCEA,grrofr279,+56 9 3606 6345,13628941,1,
Ana Carranza Carranza,ancaca506@viajes.cl,biW2LlL0tP,ana9552945,+56 9 4298 1370,25325792,K,
Estela Delagarza Molina,estela8832682@viajes.cl,enuyR6arz3KCHvcP,esdemo672,+56 9 6922 1092,17394039,4,
,,bHX6rrrvOkaYPS,,+56 2 5992 3821,14147367,0,0
,Déboralimón727@viajes.cl,FZu00QddK,déolli758,+56 9 4164 7733,18645565,7,
Dolores Alejandro Caldera,dolores8554213@viajes.cl,rHla1wduwqoKrFF,dolores6457856,+56 9 5136 5136,13838945,6,
Sra. Ana Luisa Salgado Guzmán,sranlusagu985@viajes.cl,q640WDPsLQJ3yD,sra.9900831,+56 9 5471 9273,20248809,9,
Sta. Juan Carrera Gallardo,stjucaga988@viajes.cl,7ApyzENPtCNzL,stjucaga775,,15264854,5,
Germán Delgadillo Briseño,Germánbriseño409@viajesanma.com,V3Hhll0I,gedebr336,+56 2 0016 1550,21856262,0,
Sr. Cristobal Leyva Santacruz,Sr.santacruz224@wass.com,m8x8B6yQ,srcrlesa929,+56 2 6786 3659,4832271,9,
Sr. Salvador Hernández Chapa,sr.627752@outluc.com,LlluyV5JZc14M,Sr.chapa558,+56 2 7372 8218,18703497,3,-7661
Andrea Orta Pabón,anorpa297@viajes.cl,9riBPZvJEz,andrea8346826,+56 2 3891 7494,16203420,0,
Sofia Quiroz Torres,soquto591@marmol.com,05s9TBpMm,soquto769,+56 2 5174 8503,,,18932
,Sr.guerra570@viajes.cl,xd1N6DQOe7hH6,srdivegu514,+56 2 7358 4686,27147874,7,
Olivia Elizondo Estrada,,VfORalk1xYCjx9,olivia9083558,+56 9 7306 3788,,,9497
María Eugenia Garica Sepúlveda,maría165242@viajes.cl,i7UlZ2Uv5,maría6852300,+56 9 6071 1604,-26232799,K,
Sra. Josefina Barela Chavarría,sra.3055392@tourket.com,1CCRlx7kcv,,+56 2 9440 5081,15117074,9,2424
Andrea Munguía Casas,,NM3A82FptK5BDas,,+56 9 1471 3034,7210463,3,24321
Marcos Carrasquillo Aragón,macaar807@viajes.cl,UbtwEg7yA53v,macaar918,+56 2 9142 7631,16313499,3,
Alfredo Cervántez Gálvez,alcegá275@viajes.cl,PlB6JgNO,alcegá638,+56 9 3961 7808,26643230,5,
Sra. Alicia Gamez Lugo,sra.8832399@viajesanma.com,1lSKKZqqsFCCQR,sra.5886121,+56 9 5653 0090,13885545,7,5619
,,l2acArIEVf2,Beatrizaranda111,+56 9 7194 5707,26138875,8,0
Mariano Delarosa Heredia,Marianoheredia641@viajes.cl,v5P7BQMlenn9,madehe403,+56 9 9384 8946,29760757,K,
Octavio Jaime Gallegos,Octaviogallegos933@tourket.com,Dj9UkO6pj,Octaviogallegos332,+56 9 4184 9143,13271785,0,0
Maricarmen Partida Quiñónez,Maricarmenquiñónez273@marmol.com,NrFtNMx8N,,+56 9 3468 1581,14054094,3,4628
Carlota Cruz Barraza,cacrba774@wass.com,MWlJE8PkS7tfqH,,+56 9 5422 4080,24940538,8,
Gustavo Rojas Rojas,,XtZtkLp39c2Bu,guroro853,+56 9 1950 6842,3250895,2,-1161
Andrés Delgado Flórez,Andrésflórez499@viajes.cl,R4cnr76M,,+56 2 9889 3427,2840494,8,
Maricarmen Gastélum Garibay,Maricarmengaribay161@viajes.cl,6keNZbAd,Maricarmengaribay441,+56 2 5364 1366,,,
Eloisa Portillo Longoria,elpolo665@viajes.cl,os43P6DW4t,elpolo512,+56 9 4855 9329,6853896,3,
Hernán Casanova Dávila,hernán5508876@viajes.cl,9ylvZt1txNEFO,Hernándávila217,+56 2 7048 7499,9073682,5,
Sta. Ángela Urías Arguello,Sta.arguello397@marmol.com,CibO1Yvd6f,stánurar636,,20274860,0,
Micaela Niño Urías,Micaelaurías565@marmol.com,xR16dq0hMlV,,+56 2 7994 6927,20534532,9,2388
Sta. Blanca León Lebrón,sta.6452961@viajes.cl,yJhca7FmvFr3i5,stbllele696,+56 2 8347 7314,,,
,luulva107@viajes.cl,TKtgzj59,luulva953,+56 9 3335 3985,876589,8,
Javier Barrios Quintanilla,jabaqu694@viajes.cl,FnXg5uZyDofsS,jabaqu448,+56 2 3954 9346,8221208,6,
Marcos Alemán Carrero,,,maalca337,+56 2 1785 3462,19736553,6,10286
Carlos Tejeda Gollum,Carlosgollum406@viajes.cl,V3TglKmRX1Tl1K,carlos6747382,+56 2 7206 3169,25361825,6,
Teodoro Granados Casillas,teodoro6192309@viajes.cl,fahuP5iAKF,tegrca231,+56 2 9724 5794,26625333,8,
Leticia Orozco Tijerina,leorti155@viajes.cl,qQj8G3qSMo,leorti153,+56 2 4287 1795,8299995,7,
Andrés Sepúlveda Sedillo,andrés6213400@viajes.cl,L8QeHhH4,andrés1072666,+56 9 4801 6301,3636118,2,
Verónica Pedraza Delafuente,verónica1107159@viajes.cl,hQA2u65UTv0,vepede924,+56 9 1764 8822,14071024,5,
Sr. Miguel Ángel Lozano Cornejo,Sr.cornejo722@viajes.cl,NE0ybGpnwpc,Sr.cornejo868,+56 9 8761 5907,4744689,9,
Víctor Hidalgo Cervantes,Víctorcervantes761@viajes.cl,H4ujyJBqXLn,Víctorcervantes954,+56 2 9667 0123,9986525,3,
Isabela Portillo Leiva,Isabelaleiva273@outluc.com,YtLuDF3ed,Isabelaleiva561,+56 2 2687 1037,,,12074
Homero Arevalo Fernández,hoarfe244@viajes.cl,vK6PKLhPuIRECWqM,hoarfe199,+56 2 9426 5072,21175541,5,
Sra. Octavio Concepción Maya,sroccoma170@viajes.cl,5YbVb1Rz,sra.123968,,10945016,2,
Óscar Pizarro Carmona,óscar9253359@viajesanma.com,VaoXAbrJ8s,Óscarcarmona605,+56 9 5230 9561,1093742,6,
Jerónimo Perea Gonzales,jepego479@marmol.com,7K8G1q7VGnfAQB1,,+56 9 9277 2828,6346058,3,2643
Andrés Nieto Peralta,Andrésperalta631@viajes.cl,X2kf2WCW,annipe654,+56 2 2881 9116,19615149,4,
Lorena Olmos Granado,Lorenagranado808@viajes.cl,g7ggyjKoUQO81n4R,Lorenagranado570,+56 9 3755 3028,,,
Sra. Víctor Chávez Atencio,sra.2800815@wass.com,NAMsAr8bfL,srvíchat243,+56 9 7338 6037,14061880,2,1430
Antonio Valladares Coronado,antonio9384787@viajes.cl,1oU8BOMEEz,Antoniocoronado534,+56 2 7881 9321,5587157,4,
Margarita Luna Arredondo,Margaritaarredondo953@edubus.cal,Xc2zsMeGdD5h,maluar965,+56 9 9156 5172,,,5914
Guadalupe Robles Hernández,,BByfOC9vGz3,gurohe758,+56 9 3167 9314,17966615,4,6832
Rocio Castro Escobedo,Rocioescobedo268@tourket.com,07vUjM9iKwlQDQ8,rocio1350798,,2192193,9,
Tomás Casárez Noriega,tomás2452491@viajes.cl,C9NQKjt4,tocano140,+56 2 8502 2639,7266490,6,
,geprlo746@wass.com,,,+56 2 9410 7660,8134071,4,46819
Alfonso Bustamante Tamez,albuta656@viajes.cl,tv6BLOtsuk,Alfonsotamez196,+56 2 4513 6384,10158604,9,
Felipe Hinojosa Alonzo,fehial649@viajes.cl,WOMyiErTh8EkgCC9,felipe2245489,+56 2 9732 8673,,,
Dolores Saucedo Valentín,dosava250@tourket.com,FrmcFct4O6qP,dolores862874,+56 9 0879 4874,,,0
,flvave980@viajes.cl,cJBhRTcec5,flvave675,+56 9 4102 1765,16120022,0,
,humaca291@viajes.cl,ZPpAK9Iv,hugo1102194,+56 2 1594 3099,27025853,0,
Alejandra Rael Leyva,Alejandraleyva742@viajes.cl,K4BhhcH3vqKZm,Alejandraleyva863,+56 2 0439 9667,2209489,0,
Sr. Claudio Delatorre Zaragoza,sr.6831640@edubus.cal,AVwqSYDBL1,srcldeza559,+56 2 5882 2691,17521740,1,
Germán Padrón Rentería,gepare579@viajes.cl,,gepare603,+56 2 8437 0141,2376410,5,
,Virginiaceja502@tourket.com,K7a3VWCILxqxGbmz,virginia9736768,+56 9 9944 8336,29843443,1,-5496
Lucas Mejía Duarte,,ubq9FGpGELlKl,lucas7946971,+56 2 0626 9218,15903141,1,
Dolores Vela Fernández,dovefe861@viajes.cl,2QNQLWMQVcglq,dovefe370,+56 2 1342 5687,28163019,9,
Bernardo Cordero Cazares,becoca497@viajes.cl,0s446c0i4hjCd1Ye,bernardo3720914,+56 9 9899 5636,24407933,4,
Sta. Ramón Cervantes Garrido,sta.6818357@outluc.com,rLyiRaz2X6SCv,Sta.garrido347,,9164931,4,
Gilberto Ureña Arteaga,giurar550@outluc.com,3TvJdoaBsAPp1,,+56 2 3288 3126,18842879,7,0
Benjamín Marroquín Sisneros,Benjamínsisneros202@viajes.cl,6ubgPeID,benjamín7039793,+56 9 4776 8862,4042873,9,
Isabel Garica Rascón,Isabelrascón708@tourket.com,v3YtOKBM0L,Isabelrascón148,+56 2 3576 3849,28973957,2,-4305
José Eduardo Cavazos Aguayo,Joséaguayo991@viajes.cl,Q1t0tU6r,josé6562661,+56 9 2560 7092,25414294,8,
Ana María Prieto Patiño,Anapatiño297@viajes.cl,9Hw0ShNRs8,anmaprpa496,+56 2 7632 9237,5381668,1,
Alicia Matías Urrutia,alicia3200638@viajes.cl,nzRQMMgTos3U,almaur445,+56 2 4919 1976,29368406,5,
Sr. Carolina Barragán Hernández,srcabahe237@viajes.cl,6CTeaOsz,,+56 2 6180 0206,15521854,1,
Sta. Timoteo Carrion Pedroza,sta.8763316@tourket.com,B1JVNmWGIX9LYJd,sta.3425621,+56 9 4363 1139,,,9940
Pilar Miranda Negrete,pimine662@viajes.cl,,pimine129,+56 2 3270 0289,5264193,4,
,césar9511179@marmol.com,3r2YM6Ivvg,Césarnaranjo122,+56 9 5178 7256,,,0
Sr. Ana Vela Razo,Sr.razo128@viajes.cl,vgTQ8yk3j171eyo,sranvera766,+56 2 7238 0220,611872,0,
Sr. Sofia Meraz Terán,srsomete239@tourket.com,UWw0VKYox,sr.5685613,+56 9 2248 9309,,,4102
Joaquín Sánchez Delatorre,Joaquíndelatorre512@viajes.cl,ScUIM5tbmKic6IM,joaquín8053597,+56 2 4883 5789,10551307,0,
Jorge Villareal Garza,jorge4122526@viajes.cl,BVwZsY2RXj,Jorgegarza198,+56 2 6532 6422,12902366,K,
Raquel Anguiano Carrillo,raquel7890643@viajes.cl,,,+56 9 9082 2786,2610229,4,
Virginia Malave Nava,Virginianava347@marmol.com,omqCgv1k,virginia1530799,+56 2 1595 0629,,,16456
Sta. María Muro Frías,sta.3467980@viajes.cl,WXm3tTwEUzc7m7j,Sta.frías552,+56 2 5542 9106,7887250,0,
Guadalupe Feliciano Medina,gufeme353@viajes.cl,4Ho774I3WW,gufeme985,+56 9 5527 7827,,,
Cecilia Guerra Valle,ceguva780@marmol.com,zJs2utgyO28MqBbY,cecilia7466599,+56 9 3748 6656,,,0
Laura Salgado Martínez,Lauramartínez879@outluc.com,9ZCQCeyv2HY4bm,laura555410,+56 2 9401 7176,6917609,7,
Mayte Rosas Sedillo,marose818@viajes.cl,d4AlXNrvQp,Maytesedillo304,+56 9 5832 7795,664327,2,
Sta. Jacobo Rodrígez Holguín,sta.6490785@viajes.cl,ZXJuZ2Cgk,sta.4763700,+56 9 6310 7587,20371233,2,
Raúl Acuña Delacrúz,raacde153@viajes.cl,hrRn5rTQJ2Zj8hOB,raacde187,+56 2 6389 9225,8146983,0,
Diana Mota Marrero,,0zU0ObkPtsd,diana9600394,+56 2 8627 5598,16813883,0,
María Eugenia Alcántar Moreno,maría6988790@viajes.cl,p7B76ygOiNZb,maría7384805,+56 9 3286 0684,-6107656,5,
Sr. Berta Ocasio Mendoza,sr.8238424@viajes.cl,B2ypQ7GKRQ,Sr.mendoza942,+56 9 9919 3850,13668864,2,
Ignacio Gamez Cervántez,ignacio328827@edubus.cal,CYs38xWCA5Sdk6,ignacio9871692,+56 2 8701 1051,27562889,1,
José Emilio Valdés Arteaga,joemvaar283@viajes.cl,HqH1ljKsRl7m,joemvaar722,+56 9 7326 4686,8299690,7,
Sta. Sonia Nieves Deleón,Sta.deleón863@outluc.com,Hl7dL3uc80PgHn,stsonide813,+56 9 7293 0276,17830554,9,
,luis5325291@viajesanma.com,8NIaccQPGcpex4,luis8160580,+56 2 5936 8693,25109446,2,9174
Anita Vélez Garrido,anita2563271@edubus.cal,8Fv0ErZ7ijxGWpN,,+56 9 0141 6263,1132063,5,-2604
Ricardo Nazario Candelaria,ricardo1089928@viajes.cl,,,+56 2 8582 8171,4675575,8,
Sr. Juan Carlos Rendón Almanza,sr.4206103@wass.com,Bmiq1S6OF0cTI7am,sr.7699854,+56 9 4830 2517,24070275,4,-8630
Pilar Villanueva Cervántez,pivice769@viajes.cl,5QnkqChzco,Pilarcervántez129,+56 2 7753 7993,27447201,4,
Alicia Meraz Guajardo,alicia306349@viajes.cl,04PQQErp,alicia6611174,+56 9 4881 1840,-11879763,9,
Isabela Serna Armendáriz,issear325@wass.com,u9ogGBAz9yIGK4BE,,+56 9 5695 2080,10364913,7,0
Sra. María Teresa Soto Carrera,Sra.carrera208@viajes.cl,kX5yZxOd4xlONrfx,srmatesoca949,,-22588043,3,
Rebeca Toledo Sandoval,Rebecasandoval780@viajes.cl,j6FGLj4dSzH1bhN,retosa849,+56 2 0376 0295,4457583,3,
Adán Ávila Martínez,adán3347212@viajes.cl,W9d9QDciahNx,adávma982,+56 9 1036 5956,16286959,0,
Caridad Cardona Santacruz,cacasa738@viajes.cl,NghG0w1P1dIRo7,cacasa765,+56 9 1201 6028,21822981,6,
Sra. Ana Morales Acosta,,jbaeV9Cgp,Sra.acosta828,+56 9 2502 4463,29978025,2,5364
Fernando Páez Santiago,Fernandosantiago719@viajes.cl,jZn0uJw3b,Fernandosantiago806,+56 2 0330 6625,,,
Antonia Ávalos Tovar,anávto342@viajes.cl,CikPhoDyH1Pb,anávto964,+56 2 5350 4793,25127192,5,
Sta. Jaime Beltrán Santiago,,aiYf62p9zH16a3,sta.2549257,+56 9 3181 0960,-17389440,6,-12975
Alfredo Hernandes Benavídez,Alfredobenavídez720@viajes.cl,Fm8mi00EdQlNxa0L,alhebe227,+56 9 8736 9625,23921538,6,
Sra. José Emilio Barragán Romero,sra.3023927@viajes.cl,,srjoembaro857,+56 9 4130 2186,1321160,4,
Barbara Rentería Orosco,Barbaraorosco643@marmol.com,nf7PFSEdMc,,+56 2 4809 7459,,,0
Reina Granados Muñiz,Reinamuñiz132@wass.com,He5r6GwtIX1,reina708745,+56 2 0060 6715,,,0
Jaime Barela Nieto,jabani241@viajes.cl,ZZkGWN8tXq,jabani365,+56 9 0509 4566,2911358,0,
Sta. Ricardo Velásquez Quintero,sta.4527340@viajes.cl,FOMzjI8FUCaX,sta.5533263,+56 2 5514 4098,21730462,8,
Sta. Cristian Camarillo Deleón,stcrcade634@outluc.com,dOn5nDMiRRM,sta.3343414,+56 9 2558 6849,29539236,3,
Sra. Rosalia Peralta Armas,sra.4309217@wass.com,hZw1qQc3bFpYk2,,+56 9 6743 7030,8590630,5,
Ramón Olivas Abeyta,Ramónabeyta326@viajes.cl,lP4A3VFyyUzQ1a,ramón8062993,+56 2 2934 6107,1679007,9,
Gabriel Otero Concepción,Gabrielconcepción497@wass.com,,gabriel1090263,,15576968,8,0
Felipe Llamas Ledesma,felipe6832316@viajes.cl,tOHG5D40nFG8c,fellle211,+56 2 7277 0116,,,
José Eduardo Cedillo Ruiz,Joséruiz932@viajes.cl,tAFt4AisKqx,Joséruiz971,+56 2 4056 5990,24569121,1,
Sr. Silvia de Jesús Montes,Sr.montes861@viajes.cl,3Xr2f56iDa,srsidejemo978,+56 2 0648 9135,14147766,8,
Alberto Arreola Urbina,Albertourbina668@outluc.com,ScNbS3rjmq2BpXHY,alberto4566786,+56 9 0317 5733,,,0
,eva7265295@viajes.cl,RGcnW5Ekjfmn31Xx,eva9438276,+56 9 6236 7934,23842405,4,
Luz Alonzo Briseño,Luzbriseño529@viajes.cl,RdiM7BDaz4,luz5689588,+56 2 9450 6884,-21206771,7,
Gregorio Villanueva Zapata,grviza106@viajesanma.com,CsTb5LQ3H,grviza971,+56 2 9314 9956,,,7975
Diego Alvarez Rosado,Diegorosado418@viajes.cl,nUNw2464bKig,diego8858399,+56 9 1447 2474,25879151,7,
Felipe Delapaz Segovia,Felipesegovia888@viajes.cl,xxT1lABi,fedese141,+56 9 6170 4374,17526340,3,
Diana Villaseñor Montero,Dianamontero898@viajes.cl,tdvgNZJUM7,divimo738,+56 2 7924 7029,14645448,8,
Julia Chávez Mota,juchmo933@marmol.com,li0UGEKc,,+56 2 1179 4377,658878,6,12301
Julio César Alonzo Godínez,jucéalgo727@outluc.com,rgO1ENzF3,Juliogodínez320,+56 2 9621 9676,14027028,8,
Esteban Guillen Olivo,esguol423@viajes.cl,R2IHsxxqnH60ISoB,esteban5908423,+56 9 5438 8231,15594791,8,
Elisa Batista Escamilla,Elisaescamilla453@outluc.com,dcNLMSW7r9zrj4p,Elisaescamilla933,+56 9 2651 7540,,,18041
Margarita Quintanilla Segura,margarita8382853@tourket.com,luJVzU4eQR5MViVn,maquse678,+56 2 7541 4543,10195040,9,
Ana Luisa Vásquez Adorno,Anaadorno127@viajes.cl,nLU8zO8I9ERuV,ana5696642,+56 2 4812 1550,-27745545,5,
Sta. Marco Antonio Carrasco Abrego,,9ZYHZCql86FiQKq,Sta.abrego796,+56 9 9852 7253,20504553,8,
Rodrigo Jaramillo Benavides,Rodrigobenavides625@viajes.cl,CYNWMdHHjpK3,,,5141622,8,
Patricia Zayas García,patricia3238325@viajes.cl,352D68znNU3mS3L,patricia6019934,+56 9 9893 6303,2038973,7,
Adriana Ferrer Pagan,Adrianapagan314@viajes.cl,j3AbyJ1n,Adrianapagan757,+56 2 5457 3553,28441771,2,
Raquel Canales Medrano,,HT0fdmFuoM,Raquelmedrano838,+56 2 6398 4994,10212547,9,
María Soledad Valdez Mares,masovama326@viajes.cl,RcXUFQ7x403Yrel,Maríamares793,+56 2 6444 8548,13339307,2,
Anita Orellana Solorzano,,gsUVTFb8lGaGVB,Anitasolorzano694,,25669482,4,1200
Jorge Luis Rosas Osorio,joluroos644@wass.com,5JNjonwwG,Jorgeosorio609,+56 9 7561 9038,16467568,8,5576
Marco Antonio Zamudio Tejeda,Marcotejeda365@viajesanma.com,x2dpcq5LNrZi5dC,marco8031856,+56 2 5810 3237,23049174,7,
Estela Carrasco Velázquez,Estelavelázquez978@viajes.cl,prHar70F9y,estela9654522,+56 2 9166 0128,-6315172,6,
Daniela Partida Sandoval,Danielasandoval337@viajesanma.com,xXyqpFE8w3hw2s,,+56 2 3092 9908,10281436,3,0
Sr. Julio Archuleta Ortiz,sr.9197608@edubus.cal,,Sr.ortiz943,+56 2 0695 3035,13906582,4,
Adriana Montoya Nava,admona298@edubus.cal,m7qk3ixI5,Adriananava968,+56 9 6944 7502,,,10446
Benjamín Godínez Alaniz,begoal365@viajes.cl,qh414Z8F9D2U,benjamín4562996,+56 2 0508 7394,,,
Gregorio Tafoya Verdugo,Gregorioverdugo611@viajes.cl,,grtave250,+56 2 4484 2894,222714,2,
Lucas Rosas Sotelo,luroso389@tourket.com,uZ3eh7oeR9,luroso639,+56 2 8892 6801,1483869,4,
,,32vIcYkk,sra.9376237,+56 9 6609 4952,6049138,0,4964
Sta. Manuel Cuellar Miranda,Sta.miranda323@viajes.cl,E8MrGoDa,sta.8418119,+56 2 5218 8921,14286471,1,
Ana María Romero Bañuelos,anmaroba800@edubus.cal,W7Jpk76E4PdE,Anabañuelos895,+56 9 3620 8851,,,0
Marilu Villalpando Sandoval,,Sqaqu49vsFuHTE,mavisa662,+56 2 4596 6545,21991361,3,12129
Elisa Robles Gamez,elisa1966489@viajes.cl,vduiiafjr0FE9B,,+56 9 8556 1261,26236227,2,
Agustín Delgadillo Casárez,agdeca352@tourket.com,4y7qzim5Z,agustín1813844,+56 9 4108 3076,21281957,3,
Nicolás Lozano Cardona,Nicoláscardona792@viajes.cl,vad6v2xP,Nicoláscardona969,+56 9 5686 8715,22348099,3,
Lourdes Alcaraz Terán,lourdes7060531@viajesanma.com,ws04G7A0f,,+56 9 9421 9831,18764707,K,2034
Sra. Ana Castellanos Saldaña,Sra.saldaña995@tourket.com,QlEBFBSsw92,sra.1810813,+56 9 2240 2722,3266693,0,0
Eloisa Baca Cabrera,eloisa2231587@viajes.cl,OMuf9aCEFLEPcT,,+56 2 6926 1264,5507301,5,
Alberto Arguello Osorio,Albertoosorio573@viajes.cl,Qy0pPhhWY,alberto5957880,+56 2 3490 2059,29233366,8,
Dorotea Mondragón Garibay,dorotea5846964@viajes.cl,y2ZIrP73eBAzCzR,dorotea1323843,+56 9 8142 1555,19534452,3,
Luz Cantú Alcala,luz8264695@tourket.com,7Bte4FQQVae4Y4Mb,Luzalcala457,+56 9 0350 8290,,,3540
Samuel Vélez Arce,Samuelarce313@marmol.com,gx55jTwMhu5veQuM,Samuelarce448,+56 9 0946 1425,,,464
Lucas Riojas Serrano,lucas2379246@viajes.cl,0HyLlYtw7kZ,lucas5195703,+56 9 6048 5811,24812879,8,
Eloisa Domínguez Zúñiga,Eloisazúñiga114@marmol.com,7abeROQ8,Eloisazúñiga812,+56 2 6240 9773,-2512322,0,-8727
Sr. Magdalena Serrato Zúñiga,srmasezú167@viajes.cl,,sr.7936602,+56 2 2063 7729,546811,6,
Julio César Porras Armas,Julioarmas913@edubus.cal,,julio7979292,+56 9 5884 7709,16168499,6,0
Sta. Dolores Acevedo Sotelo,sta.4694721@viajes.cl,Rk7oPvj3z9JzVct,Sta.sotelo754,,25902403,K,
Jorge Luis Munguía Cano,Jorgecano411@viajes.cl,0i1BlSxaGfG,Jorgecano857,+56 2 3443 6125,2765287,5,
Gerardo Rocha Reynoso,gerore970@edubus.cal,bzta4EgNH,Gerardoreynoso480,+56 2 3750 4440,14155325,9,
Anita Lugo Bernal,Anitabernal246@viajesanma.com,24jMEWNj1DM,anita127871,+56 2 3592 5314,3708835,8,-2232
José Eduardo Medina Candelaria,josé5816190@viajes.cl,3Fl9mr0T,josé2728244,+56 2 2806 0458,12079194,K,
Germán Ramos Valencia,Germánvalencia895@viajesanma.com,A9QtbKssukr,gerava458,+56 9 3461 0632,,,682
Rosario Salcedo Rosario,rosario2887410@edubus.cal,DeC2ZQqXteIva5LI,rosaro868,+56 9 2558 6680,6028390,7,
Eva Cotto Cabán,,6MbWkDCNknz,evcoca187,+56 9 7701 6424,8986394,5,0
Margarita Gaona Téllez,Margaritatéllez726@viajes.cl,dIqsF8f6rGp,Margaritatéllez709,+56 9 5838 8458,6965137,2,
Gabriel Valles Delgado,gavade851@viajes.cl,6Y67V3qryRsYpBB,gavade725,+56 9 5977 3898,5354219,0,
Ana Luisa Olmos Leyva,Analeyva920@marmol.com,UqJ0NwKOoXHWFpr,,+56 2 1239 1385,20925713,0,7958
Carmen Castañeda Ochoa,carmen9290607@viajes.cl,7Kw2FSum38Ae,Carmenochoa723,+56 2 3231 6559,17964251,4,
Mateo Manzanares Tello,,z1YS6uMlm,,,-5721943,2,19465
Carolina Laboy León,carolina6344933@viajes.cl,rq6HNGwotP,carolina9859853,+56 9 2392 9169,6935662,1,
Joaquín Gollum Maestas,jogoma467@viajes.cl,6pBqCTKZPRX,Joaquínmaestas158,+56 9 9742 2362,-26474575,6,
Gabriela Vega Alcaraz,Gabrielaalcaraz113@marmol.com,j6R0sYdUz0g2gZF,gabriela4378903,+56 2 8588 5365,10036640,1,-10313
Estela Guzmán Santacruz,estela7535658@outluc.com,wKo8hCfl,,+56 9 3732 6416,28321500,8,7017
,,x1eFWi2uBjjPgLu,,+56 2 6454 9236,24142689,0,12538
Sra. Felipe Tamez Madrigal,Sra.madrigal710@viajes.cl,,Sra.madrigal480,+56 9 1434 1346,13613852,9,
Carmen Espino Ureña,caesur719@tourket.com,4OT2tkbRg,caesur153,+56 9 7802 5467,,,15400
Vicente Montañez Gallardo,vicente4080960@viajes.cl,NkcChccYB5AkVu,vicente9874711,+56 9 6721 5648,,,
Felipe Robledo Lebrón,felipe341832@outluc.com,AJtJMVv43Mzt1,ferole135,+56 9 6847 5550,,,0
Sra. Micaela Duran Meraz,srmidume595@viajes.cl,iKrWbR45,Sra.meraz530,+56 2 5916 8338,14460973,5,
Rosario Caraballo Rodríquez,rosario3943568@viajes.cl,3LZYMDmZ,rosario7605299,,,,
,Estergil582@marmol.com,t87WTj1GeKV8,Estergil181,,26450165,2,744
María Teresa Altamirano Olivares,matealol980@edubus.cal,eKKJEZV5OFaT,Maríaolivares178,+56 2 1599 6555,,,4468
Leticia Salcedo Mena,leticia6431720@viajes.cl,RCtz1lxedGgfP,leticia4067982,+56 9 5337 1011,18071945,8,
Ramiro Ríos Partida,ramiro6530131@viajesanma.com,g2Ce8kngYW31,ramiro9781611,+56 9 0856 7255,,,4864
Sta. Adriana Porras Banda,sta.960821@marmol.com,ZNhl9xCv,stadpoba322,+56 9 5257 2019,11743188,6,-10561
Clara Bravo Salas,Clarasalas217@viajes.cl,,Clarasalas527,+56 9 7026 7948,2121774,3,
,Benjamínchavarría618@marmol.com,dwEZ1CDe65YCmH,bevech941,+56 2 0498 8355,,,15791
Isabela Carranza Monroy,iscamo647@viajes.cl,rZ0kgh3Uo9inQ,isabela9162405,+56 9 6238 1393,15154208,5,
Mayte Bermúdez Lerma,mayte4540774@viajes.cl,qUtCs9kDDAeu4541,mayte6694351,+56 2 5445 2034,18102671,5,
Isabela Reyna Lucero,isrelu647@viajes.cl,woaU5XCNgHLJnfQ,isrelu509,+56 9 9892 0909,22597052,1,
Ramón Cordero Flores,racofl956@viajes.cl,FNSR5nmqZF,racofl649,+56 2 7294 8497,27843718,3,
Sra. Antonia Almaraz Franco,Sra.franco636@viajes.cl,gzm173Tt,sra.7332774,+56 2 0811 0126,26816970,9,
Sra. Gustavo Narváez Collado,Sra.collado965@viajes.cl,CBXL7xQF3j5ITZ,Sra.collado334,+56 9 0011 4631,20932258,7,
Gilberto Beltrán Bueno,,K5n7CuGyDOcOuK0J,Gilbertobueno234,+56 2 0751 7132,10027728,K,
Armando Pichardo Bueno,Armandobueno823@edubus.cal,NniTBqGm3T9WN,Armandobueno485,+56 9 8385 6136,28593702,7,0
Jorge Luis Adame Sedillo,Jorgesedillo847@viajes.cl,,Jorgesedillo338,+56 9 8780 2945,7865176,8,
Maricarmen Zelaya Haro,mazeha128@viajes.cl,n5sVgGH7Fj,Maricarmenharo431,,18168796,7,
Débora Rivas Sedillo,,7JwNZzvqTFbMz,débora547680,+56 2 1611 9017,,,0
Sta. Timoteo Chacón Negrete,sta.7294406@viajes.cl,g856YRf0ndcAhYl,sttichne527,+56 9 4855 7030,-18926939,0,
Beatriz Benavides Centeno,bebece359@viajes.cl,kZTPo1RZ1jqY,bebece656,+56 2 9520 5524,29925071,7,
Virginia Balderas Solano,virginia9404929@viajes.cl,FGG5CodgW,virginia4439551,+56 9 7686 4331,26005779,0,
Francisco Trejo Correa,francisco4411563@viajes.cl,,frtrco240,+56 2 5996 1938,10626584,4,
,namaol607@viajes.cl,O3sTS6W5evSeAp,Nataliaolivares180,+56 9 7912 2931,,,
Bernardo Corona Cadena,becoca620@tourket.com,5NKjVz0R9cnJ,,+56 2 5900 3060,18888016,9,10402
Sr. Miguel Ángel Gutiérrez Cerda,Sr.cerda516@viajesanma.com,yzrZZ4xX,,,6041825,K,7942
Soledad Rivas Benavídez,soribe864@viajesanma.com,drqLUtyn8BefvcF,Soledadbenavídez766,+56 9 7347 3488,,,4062
Sta. Felipe Cervántez Tejeda,stfecete911@outluc.com,XE83WDh3,sta.5656640,,26987138,5,1904
Sta. Eva Zarate Centeno,stevzace349@edubus.cal,oihH3ZNt6H540d,sta.9267961,+56 2 6630 3684,-16150346,0,-5481
Mario Campos Águilar,mario7435376@tourket.com,rFgLWqqC0nUVd2yD,,+56 9 8299 8494,23217588,5,7230
Emilia Rosas Gamez,emroga149@viajes.cl,WjSn91l9fbmE,Emiliagamez258,+56 9 6855 6688,298748,1,
Elsa Robles Flores,elrofl393@viajes.cl,qlFxDOFD48k12jeK,Elsaflores772,+56 2 0653 1985,5018501,K,
Joaquín Hidalgo Sierra,johisi671@viajes.cl,2zDVGwYX,joaquín9253597,+56 2 7869 9994,20682259,7,
Marta Paz Rosas,marta9050347@viajes.cl,DffXgi241,marta9685510,+56 9 5908 8770,9985427,8,
,gemodo459@viajes.cl,4QpTIwxxn6M,gemodo895,+56 2 6636 5638,23971949,K,
Marcela Adame Olivares,marcela3216289@viajes.cl,J2Ne7Af310hF,maadol103,,3474704,0,
José Hurtado Granados,johugr918@viajesanma.com,oaXf7P9AzVpc6nq,Joségranados111,+56 9 2974 0853,,,5402
Ana María Abreu Carrion,ana252565@viajes.cl,W3Gmx0UKR,anmaabca957,+56 2 7010 8309,22801092,8,
Ángela Carrion Valladares,áncava459@viajes.cl,50GUGGiqaii,áncava189,+56 2 6546 0303,27456563,2,
Sr. Guillermo Quiñónez Lira,Sr.lira601@viajes.cl,K4DSJkhMjgVGK,Sr.lira981,+56 9 5589 1901,14680445,4,
Rebeca Cantú Muñiz,Rebecamuñiz897@viajes.cl,htXBjCWra6A,Rebecamuñiz541,+56 9 2122 0144,25169412,5,
Juan Carlos Tejeda Pedraza,Juanpedraza550@tourket.com,q2AfK4PWIruoL,Juanpedraza264,+56 2 9208 9277,27519711,4,
Sra. Adriana Ontiveros Carrero,sra.1795408@viajes.cl,7v9fmLeY,Sra.carrero920,+56 2 7366 7067,-29070662,9,
Leticia Vera Sauceda,levesa397@edubus.cal,phrWxcYxWtOn2P,,+56 2 1904 7799,-2960722,2,0
,Sr.carrera886@viajes.cl,cQhJFDdqOq30n,sr.9036482,+56 2 9863 7597,8577715,7,
Luisa Vaca Munguía,Luisamunguía421@marmol.com,Ua7O0JOhPHg5,Luisamunguía668,+56 2 3241 2313,,,0
Sra. Andrea Jiménez Quintanilla,sranjiqu198@viajes.cl,8tbbK8s7oiHI16,sranjiqu341,,3450998,0,
Sta. Catalina Armas Ocasio,,l3Y0VJZvAgCzXry,stcaaroc248,+56 2 9038 5340,29782915,7,29063
César Rivas Miramontes,césar9364118@viajes.cl,7a1PnYRp,césar9195628,+56 9 3488 1224,12797813,1,
Sr. Carlota Ortiz Ontiveros,Sr.ontiveros442@viajes.cl,ELBrDbkb5H,Sr.ontiveros654,+56 2 7383 2852,11588403,4,
Óscar Bernal Serna,ósbese400@viajes.cl,cElO7c3909,Óscarserna409,+56 2 9739 1296,,,
Juan Moreno Núñez,juan3320373@wass.com,Rn7wr0ebt3,juan8175834,+56 2 8633 4762,19697524,1,-7899
Felipe Alfaro Carvajal,fealca570@outluc.com,Q7RpNoZHCRrF,Felipecarvajal554,+56 2 3301 7053,19047786,K,
Florencia Solorzano Estrada,Florenciaestrada212@viajes.cl,z10wnSY3nLe,Florenciaestrada235,+56 9 3172 1785,-3785384,4,
Mariano Villalpando Llamas,,LqTVW5GIq,Marianollamas142,+56 9 5996 2312,26323580,0,0
Carolina Haro González,cahago710@viajes.cl,zqlB4QbeN,Carolinagonzález408,+56 9 7833 8335,9844802,0,
Rosalia Dávila Mora,,,rosalia1545101,+56 2 5802 4716,16195280,K,5784
,viresa520@viajes.cl,kp5J1xOBUGRzbK,viresa924,+56 2 6035 9543,5212247,3,
Sta. María Eugenia Tijerina Ledesma,,a1HhscqrE,stmaeutile431,+56 2 1017 3872,28784931,1,15241
Sra. María Soledad Delgado Escobedo,Sra.escobedo507@marmol.com,vG4tkA9Um,srmasodees874,+56 9 7171 5879,27268998,9,0
Pablo Barrientos Zayas,pabaza588@tourket.com,S2XAkNS2u00eazy,Pablozayas833,+56 9 5303 6476,13572029,1,0
Cristian Suárez Montenegro,Cristianmontenegro785@edubus.cal,1Yv1ajyi6DdSVwA,crsumo130,+56 2 7894 5311,,,13375
Juana Vega Matos,juvema506@marmol.com,LkzBJLW9T,,+56 9 7699 5867,24094706,4,
Santiago Gurule Longoria,,it1pTz2Oh7MHLf2X,santiago6474246,+56 2 5025 8193,2940106,3,
Sra. María Luisa Campos Piña,sra.6277717@viajes.cl,vJUJxT89DMn,srmalucapi405,+56 9 0493 0860,8005979,5,
Sra. Gloria Macías Barragán,sra.5975480@viajes.cl,Ww7d19T51tzPlyt,Sra.barragán664,,25149604,8,
Agustín Quezada Pagan,agustín9413325@outluc.com,bTP3oPW02Gc4dGa,agustín755373,+56 9 7428 3885,9315940,3,
Sta. Lola Prieto Manzanares,sta.6684379@viajes.cl,BK9ahxK7K,Sta.manzanares561,+56 9 3065 8306,16000514,9,
Diego Luevano Ballesteros,Diegoballesteros437@viajes.cl,ZTa4k4ERiIod,diluba158,+56 9 2117 0043,29516932,K,
Patricia Fuentes Murillo,Patriciamurillo128@tourket.com,maa1HX2dEk4KwY,pafumu878,+56 9 6266 6613,6480887,7,0
Cristobal Riojas Escobar,cristobal2538150@wass.com,S7HXbKeGr7Y3NPHV,cristobal8049802,+56 9 9759 5020,,,0
Marilu Miranda Meléndez,,mKw969SptCE,marilu4565757,+56 2 8953 6169,-20176562,5,
Sta. Estela Matos Camacho,,cK3PJ7yx85Nxrbt,Sta.camacho648,+56 2 7173 6845,27655898,6,0
Gustavo Carvajal Sotelo,gustavo1505250@viajes.cl,r3EZqahO,Gustavosotelo998,+56 9 9777 3089,4281290,0,
María José Villareal Cano,Maríacano744@viajes.cl,ooipSRj921DhaN,,+56 2 7966 8804,25795170,7,
Ernesto Garza Quiñónez,ernesto3187128@viajes.cl,kj1MLFmr88WpdT,ernesto5138527,+56 2 2407 3129,-10510581,9,
Luisa Valentín Peralta,Luisaperalta279@wass.com,,luisa7159691,+56 9 3227 6861,21237141,6,2220
María Teresa Oquendo Marroquín,Maríamarroquín192@viajes.cl,RveY9FumnsYA,Maríamarroquín506,+56 9 8820 8697,3836710,2,
Sr. Tomás Benavides Alonzo,srtobeal705@outluc.com,DR359sIx6X,Sr.alonzo975,+56 2 4489 9251,14691416,0,-8484
Francisca Lerma Montalvo,Franciscamontalvo506@viajes.cl,j4sjv3MFdbsikrS9,Franciscamontalvo339,+56 9 9795 7132,7378599,5,
Rosalia Farías Mireles,,Lh0oFbVBt,rofami908,+56 9 9361 7834,15796857,2,0
Jacobo Romo Tamayo,jacobo2952233@viajes.cl,MYMYzkUn33,Jacobotamayo575,+56 2 1658 9677,24247116,4,
Fernando Santillán Banda,Fernandobanda559@wass.com,QdN8Q729jXY,,+56 9 5737 5266,18039542,3,0
Elisa Garica Robles,Elisarobles267@viajes.cl,EPAax10SsE0,elisa3984552,+56 2 7891 8948,4627905,0,
Lorena Domínquez Pelayo,lodope981@viajes.cl,kcLDXa7T,Lorenapelayo947,+56 2 7305 0161,8958533,3,
Clemente Lira Ibarra,clliib153@viajes.cl,d6Ol6o84NSWJIzf,clliib492,+56 9 1411 9775,28671282,7,
Irene Sierra Contreras,irsico133@viajes.cl,m0xw9CzV7,irsico563,+56 2 8003 1219,18019529,7,
Cristina Suárez Cardona,cristina9421356@viajes.cl,DZwrI4dwiuNef,cristina7863451,+56 9 1359 1803,5662458,9,
Alberto Ramón Barela,alraba458@viajes.cl,m3SptakFVd04tC,alberto9795504,+56 2 7401 1354,9590659,1,
Germán Valles Calderón,germán728890@viajesanma.com,aIk9D84Zxp0G2wS,germán1505646,+56 9 4230 6932,,,4889
Benito Ballesteros Alcántar,bebaal136@viajes.cl,eixSY820CCU,,+56 2 4167 5665,7328209,8,
Roberto Aparicio Alonso,Robertoalonso990@edubus.cal,zbR3kK6u,,+56 9 5121 1250,22559212,8,13911
Gabriel Ramos Batista,garaba815@edubus.cal,eV7G8Y9O9I1zFRGI,gabriel6386605,+56 2 6097 7897,,,3170
Carla Partida Romo,caparo751@tourket.com,SfKLM1YsN,carla1005123,+56 9 2582 2085,,,2304
Inés Luna Noriega,inés1671557@viajes.cl,Kb8RbsutEWsj2,inluno692,+56 2 0165 5810,20286532,1,
Concepción Montero Rodríguez,concepción1161816@viajes.cl,8y6iI5nTUKUSmhQJ,Concepciónrodríguez524,+56 9 1478 7760,26933390,1,
Josefina Linares Contreras,,G3UmkBKD,,+56 9 0947 7718,15898251,K,0
Marco Antonio Cabán Regalado,maancare777@viajes.cl,5Y4Pvl6f,marco6865558,+56 9 6862 8089,29652167,1,
Martín Haro Montemayor,Martínmontemayor557@tourket.com,,,+56 9 0584 6537,2696088,6,4695
Javier Padrón Santacruz,japasa758@viajes.cl,2kEaLIU3t,Javiersantacruz867,+56 9 5510 9258,8496927,3,
Marisol Barajas Delagarza,marisol5505335@viajes.cl,ny2X4ZrKIcevbxob,marisol8851135,+56 9 4025 4949,17858542,8,
Horacio Ochoa Zúñiga,Horaciozúñiga110@edubus.cal,fVz1eIesXk,Horaciozúñiga429,+56 9 2292 7008,18862124,4,-5333
Andrea Colunga Leal,ancole362@viajesanma.com,5SVxM8vNKP2,andrea5621947,+56 2 3984 3529,23402869,3,
Mario Madrigal Zamora,mario9200187@viajes.cl,WZasHtk5YcFh2T,mario5757745,+56 2 1232 0248,11061215,K,
Mónica Maya Villa,mónica1582901@viajes.cl,dno6AXb3uTa3,Mónicavilla245,+56 9 0290 7245,11831029,2,
Magdalena Carrillo Cavazos,,,Magdalenacavazos509,+56 2 3763 6217,3181716,1,0
Pedro Chacón Olivárez,Pedroolivárez339@viajes.cl,SIbNsvXLV7Umn01B,Pedroolivárez694,+56 2 3385 6885,26106539,8,
Silvia Abrego Bravo,,,silvia7555509,+56 2 0744 3152,-17437313,2,9540
Cristina Alarcón Tijerina,Cristinatijerina877@viajes.cl,8Vs2gQDT,cristina3015496,+56 2 1051 5238,16880283,8,
Olivia Orozco Pagan,Oliviapagan786@wass.com,5OIS62Ja7cScska,olorpa425,+56 9 9820 4283,11574555,7,12201
Enrique Navarrete Olivas,Enriqueolivas867@edubus.cal,uDItWLhr4H9,,+56 9 8748 6352,25449254,K,7409
Sr. Óscar Colón Ozuna,,WyQHUoNl0iKVp,Sr.ozuna264,+56 2 9329 6992,27348257,1,
Marco Antonio Montalvo Haro,Marcoharo601@viajes.cl,3TJ0COom44LS,marco9580535,+56 9 2479 2068,13667578,8,
Sr. Sancho Collado Nava,srsacona119@viajes.cl,UOTy7aVm,sr.2170605,+56 2 3046 8016,1476670,7,
Pedro Castañeda Medrano,,uD61NFDSvf,pecame241,+56 2 0682 7059,14724569,6,
Ramiro Soto Madrigal,Ramiromadrigal438@viajes.cl,,rasoma357,+56 2 8732 4299,22776072,9,
,óscar7955474@viajes.cl,,óslómi578,+56 2 8835 4519,27349558,4,
Sta. Jerónimo Tirado Longoria,stjetilo156@viajes.cl,9DjfEmD2oJAF,stjetilo487,+56 9 3509 8480,19394301,2,
Jorge Luis Alcala Alaniz,jolualal605@viajes.cl,,jolualal332,+56 9 6893 6669,26700025,5,
José Eduardo Delatorre Castañeda,Josécastañeda430@viajes.cl,X5DYjB0ua2Bs,josé6340955,+56 9 3041 6162,20766403,0,
Adriana Centeno Niño,adriana1757297@wass.com,,Adriananiño491,+56 2 8947 7899,16675155,1,0
Sara Bañuelos Narváez,sara3200937@viajes.cl,RrJj0Ca03,Saranarváez258,+56 2 7762 9054,5065946,1,
Óscar Partida Tovar,óscar8305124@viajes.cl,4pno4UfMth0s,Óscartovar974,+56 9 8667 3462,-19740241,5,
Sancho Parra Ponce,Sanchoponce341@viajes.cl,p2bU3R6jRwpy,sancho300707,+56 2 9181 4698,23939078,1,
Alfonso Delgado Vanegas,Alfonsovanegas280@viajes.cl,fJUKp8FTHKUJ,Alfonsovanegas194,+56 9 1417 9162,27334003,3,
Sonia Arriaga Pineda,Soniapineda919@outluc.com,J8mitk5FikD4lCB,,+56 9 4123 1804,13170941,2,
Sra. Teresa Carrasco Ríos,sra.7925553@marmol.com,MVFgDaU67M,,+56 2 2979 0649,5940623,K,11367
Guadalupe Montañez Mena,Guadalupemena974@edubus.cal,9SfYqVgjDS,gumome837,+56 9 3828 4930,,,592
Miguel Ángel Olvera Hernandes,Miguelhernandes767@viajes.cl,y3cxBmxa,Miguelhernandes834,+56 9 3535 2390,,,
Lola de Anda Cervántez,Lolacervántez866@viajes.cl,WI8R86XMnf7hyZ,lodeance482,+56 2 4824 9594,16220878,0,
Sr. Rosa Tejeda Cerda,srrotece660@tourket.com,yDTw4q24PqS2xu,Sr.cerda178,+56 9 9347 6722,7024445,4,-4026
Nicolás Rincón Morales,Nicolásmorales493@viajes.cl,jgh064Vy,nicolás8420780,+56 2 7436 2651,5485538,9,
Sra. Jesús Perea Urbina,srjepeur438@viajes.cl,5p34rQ4XHk2m,srjepeur962,+56 9 7924 8301,27997326,7,
Ramiro Rendón Orozco,Ramiroorozco712@viajes.cl,o4AAhsbhL7apEzjS,rareor186,+56 2 4152 1768,29586686,1,
Elsa Lara Leal,elsa4211235@wass.com,EWcyV1IbRo,elsa1866953,+56 2 2591 8641,,,6752
Daniel Figueroa Collazo,,c0k7pqubWGnOE,dafico126,+56 9 7946 3781,20133152,8,4079
Rebeca Trujillo Partida,rebeca2742263@viajes.cl,L3ffUrXBX3,Rebecapartida444,+56 2 5646 6395,29115393,3,
Eduardo Cavazos Mondragón,Eduardomondragón246@viajesanma.com,SOz8gAPxuoxpKtAk,Eduardomondragón255,+56 9 9638 7650,19486045,5,
Joaquín Acevedo Trejo,Joaquíntrejo175@tourket.com,PMo2K29L9F,,+56 2 0033 2333,6018033,4,2502
Sra. Alberto Águilar Gálvez,sra.8766158@viajes.cl,djk1HJuf,Sra.gálvez989,+56 2 2418 0974,16568208,4,
Sergio Carvajal Barrientos,secaba790@outluc.com,0iwnaKsBKMMU9v,Sergiobarrientos661,+56 2 1564 3515,-24873095,1,-9952
Ramón Zavala Patiño,Ramónpatiño136@viajes.cl,BWlnhhjmWw07wP,,+56 2 5018 7724,-8583598,K,
,susana4946269@viajes.cl,BdW8yTdwUkRnj6B,Susanamontemayor214,+56 2 8039 0810,,,
Sra. Julia Salinas Carreón,Sra.carreón490@viajes.cl,lCVur1ld9,Sra.carreón788,,12071682,4,
Ana Luisa Delarosa Miranda,anludemi528@outluc.com,7V3gy2Nsg8,ana8148328,+56 2 4010 6073,21645856,7,
Sr. Guadalupe Peralta Ballesteros,srgupeba213@viajes.cl,4WYLm5If,srgupeba642,+56 2 9470 4587,11943612,5,
Patricia Cotto Huerta,Patriciahuerta665@viajes.cl,spmc89AO3T,Patriciahuerta248,+56 2 2152 1419,15040947,0,
Víctor Henríquez Villalpando,Víctorvillalpando416@viajes.cl,pCCZgk7Br,víhevi653,+56 2 0896 4778,23624108,4,
Hugo Garica Leyva,Hugoleyva186@viajes.cl,UJIllt9JEg6eCt8,hugo5885421,+56 9 3539 8749,21972166,8,
Clara Valdivia Corrales,,1OP49mGZKbuW,clara1374681,+56 2 9581 1900,303769,K,
Sra. Magdalena Irizarry Riojas,srmairri729@viajes.cl,7KWCh9Vuny,Sra.riojas381,+56 9 3646 0023,16220118,2,
María Elena Valverde Acosta,maría911594@viajes.cl,6Eb3owMS,Maríaacosta179,+56 2 6309 4031,26111687,1,
José Jaimes Tirado,jojati469@edubus.cal,1A7LiTWVxXr96v,josé6345685,+56 9 5161 8130,,,
Inés Leiva Ayala,,n4bt7kPMKamW4,inés3473793,+56 9 8675 1952,18705020,0,8133
Hugo Laboy Soria,Hugosoria320@outluc.com,ewQCRbXmdq3eZlY,,+56 9 0435 5254,15069917,7,
Marco Antonio Orta de Anda,maanordean108@viajes.cl,6HbcTg20fB,maanordean964,,29647573,4,
Manuela Olivera Toledo,Manuelatoledo658@tourket.com,VwYcFt9Odiubr,Manuelatoledo460,+56 2 3721 7345,17778333,1,-11441
Diana Rocha Serrato,diana2611597@viajes.cl,KDKxJ2l36,Dianaserrato851,+56 2 1974 8194,4338946,7,
Benito Hurtado Tapia,,vqVPKkpb5,behuta987,+56 9 3461 7335,15833304,K,0
Alejandra Medrano Ortiz,alejandra5219541@viajes.cl,7fqIVLRqI26Z8,almeor510,,23688611,5,
,frcuca596@viajes.cl,SmgZ8VNXncT5y84,Franciscacarrasco968,+56 9 5751 4339,3657164,0,
Victoria Montez Cruz,victoria4265946@viajes.cl,,,+56 2 6521 9863,22985248,5,
Horacio Alemán Espinal,horacio9560543@viajes.cl,AnNkjoE0L,,+56 9 3301 6322,-23462081,9,
Pedro Campos Córdova,pecacó921@viajes.cl,eSgkGhf3pRR4ufi,Pedrocórdova482,+56 2 4371 7855,2838033,K,
Gilberto Nájera Urías,,VdMnRWK9K84,gilberto1543266,+56 9 3751 1567,9172145,7,0
Mariano Badillo Barreto,mababa273@viajes.cl,k3ivqZcDCo,mariano927754,+56 2 1305 9186,13024293,6,
Raquel Baca Chacón,raquel519176@viajes.cl,hdfDMzNG1,rabach490,+56 9 5779 3603,22828254,5,
Sra. Manuela Cabán Lucero,srmacalu272@viajes.cl,1oluRQuC,Sra.lucero168,+56 2 8668 5707,,,
Timoteo Barela Apodaca,timoteo6321362@viajes.cl,g2sJpgpK9S7x,,+56 9 2538 5826,25735306,0,
Sr. Hernán Ponce Padilla,sr.8593595@viajesanma.com,Os9omLUNRh2T,sr.6641884,+56 9 5045 9979,24166236,5,7287
Gabriela Alonso Valle,Gabrielavalle883@marmol.com,,,+56 2 9770 7423,-7854417,1,0
Nicolás García Ibarra,nicolás9882982@viajes.cl,5hl2dNHkr8o4,nigaib700,+56 9 5484 4749,28380195,0,
Eva Serrano Escalante,evsees400@viajes.cl,y0m18ckGw,Evaescalante248,+56 2 4291 3890,12195394,3,
Susana Santacruz Ballesteros,Susanaballesteros230@edubus.cal,OpR6RFmT2kI3icH,,+56 9 8743 1516,13801884,9,0
Isabela Cortés Caldera,isabela9934830@viajes.cl,Egl4amEr3ro2nJZc,isabela9771840,+56 9 4131 7623,27142846,4,
Yolanda Cardona Bermúdez,yolanda8323644@viajesanma.com,Htf31J16LEtsl1OV,yocabe410,+56 9 1970 1680,27119583,4,
Juan Partida Bernal,jupabe305@viajes.cl,9QqDe2ps5Jvt,Juanbernal384,+56 9 2711 9021,18802698,2,
Blanca Batista Benítez,Blancabenítez623@tourket.com,nURHx2PPHsQJAUK,blanca7353499,+56 2 2419 6199,12414175,3,
Lola Gallegos Valenzuela,lola905232@viajes.cl,ssbPYUOxf0y,lola514874,+56 9 0382 8047,24758165,0,
Carmen Ulloa Benítez,caulbe408@viajes.cl,ONO1lgiG4,carmen9878497,+56 2 2524 5001,14702482,7,
Federico Montañez Vanegas,femova106@viajes.cl,3HLgj4OENirX,Federicovanegas335,+56 2 1423 8985,28226350,5,
Marilu Ordóñez Valdez,Mariluvaldez369@viajes.cl,cDi2I3Qzi44Ng,Mariluvaldez192,+56 9 8882 1589,5036088,1,
Ricardo Tirado Rosas,,z1fKssEs45,ritiro614,+56 2 5462 4703,19064468,5,7007
,joquna220@viajes.cl,Ig1uDJPekdo8ovr,joquna118,,21376369,5,
Sr. María Soledad Quintero Solís,Sr.solís190@wass.com,w2wmzGOuLqGw7ET,,+56 2 5032 9320,21547490,9,0
Martín Jáquez Roybal,majáro736@viajes.cl,f4ArrOHEh5RExhq,Martínroybal593,+56 2 0512 8021,-2063994,6,
Octavio Solorio Razo,Octaviorazo396@viajes.cl,NAGUtDfR4J8A,Octaviorazo884,+56 9 9412 5097,26075506,4,
Ignacio Robles López,,FtP17v7F4,ignacio7633231,+56 9 5408 5425,755100,2,
Sr. Joaquín Negrete Esquibel,sr.6145544@tourket.com,tKUWBsyuz2,Sr.esquibel943,,12038932,7,-906
Marcela Limón León,,1tq8UO2Bl,Marcelaleón917,+56 9 6389 1908,21378253,3,1174
Julio Pulido Maya,jupuma342@viajes.cl,1W0C2DtFeq4g,jupuma638,+56 9 1030 2355,23628352,6,
Mateo Moya Farías,Mateofarías500@viajes.cl,0bbulWJ90,Mateofarías794,+56 9 4118 7946,27428175,8,
Sr. Sancho Monroy Palacios,srsamopa787@viajes.cl,CnQOPht937vZ,sr.6568491,+56 2 5521 5424,25311595,5,
Sta. Óscar Pagan Abeyta,stóspaab867@viajes.cl,MjM3NXuQqLz2bqOf,stóspaab195,+56 9 4202 9627,16569959,9,
Federico Urías Ybarra,,3Be8qtEoQvBKTV,Federicoybarra723,+56 2 9745 0314,9571193,6,7078
Sr. Mariana Águilar Valle,srmaágva989@viajes.cl,6O3tZtIweWxhKq1,sr.3309677,+56 9 3863 0489,2792912,5,
,junolu567@viajes.cl,C47kiIoK,junolu651,,13029087,6,
,Sta.jurado990@viajes.cl,AokGk0HZGEWyQ6f,Sta.jurado515,+56 2 4310 4171,26835656,8,
,srvigave561@edubus.cal,xM4iqIrUr,sra.5403533,+56 2 4958 0219,13959062,7,
María Luisa Rosado Matías,maría4511762@viajes.cl,I3Fm9eBY,maluroma640,+56 9 1692 3366,27189809,6,
Luis Alfaro Rodríquez,,STGbPfIt74dv,lualro551,+56 2 4912 7191,21380310,7,
Sra. Rodrigo Loera Toledo,Sra.toledo641@viajes.cl,x3E8YhrrBgF9,Sra.toledo192,+56 9 2728 1502,5946723,9,
Rosario Berríos Bermúdez,rosario4856527@viajes.cl,0YkUiQb9,Rosariobermúdez267,+56 9 4814 7422,8670862,0,
,Estelareyna597@viajes.cl,BDk5eryXflBds4iF,Estelareyna751,+56 9 2551 0223,14948725,5,
Martín Padilla Escamilla,Martínescamilla586@outluc.com,2vEQboIlv0V,Martínescamilla329,+56 9 8615 2229,19091886,6,
Benito Chacón Jiménez,bechji844@viajes.cl,3Lc2l8sL9tw3Bec,,+56 2 2719 2581,7095188,6,
Jaime Pabón Mena,japame454@viajes.cl,C3C5ksgU,Jaimemena427,,21045080,7,
Sta. Leticia Orosco Villagómez,sta.5706868@viajes.cl,r8ocjxDuww,sta.8813292,+56 2 8690 5979,,,
Carmen Corrales Maya,cacoma845@viajesanma.com,pcTP8LMgzS,cacoma294,+56 9 5870 0602,27404156,0,-1356
Sta. Ana Burgos Salas,stanbusa280@viajes.cl,F276DMQdYop,sta.3863612,+56 2 8884 1589,9907959,2,
Sta. Lola Fajardo Bañuelos,Sta.bañuelos977@viajes.cl,MJFl7hjh01eQW4,Sta.bañuelos701,+56 2 8279 4445,25793995,2,
Amalia Delgado Valdivia,amdeva290@viajes.cl,R0jIZBaE02dN0e,Amaliavaldivia493,+56 2 4860 4296,22383054,4,
María Teresa Alanis Domínguez,Maríadomínguez453@viajes.cl,6eC2OlBZDc,Maríadomínguez375,+56 9 5406 8759,23827756,6,
Sr. Manuel Quiñónez Montemayor,sr.7926462@marmol.com,u2WmTrpp236q12h,Sr.montemayor571,+56 2 2931 6103,1446598,7,-11720
Amalia Alaniz Zelaya,amalia8748810@viajes.cl,aP07a1hy2rkTM,amalia4786348,+56 2 4420 9506,10085267,5,
Cecilia Zapata Ybarra,Ceciliaybarra953@wass.com,yQaZV3yte,,+56 2 7899 9930,8589480,3,0
,,5lRk03GUvHURo5,liatco286,+56 9 7547 7640,20865163,3,8630
Sra. Ana Zelaya Valles,sranzeva503@viajesanma.com,sNW66bJc8F,sra.4385135,+56 2 5601 4713,22821630,5,
Teresa Aponte de Anda,Teresaanda894@marmol.com,H2p2yeFw2ckYq7,teapdean987,+56 9 1341 0979,25815209,3,
Soledad Venegas Brito,,tk4aSgC5zIT,Soledadbrito427,,-29983194,9,0
Octavio Casárez Espino,octavio7758559@viajes.cl,iTAm2aZmu3v,Octavioespino202,+56 9 6491 5336,,,
Manuel Cantú Gallardo,manuel5946867@tourket.com,Fa9goPKwOtj,Manuelgallardo245,+56 9 9194 6919,14824275,5,-25048
,Sta.dávila345@viajes.cl,onHyYBc6hZ,sta.3103173,+56 2 9525 8217,4638022,3,
Federico Macías Arreola,Federicoarreola639@wass.com,PFRs0oE3js,Federicoarreola369,+56 9 6358 3840,6719279,6,
Sra. Yolanda Llamas Navarrete,Sra.navarrete287@tourket.com,QqbzvN6dtoKnt4F0,Sra.navarrete978,+56 9 1402 4125,10655851,5,-774
,homero3693182@edubus.cal,F9yJM1EeXtsaH,,+56 9 8213 3554,13638219,5,5714
Emilio Oquendo Olvera,emilio6756264@viajes.cl,q69CvPpmD0P,Emilioolvera873,+56 9 7533 2606,15791723,4,
Carlos Manzanares Díaz,carlos3895464@tourket.com,BUM91WKiTyosoznt,camadí149,+56 9 2556 7807,,,13135
Octavio Morales Delafuente,Octaviodelafuente305@viajes.cl,3rMfBQOjnc,ocmode184,,286295,6,
Gilberto Toledo Velásquez,,tRWbsWYA3qtDRi,gilberto7761930,+56 9 8884 0369,-27790960,K,
Jaime Arevalo Coronado,jaime4919793@viajes.cl,rjmV85XX,jaime184690,+56 9 9478 6711,-28247365,8,
Teodoro Téllez Solorzano,teodoro2026565@viajes.cl,bs1S2rEkhSd6Okib,teodoro5788228,+56 2 6294 9182,-1333690,3,
Gabriel Pineda Alcántar,gabriel3697357@edubus.cal,zX7xP2UgDJWt8u,gapial509,+56 2 3143 1211,14733132,0,
Micaela Navarro Almaraz,micaela196704@outluc.com,uYPdFZaW41,Micaelaalmaraz923,+56 9 5398 6971,19645209,5,
Diana Delafuente Delatorre,,goIgmV61G0DGy,diana8296765,+56 2 1505 8886,27551557,4,0
Antonio Pulido Blanco,anpubl651@viajes.cl,npQX7z6Z,anpubl575,+56 2 7125 2144,-17440953,6,
Sra. Jorge Luis León de Jesús,srjoluledeje909@viajes.cl,Qt3DWaA0gxPU3ld,srjoluledeje840,+56 2 4344 8525,22759011,4,
Jacobo Carrion Salgado,jacasa432@viajes.cl,xta8kBP7K,,+56 9 5909 4805,-20646622,7,
Rubén Mascareñas Maldonado,Rubénmaldonado188@wass.com,tgA0T0hvv,rumama856,+56 2 0646 5616,-13180048,7,0
Rosa Raya Balderas,Rosabalderas919@tourket.com,1Nnckzz9NorE,Rosabalderas585,,9591805,0,754
Mariana Valle Ortiz,,sxyKTOp5ZLJkl,mariana3548734,+56 2 6301 7576,7294907,2,
César Manzanares Carranza,Césarcarranza981@viajes.cl,shcLTekfZcCUP8k,Césarcarranza689,+56 9 8174 2591,6423332,7,
Sta. Francisco Ledesma Galindo,stfrlega769@viajes.cl,qY72M3ua,sta.5931727,+56 9 8370 0870,12377437,K,
Berta Casanova Valdivia,berta7166514@outluc.com,UW5vu2Or6JmI5,becava437,+56 9 1689 6110,,,1134
Miguel Prieto Galván,miguel1934865@outluc.com,mFajT1FjS3fje6d6,miprga835,+56 2 3443 2959,1668356,6,
Alfredo Ferrer Quintero,alfequ786@wass.com,AyhVNLM4PoL,Alfredoquintero841,,9830977,2,
Antonio Escobar Caballero,anesca757@outluc.com,7A0WJshOTGKpROhV,anesca811,+56 9 6711 8213,11906033,8,-4888
Ernesto Pizarro Cerda,Ernestocerda293@viajes.cl,,Ernestocerda554,+56 9 9922 7578,3349221,9,
Sra. Eloisa Casas Reynoso,srelcare600@wass.com,5R5VLzue,,+56 2 4349 8801,8462862,K,7578
Sofia Figueroa Cervantes,sofice903@outluc.com,X596huAb03,,+56 9 4246 6427,2279242,3,10036
Guadalupe Rodarte Reyna,gurore913@viajes.cl,EHmLm6rP5u20eci,gurore734,+56 2 2148 1834,3050813,0,
Elena Delgado Navarro,Elenanavarro542@outluc.com,0z4gbtbP1NddKk,,+56 2 8309 8380,12853942,5,2520
Jaime Suárez Amador,jasuam868@tourket.com,c2V3QduyE3YLv,jasuam708,+56 9 7168 1707,,,0
Cristina Duarte Valentín,crduva775@viajes.cl,PLNC2bOkB1Pi,,+56 9 5924 8753,,,
Natalia Calvillo Cano,nacaca348@viajes.cl,wwJCdIz3,Nataliacano451,+56 9 0250 7959,26431441,0,
Carla Olivo Juárez,Carlajuárez974@outluc.com,xN6vz3F4,,+56 2 5338 6593,8908639,6,0
Blanca Batista Puente,Blancapuente777@marmol.com,3jkWYXYFdS,,+56 9 2326 9022,24504826,2,
Graciela Rodrígez Guajardo,graciela4241218@viajes.cl,wZ8BsK6Ck,graciela2611628,+56 9 5283 3916,26088321,6,
Raúl Gollum Flórez,Raúlflórez919@edubus.cal,gwkOw337JNejUqC,,+56 2 3603 7113,26069285,2,2149
Sra. Rubén Balderas Cantú,Sra.cantú510@edubus.cal,V3afXX8jc,,+56 2 5552 8118,3322428,1,14608
María José Correa Saldivar,Maríasaldivar717@viajes.cl,de6ES4oAZfTKJiUv,Maríasaldivar113,+56 9 0044 3929,16833494,K,
Natalia Haro Peralta,nahape767@viajes.cl,HJqziOG7,natalia910581,+56 2 5547 8150,5194357,0,
Clemente Mondragón Gollum,clmogo373@marmol.com,rOCHgwDn7whW6xx,Clementegollum921,+56 2 5399 3011,,,1825
,sta.4768264@viajes.cl,eYtYKK8jHa,Sta.marrero868,+56 2 9574 2328,20916615,1,
Sta. Rebeca Villaseñor Soliz,streviso334@viajes.cl,u31J6rGNEawPXB1k,,+56 2 4019 4664,18739123,7,
Homero López Colunga,Homerocolunga322@viajes.cl,pEvsD3Kp9MiJJ8I,Homerocolunga985,+56 9 1531 5398,22733147,K,
Jorge Araña Lozano,,UG7mn1C5P,Jorgelozano498,+56 2 7529 7341,-25886934,6,0
Ricardo Tórrez Alva,Ricardoalva341@tourket.com,,ricardo6731529,+56 2 0599 8788,22557794,3,
Clara Becerra Ávalos,clbeáv539@viajes.cl,,clara9683419,,25352565,7,
Sra. Leonor Rael Deleón,Sra.deleón890@viajes.cl,XV0duxN4KsXeHTu,Sra.deleón704,+56 9 2036 7602,4685709,7,
Sta. Marilu Valles Espinosa,,H8rv1OdKlrM,stmavaes909,+56 2 5252 2862,28429309,6,918
Rocio Niño Osorio,Rocioosorio807@viajes.cl,Lzf5P67L,,,26987447,3,
Clara Terrazas Urbina,clteur278@viajes.cl,3WkOup1195y,clteur660,+56 2 2732 5259,11322279,4,
Cristobal Armenta Aponte,Cristobalaponte610@viajes.cl,61AOXqFaMW,cristobal7077217,+56 2 0670 8676,15074640,K,
,mónica5703787@viajes.cl,oy2nveqTFKkOKmw,,+56 2 8555 4995,17803526,6,
Sta. Maricarmen Arroyo Santillán,stmaarsa493@viajes.cl,HJc4ZPdEX8X,stmaarsa402,+56 2 2044 3013,6045852,9,
Emilia Amaya Echevarría,emamec499@wass.com,dsoWKLV4V9K24ZQ,Emiliaechevarría876,+56 9 2603 1042,,,9636
Sra. Mariana Jaime Rosado,Sra.rosado549@viajes.cl,v8a3U1XIgttDxka,Sra.rosado858,+56 2 1251 9820,14919283,2,
Marisol Gómez Rojo,marisol4441568@edubus.cal,XNbB5o09Jh4IQYo,magóro698,+56 9 8312 0311,18278583,0,0
Sancho Ocasio Correa,,8eLbrrJV5MwhP,saocco263,+56 9 6690 0775,-15360851,2,
Patricia Malave Delagarza,pamade476@viajes.cl,cnfOT3z1h2WnM,Patriciadelagarza198,+56 2 7643 8383,6185095,3,
Rubén Santana Suárez,,iRgkAWQ3RZ39nB1,rusasu995,+56 2 3792 0220,1681685,K,0
Eva Lugo Vergara,eva6751759@viajes.cl,bsXqQmnb1O8,evluve863,+56 2 4407 6405,22717060,3,
Jesús Galindo Galindo,Jesúsgalindo553@viajes.cl,j7WQ1f7PKN,jesús2329280,+56 2 3045 5152,28262508,3,
Federico Valladares Aragón,federico2279196@viajes.cl,WlUzL92gR8u,fevaar353,+56 9 3255 4728,9894274,2,
Mateo Cortez Enríquez,Mateoenríquez341@tourket.com,HeT8pBtrFi3py1H,macoen727,+56 9 9664 6561,14148680,2,-8596
Jorge Luis Valdez Lara,joluvala897@viajes.cl,,Jorgelara526,+56 9 0277 0858,7518028,4,
Claudia Alanis Hinojosa,claudia5533616@edubus.cal,PtezDQThI0i,clalhi403,+56 2 2565 1305,19168010,3,
Clara Alejandro Zarate,,BDKYdOEv5rkTsAhJ,clalza170,+56 2 3980 5436,9755227,4,
Guillermina Verduzco Avilés,guveav526@viajes.cl,tzj6ZQSvYbpPDA,Guillerminaavilés544,+56 9 6680 1978,28158072,8,
Raúl Villalobos Medrano,ravime379@viajes.cl,mbwF4z1BK5O7k,raúl8556825,+56 9 7222 8288,28362366,1,
Florencia Acosta Tamayo,Florenciatamayo112@edubus.cal,dTiUeLEmGlgn3,flacta855,+56 9 7795 2299,11143928,1,-673
Armando Mena Delapaz,armede997@viajes.cl,HmzSGtx8Xzm,armando739364,+56 2 2243 3785,12243083,9,
Elsa Lerma Alanis,elsa2245643@viajes.cl,8KdURYr5,,+56 9 4452 7884,16742930,0,
Manuel Maldonado Amador,manuel8069557@viajes.cl,yD7Wtg8d1yx92K,Manuelamador279,+56 9 9673 9924,15086756,8,
Dorotea Muñiz Saiz,dorotea9511864@marmol.com,EtiQpc8x4vtI45z,domusa652,+56 2 1291 9859,,,-29255
Emilio Huerta Correa,emhuco747@viajesanma.com,2iUOh3TRrH,emilio9494349,+56 2 4979 5565,24251117,4,
José Emilio Carrero Olmos,josé7260933@wass.com,HATlYMOQb0,josé1142232,+56 9 4299 6029,,,4835
Mario Acevedo Gastélum,Mariogastélum767@tourket.com,vSggNiiVaf4,Mariogastélum198,+56 9 3366 6511,10929921,9,-14871
,mario8248936@viajesanma.com,OO2dYGyBuXA,mavava467,+56 9 0425 3336,7819354,9,-2614
Sr. Adela Garrido Montaño,sradgamo870@viajes.cl,m2mweDUtw7wgyqU,Sr.montaño822,+56 9 3620 7749,28196464,K,
Julia Osorio Concepción,Juliaconcepción939@wass.com,hBKVUPhoKBt3,Juliaconcepción710,+56 2 5149 0315,13743803,8,6878
Fernando Peña Véliz,fepevé687@outluc.com,HpsOv7niS6n,fernando5521549,+56 2 7541 6869,,,3774
Joaquín Quintero Villalpando,joaquín6801476@tourket.com,LynnWp8N97NBx,,+56 9 3183 7862,2732091,0,15439
Víctor Holguín Quiñónez,Víctorquiñónez747@outluc.com,,,+56 9 1386 0945,,,5040
Esteban Zepeda Camarillo,eszeca999@viajes.cl,KthRkuLYXeR90,eszeca737,+56 9 7187 0875,5451065,9,
Sra. Samuel Griego Escamilla,sra.3720171@viajesanma.com,8Ggwhd4I3xwnhv,,+56 9 5897 5093,11263328,6,7612
,reina6722345@outluc.com,QTc0D6ZVkmIAQwvm,,+56 2 2980 0105,28444660,7,
Armando Godínez Carranza,Armandocarranza316@viajes.cl,LqUJ72hP,argoca544,+56 9 1406 6901,29135685,0,
Ernesto Loera Aparicio,erloap688@viajes.cl,D2eK4pjl,erloap301,+56 9 4833 3833,13301557,4,
Óscar Heredia Lozano,,mJA2UeqLezeOd0c,óscar9618368,+56 9 5611 3269,-13604144,4,7770
Santiago Pizarro Olivas,santiago9579341@viajes.cl,wCRFTeNCjyjR1C70,santiago7507522,+56 2 3079 6986,12082604,2,
,lumirira887@viajes.cl,,Luisrael753,+56 2 1671 7320,4208459,K,
,rimech251@viajes.cl,,rimech829,+56 2 4382 7809,11357252,3,
Sr. María Teresa Longoria Delvalle,sr.7125611@wass.com,3no4uSj6xBS,,+56 2 4859 1109,28182272,1,805
Martín Delrío Patiño,madepa387@marmol.com,,Martínpatiño856,+56 9 0333 5879,-10001981,7,0
Nicolás Romo Sauceda,Nicolássauceda686@viajes.cl,bqJ9tyLNcAxRk0c,nicolás6035250,+56 9 0953 8946,12482627,6,
Teodoro Calvillo Zaragoza,tecaza414@viajesanma.com,8SMO69dD,tecaza708,+56 9 5340 7438,4220584,2,
Sr. Francisco Elizondo Barrios,Sr.barrios319@viajes.cl,qn51lNYzT9wV,sr.3209377,+56 2 8880 9023,17413463,4,
,alyábu227@tourket.com,rzdH3okL9eZcJ,alyábu673,+56 9 7564 9770,1617128,K,
Sra. Gustavo Bahena Quintanilla,Sra.quintanilla493@viajesanma.com,BY4mjjTh,srgubaqu265,+56 2 7174 5333,1796407,0,
Teresa Vergara Lomeli,teresa3771949@marmol.com,CM8toiKGGJ3,Teresalomeli824,+56 9 6246 1683,,,0
Sr. Elisa Parra Barreto,Sr.barreto199@viajes.cl,f0R8BilV,srelpaba933,+56 2 1877 1348,28141355,4,
,,sWJrdAnEpWBKHx3x,intrpa165,+56 2 8786 7565,27328207,6,15773
Sancho Ulibarri Ortega,sancho5720769@viajes.cl,8X6TZlVJSG4TV,sancho6065130,+56 9 8476 6797,15904276,6,
Mario Quesada Paz,maqupa704@viajes.cl,LCzRKnZXfewl1zBA,Mariopaz919,+56 9 4329 8512,20163163,7,
Maricarmen Zamudio Yáñez,maricarmen9657233@viajes.cl,S7noK7Xjk,Maricarmenyáñez983,+56 9 2112 0173,17240218,6,
Rosario Rodrígez Cardenas,,PLg1DN9iU,rosario1379769,+56 2 5761 0214,11110177,9,
María Elena Peres Herrera,maelpehe495@viajes.cl,Pihxt7GUYs,maría8195554,+56 2 8589 5724,20321874,5,
Alfonso Armijo Alfaro,alfonso8523896@viajes.cl,j7PEuDqt76uIJ,alfonso6576133,+56 9 8475 6530,14334289,1,
Verónica Gálvez Armas,vegáar532@viajes.cl,jMVPeIEm04VgH,verónica4656781,+56 2 1643 6362,24768377,1,
Sra. Julia Mesa Paz,sra.4566193@viajes.cl,lUAjJZ5XdXy,srjumepa787,+56 2 3190 1885,8761472,7,
Javier Quiroz López,javier5533113@viajes.cl,56kSnH2w,javier2524118,+56 9 7076 5992,17683219,3,
Caridad Nieto Amaya,caridad9546524@viajesanma.com,bOuaEe4pXkJx7fh,,+56 9 6224 8076,18206027,5,9040
Guadalupe Espinoza Longoria,,J0bBN7EGkUc,gueslo392,+56 9 7901 4024,11232472,0,0
Anita Orta Rodarte,,MG6SUxJ2,anorro274,+56 2 7337 6248,21198863,0,
Sra. Federico Gaona Raya,srfegara834@viajes.cl,p2mnIYrFcHcE,Sra.raya752,+56 9 9035 2218,25012568,2,
Soledad Núñez Ceja,,3W5YA0OBNz,sonúce790,+56 9 8943 7152,12701198,2,5803
Ramón Ramírez Meza,,nRE5xoVSRkqJOt2,ramón8948924,+56 9 5194 5597,9107708,6,9161
Sra. Sofia Llamas Ávalos,srsolláv959@viajes.cl,eIj2iY92lwviE,srsolláv418,+56 9 6600 2989,3870131,2,
Alejandro Alejandro Muro,alejandro1114795@viajesanma.com,Kp4N7tz2vHVIA,alalmu678,+56 9 6779 5083,8396408,1,
Fernando Toro Delao,Fernandodelao340@viajes.cl,,Fernandodelao468,+56 2 5123 6034,20442674,0,
Blanca Pérez Acevedo,Blancaacevedo582@tourket.com,VJUOdvPNE5vg1p,blpéac945,+56 2 7172 0835,8471014,8,-16766
,emilio2530805@viajesanma.com,9dJygijVE2,emcual759,+56 9 0182 7230,9234880,6,0
Carlos Arenas Barrientos,Carlosbarrientos319@outluc.com,Ztni90e0,,+56 9 7131 9834,26161802,8,1420
,cégudí854@wass.com,Mrxoy0728nOWeK,cégudí996,+56 9 6979 3504,27656744,6,-5070
Cristobal Irizarry Figueroa,cristobal780844@viajes.cl,S7NoUAB5c,cristobal4144527,+56 9 0698 5580,26442094,6,
Silvia Niño Galván,Silviagalván671@viajes.cl,wOQBLi9ci3jnNA,,+56 9 6643 8729,10873782,4,
Sr. Emilio Lemus Olvera,sremleol343@viajes.cl,Nxn545mNPwxBVH,sremleol777,+56 9 4367 0674,10359239,9,
Sta. Beatriz Lara Lucero,Sta.lucero377@viajes.cl,0pHKTXyp8gJb8Mv,stbelalu544,+56 2 6213 2284,22939368,5,
Rocio Ponce Anguiano,Rocioanguiano798@viajes.cl,vj0Rpk5tN,rocio6423647,+56 2 1109 5946,8812294,1,
Lucas Carrasquillo Trejo,Lucastrejo703@viajes.cl,1IkylupPN2YACj,Lucastrejo787,+56 2 8457 3764,23904497,2,
Santiago Balderas Acevedo,sabaac307@viajes.cl,EhZ7He5yxr1Ec1Kw,santiago8597182,+56 2 3035 1121,,,
Magdalena Muro Ureña,magdalena8938940@viajes.cl,89jjgCpLLs,mamuur352,+56 2 3086 6537,16882624,9,
Sr. Vicente Olivárez Guevara,,VN57XO06Eqp4,srviolgu649,+56 2 1656 8473,26718362,7,12495
Irene Sisneros Alvarado,,,irsial863,,1295274,0,0
Ana Archuleta Fuentes,ana1890804@viajes.cl,GggjrC3m07,anarfu695,+56 2 1517 5811,5627756,0,
Nicolás Arenas Porras,,VFGFS4oh34T,nicolás9015820,+56 9 4308 7775,7428423,K,
Marisol Cortez Monroy,Marisolmonroy204@viajes.cl,7fkWd8ZFSP,Marisolmonroy711,,23658380,5,
,stjopoal797@viajes.cl,0neP3gdNPVKhp,Sta.alarcón421,+56 9 0860 1645,2910968,0,
Sancho Valladares Véliz,sancho8224934@viajes.cl,MJ1oC5PBsJYKkG0,savavé187,+56 9 6692 2562,8383824,8,
Ramiro Casares Caldera,,2gE0iYxqV,Ramirocaldera140,+56 2 1614 6136,20700281,K,12960
Rebeca Ponce Palomo,Rebecapalomo261@viajes.cl,YwBf4ZVYJqYF8Xa0,rebeca2079286,+56 9 4709 4747,3756604,7,
Sr. Ester Verduzco Bravo,,y8Ua4RDIhgIvn4Q,Sr.bravo581,+56 9 6551 5444,10624168,6,0
Sta. Alfonso Loya Ramón,Sta.ramón778@viajesanma.com,,,+56 9 9059 2076,26713701,3,8181
Luis Ponce Portillo,Luisportillo880@marmol.com,f5STx9zx,lupopo861,+56 9 2461 5796,29734443,9,
Santiago Treviño Solorzano,Santiagosolorzano537@viajes.cl,60lnsdISNo1l3qgV,Santiagosolorzano281,+56 9 6451 9414,23597735,4,
,,V4niKQtzCvj2,Víctorsalcido861,+56 2 7192 7491,6049816,4,3358
Cecilia Muñiz Menchaca,Ceciliamenchaca876@marmol.com,gTuw6pa3g5,,+56 9 6847 2073,28808397,5,291
Rodrigo Caraballo Abreu,,Q1J1zLmwTCjwS1R,Rodrigoabreu695,+56 9 0590 0023,12431642,1,0
Sta. José Luis Soria Perea,Sta.perea521@tourket.com,yc5blCGD,stjolusope412,+56 9 0271 3514,12534196,9,
Olivia Fajardo Crespo,olivia4165777@edubus.cal,87jeHJ9vfhvNfF,olfacr300,+56 9 5179 9298,18000610,9,
Sta. Marcela Castro Cotto,Sta.cotto607@viajes.cl,N4Cb6CVTaN,Sta.cotto709,+56 2 1681 7668,15070000,0,
Elena Parra Serrato,elpase849@viajesanma.com,WOfU2JuvTA20uFdx,elena2742590,+56 2 0116 9491,1603343,K,-9231
Isabela Calvillo Mojica,iscamo240@viajes.cl,,Isabelamojica296,+56 9 5523 2412,3860569,0,
Sta. Margarita Zelaya Delrío,sta.1998150@edubus.cal,OWGz1sqTCAub1fRH,sta.7613654,+56 9 0821 6688,,,6559
Miguel Carranza Guerra,miguel8805934@viajesanma.com,t4nQNl4AFK,,+56 9 1359 0646,16596041,6,0
Sta. Graciela Espinosa Cardenas,Sta.cardenas262@viajesanma.com,0JGGj4LUtD5,,+56 2 3717 8022,11999244,3,-37863
Gregorio Leal Delapaz,Gregoriodelapaz251@viajes.cl,xI1rUEiPh4IjM0s,grlede796,,12788212,6,
Gilberto Velásquez Valdivia,gilberto4249738@wass.com,W69kS3CeFnhmorP,gilberto2566180,,18021904,8,
Adán Bernal Bétancourt,adbebé714@viajes.cl,144VQdBcAZBj5,adán5284697,+56 9 6643 1989,10121462,1,
Sra. Mercedes Echevarría Olivárez,,O8w1qIdZbi,Sra.olivárez447,+56 9 7512 4760,25955604,K,
Rodrigo Arevalo Esparza,roares206@tourket.com,iJD44pwa5Pm0VL74,Rodrigoesparza197,+56 9 0169 8866,23476717,8,
Silvia Samaniego Becerra,Silviabecerra810@viajes.cl,xYQ1xPmIQ,silvia1339311,+56 9 5764 6400,,,
Andrea Briseño Trujillo,Andreatrujillo333@viajes.cl,vc4X0BM0T0,anbrtr409,+56 9 3529 5477,5804167,K,
Hernán Guerrero Cardona,heguca871@viajes.cl,2e9YIc3yRx0,hernán336721,,10856600,0,
Rocio Pérez Segovia,ropése963@tourket.com,gAqv6zP9vNf5,rocio2725849,+56 2 7733 3824,13814785,1,-7800
Raquel Benavídez Ojeda,rabeoj904@viajes.cl,b9kl7m8xVY9TTF,rabeoj871,+56 2 4151 7564,,,
Sta. Javier Villalobos Cazares,sta.9996445@viajes.cl,W7g6PJO6nK,Sta.cazares205,+56 2 7629 6721,19803245,K,
Pablo Cordero Perea,Pabloperea536@viajes.cl,jrbNBRUR1crPM,Pabloperea157,+56 9 8260 6050,25546794,8,
Patricio Rodarte Trejo,patricio9770249@outluc.com,q0OL8xpkPO7iGZ,,+56 2 3630 1843,8783648,7,0
Sta. Arturo Salcido Chacón,sta.5283346@viajes.cl,YUZ4puw51wnM,starsach763,+56 2 9240 3517,10834654,K,
Sra. Ester Heredia Girón,Sra.girón712@viajes.cl,aq6WrPcq,Sra.girón886,+56 2 1693 5031,25791460,7,
Sra. Timoteo Ochoa Gaona,,vxdUGbx7dxX,srtiocga466,+56 9 4072 7882,4426205,3,7871
Sofia Banda Jaimes,,5PSlKXOtPDZb,sobaja303,+56 2 2596 8066,21043578,6,10766
Jacobo Cornejo Vanegas,jacobo1662252@viajes.cl,FZeQ9szqya0LOaBP,jacova880,+56 9 9660 3368,5894501,3,
Rodrigo Jaime Nájera,rodrigo8215714@edubus.cal,qNjsht0tuM8,rodrigo8242806,+56 9 8811 4736,9464150,0,
,horoma820@marmol.com,nsUAdKLZ6u7Is,,+56 9 4431 6278,,,13982
María del Carmen Morales Delao,maría521400@edubus.cal,8XqKaEZ30SfIa,,+56 2 2968 7319,17718977,4,9934
Mayte Arroyo Ríos,Mayteríos812@tourket.com,z6u5AQH6SableBr,mayte2218447,+56 2 4552 5567,,,2223
José Eduardo Cuellar Rojo,Josérojo648@viajes.cl,Muh8WXKVq0Uae,Josérojo828,,,,
Silvia Zavala Lugo,silvia3738332@tourket.com,n7XL6ACQpn,,+56 2 6086 9936,8483864,0,8128
Sonia Sepúlveda Avilés,sonia3028381@viajes.cl,DX5qMMT1R7jo1,sonia1902349,+56 9 1762 1897,21583874,9,
Gabriela Rascón Ortega,Gabrielaortega155@outluc.com,B1XJt3eKkokMbY9C,gabriela9139147,+56 9 2068 8602,,,581
Sta. Mario Muñiz Borrego,,TRWXNeO21D9PJsm,Sta.borrego229,+56 9 6422 5207,5674035,K,
Elsa Sotelo Aparicio,elsa8655319@viajesanma.com,YYDZfR5K4zvT,,+56 2 4102 9057,21016524,K,3315
Marilu Toro Anguiano,matoan579@viajes.cl,XeGnX71RqgrL,marilu5590467,+56 2 5458 8997,-16091180,8,
,mabrlo491@edubus.cal,MTNlIlNeU42IMoW,mabrlo237,+56 9 5339 7137,,,3259
Sr. Ricardo Badillo Romo,srribaro313@viajes.cl,WwP5j7jZdi2v02,sr.8664721,+56 9 0865 8267,26391911,4,
Marisol Quintana Macías,maquma131@viajes.cl,O10IvUXo,maquma913,,,,
Anita Delvalle Ríos,Anitaríos329@tourket.com,TtApOJ84w9,Anitaríos515,+56 2 1047 7586,16246529,5,
Maricarmen Palacios Padrón,maricarmen6666109@outluc.com,,mapapa993,+56 9 3055 3935,23259078,5,0
Sta. Olivia Gallegos Anguiano,,Gk9QhUoCiY,sta.3871793,+56 9 4637 2844,22642349,4,3205
Sta. Conchita Ruiz Narváez,stcoruna141@viajes.cl,nKBFsT3o7jegv,sta.343779,+56 2 9413 6836,3797998,8,
Esperanza Orta Alcántar,,0siE9VVkFjq,esperanza1900654,+56 2 7103 1810,18456017,8,
Diana Núñez Barajas,diana2279787@edubus.cal,8eN618HeKCS9H8m,diana7011175,+56 2 9658 6729,11216515,0,0
Ana Zavala Matías,anzama631@viajes.cl,Lm0AjmjC,anzama101,+56 9 8068 6462,18236513,0,
Barbara Abeyta Padrón,baabpa755@viajes.cl,9Sr07NPj5,baabpa276,+56 2 1897 7308,28885693,1,
Barbara Leiva Paredes,barbara7709759@marmol.com,X87en8vHLBMs082b,,+56 9 6755 3808,13748890,6,11283
Mariana González Granado,mariana1997804@viajesanma.com,,,+56 9 5929 8802,18106308,4,1297
Sta. Isabela Suárez Velásquez,Sta.velásquez617@viajes.cl,ZKhMfUH66,stissuve403,+56 2 4006 2385,,,
Hernán Rubio Robledo,heruro602@viajes.cl,CPKZdu2MJHynqzax,heruro382,+56 2 5100 8118,27680116,3,
Lola Echevarría Castro,loecca129@viajes.cl,ALJRMn93HfD9gfrl,Lolacastro725,+56 9 1640 5755,18468673,2,
Gilberto Vallejo Lucero,gilberto650348@viajes.cl,VfoCpD69NTXq,gilberto9839632,+56 2 2089 0113,14722640,3,
Susana Casillas Cortez,sucaco156@viajesanma.com,3RIaAmuaF3b,,+56 9 0416 0751,4448148,0,16917
Ignacio Maestas Guajardo,igmagu380@viajes.cl,s71XhWIc9ctFE,igmagu338,+56 9 5615 0987,,,
Hernán Espino Viera,Hernánviera459@edubus.cal,,Hernánviera893,+56 9 6310 4405,10217875,0,11645
Manuel Gonzales Pulido,manuel678411@viajes.cl,ZlENout8GX,Manuelpulido398,,28534474,3,
Jorge Luis Domínquez Hernández,,1TdsnPm63MYg8sC3,Jorgehernández484,+56 2 7963 1983,3905940,1,
Amalia Carmona Castillo,Amaliacastillo578@viajes.cl,i96OPgdvW4imG,amcaca300,+56 2 6156 3776,25043791,9,
Timoteo Nájera Arroyo,tináar395@viajes.cl,TkBvWc8oYg,tináar203,+56 9 3571 1334,13321881,5,
,joluávju208@edubus.cal,BNNOA4Rzi,Joséjuárez355,+56 9 7788 4049,21133646,3,2495
Elisa Quintero Zepeda,elisa3593857@wass.com,HeKN4p0R,Elisazepeda649,+56 2 0311 1134,15590284,1,
Débora Domínguez Valdés,,uzAp5pz6C6sX,débora8372924,+56 9 1102 8547,28344696,4,9870
Francisca Contreras Farías,,OxeE0QA9rceDDwCB,frcofa808,+56 9 3382 1336,14285594,1,20736
Ignacio Tijerina Holguín,Ignacioholguín519@viajes.cl,1442FIy8fIZdwS,ignacio8642611,+56 9 9637 4656,5172246,9,
Gonzalo Polanco Santana,goposa917@viajes.cl,HLhRHUgpOZX5,Gonzalosantana437,+56 9 2031 8219,13090927,2,
Graciela Lomeli Cruz,,it75KUGnd23Be0fe,Gracielacruz897,+56 2 7907 5807,1488937,K,
Ana Camacho Villalobos,Anavillalobos326@tourket.com,NGMqlFuhvH4J,,+56 2 0351 2466,16023822,4,0
María Elena Jurado Tafoya,Maríatafoya556@tourket.com,zKvWcnjcgjT9837A,Maríatafoya516,+56 9 8788 5551,6043239,2,
Mariana Quintana Peralta,,O1zvk2JgaRdD6I9w,Marianaperalta206,+56 9 9896 8474,2808753,5,
Clara Delapaz Rael,clara2103611@viajes.cl,ycxMsmXClwa6Jgt8,cldera426,+56 2 1671 8417,18351531,4,
Sr. Marcos Mondragón Roque,sr.2196934@outluc.com,VQdzl78dp,sr.4881139,+56 2 1621 6941,3162129,1,-13227
Samuel Loya Quintana,samuel6904991@viajesanma.com,LGzNzDb4,,+56 2 4657 3365,8255967,1,-7763
Gregorio Bonilla Feliciano,Gregoriofeliciano417@tourket.com,liXMwR40,gregorio5954602,+56 2 0804 0514,,,0
Sra. Gabriela Solano Olivera,srgasool987@viajes.cl,AF7qm9U4eV4a,,+56 9 6941 0307,285364,7,
Jorge Luis Tafoya Gastélum,jolutaga460@tourket.com,vHA8MAxseP7,,+56 9 0207 9036,1450661,6,19344
Victoria Valenzuela Badillo,victoria271239@viajes.cl,nNEwG9kBwVODMaPo,victoria3137587,+56 2 6773 1553,12243504,0,
Sr. Santiago Sevilla Avilés,sr.2609815@wass.com,0G7GgklVYo5oGH2c,Sr.avilés635,+56 9 0125 0511,,,10117
Martín Saucedo Olivas,martín1813330@wass.com,xze263NDW,masaol722,+56 2 4172 5583,7427869,8,
Sta. Germán Iglesias Samaniego,sta.9200800@viajes.cl,IA4UdXrFnCdpSwSV,sta.4345310,+56 9 2439 7812,,,
Magdalena Gaytán Brito,Magdalenabrito986@viajes.cl,,magabr594,+56 9 9666 6672,11319535,5,
Amalia Maestas Córdova,amalia5393784@outluc.com,hU4It6AeDEP,ammacó247,+56 2 4602 5499,501074,8,6453
Gustavo Curiel Granados,,1mYNNlWINPnm8gR,gucugr136,+56 2 9465 9032,20233673,6,
Rosalia Quiñónez Escalante,roques144@tourket.com,CtC2a1sJyWomr,,+56 9 4563 2217,16727332,7,19466
Sr. Rafael Arteaga Venegas,,0mCwjFaK2,Sr.venegas219,+56 9 7576 5274,,,3750
Maricarmen Meza Segovia,Maricarmensegovia355@viajesanma.com,k077pBQacON,maricarmen6850549,+56 2 8492 2049,16714516,7,
Cristina Rendón Lozano,crrelo319@viajes.cl,8ilUz291NS4cT,crrelo784,+56 9 3055 4469,1852074,5,
Catalina Olivárez Linares,caolli626@edubus.cal,xyLq5rh8,caolli671,+56 2 1208 0236,2884085,3,-18102
Roberto Rojo Montenegro,roberto4106967@viajes.cl,eLLz5GZ9OOc5TEZy,Robertomontenegro481,+56 9 7003 1378,12939565,6,
Agustín Saldivar Loya,agustín5334864@viajes.cl,pf1uGNfC7Ul7f,agsalo606,+56 9 7899 5421,,,
Adán Roybal Cruz,adán9883672@marmol.com,zhS7PBN4fv,,+56 9 2004 3509,29692100,9,9616
Julio Lugo Colunga,Juliocolunga990@viajes.cl,je2Y1TIV,Juliocolunga317,+56 2 6208 8450,,,
Armando Amaya Venegas,aramve727@viajes.cl,,armando6462347,+56 9 5914 0323,23952015,4,
Sra. Joaquín Melgar Cavazos,srjomeca273@marmol.com,9BjSKGFhSvoBAh3,srjomeca796,+56 2 5077 6171,12064129,8,0
María Luisa Tapia Marín,malutama814@tourket.com,9vJFWKBFH,,+56 9 1500 8152,3420024,6,
Eva Almaraz Arroyo,eva5958152@marmol.com,2Ua5juprc7dq,eva1483265,+56 2 2993 0081,9942425,7,
Julio César Saiz Ávalos,,CJD0WzDLRlMu6Doh,jucésaáv287,+56 9 7159 3934,-6745819,2,6619
Francisca Montes Gaytán,francisca9727560@marmol.com,StyZlJk2IWu7Z,frmoga307,+56 9 6982 3441,,,12308
Sr. Sonia Negrón Vega,Sr.vega194@viajes.cl,7kPODL1f,sr.6409562,+56 9 3725 6484,6791420,1,
Claudia Apodaca Delgado,claudia3864958@marmol.com,,claudia9435125,+56 9 6524 3298,28262967,4,-6558
Eloisa Soria Barreto,elsoba726@viajes.cl,k81ACdkqDk,eloisa7220920,+56 9 6794 8514,,,
Benito Robledo Terán,Benitoterán216@viajes.cl,kl9Waq8dPML73,benito4235715,+56 2 7801 9369,18813191,3,
Natalia Alvarez Muñoz,naalmu963@viajes.cl,9EEa2Wvcy2CQFvpB,naalmu206,,7025690,8,
Juan Carlos Verduzco Granado,Juangranado636@outluc.com,OkSK1QHmmpEkD,juan6588656,+56 2 8799 9527,22820082,4,0
Sta. Mayte García Puga,sta.4757439@viajes.cl,ds8LCAnKhP,Sta.puga533,+56 9 2081 5881,15061320,5,
Clara Hinojosa Salgado,clhisa286@viajes.cl,ECcXZg3m6PVv,clhisa337,+56 9 6437 3321,6978896,3,
Sta. Florencia Olivo Díaz,stfloldí535@viajes.cl,5KUj5iis,Sta.díaz886,+56 9 2427 0062,,,
Hugo Nájera Mercado,hunáme607@viajes.cl,CkW68eDqpy8,hunáme125,+56 2 7992 3461,,,
Sta. Arturo Anaya Ávalos,,m2bbymmU,sta.4677614,+56 9 9328 9078,3540470,8,
Silvia Urbina Gamboa,siurga784@viajes.cl,wwdzxGvmw57Y4xt,Silviagamboa741,+56 2 0806 7329,9590279,0,
,raesba397@viajes.cl,7SrMZ7z5gZRx,raquel3931170,+56 9 9204 7425,18838012,3,
Dorotea Saiz Rodríquez,dosaro280@edubus.cal,D4vmi2oYDiU,Dorotearodríquez542,+56 2 7637 7339,13411753,2,
José Mota Gracia,jomogr523@viajes.cl,3HlRmFsG69wRiP9,Joségracia996,+56 2 8226 3378,4048093,5,
,,i63C1hFb1IffC,Marianoolivas311,+56 9 9249 9721,16755660,4,6101
,sra.1614177@viajes.cl,IA2P0aMy2AGfsgY5,sra.1968906,+56 9 9711 3599,,,
Antonio Urrutia Alcántar,antonio3144186@viajesanma.com,PM9dl3rK7uD,Antonioalcántar286,+56 9 8239 9677,3529643,3,-4686
Lourdes Ríos Jaime,lourdes6422863@viajesanma.com,bi5St78deHAPAP,,+56 2 0422 1844,3867770,5,5835
Sta. Francisco Zelaya Alvarez,,lJi0jlKkZ568DHK,sta.7881582,+56 9 2690 6011,5831732,2,
Carlos Contreras Aguilera,carlos4847872@viajes.cl,9zlu4mFvw6UdSpJ,carlos484601,+56 2 9025 1571,3611405,3,
José Emilio Robledo Lucio,josé1349818@viajes.cl,2ProaYaPm61,Josélucio645,+56 9 6439 6438,7471685,7,
,sr.6552793@viajes.cl,CJHPFmPuNfg3V0gU,sr.1952111,+56 2 9367 8960,10867153,K,
José María Ocasio Oquendo,jomaocoq384@viajes.cl,RjAqqO0o0oov,Joséoquendo210,+56 9 2647 2357,24373584,K,
Ramiro Casillas Dávila,racadá463@viajes.cl,mrUuV5sWBNT2qzFv,racadá485,+56 9 9835 3578,15446882,K,
Julia Alcántar Urbina,Juliaurbina492@viajes.cl,6D3ZRacbHglIgA,Juliaurbina222,+56 2 3069 7004,13524533,K,
Mariana Arenas Alanis,,cg9CLMqKj,maaral246,+56 9 2701 1509,24572254,0,9400
Tomás Zepeda Rivera,tomás4604467@viajes.cl,xkdJ16oMR,Tomásrivera964,+56 2 1724 5960,9367295,K,
Sta. Manuela Luevano Galván,stmaluga287@viajes.cl,Zj84ASkkO7,stmaluga623,+56 9 1170 2618,,,
Javier Griego Adame,javier6694244@viajes.cl,mFyM0jA915,javier3556455,+56 2 4389 6071,6115616,K,
Gloria Leyva de Anda,Gloriaanda368@viajes.cl,VSt96RYCSmw,gloria8499955,+56 2 2938 3686,9525921,9,
Teresa Gamez Irizarry,teresa812759@viajes.cl,qGo7t1pCNrYvG,teresa5239231,+56 9 4888 4449,-23747599,2,
Alejandra Carvajal Bernal,Alejandrabernal475@tourket.com,vRQoR0n0x1XX,Alejandrabernal768,+56 9 3160 8802,,,243
Federico Núñez Gómez,Federicogómez107@viajes.cl,gVDc6suNnsSO,federico547908,,15910286,6,
Sra. Javier Martínez Bañuelos,sra.2991492@viajes.cl,SE78oTmK6vKReE6,Sra.bañuelos355,+56 2 8499 8213,4136107,7,
Hernán Vargas Espino,,8YSmyaYlL4Lsh,hevaes510,+56 9 5307 2631,26256885,7,1724
Sr. Alejandro Chacón Anaya,sr.1848142@outluc.com,w02p2tOeEdfk0SC,sr.8363950,+56 9 9331 3833,15215638,3,
María Vargas Espinoza,Maríaespinoza975@viajes.cl,xelWt7KpSNMGwu3i,mavaes269,+56 2 2656 1977,25261444,3,
Rosa Vela Cavazos,Rosacavazos603@viajesanma.com,IIiLYQKYMW7mO,Rosacavazos756,+56 2 9516 5651,4102110,1,-14406
Barbara Alba Mares,baalma673@viajes.cl,DMUapfrhYxbKa1,barbara1950537,+56 2 9344 2221,25110558,8,
Jaime Olmos Cardona,jaime9812696@viajesanma.com,TnPW2L4tPvrCj2aX,jaime8384986,+56 2 3589 1077,11660007,2,
Beatriz Cadena Báez,beatriz5951421@viajes.cl,1rzEo1H3DwLU,,+56 2 2511 0153,13189503,8,
Raúl Santiago Cabán,Raúlcabán208@viajes.cl,LKB2mjmgc,Raúlcabán522,+56 2 2886 2244,11541299,K,
Sra. Ramón Quintero Rodríquez,Sra.rodríquez838@marmol.com,,srraquro351,+56 9 0359 8625,6516431,0,9768
Luis Barraza Espinosa,lubaes429@outluc.com,f1SO98aEg,luis3888603,+56 2 2930 5355,,,
Gerardo Escalante Barela,Gerardobarela578@viajes.cl,EEnjpY4iwZ63jI9,gerardo8815962,+56 2 2208 6499,13787526,8,
Sra. Elvira Chavarría Bernal,sra.8371668@tourket.com,uQcnRDoI7z7g,srelchbe955,,2886163,K,
Eloisa Medina Cadena,eloisa1412872@outluc.com,,,+56 9 2415 4016,24290739,6,17592
María José Mojica Cuellar,maría2605675@outluc.com,AtbeqBftO1fDS,majomocu903,,24729815,0,
César Razo Cornejo,césar273161@viajes.cl,V15IMtVpIzsU4,Césarcornejo217,+56 9 4099 5591,2892110,1,
Sra. Jorge Luis Candelaria Zapata,Sra.zapata174@viajes.cl,6z7Huf3iuWv,srjolucaza423,+56 2 0734 9374,15239254,0,
Ana María Soliz Gastélum,ana8819821@viajes.cl,DVrI56t5Z7gwB,Anagastélum213,+56 9 6863 5585,15156819,K,
Ignacio Marín Noriega,igmano562@marmol.com,fLm5XwHwCxESrV,ignacio193599,+56 9 8436 6209,11916623,3,
Ignacio Alfaro Alonso,igalal276@marmol.com,GDUU9jE4,igalal873,+56 2 9467 5580,4068183,3,-8633
Ricardo Caballero Candelaria,,5Zxa994b5Vq6,ricardo8581854,+56 9 1234 9191,10504755,K,13197
Ramón Matos Corrales,ramón7363256@viajes.cl,EFTqJXgZ3,Ramóncorrales774,+56 9 6055 3698,21756497,2,
Manuela Ávila León,,WXCmh1mL,manuela2656647,+56 9 9371 1625,15710363,6,-26324
Sra. Ester Soliz Almonte,sressoal326@viajes.cl,3umcy3Y4arE,sra.3452639,+56 9 4524 3190,13018145,7,
Sta. Norma Estrada Abreu,stnoesab339@viajes.cl,IUIU02TcmbE0Rv8j,stnoesab476,+56 2 2284 5832,7779342,9,
Ariadna Arteaga Lovato,ariadna8819568@outluc.com,e2uk2Jl043RBq,,+56 9 7956 3838,26355929,0,795
Emilio Mayorga Meza,emilio7599770@viajes.cl,6CQQsTeGbTiTih,emilio9727598,+56 2 0418 0534,3159325,5,
Conchita Romo Muñiz,conchita418950@viajes.cl,6IFs7ekw9jAUZ,Conchitamuñiz123,+56 9 6348 0969,21193752,1,
Sra. Ángela Lerma Alicea,,QqCVPVxmwbyc2a,sránleal617,+56 2 3441 2100,-23197114,9,26726
María Cristina Pulido Cordero,macrpuco781@viajes.cl,XRink8c70J2BjIE,maría6132319,+56 2 3850 7851,24084811,2,
Isabela Lerma Barrera,Isabelabarrera904@viajes.cl,SjDeSF28mhfjsCQg,isabela9270969,+56 9 2267 8228,5541032,1,
Luis Miguel Pulido Ayala,Luisayala555@viajes.cl,zaV4v3Gyb5CBV,luis9594698,+56 2 0320 1751,14637458,1,
Sra. Alejandra Paz Griego,sra.7140916@viajes.cl,HoL8ZP0xElzDOiIT,sra.7469780,+56 2 0308 6254,19208730,9,
Antonio Jasso Burgos,antonio6322474@wass.com,l9V87v2F,Antonioburgos576,+56 2 0086 5306,12329580,3,
,cotoqu219@viajesanma.com,b3y47f7VORX8m,cotoqu134,+56 9 5700 8469,24023150,6,
Sra. Sofia Correa Gurule,srsocogu762@viajes.cl,faVwWdKBodR9cHL,,+56 9 0555 0899,11989599,5,
Jerónimo Arreola Marroquín,jearma770@tourket.com,XaNlta2w,,+56 9 6907 3040,-15032279,0,0
,,tmsqmLP7OUK,,+56 2 3287 5759,,,5712
Esteban Urrutia Nevárez,esurne394@viajes.cl,kZ1obGQEv3w,esteban5837448,+56 2 3383 9220,24166148,2,
María Cristina Valladares Ortega,maría8269925@viajes.cl,OHuQOxDNgeIVg5YH,macrvaor822,+56 2 9841 2064,6627879,4,
Sra. Débora Nieto Sedillo,srdénise164@marmol.com,jPjILqUaFxuy87z,srdénise944,+56 9 9488 1694,2375680,3,-16013
Federico Monroy Ceballos,Federicoceballos163@viajesanma.com,MklE8hEQEyB4,,+56 9 7490 5858,3467457,4,17815
Graciela Arriaga Vigil,grarvi741@outluc.com,A4h2o5Yxwg,,,2709560,7,0
Claudia Laureano Mondragón,claudia8772514@viajes.cl,DAZbooE9KRFSm,Claudiamondragón279,+56 2 4181 9196,12915980,4,
Lorena Limón Aranda,lorena3513609@viajes.cl,2BLqjUrWKAqTkgO,lorena3422413,+56 9 6188 0428,5034513,0,
Julio Guajardo López,julio4655520@outluc.com,gN4H9RNdIP,julio9414637,+56 2 0794 7426,,,342
Óscar Tirado Reséndez,,AAhP6Dv72Ty,Óscarreséndez437,+56 2 4211 4232,831173,0,
Ramiro Cerda Benavídez,ramiro9519272@viajes.cl,GruRHgR47kj7yAb5,racebe427,+56 9 5516 1556,,,
,tovami921@viajes.cl,K4S5qNCU,tomás4422155,+56 9 7434 7019,15630356,9,
Elsa Dávila Henríquez,Elsahenríquez197@marmol.com,Yz7YEvwejOSIcq3c,Elsahenríquez570,+56 9 7642 3509,18408904,1,10386
Germán Herrera Terán,germán7896769@wass.com,IZxGM8I72axuHv,gehete832,+56 2 4293 9554,,,37334
Lorenzo Camacho Jiménez,locaji731@viajes.cl,K0RWD7Cbn,locaji272,+56 9 1444 3955,3607420,5,
Nicolás Salgado Báez,nisabá861@viajes.cl,KTuBaZXw1K7Woj1,nicolás6195759,+56 2 3289 1238,14671762,4,
Sta. Elena Laboy Chávez,stellach993@viajes.cl,U9UKqxk4AAY9R,Sta.chávez192,+56 2 3484 3349,9508127,4,
Sr. Rubén Arriaga Villalpando,sr.5449968@viajes.cl,,sr.648554,+56 9 7663 7061,17161580,1,
Jerónimo Cardona Rosales,jecaro135@viajesanma.com,kzfsHFuI5,jecaro755,,,,0
Anita Meraz Salazar,anita5912868@viajes.cl,0QgEZJUaoLl8I3a,Anitasalazar987,+56 2 5782 5966,14591293,8,
Gustavo Regalado Olmos,gustavo6078203@tourket.com,89JpLtxnN,Gustavoolmos549,+56 9 2434 3258,,,850
Sta. María Griego Quintanilla,Sta.quintanilla963@viajesanma.com,ddytyGzpD4EPt,sta.7580743,+56 9 0998 0655,3390544,0,14943
Daniel Arriaga Gil,Danielgil748@tourket.com,,daniel3793256,+56 9 0817 1721,,,7284
Eva Sanches Rendón,Evarendón524@viajes.cl,Qz1LumK6xBtQR2,Evarendón527,+56 9 0300 6051,726748,7,
Lola Montalvo Domínquez,lomodo833@outluc.com,w66Er9iRGM8,Loladomínquez174,+56 2 5603 1718,,,5310
Carlos Carrillo Hurtado,Carloshurtado807@viajes.cl,lQpdbsB2yXx,carlos2271264,+56 9 8430 0079,553871,8,
Sra. Enrique Palomo Jurado,sra.1459233@viajes.cl,fvzLMkdYrSW39,srenpaju150,+56 9 2358 8560,23853968,4,
Elsa Mejía Montalvo,elsa9392977@viajes.cl,vE3GALQbD6hP3ZOi,Elsamontalvo352,+56 2 3698 0106,,,
Lucia Girón Moreno,lucia6788267@tourket.com,dhwrveq0UuD,,+56 9 3947 0936,18958754,6,3986
Raúl Duarte Badillo,Raúlbadillo577@viajes.cl,eNO2F470TQ09Hj,raduba679,+56 9 5905 9531,3525191,K,
Juan Reynoso Anguiano,Juananguiano914@marmol.com,8Agf5ENI4XqybuG,Juananguiano270,+56 2 6477 9647,,,0
Sr. Timoteo Olvera Fajardo,Sr.fajardo309@wass.com,u6306GK1hRA,Sr.fajardo696,+56 9 8804 1614,,,0
Martín Sánchez Badillo,martín6390573@edubus.cal,t36nR4Bj0J6B,martín1856895,+56 2 3030 3514,24948348,6,-1834
Samuel Torres Calderón,satoca856@viajes.cl,OSTN3lF1kq,samuel6937393,+56 9 3830 2978,23911768,6,
César Garrido Casillas,cégaca281@viajes.cl,7pi73XtyXxH9Ios,césar9298886,+56 9 5728 2754,17519952,7,
Olivia Ordóñez Delafuente,,,olorde988,+56 9 5526 9967,11155267,3,6042
Miguel Ángel Lebrón Jaramillo,miguel8080812@viajes.cl,BmfvxS7oU23J7F,miguel9251819,+56 9 7123 2061,7340771,0,
Mercedes Narváez Sedillo,,mJG82lPWE,mercedes813397,+56 2 1581 6459,24197472,3,12140
,Soniapizarro127@viajes.cl,JCN2r7ksZguPaBHo,sovapi740,+56 9 8471 3361,2234818,3,
Sra. María Cristina Sosa Montes,Sra.montes459@tourket.com,bTvp1C22gaFYR,sra.8108691,+56 9 6538 6624,10197453,7,
Sofia Gaytán Rico,sofia1431695@viajes.cl,YKxFL2PCPBvhCy6,Sofiarico771,,3179600,8,
Julia Muñoz Abrego,jumuab930@viajes.cl,Y4qpOF7w9,,+56 9 8466 6760,13262304,K,
Sra. Nicolás Gurule Rojas,,nTI8jyvGUkY34ns,sra.1706593,+56 9 8069 9291,25035021,K,31
Estela Monroy Matos,esmoma578@viajes.cl,gifNXg6f83Krgxg,estela4352534,+56 2 4017 4541,24788671,0,
Federico Domínguez Sánchez,fedosá946@viajes.cl,u1J3brgb,federico5589132,+56 2 7026 1273,20352501,K,
Marilu Márquez Villareal,mamávi750@viajes.cl,,marilu4572470,+56 2 7005 2721,357568,3,
Germán Santillán Iglesias,gesaig920@viajes.cl,R1tjZ6Jeuncd,germán7376414,+56 9 2942 8961,21827878,7,
Verónica Tapia Cabrera,,AiQ8xrhoODBbT,verónica2621304,+56 2 6066 0487,2631911,0,28802
Alfredo Badillo Adame,Alfredoadame729@wass.com,,,+56 2 8680 6927,19271767,1,992
Agustín Rolón Enríquez,agustín2891970@viajes.cl,Ghm4WS6kYRh8,Agustínenríquez589,+56 2 8716 4232,12294097,7,
,sta.677667@viajes.cl,,stnavaca205,+56 9 2754 8297,4408287,K,
Alfonso Maldonado Vallejo,alfonso9778876@viajes.cl,hZJV9Z05hgR,Alfonsovallejo992,+56 2 3827 8816,26531590,9,
Sta. Lourdes Balderas Valenzuela,Sta.valenzuela184@viajes.cl,k8bPOhOcdm0,sta.457215,+56 2 8143 1700,13230651,6,
Isabel Burgos Bétancourt,isbubé706@viajes.cl,,Isabelbétancourt909,+56 9 9064 2625,5707830,8,
Vicente Carrillo Esparza,vicaes693@viajes.cl,qdq2iZf5z,vicaes971,+56 2 7187 0435,21928675,9,
Sr. Guillermina Ramírez Pichardo,Sr.pichardo150@viajes.cl,69yuthW7,,+56 2 9318 5474,26124939,1,
Diana Medrano Tamayo,diana5279558@viajes.cl,DL9uMnAj,diana4230152,+56 9 8188 3497,-13758563,4,
Sra. Lorenzo Zapata Cepeda,Sra.cepeda378@viajes.cl,PS8v0sGU,srlozace685,+56 9 7855 1440,29597265,3,
Rodrigo Lerma Tamez,,dN3JF3IYX3KxYo,roleta633,+56 2 5564 3886,908928,4,4324
Fernando Abrego Guzmán,Fernandoguzmán989@wass.com,hsvcOYf6p2,fernando3021514,+56 9 0525 4434,,,6783
José Luis Téllez Mota,,MR7J3h1hEqPE,jolutémo850,+56 9 3391 1549,11485873,0,
,sra.4531821@viajes.cl,,Sra.bustamante498,+56 2 4312 6657,25472474,2,
Lourdes Esquivel Ávila,lourdes8501955@viajes.cl,zJG09Wps,,,,,
Isabela Valentín Esquivel,isvaes715@viajes.cl,ZbGxC0wRrtL,,+56 9 2134 5874,12317074,1,
Octavio Pabón Alaniz,octavio9094528@marmol.com,kK3DJg2tPbnsJPU,octavio152518,+56 2 5872 2024,,,10954
,albrdí519@marmol.com,KiBA1HE67SnSYh5,,+56 9 3197 0323,12561951,7,3330
Sara Lozano Alonso,Saraalonso929@viajes.cl,TQyiW5ZFAwtSeS,saloal888,+56 2 1667 9072,19963675,8,
Adriana Rincón Cardona,adriana2815850@viajesanma.com,2hRKq8cuNxYjV,,+56 2 0196 5736,11331807,4,5825
Manuela Casárez Nevárez,Manuelanevárez837@viajes.cl,uVSSmN57u11,manuela8489644,+56 9 9769 9253,28654450,9,
Carolina Madrigal Fierro,Carolinafierro451@marmol.com,n4jTAMf69e,,,8056027,3,8980
Rebeca Naranjo Montañez,rebeca3845427@viajes.cl,90e9tvZPiy,rebeca6183983,+56 2 5252 4767,9490411,0,
Sergio Vanegas Abrego,,0UjvyQ4J,,+56 2 8288 9744,14592334,4,
Jorge Muro Rascón,,oLM3HXtsql,jorge6277773,+56 9 3916 1088,1208894,9,
Susana Meza Toro,sumeto102@viajes.cl,,Susanatoro802,+56 2 4947 9634,25283725,6,
Nicolás Gaytán Montenegro,,D5dxU1ScNgJuZ,Nicolásmontenegro529,+56 9 9178 3724,12456516,2,0
Rubén Calvillo Guzmán,rubén7196974@viajes.cl,Vg005u4g,rubén242443,+56 9 4977 8567,5012901,2,
Sr. Hernán Rosado Sisneros,,Pl43WiidiRq7f,srherosi583,+56 2 1385 3509,-1351174,8,1623
Emilia Saiz Bermúdez,Emiliabermúdez819@viajes.cl,lKN0nV9w,emsabe577,+56 9 6335 7461,29485073,2,
Clara Carrero Muro,clcamu689@viajes.cl,YfbWSDY8xKa7JQE7,Claramuro509,,,,
Adela Alonzo Madera,adela7317294@viajes.cl,XZb57Oy7MD9V5,Adelamadera525,+56 2 7744 7639,23893240,8,
Tomás Huerta Rosario,,W6PsZCfmd4u8,Tomásrosario843,+56 9 3004 0276,23509796,6,10463
Gregorio Domínguez Fonseca,grdofo351@viajesanma.com,2LWgSPzL,,+56 9 2294 3638,5473377,1,1948
Cecilia Preciado Aparicio,cecilia7269936@viajesanma.com,,ceprap631,+56 9 0872 6940,5044903,3,0
Reina Galarza Sepúlveda,reina5894422@edubus.cal,E15M9wC764ey,,+56 9 9668 3652,17411555,9,4970
,ramona5399102@viajes.cl,mxtDPhNB9iu5Y,ramona5875949,+56 9 4513 2986,3693095,0,
Isabela Aragón Araña,isarar610@viajes.cl,fSfGXp3xkU3,Isabelaaraña822,+56 9 6131 9421,,,
Mariano Ávalos Botello,mariano127868@viajes.cl,ulM3lmWsXz6U3r,,+56 2 6000 2697,25252709,5,
Víctor Puente Ordóñez,vípuor366@wass.com,gq6wUxN93uhqrVG,,+56 2 9055 9555,14244599,9,4506
,srbahuro235@viajesanma.com,9wPSSWqM6ZcM,srbahuro866,+56 9 4827 9140,1225899,2,-10676
Sta. Miguel Rodarte Abrego,Sta.abrego223@viajes.cl,cETxR2ZPO,sta.1878640,+56 9 9032 2378,13733443,7,
Luis Miguel Alarcón Campos,lumialca380@viajes.cl,lVaBtfya7d,Luiscampos579,+56 9 0809 1335,24632271,6,
Hernán Gómez Torres,Hernántorres698@outluc.com,WU3QPlW8,hernán2023540,+56 9 6733 9835,21876567,K,
Emilio Gaytán Santillán,,pHER0YA5sVczFq,emgasa458,+56 2 8971 0549,26928933,3,0
Victoria Leiva Mireles,Victoriamireles521@viajes.cl,2DGCbJt9gPPeL1,Victoriamireles137,+56 2 1013 0955,,,
Óscar Tello Laboy,Óscarlaboy401@viajes.cl,BHD8eX9IG,,+56 9 9444 7176,10943672,0,
Lourdes Villagómez Cortés,lovico890@tourket.com,Jc8krd1p,lourdes1617310,+56 9 6228 6643,19022212,8,-10048
Ana María Naranjo Lira,ana2996618@viajes.cl,4iN6rS4cM,ana3041237,+56 9 9676 5198,12174837,1,
Sr. Alicia Montes Adorno,Sr.adorno886@viajes.cl,2nfb2n0hFShOk,Sr.adorno388,+56 2 3593 6865,17318032,2,
Sr. Alfonso Velasco Leyva,sr.1328517@viajes.cl,QC3dZyG06j,sr.6627521,+56 9 4446 4648,1841569,0,
,Julioangulo148@viajesanma.com,uDD0b5r1,julio2328968,+56 9 3135 9462,,,3680
Magdalena Carrillo Ureña,macaur888@viajesanma.com,qNZVFHP9z,magdalena7224302,+56 2 1884 8281,-15839854,0,
Sra. José Emilio Véliz Acosta,Sra.acosta985@marmol.com,GmNeYrfnDc5EE,srjoemvéac822,+56 9 7163 4140,,,1860
Olivia Leyva Godoy,,,olivia6711609,+56 9 8260 5006,4845576,K,0
Gregorio Delgadillo Soto,grdeso935@viajes.cl,GlUKF1qlr0,gregorio2958995,+56 2 1858 8248,,,
Francisca Delrío Abeyta,Franciscaabeyta645@viajes.cl,7NULJiS28k4w8,Franciscaabeyta763,+56 9 1857 6538,14108205,1,
Amalia Gálvez Villagómez,amgávi612@viajes.cl,R3v3XjxnCUK,amalia9848615,+56 2 4532 3164,19222540,K,
Pablo Mojica Cavazos,pablo2519980@wass.com,,,,2004164,1,1128
Sra. Marisol Salazar Rendón,Sra.rendón695@viajes.cl,QNT0xb4gG8,srmasare923,+56 9 8607 6666,20600867,9,
Sra. José María Mendoza Jaime,Sra.jaime757@viajes.cl,1YIvSO7vk,Sra.jaime817,+56 9 1243 3097,13830084,6,
Sta. Débora Porras Henríquez,sta.9055871@edubus.cal,r1jHY0qHGt5,Sta.henríquez371,+56 9 6419 8202,3509575,6,16310
Timoteo Aguayo Gil,tiaggi246@viajes.cl,NaMKwog35D93FNrL,timoteo287678,+56 9 9475 7438,5545211,3,
Sra. Francisca Orellana Varela,Sra.varela141@viajes.cl,QIpSD4usD8DYQtm,sra.9937882,+56 2 4097 7459,24227547,0,
Eva Reséndez Lucero,,WhojH0K7atV,eva4291211,+56 9 7557 3087,20163542,K,1669
Hugo Banda Montez,hugo989362@viajes.cl,kivUrVB0fmcQlqb,hugo1623978,+56 9 0721 2967,8139418,0,
Sr. Virginia Gaytán Castro,sr.3331282@viajes.cl,fuATg4TTU,srvigaca610,+56 9 8141 5870,18143555,0,
Javier Venegas Godínez,Javiergodínez122@viajes.cl,7wTetQziiDB,javego806,+56 9 7169 4266,3623454,7,
Susana Gálvez Serrato,Susanaserrato707@outluc.com,5oMquoS5p9WqtbP,Susanaserrato832,+56 9 1582 3377,20728756,3,-16195
Pedro Téllez Mondragón,Pedromondragón963@viajes.cl,NtTT0RqYtY4yax,petémo719,+56 2 0593 4284,-18414468,9,
Ricardo Cano Magaña,ricardo4847308@viajes.cl,Ye1SDt2Y,ricama601,+56 2 9820 2748,17295076,0,
Eloisa Reynoso Garrido,,vD4Ssw04,elrega594,+56 2 6598 5956,5340408,1,15480
José Emilio Vera Bustamante,,pJcE2ayoSCa9rA,Josébustamante530,+56 2 0786 8505,1817475,8,
Cristobal Burgos Meza,cristobal9450665@viajes.cl,O8WOyitRP,crbume832,+56 9 8195 8775,,,
Ángela Sarabia Matías,Ángelamatías661@outluc.com,BZZCEnJt623ei9,,+56 9 9287 6503,22848011,8,15136
Sra. José María Henríquez Esquibel,Sra.esquibel568@viajes.cl,x5siWXw5M,sra.307406,+56 9 6058 1609,,,
Leonor Llamas Menchaca,leonor6694280@wass.com,tOYqQhT70ODUiT,leonor2656850,+56 2 9703 0703,18977260,2,-8081
Jacobo Macías Bueno,Jacobobueno267@viajes.cl,,jamabu468,+56 9 5133 9301,-1738613,1,
Mariano Raya Zamora,,MT8RQoTDQg3z3,mariano3336202,+56 9 1500 8033,20467323,3,0
,Sra.navarro744@viajes.cl,BHndIzuqy6CVI,sra.5498142,+56 9 1414 0999,16077738,9,
Sr. Federico Reynoso Hinojosa,sr.7235416@wass.com,894utlFKIVi6nc7C,srferehi868,+56 2 0552 4284,,,0
Carmen García Sandoval,cagasa796@viajes.cl,F1JgEJ3cpy,cagasa985,+56 2 6339 6562,21575541,K,
Sta. María Soledad Leal Cuellar,Sta.cuellar235@viajes.cl,n6mLWLGPKst4p21l,,+56 2 4880 2214,,,
Yolanda Angulo Mayorga,yoanma528@viajes.cl,Ho2pHuLxUFhbqMS,Yolandamayorga188,+56 9 0967 9765,2357522,1,
,estela3886133@viajes.cl,x57X0x9bn,esestr174,+56 2 9009 5890,18530672,0,
Antonia Segura Guerra,antonia7887342@marmol.com,PfFgvus4zEL3t,Antoniaguerra625,+56 9 6157 2957,,,4824
Sra. Alberto Robledo Frías,sralrofr303@viajesanma.com,Fs89fvHNF5,Sra.frías695,,,,10666
Raúl Campos Cedillo,racace847@viajesanma.com,Ho3PMC8Qp4ink,Raúlcedillo183,+56 2 4083 6789,11422184,8,14132
Elvira Mata Peña,elmape385@viajes.cl,Xgdo3XGoz,elvira5531222,+56 2 3611 1591,7409890,8,
Andrea Trejo Cabrera,antrca772@viajes.cl,jznLRFdH2,Andreacabrera492,+56 2 4436 3703,27499826,1,
Jaime Ramón Rocha,jaime1052641@viajes.cl,65BfNLpg,,+56 2 6531 6971,12927045,4,
Maricarmen Ordóñez Bahena,Maricarmenbahena434@viajes.cl,M4Xfiz3Zzdg,maricarmen7692331,+56 2 0553 7066,9931724,8,
Gabriel Delvalle Vergara,gabriel9153539@viajes.cl,rl8CnxwqW,Gabrielvergara428,+56 9 0921 3597,7634444,2,
Mariana Santacruz Valverde,mariana7039242@viajes.cl,mL5RdIQqAR,mariana6508951,+56 9 8163 3477,20870439,7,
María Eugenia Correa Rosas,,IJ7at2QQ1P5ysP,Maríarosas993,+56 9 3009 0454,12337789,3,1626
Elvira Águilar Villegas,elvira1368217@viajes.cl,OjKoTIQbpDMY1s,Elviravillegas213,+56 9 0417 2147,3756666,7,
Sr. Alberto Peres Mejía,,ZpKgax27yeICb,sr.5884267,+56 9 5347 7754,21831495,3,
Gabriela Roque Villalobos,gabriela8240729@viajes.cl,cteCZdbe4QO74Zpp,Gabrielavillalobos468,+56 2 2207 1091,18890637,0,
Sra. José Emilio Burgos Montalvo,sra.6947633@tourket.com,gvEVqMfAgKgo4nK,,+56 2 8959 4554,-7587238,0,15976
Sta. Graciela Nieves Ledesma,sta.5976739@tourket.com,DcO4dSyUJsV8HM,sta.9995616,+56 9 2222 3524,-24892775,5,
Adán Bermúdez Caraballo,adán8930846@viajes.cl,9KYgOwEh9b,adán7331752,+56 9 8468 5402,,,
Teresa Villarreal Vargas,,zVsGspq2kSz6Dm,Teresavargas594,+56 2 9561 8522,3060225,0,0
Rosa Madera Santillán,romasa126@edubus.cal,7JdHR0eiVtAKDG,Rosasantillán363,+56 9 1988 2671,19597520,5,-7521
Natalia Mondragón Paz,namopa833@viajes.cl,3HXugKN23oyEGk,natalia794438,+56 9 3106 5301,16279494,9,
Sr. Ángela Quintero Archuleta,Sr.archuleta598@edubus.cal,P2CmfgtnEbdp,sr.1326757,,19554501,4,
Marco Antonio Lara Magaña,marco4750582@viajes.cl,6hfWoSnXHA4B,Marcomagaña366,+56 2 9705 3036,22137114,3,
Guadalupe Ramos Zavala,guraza832@wass.com,qEjTR3gULH0fyNb,Guadalupezavala446,+56 9 6223 6965,2637650,5,
Claudio Téllez Delapaz,claudio8130894@viajes.cl,X1xZ1XruESt,Claudiodelapaz706,+56 9 0190 8660,18879721,0,
Santiago Castillo Carrera,Santiagocarrera200@viajes.cl,JAepDvVDZqTr1n,sacaca904,+56 9 3319 8763,29919135,4,
Eduardo Quiñónez Bahena,eduardo2458757@marmol.com,1Z7tWcL9NP9h,,+56 2 6965 5690,8934180,9,4520
Gerardo Morales Avilés,gerardo5212629@viajesanma.com,4BhmKgGEO6nsuH,gerardo2014678,+56 9 6512 5747,13693021,4,-6910
Reina Batista Lerma,rebale699@viajes.cl,7vvf38SpteN,rebale116,+56 9 8221 0515,8695800,7,
Mario Flórez Jimínez,maflji375@viajes.cl,bs38XKrI,maflji720,+56 2 1822 7257,5649069,8,
Sra. Margarita Mayorga Niño,,4rTo7CKAVACChp,sra.1307917,+56 9 4780 2938,15328060,6,
Rodrigo Medina Gurule,rodrigo4341380@viajes.cl,fOtC20UjhPlm4xqV,Rodrigogurule442,+56 9 8318 4584,25150275,7,
Luz Guerra Aguilera,luz2860610@viajes.cl,G1FPzM8NK,luguag123,+56 9 1192 6026,5147116,4,
Lucia Alcántar Laureano,lucia7493903@viajes.cl,JHhLC2An9tGqzPF,lucia5302389,+56 2 4343 8931,-24786896,8,
María Barragán Tamez,maría2395412@outluc.com,d6qmXPeOT,maría6112244,+56 9 7531 7870,670584,7,-20839
Alfredo Aguirre Saldaña,alagsa402@viajes.cl,uzhO8WfueGnw,alfredo2120181,+56 9 4648 3229,-21304275,0,
Ana Luisa Corona Carmona,ana3795282@edubus.cal,qWUq6ReKBaP5,Anacarmona578,+56 2 5848 7375,-20363621,0,
José Eduardo Jáquez Carreón,joedjáca167@viajes.cl,92Wcsgy9Qn6NXf,Josécarreón380,+56 2 8079 0632,9829158,K,
Gregorio Carrillo Nieto,Gregorionieto138@viajes.cl,PSGZRe1V1Op8ZV,grcani184,+56 9 3045 9634,1804457,9,
Lorenzo Cabrera Arteaga,lorenzo3928225@viajes.cl,Ir6hrzvpj2b4eQ,locaar481,+56 9 7675 8498,19365932,2,
Elsa Collazo Patiño,elcopa658@viajes.cl,,elsa1372594,+56 2 2403 7691,,,
Sra. Jorge Alvarado Ureña,Sra.ureña451@viajes.cl,kpdMf1MB3Ea8R,,+56 2 9388 4914,7711924,8,
Sta. Leticia Trujillo Arteaga,stletrar505@viajesanma.com,4ta8qtoE6Dxz0,Sta.arteaga315,+56 9 7608 6332,401164,3,
Lucas Gutiérrez Villagómez,lucas774866@edubus.cal,ukSv8adbgIQq9s,,+56 2 6064 6207,5048926,4,0
Raúl Águilar Ochoa,raágoc944@viajes.cl,O1oXAxsqwptJ,Raúlochoa637,+56 2 3415 1978,6863347,8,
Carla Herrera Calderón,Carlacalderón117@viajes.cl,ba7Y4jcvSqZy1aB,Carlacalderón613,,18683795,9,
Sra. Caridad Quiñónez Villa,sra.5943477@edubus.cal,j3k6gMkBbgS4lv,sra.7879221,+56 2 8929 9095,3761207,3,
Sra. Pedro Botello Valladares,sra.7294243@viajes.cl,3WXWFgZ5rw,Sra.valladares233,+56 9 3059 2952,28294569,K,
Mario Ojeda Carranza,Mariocarranza215@viajes.cl,UQZcwZxr2lvn,Mariocarranza151,+56 2 2222 3344,27519370,4,
Mónica Ulibarri Vaca,,zaQrFAeRW6hWTjJH,,+56 2 2735 2178,17969488,3,2362
Irene Rangel Bustamante,Irenebustamante263@viajes.cl,nxiKM4iOiFCx,irrabu276,+56 2 9334 0897,,,
Antonia Barraza Páez,anbapá260@wass.com,XLoVxyDsXshHo6nq,antonia1107746,,16319724,3,
Andrea Avilés Serrano,,8hCdk6lB,Andreaserrano743,+56 2 8917 2659,9644793,0,0
Horacio Leyva Villa,horacio8321895@wass.com,REfl1dCFfp9Z,horacio1669569,+56 9 3808 9253,-25105143,7,3861
Ana María Abrego Alonzo,Anaalonzo110@viajes.cl,q7L54XNppSDTwO,ana458113,+56 9 1914 2397,27962671,0,
Julia Tijerina Arredondo,julia1347590@viajes.cl,dHDx27pN57sCw,julia6088166,+56 9 9960 8788,13251998,6,
,Anaquiroz253@outluc.com,MwBZM9i2,anmasaqu239,+56 2 6624 6549,25262523,2,-14388
,sressoga952@tourket.com,VBazDxj9rOoQQ6Xd,sra.8178909,+56 2 2866 4834,1217499,3,-11096
Sr. Fernando Rubio Delacrúz,Sr.delacrúz661@viajes.cl,QIxmXx3ep,sr.9233642,+56 2 1415 3389,8683536,3,
Eva Noriega Alejandro,Evaalejandro533@viajes.cl,5b2xKwhJW,Evaalejandro494,+56 2 3304 6068,25984952,7,
Rosalia Pichardo Negrete,,LloNOPi111nz,rosalia6319299,+56 9 2585 8186,-10824865,3,11577
Santiago Anaya Rivas,Santiagorivas862@viajes.cl,H3d1guDnUBy,Santiagorivas596,+56 2 7648 8674,26021773,9,
Ester Salgado Cabán,essaca988@tourket.com,a8SX8yqhDIhX7,ester1305355,+56 2 3980 2428,17312787,1,-11715
Lola Castellanos López,localó436@edubus.cal,E40zsUKFt,lola6428328,+56 2 3773 8291,631965,3,0
Sra. Manuela Baca Batista,srmababa946@wass.com,BjJQSrM3nrI,sra.3356886,+56 9 2937 8645,9671471,8,
Óscar Balderas Lara,Óscarlara210@viajes.cl,ZJJXPpppEv0Y6D,Óscarlara722,+56 2 1543 4145,-7536868,2,
Josefina Jaramillo Piña,jojapi659@viajes.cl,adFIy5TACgrMH,Josefinapiña450,+56 9 1359 0767,23132095,4,
,david2434538@viajes.cl,asK0CaKCaX,david7478819,,1670963,8,
Sta. Micaela Cintrón Cabrera,stmicica198@marmol.com,,sta.3880490,+56 9 9201 9929,15678506,7,2368
Salvador Nieves Echevarría,salvador3819754@marmol.com,kNCs7rYI,saniec755,+56 2 8436 8767,11742721,8,
Julio César Gutiérrez Villanueva,jucéguvi280@viajes.cl,YL9omS4J,jucéguvi741,+56 2 0963 3519,22881319,2,
Jaime Cruz Salinas,,S3RCvud7v01,jacrsa362,+56 9 7474 5929,-11488899,0,1868
Benjamín Sauceda Zaragoza,Benjamínzaragoza650@wass.com,5E4jhw4usGs8D,besaza420,+56 2 4994 4120,,,0
José Sevilla Balderas,Josébalderas834@viajes.cl,2T9iqOUu6vbtk0IQ,joseba139,+56 2 8709 1579,,,
Germán Castillo Pacheco,,,gecapa462,+56 9 1675 2805,4982313,4,0
Salvador Candelaria Carrasco,Salvadorcarrasco712@viajes.cl,oI70RNaAxhj,Salvadorcarrasco694,+56 2 8392 5485,2066200,K,
Sta. Mónica Hernández Colunga,Sta.colunga585@viajes.cl,jQ6sEN4zGej1byMH,Sta.colunga393,+56 2 0614 9720,5286988,9,
Mario Villanueva Osorio,mavios200@viajes.cl,3nFRr0sD,mavios124,+56 9 1904 0148,,,
Marta Vega Partida,mavepa513@viajes.cl,cr80BH07Pe,mavepa903,+56 9 6713 7669,8588393,3,
Roberto Ávila Barragán,Robertobarragán763@viajes.cl,8T74hyJ0t3CU7EuL,roávba928,+56 9 3707 9993,5580858,9,
Daniela Valladares Díaz,,o8KH6p3Qw2LD,davadí152,+56 9 9390 2406,5804017,7,0
Alberto Montalvo Molina,almomo841@viajes.cl,gB8X2rhnu,alberto6847135,+56 9 1507 8967,25852697,K,
Ana María Garica Morales,anmagamo784@viajes.cl,FLP6svr6O1AW,Anamorales798,+56 9 6460 0207,13973209,K,
Elisa Hernández Puente,elisa6574220@viajes.cl,xgZ7uLnGwu6fwWp,Elisapuente768,+56 2 4188 0719,16693583,0,
Sta. Daniela Carrera Esquibel,sta.6908701@wass.com,OPUhCc7G2mfyL,stdacaes271,+56 2 8760 8953,,,-24687
Reina Mena Valadez,reina2787864@viajes.cl,aBJAfGw5,Reinavaladez482,+56 2 5202 7371,,,
Elisa Gamez Rubio,Elisarubio933@viajes.cl,CKiQx9Om9EXXc,Elisarubio387,+56 2 5550 3461,2074584,3,
Alejandra Correa Figueroa,alejandra5335286@viajes.cl,eLdrtIgCgM9aOv,alejandra6740402,+56 2 3808 8709,2140310,5,
Patricio Feliciano Estévez,Patricioestévez422@viajes.cl,nI5DepgzAzabcs,patricio1535402,+56 2 1510 8239,14844561,3,
Sr. Mateo Montes Negrete,Sr.negrete631@viajes.cl,OnCOAjo5PuDU0Sd8,,+56 2 6341 0577,12565531,9,
Jerónimo Miranda Toro,jerónimo9185109@viajes.cl,Ei0BBSmzXL7f5O5f,jemito596,+56 2 0129 5429,2816789,K,
Horacio Córdova Alfaro,Horacioalfaro577@edubus.cal,,Horacioalfaro551,+56 9 5098 0293,13843519,9,
Sta. Guillermina Villaseñor Gálvez,sta.8698323@viajes.cl,wWo8fhAen,Sta.gálvez894,+56 9 4072 7688,24781129,K,
,Franciscojesús882@viajes.cl,,francisco4074670,+56 2 8171 6640,12688925,9,
Concepción Acevedo Sepúlveda,concepción766750@viajes.cl,BErGK3dTQ,concepción8426335,+56 2 4300 1099,18390422,1,
Ernesto Pantoja Navarro,Ernestonavarro955@marmol.com,4rDiGrivG21GD,erpana434,,,,
,Mercedesgalindo223@viajes.cl,RnHe4UcXGwxM45,mercedes7839557,+56 9 1896 3417,-25630064,8,
María del Carmen Nevárez Longoria,maría8850514@wass.com,lTW1GCNmVz,,+56 2 8790 0082,23787782,9,5968
Virginia Castillo Cazares,Virginiacazares166@viajes.cl,vDRr67K9jNvg6d2,Virginiacazares569,+56 9 3680 8913,,,
Soledad Terrazas Montaño,,B7PhIJzCRmkrv3G,Soledadmontaño651,+56 9 9037 6033,11926402,2,16758
Sra. María Eugenia Valles Preciado,,KsogGt9eAs6oa,srmaeuvapr173,+56 9 7571 0599,5080648,0,
Lucia Alejandro Bahena,lualba442@viajes.cl,A11v5cLST9,Luciabahena855,+56 9 7723 5498,10329825,3,
Lorenzo Sisneros Vanegas,lorenzo1342343@viajes.cl,,losiva639,+56 2 9529 2406,6924866,7,
Andrea Madrigal Zúñiga,anmazú491@edubus.cal,cZ3YuLuIAxql39,Andreazúñiga585,+56 2 6738 2406,4818756,0,4317
Ricardo Gil Partida,rigipa534@viajes.cl,G0GJMEtXJ5Hm,Ricardopartida536,+56 2 3489 2249,25412039,1,
Jacobo Bustos Frías,Jacobofrías208@wass.com,aOU0kBP0uaitrs,jacobo1776974,+56 2 2711 4573,,,
Eduardo Huerta Santiago,edhusa624@wass.com,CatVL70Ky,eduardo6749640,+56 9 6869 9967,27881342,8,
Gustavo Villa Lucio,gustavo4221112@edubus.cal,Mn0T5kHsUtO,,+56 9 1310 3677,26185303,5,11486
,,,elvira9098828,+56 2 7165 0718,4289619,5,
Pilar Cantú Badillo,picaba895@viajes.cl,pUH6w3Nu,picaba301,+56 2 3687 1668,29415373,K,
Hugo Mateo Barragán,humaba796@viajes.cl,myapkG3F9K,hugo9518103,+56 9 9393 2582,27321088,1,
María Eugenia Tejada Rascón,Maríarascón933@tourket.com,qW0UZCF7t,maeutera120,+56 9 4617 9166,3479928,8,0
Andrea Cruz Garza,andrea2042333@outluc.com,GA1iCaBy,andrea3368710,+56 9 3174 2194,-13192430,5,14955
Eva Escobedo Carrero,eva6365391@outluc.com,BFu2QcNw9UWP,evesca219,+56 2 3634 4713,6014724,8,
,esfrar113@viajesanma.com,kcMoerK0CZ,esfrar540,+56 9 7125 8335,,,9845
Sra. Isabela Guerrero Mireles,Sra.mireles472@marmol.com,RoZjk40VMLCD,Sra.mireles368,+56 2 5022 4386,,,0
Claudio Soto Arroyo,claudio1581442@viajesanma.com,OugpZ8Rmv,Claudioarroyo224,+56 2 3087 9680,11686760,5,
Sta. Julio César Chávez Olivera,stjucéchol772@viajes.cl,jvRItr3Hk9Rq,stjucéchol421,+56 9 0332 6771,20429599,9,
,peloan719@tourket.com,JfR3muYuIGF82a3,pedro1816850,+56 9 4987 6213,26134553,6,-970
Raúl Alicea Mata,raúl1043440@viajes.cl,VAdxC8b43T2x8,raalma311,+56 2 6451 6838,22224221,5,
Sr. Rosario Alcala Navarro,Sr.navarro388@viajes.cl,1dTo2ceVwbqPO,Sr.navarro676,+56 2 9073 9207,,,
Jaime Marroquín Varela,jamava511@viajes.cl,,jamava704,+56 9 4893 1227,6587154,8,
Sara Arredondo Ybarra,sara600324@viajes.cl,UArsLlO4,saaryb171,+56 9 2237 4009,7588650,0,
Samuel Sanabria Velásquez,,mF4ncPCd,,+56 9 4636 5497,3294424,8,
Joaquín Mata Mesa,,A0cDccVV0,Joaquínmesa252,+56 9 3955 2425,16711817,8,16357
Caridad Barajas Quezada,Caridadquezada993@viajes.cl,7x198SsVswicTHY,,+56 2 9602 2216,993307,7,
Hugo Baeza Mesa,hubame100@viajes.cl,O1R2aizbSIujJ9rs,hubame578,+56 2 7438 3175,18781709,9,
Susana Luevano Cuellar,Susanacuellar663@outluc.com,zjqjPyCwI1,Susanacuellar435,+56 9 5628 6408,24517779,8,14340
Adán Botello de Jesús,adán1013962@viajes.cl,hTA2AXcpeBcrW,adán3452825,+56 9 8745 0899,15313970,9,
Emilio Benavídez Arreola,Emilioarreola638@viajes.cl,7BHDbDLb3,emilio1066949,+56 2 4147 9712,14781366,K,
Gilberto Valdivia Rodríguez,,ZeOC8WlfQ8Rh9QGm,Gilbertorodríguez960,+56 9 8310 9822,13467718,K,
Fernando Orta Delagarza,,EunN8z44O,feorde738,+56 2 7477 4089,-10140313,0,
Alberto Aguilera Saldaña,Albertosaldaña982@wass.com,jfSHJR3QI,alberto796465,+56 9 3618 9536,12152042,7,
Francisca Urías Echevarría,francisca2718680@edubus.cal,3kTfkbldDJGl,francisca6572751,+56 2 4336 1069,16897529,5,-3186
Irene Piña Pizarro,irpipi229@viajes.cl,qa3fOxRg1uT757EP,irpipi932,+56 2 2359 6004,22248673,4,
,Sra.suárez393@viajes.cl,08w1PnZDTU,Sra.suárez587,+56 9 3531 3925,28252301,9,
,gocasa891@viajesanma.com,5e1zPg3WujiV,gonzalo2264873,+56 9 9295 7368,,,
Sta. Rocio Segura Alba,stroseal875@viajes.cl,ky9VhgDBz8Y,sta.3149420,+56 9 3257 1590,22185066,1,
Agustín Aguirre Burgos,Agustínburgos608@outluc.com,9C3o0fvY,Agustínburgos110,+56 9 3133 9841,5632433,K,-520
Alberto Valenzuela Ortega,alberto4654677@viajes.cl,GKhErPHGj9UsY,alberto8701454,+56 9 4849 8917,1427215,1,
Sr. Homero Guerra Hidalgo,srhoguhi542@outluc.com,8LTZ7HesB,srhoguhi561,+56 2 5191 9596,17975487,8,-7703
Lola Serna Barreto,lola2604830@viajes.cl,Q4z5oVwLuFcsWnI,Lolabarreto545,+56 2 2769 6617,5661154,1,
Carlos Noriega Tapia,Carlostapia868@wass.com,8oMNjMtdJrmQUBRf,carlos9263831,+56 9 9779 8146,26922040,6,-1792
Ana Luisa Ordóñez Atencio,anluorat303@viajes.cl,,,+56 9 6916 0198,19696737,0,
Miguel Ángel Collazo Laureano,miáncola665@edubus.cal,bbMvfiL3FlO0X,miáncola595,+56 9 7715 5213,2245073,5,927
Sta. Ricardo Tijerina Vallejo,stritiva170@marmol.com,umRyiqM8McXh,stritiva593,+56 2 0014 5333,,,6190
César Zaragoza Guillen,césar5785913@edubus.cal,rfkDTfxvCm83x10O,Césarguillen909,+56 2 1959 6408,,,3966
María Aranda Becerra,Maríabecerra494@viajes.cl,tEs0wYMSHylqQ,Maríabecerra650,+56 2 3875 6556,16220781,4,
Sta. Amalia Nazario Balderas,sta.8068125@viajesanma.com,1n84ykZ9YU,Sta.balderas672,+56 2 7484 9491,,,0
José Eduardo Hurtado Loya,Joséloya848@viajes.cl,2XqdKq2kekRY8rcx,joedhulo934,+56 2 0470 4477,28594697,2,
Salvador Araña Mata,salvador7196389@outluc.com,3lKpHUPws2L,Salvadormata832,+56 2 7992 4404,12374731,3,-16050
Rosalia Villa Negrete,rosalia9151870@tourket.com,Y8BZvYrm9u3a,rosalia6826564,+56 9 4337 9349,18670594,7,
Ramón Carrasco Jaramillo,ramón5985122@viajes.cl,I079rdPP0,,+56 9 4781 5254,9684965,6,
Clemente Arroyo Delacrúz,Clementedelacrúz671@viajes.cl,WdeD0zXxRBvn7ibz,clemente1932305,+56 9 9430 1824,5873604,K,
Daniel Padrón Ojeda,dapaoj666@marmol.com,WL5aBT6R,dapaoj479,+56 9 4844 5102,,,1980
Joaquín Ulibarri Beltrán,joulbe128@viajes.cl,7e9ZcMRyQv,joulbe359,+56 9 0431 2526,14784946,K,
Sta. Cristina Sosa Robles,sta.8892184@viajes.cl,90ju49zkmRN,sta.4529426,+56 2 8405 9359,900992,2,
Mario Marín Urías,mario9974361@outluc.com,sRwXZkpBKxj58NO,,+56 9 0648 8625,19828469,6,5952
Mateo Escobar Collado,Mateocollado527@viajes.cl,8CsQhGzpwg4qNX1,maesco318,+56 2 3666 2971,19690002,0,
Amalia Orosco Adame,Amaliaadame525@viajes.cl,A6JJvQdqHqiRSLG2,amalia7753386,+56 2 8160 3692,19863471,9,
Blanca Villalpando Jurado,blviju147@tourket.com,WyWjtMwRHI42wfy,blviju839,+56 2 9001 1125,24700541,2,-1201
Gabriel Oquendo Chacón,gabriel1504795@viajes.cl,dQQUp8IzUaVtgpc,gabriel4692168,+56 9 4869 5646,15252304,1,
Miguel Maya Barrera,mimaba880@viajesanma.com,YkrxH8pExiyTT,,+56 9 8466 7977,15686205,3,3895
Mayte Uribe Noriega,Maytenoriega971@edubus.cal,,mayte3208609,+56 2 5314 6820,,,10610
Débora Contreras Acuña,décoac736@viajes.cl,zTjXCOCmlz0EV,Déboraacuña803,+56 9 8255 8742,,,
Víctor Castro Tejeda,Víctortejeda438@viajes.cl,uU0xeouYU,Víctortejeda564,+56 9 6083 7988,,,
Juana Negrete Pelayo,junepe364@viajesanma.com,of9hGWjX1tD,juana5317365,,,,5688
Cecilia Arredondo Dueñas,cecilia6571674@outluc.com,s2Yj03tCf9DDk,,+56 9 9622 5995,20764737,3,0
Claudio Gracia Garica,clgrga757@edubus.cal,sIh4PaTxjQU,claudio2335270,+56 2 4303 9244,,,0
Jorge Cedillo Villalobos,jorge8296732@viajes.cl,,jorge7937169,+56 2 2621 5741,18342187,5,
Gabriela Zavala Ojeda,gazaoj875@viajes.cl,5ZrbhzyxS1,gabriela2917880,+56 2 3025 3642,4799508,6,
Octavio Vela Guajardo,,pmb6MOL2,octavio8682320,,13873467,6,20930
Miguel Mercado Soto,miguel7762265@viajes.cl,1RaDafU2,Miguelsoto553,+56 2 5460 9490,2125262,K,
Eloisa Vanegas Solís,Eloisasolís925@marmol.com,tPg7i9VOw8a3NlA3,Eloisasolís724,,,,0
Benito Ocasio Medrano,,6JKk31FjBMGPeKJ,benito8939438,+56 2 9512 8205,19527286,7,3266
Silvia Niño Arreola,Silviaarreola496@viajes.cl,NGCbygw0,silvia6697247,,761849,2,
Sofia Medrano Báez,somebá712@viajes.cl,uK1Hz5fIwS,,+56 9 4514 0905,,,
Elena Chacón Parra,elchpa632@viajes.cl,zzdRFIYRng2,elena9705849,+56 2 5037 0068,9739249,8,
Sr. Clara Urías Burgos,sr.590458@viajes.cl,5giPx3cCqW0aCW5B,sr.8062983,+56 2 8015 2423,7405828,0,
Ana María Estévez Vaca,ana6840583@wass.com,,,+56 2 4867 3148,10022555,7,24448
Julia Mejía Ruelas,Juliaruelas849@viajes.cl,,Juliaruelas109,+56 2 6778 6409,17649793,9,
Jaime Loya Serna,,x1NZP2YV,jaime6693470,+56 2 8071 9626,3758888,1,4203
Luz Mesa Prado,Luzprado380@viajes.cl,xWm46Q9GhCAABcp,lumepr317,+56 2 9888 9365,7393759,0,
Sr. José María Sarabia Macías,sr.8735344@viajes.cl,h0JXa1qeGMJU,sr.6718987,+56 2 8460 2182,15932126,6,
,,F0OYHcMwx1NM3ykm,flbátr120,+56 9 5022 9919,,,0
Tomás Sanches Espinal,Tomásespinal733@wass.com,INMcqRtbk82,tomás8582323,,24561098,K,
Óscar Sánchez Tello,óscar9962637@viajes.cl,GexDA9jzE,óscar8112715,+56 2 0794 0339,2508841,7,
Sr. Octavio Bermúdez Gaona,srocbega579@viajes.cl,pT0mLQ0ge,sr.3627284,+56 9 4640 7380,28263230,6,
Carlos Arreola Riojas,Carlosriojas590@viajesanma.com,,caarri160,+56 2 0722 3330,1557375,9,2985
Mercedes Figueroa Anguiano,,g82Jili4lTuF,Mercedesanguiano220,+56 9 8294 2629,9171121,4,
Ana Luisa Espino Toro,Anatoro616@viajes.cl,b38fiGfA,anluesto494,+56 9 3059 6333,18726200,3,
Rosario Salinas Navarro,rosario675411@wass.com,USFV4iDf2St9U,Rosarionavarro982,+56 2 6121 5526,17503180,4,
Salvador Razo Sisneros,Salvadorsisneros837@viajes.cl,TWWpai8Ahy06L,Salvadorsisneros277,+56 9 4555 4027,15776272,9,
Ángela Ríos Rodríquez,ángela7611328@marmol.com,tMNiwGl0m,Ángelarodríquez109,+56 2 0120 4596,,,259
Marisol Cazares Canales,marisol5737307@viajesanma.com,C6NAFq403siVJd,Marisolcanales356,+56 2 6076 7795,22262655,2,-10504
David Holguín Estévez,Davidestévez480@outluc.com,U02vR0KsiNZvB,,+56 9 8817 8930,13990475,3,3119
Guadalupe Orosco Guevara,Guadalupeguevara832@viajes.cl,2hv3Ryp1iMKE,guadalupe344336,+56 2 8151 0451,,,
,concepción2822691@viajes.cl,BRCcZJupqe33PQX,Concepcióngaona794,+56 2 8337 5395,11238153,8,
Francisco Ordóñez Alcántar,froral734@tourket.com,YWFDygQ1rxm0G2C,francisco6199183,+56 2 7984 6839,,,2987
Sta. Pilar Ríos Enríquez,stpiríen858@viajes.cl,VrTVCa2bxk,sta.7445674,+56 2 0245 9663,29662879,4,
,Sr.nazario703@marmol.com,NYh9G4I8s,srjoacna585,+56 9 5974 6853,28197135,2,
Francisca Burgos Correa,frbuco604@viajes.cl,xhY8eRGY,Franciscacorrea563,+56 2 4299 9172,11460647,2,
Sta. Marilu Bustos Rolón,stmaburo600@edubus.cal,4jcfUbAhX0WzGSA8,stmaburo880,+56 9 3958 2102,20850680,3,
María Luisa Carranza Ruiz,malucaru511@viajes.cl,CNyLaMcJ3,Maríaruiz892,+56 9 7685 9832,24939971,K,
Jacobo Briones Escamilla,,LSpRJ24B,jabres244,+56 2 7693 1687,24867809,7,7944
Leticia Carreón Barragán,lecaba295@marmol.com,rkrCH8qvwnZO5We,leticia801255,+56 9 2359 6536,15511593,9,-6132
Gustavo Chacón Herrera,Gustavoherrera954@viajes.cl,LF2OZHJ1uuyH,guchhe634,+56 9 8180 9888,,,
Sr. Ricardo Cornejo Soto,Sr.soto615@outluc.com,Moyk6huW5h3H,Sr.soto711,+56 9 3026 5005,,,423
Sr. Mercedes Carreón Ceja,Sr.ceja795@viajes.cl,t5ASPfCd6BrEc,srmecace629,+56 2 6192 4312,10897821,K,
Julio Arce Roldán,Julioroldán951@outluc.com,ctPM2n8l8,Julioroldán816,+56 2 5833 7602,19381732,7,
Federico Valladares Suárez,federico4793258@viajes.cl,5pqhxPWZNN,federico3833159,+56 2 8417 4253,4511389,2,
Cristobal Guardado Abreu,cristobal970714@viajes.cl,Xkfz3j1Jto2,Cristobalabreu483,+56 9 4646 2702,5378598,0,
María José Caraballo Verdugo,maría3991976@viajes.cl,jiEEmi1iN,Maríaverdugo616,+56 2 4081 9512,24729206,3,
Alejandro Alva Monroy,Alejandromonroy353@viajes.cl,lE9rI9m1oT,alalmo618,+56 9 5630 2050,21926609,K,
Dorotea Gamboa Rivero,dogari515@viajes.cl,,Dorotearivero991,+56 9 6703 0456,14439471,2,
Mariano Godínez Pérez,Marianopérez502@viajes.cl,2ETEPk0x,magopé941,+56 2 9872 7565,16165631,3,
Raúl Espinal Becerra,raúl9292389@wass.com,aH7glR7EA46fjZb,Raúlbecerra522,,18366873,0,
Benito Araña Matos,,GMHY5XDdMDs,bearma838,+56 9 7830 4724,29877605,7,6883
Marcela Alfaro Loera,maallo823@viajes.cl,p3ve0DYILfG0c9h,Marcelaloera788,+56 9 3904 2449,19267460,3,
Gabriela Arreola Cruz,Gabrielacruz952@viajes.cl,z2865sKX,,+56 9 8190 8970,23677753,7,
Alfredo Nieves Aguirre,alfredo849677@outluc.com,at2CesmpoLfYj,Alfredoaguirre553,+56 2 4042 3353,,,19811
Sta. Hernán Caldera Reyes,sta.6273940@viajes.cl,lQXILGb25,sthecare937,+56 2 4350 3483,10406866,9,
José Eduardo Duarte Solorzano,josé5173352@viajes.cl,yXVb9pmF3H,josé3723120,+56 2 4721 2101,2730782,5,
Sta. Irene Páez Valdez,Sta.valdez219@viajes.cl,UPHx7bSrze4H3s7c,Sta.valdez249,+56 9 4712 8075,6587016,9,
Julio Espinosa Colón,julio6692906@viajes.cl,t62ogElD74jBw,Juliocolón781,+56 9 1587 9488,12473388,K,
Emilio Zarate Velásquez,emilio6419129@viajes.cl,BH86ZB3Bcr0,emzave871,+56 9 3305 5252,9693577,3,
Víctor Adorno Sedillo,víctor4658817@viajes.cl,zgHyaGj2,víadse105,+56 9 7992 0347,17332568,1,
Sra. Adán Galindo Espinoza,sradgaes581@marmol.com,OvbTB1NEyWFUY5,,+56 2 8550 0541,22233587,6,7714
,sr.755814@outluc.com,OaPi7iArqN,,+56 2 4299 1758,13051572,K,0
Victoria Archuleta Rojo,,Hlv4H8bgOBC9dA,viarro125,+56 2 8018 4348,-4637910,1,0
Sra. Carla Montañez Cotto,sra.3003957@viajes.cl,jp9YYqYWZyEJ,sra.2998642,+56 2 7533 7004,13347823,K,
Guillermina Carreón Sanabria,guillermina8202874@marmol.com,ef6CJ44KKJoE2,guillermina3912279,+56 9 1964 0877,18377224,4,24395
Carlota Cornejo Delagarza,Carlotadelagarza646@edubus.cal,Qk7uEFWg,,+56 9 0718 0416,15272878,6,0
Adán Ulloa Lemus,,cZgrqfmacvf7T,Adánlemus568,+56 2 2114 7147,26557190,5,0
Rodrigo Cintrón Solís,Rodrigosolís188@viajes.cl,ruGgPLKBm7gNeG7f,rociso173,+56 9 1420 8683,23527009,9,
Ignacio Vanegas Olivárez,Ignacioolivárez206@marmol.com,pM30muOV8Vt3n9,igvaol380,+56 9 9062 2465,26598116,K,0
Dorotea Guerrero Ledesma,dorotea7696397@marmol.com,sZ9Q4T40k,,+56 9 4243 4172,26838221,6,-5797
Juan Fonseca Barreto,Juanbarreto541@viajes.cl,vLly60A2qzctb,,+56 2 0935 1165,17311095,2,
Esperanza Medina Segura,Esperanzasegura621@viajes.cl,Tk5OPNWuv3XI,Esperanzasegura924,+56 9 8643 1213,8552734,7,
Pablo Reséndez Lozada,,4zOIfd33ElIla,Pablolozada990,+56 2 1069 0373,27990008,1,
,,utEwB2rsJB,Juanfranco923,+56 9 3887 9679,,,
,benito1937907@viajesanma.com,jg3tkGYFU57Yh,benito2906321,+56 9 2932 0967,16955299,1,18597
José Eduardo Zarate Espinoza,joedzaes177@wass.com,UDP70ilUve8oJt,josé5830195,+56 2 3781 1135,16791545,0,14413
María José Miranda Ledesma,Maríaledesma588@viajes.cl,i60MkuhUXfV9nN9k,,+56 9 7458 2864,21381068,5,
Carla Hernandes Grijalva,Carlagrijalva207@marmol.com,9Xry7MzpUTjUOcd,cahegr231,+56 9 6085 9993,14934078,5,7805
Mateo Alemán Varela,Mateovarela616@tourket.com,MXT81aNz4EzcwuWP,Mateovarela781,+56 2 3998 2420,2395740,K,-16033
Sr. Gustavo Alanis Ibarra,sr.4950411@edubus.cal,zYeJmB3Bdguc,,+56 9 9975 9811,2353200,K,2913
Sta. Conchita Ocasio Deleón,Sta.deleón608@viajes.cl,NJCiTa1Xx76,stcoocde950,+56 2 9631 8644,,,
Gregorio Lugo Bahena,gregorio2059471@viajes.cl,XzLN5wUfhbXjwg,gregorio4360552,+56 9 1416 4031,11184295,7,
Vicente Naranjo Gallegos,,uEdhEURHAR4nTw,,+56 2 5876 2661,9838842,7,24310
Sra. Carolina Godoy Alonzo,srcagoal565@marmol.com,,srcagoal250,+56 2 8624 3214,24673012,1,
Sra. Diana Mascareñas Bueno,,wZDiYofbN7c8S,srdimabu741,+56 2 1719 6457,10290127,4,0
Anita Lerma Guerrero,anlegu945@wass.com,29x3nRNXja,Anitaguerrero470,+56 2 7782 5065,,,7126
Dorotea Abreu Espinosa,doabes349@viajes.cl,rbgKHak3CqnRZ1,dorotea9540416,+56 9 2613 3051,17788214,3,
Claudia Tirado Valdés,Claudiavaldés641@edubus.cal,vQzC4xLmbKlO6Af8,,+56 9 6538 4112,27288878,7,9778
Lourdes Fonseca Cardenas,lourdes1987188@edubus.cal,RDacLK00UsL,Lourdescardenas630,+56 2 9484 9188,27640946,8,
Benito Zavala Escamilla,Benitoescamilla602@outluc.com,yODMEw9jYbmzPCW,,+56 2 2460 2217,24158970,6,0
Enrique Armenta Tijerina,,Fonzk4Jc39EeEbbR,enarti879,+56 2 1566 5916,-8263909,8,1894
Arturo Quesada Mendoza,arturo6777880@marmol.com,q4M76eUK4OWgMuo,arqume554,+56 2 2969 5050,,,14629
Estela Delagarza Barreto,estela8497596@outluc.com,IGbQHLbK5y3i,esdeba923,+56 2 1314 7738,24509604,6,
Sta. Enrique Aguayo Santillán,sta.8931768@edubus.cal,,stenagsa200,,10408053,7,
Sr. María Soledad Duarte Espinal,srmasodues715@viajes.cl,W96nlTXCcp,srmasodues432,+56 2 3237 4039,25604726,8,
Victoria Carvajal Barragán,Victoriabarragán864@viajesanma.com,bvF03LFNs7ejy,vicaba183,+56 9 0816 2982,,,3312
Sra. Alejandra Rentería Jasso,sra.3036357@viajes.cl,UtTxxxXe2tXxia,sralreja663,+56 9 9614 4752,23582557,0,
Sra. Ramona Casillas Alaniz,,XoL796kyW2Je,Sra.alaniz155,+56 9 0551 1002,29747876,1,14873
Rosalia Rentería Espino,rosalia3924722@viajes.cl,WY52HOLGa,Rosaliaespino884,+56 9 4130 9582,,,
Marco Antonio Regalado Paz,Marcopaz720@viajes.cl,xL0T7MG49iACbz,marco7744331,+56 9 3679 1546,7303925,8,
Berta Bahena Ornelas,,8waQrILy,berta3512710,+56 9 5001 5244,14226181,2,0
Sra. Conchita Tejeda Pedroza,srcotepe595@viajes.cl,FTOo2VSxpv0Alg,sra.5133153,+56 9 3932 5260,11146858,3,
Hernán Heredia Montenegro,hehemo531@viajes.cl,pT9FXp5hrUrMCI,hernán4780267,+56 2 6604 7786,21877229,3,
Jerónimo Tapia Ramón,jetara275@marmol.com,dfIXRMQ8,jerónimo720920,,13330748,6,-5193
Irene Medrano Godoy,irene2022687@viajes.cl,RhzTba4GjTTBAE,irmego791,+56 9 9776 9709,4939012,2,
Mariana Barragán Zelaya,Marianazelaya163@viajes.cl,dHMi7m7Fxf,mabaze141,+56 2 7496 7255,17912713,K,
Emilia Heredia Armijo,Emiliaarmijo452@marmol.com,GfCWX8cfl,Emiliaarmijo498,+56 9 1766 5945,29198666,8,6765
María José Caldera Gaytán,Maríagaytán831@marmol.com,bzW2c21Q8SF,,+56 9 6544 7682,425136,9,28539
Elvira Domínguez Hinojosa,Elvirahinojosa356@viajesanma.com,DzKWKPV5jxapRVZ,eldohi568,+56 2 7657 6518,15218202,3,
Patricia de Jesús Olvera,patricia8210365@viajes.cl,1DMF5KJWa2a12X,padejeol728,+56 2 2554 1708,8904906,7,
Sra. Guillermina Rodríquez Sanabria,Sra.sanabria958@edubus.cal,RPkVRvsx02,Sra.sanabria475,+56 2 6383 1455,,,19774
César Badillo Hurtado,cébahu990@viajes.cl,5wW73OJr3QD27mSZ,Césarhurtado886,+56 9 0594 7201,27497468,0,
Sta. Sancho Ceja Molina,stsacemo586@viajes.cl,Mh8Xoy8Tl,Sta.molina775,,11515322,6,
Sr. Raúl Arroyo Gil,Sr.gil189@edubus.cal,zsBI9L7TCmVwVBHw,,+56 2 9223 2366,11378129,7,14023
Patricio Armijo Alanis,paaral909@viajes.cl,eiwP0LU9UvC,patricio9886398,+56 9 2802 1702,18588141,5,
Sra. Elena Olivas Flores,srelolfl439@tourket.com,f8NK3iS1Ru,Sra.flores903,+56 2 8862 8577,,,0
Santiago Almaraz Cortés,Santiagocortés327@viajes.cl,r1xx1xIDVu59k,Santiagocortés139,+56 2 0312 1899,,,
Joaquín Viera Archuleta,joaquín2992285@viajes.cl,0aIumrK9Hm9,,+56 2 9642 3559,20533127,1,
Marcela Rael Quiñónez,marcela3302945@viajesanma.com,DKS55fdKES,marcela4404762,+56 9 0864 1585,,,6524
Gustavo Rosas Balderas,,VoKm6oQE,,+56 2 7546 5469,,,
Teresa Jimínez Ballesteros,teresa7800695@viajes.cl,7CfFwqOFtCGG9TJ,teresa8935804,+56 2 8835 8331,12718659,6,
Sra. Adela Beltrán Gómez,Sra.gómez556@viajes.cl,riVjcC8rsTf,sra.8605264,+56 2 4714 8667,-3843013,0,
Silvia Echevarría Benavídez,siecbe470@viajes.cl,mYZ6JZ54byp,silvia8702843,+56 2 3150 9618,-271440,K,
,Ignacionava249@viajesanma.com,6oe6w8TszH,,+56 2 9622 7328,18240681,3,0
Magdalena Delgado Dávila,magdalena5113521@outluc.com,rI86ON890c,,,,,4392
Sr. Marta Robles Fonseca,sr.4997964@viajes.cl,sJsrXMzku0,srmarofo670,+56 2 1179 8044,9231358,1,
Patricio Zúñiga Olivera,Patricioolivera472@viajes.cl,n9OAV94unwtJ,patricio2957910,+56 2 9747 7211,309474,K,
Benjamín Armenta Loya,Benjamínloya261@viajes.cl,Brtttkv5Xl,benjamín3121210,+56 2 5619 2583,-11138369,3,
Alejandra Armijo Páez,alejandra6350423@viajes.cl,,Alejandrapáez743,+56 9 1191 5783,8989942,7,
Sra. Florencia Sierra Castillo,Sra.castillo355@wass.com,QaU1IWoXXD6v,,+56 2 6423 5980,2749629,6,10694
Teodoro Zaragoza Páez,Teodoropáez479@viajes.cl,hQvBwMEqg4,Teodoropáez140,+56 2 7939 2446,14648396,8,
Andrés Rivera Delarosa,andrés6545340@viajes.cl,A6ImtX8NUGx7Cimi,andrés4143427,+56 2 6770 5996,12521867,9,
Lourdes Arce Ojeda,lourdes7750833@marmol.com,,loaroj357,+56 2 0068 9527,3798980,0,
Sra. Joaquín Escalante Casárez,sra.5402172@viajes.cl,evcvs0tOEKs2L,srjoesca522,+56 9 3108 9697,25543274,5,
,sara5948197@tourket.com,43ATmtocEDkx7iK,Saraordóñez912,+56 2 8466 1222,,,11711
Daniel Venegas Narváez,Danielnarváez240@tourket.com,94o6XCF1dKf,daniel9993279,+56 2 4795 7577,,,-444
,,9pVHVIauuV6I,mario3275776,+56 9 8071 9123,20966261,2,1200
,esteban6674342@viajes.cl,rfJJt79Elke0,escama574,,13199645,4,
Salvador Dávila Camarillo,,8oL4aM9maWTC9Th,sadáca755,+56 9 0154 5968,23548900,7,
Germán Alva Soto,,fk73QTCOX,Germánsoto477,+56 2 6336 5520,,,11888
Sra. Jorge Luis Olivera Meléndez,srjoluolme677@viajes.cl,d41Tw1aF7u,Sra.meléndez414,+56 9 4503 0933,8806827,0,
Sr. Cecilia Tejeda Limón,sr.2886831@viajes.cl,49U1c6wFiFe,sr.8326492,+56 9 2518 0807,15891718,1,
Alicia Alfaro Velázquez,Aliciavelázquez168@tourket.com,JE0DfVmMPQ1prdUC,alalve400,+56 2 8629 6453,418219,7,4766
Virginia Bermúdez Gurule,Virginiagurule374@marmol.com,2Hx9B21J,Virginiagurule249,+56 9 0959 2594,,,0
Federico Villalpando Casares,federico5040630@marmol.com,,,+56 2 6330 2977,19535213,5,
Emilia Merino Tovar,emilia1770851@viajes.cl,PcpPUdzl8oK0UoJ6,,+56 9 5813 0076,16860359,2,
Agustín Villalobos Salcedo,agvisa375@viajes.cl,0G6XajIW0h,Agustínsalcedo876,+56 9 2757 0960,8585371,6,
,Sta.delacrúz958@edubus.cal,dPHhqzb7NgK,Sta.delacrúz619,+56 9 4854 7971,-23220835,K,1704
Ricardo Razo Matías,,AD70zKy08V,Ricardomatías319,+56 2 9845 8858,11918439,8,
Marcela Baeza Esquivel,mabaes817@edubus.cal,WgBRa7l4OeP,Marcelaesquivel589,+56 2 4440 1463,17113030,1,12166
Lola Menéndez Mena,lola9542736@outluc.com,RgM0B5CXu,lomeme440,+56 9 2972 5551,16375586,6,3975
Sr. Esperanza Amador Armijo,Sr.armijo432@viajes.cl,75c8Oa20O,sresamar341,+56 2 5308 2223,-27521045,5,
Óscar Sosa Concepción,óscar2920749@viajes.cl,cAca58r0UKmeblW,óscar4019431,,19793445,K,
Alberto Galarza Alcaraz,alberto3440561@wass.com,,alberto1063365,+56 2 1887 5926,8586268,5,
Luisa Alvarado Salazar,Luisasalazar159@viajes.cl,X2Gttip8d7J1xda,Luisasalazar871,+56 2 4215 1165,10048907,4,
María Teresa Guerra Gollum,,YfcS8z6WGqC85YP,maría1147941,+56 2 2492 0123,27383098,7,13435
Mariano Avilés Zelaya,Marianozelaya465@viajes.cl,yWYxd60tvR,mariano4516588,+56 2 3261 5303,4488160,8,
,óstobe285@marmol.com,f9x2Y73iJD,óscar3321554,+56 2 9323 4954,13514392,8,
,Maríacarreón854@viajes.cl,T9OQVe188Vlw6,Maríacarreón457,+56 2 8463 8964,8019198,7,
Laura Quiroz Ceja,laquce281@edubus.cal,u9A5PKV1nyMOvX,,+56 2 8775 4725,18706415,5,3682
Laura Rosales Serna,,IoP1MDKlF,Lauraserna329,+56 9 3336 6413,9976573,9,5829
Gabriel Bétancourt Ríos,gabriel6751755@edubus.cal,bVzg2EQP5Zi2i2,,+56 2 6986 1355,15692678,7,2935
Víctor Iglesias Granado,víctor1250825@outluc.com,h42BmhZKQGhyPcS,víiggr924,,12893334,4,0
Armando Piña Miramontes,arpimi555@viajes.cl,WucSN5E9Bp3PSwI,,+56 2 6995 3090,17405030,9,
Agustín Carreón Carrion,,7mSWRMqOHKS4t,Agustíncarrion535,+56 9 1646 1286,22057830,5,6217
José Emilio Tamayo Iglesias,joemtaig687@viajes.cl,mp066fzW,josé9923758,+56 9 8654 6265,5147819,3,
Horacio Verdugo Aparicio,Horacioaparicio754@viajes.cl,JmEtrH9P,horacio9029452,+56 9 4777 2619,19782788,2,
Sta. Andrés Montes Lugo,sta.2491727@edubus.cal,u0W5Q0ExWzRCc,stanmolu475,+56 9 5325 9210,10541271,1,1438
Germán Ramón Cano,germán782451@viajes.cl,TaTbL96a,Germáncano901,+56 9 1486 6958,29054880,2,
Sonia Grijalva Zamudio,sogrza951@viajes.cl,qPmWeR93k3J,sonia4000143,+56 9 4442 6557,19918036,3,
Alejandra Mojica Quezada,Alejandraquezada149@viajes.cl,EooA5TlIW0kuY4,Alejandraquezada529,,22096884,7,
Lorenzo Araña Olivo,Lorenzoolivo596@outluc.com,,Lorenzoolivo216,+56 2 9629 2190,,,
Sr. Margarita Cadena Pizarro,,Zr5eFPaRKOwWEJx,sr.2347481,+56 2 1037 4748,6725063,K,11566
Jorge Ruiz Candelaria,Jorgecandelaria827@outluc.com,RXgg8S4VjDQObJk,,+56 2 3026 4286,5914376,K,3946
María Teresa Angulo Gil,maría4407147@wass.com,nkQKcFkpacz9,Maríagil489,+56 9 6868 8534,1466491,2,
Santiago Aranda Abeyta,Santiagoabeyta439@marmol.com,QJ4WnW0jqDW8,Santiagoabeyta681,+56 9 3048 8057,,,25429
Marcos Godínez Ledesma,Marcosledesma340@viajes.cl,wHrJMGrqZWyvIc1b,magole185,,13922376,4,
María José Águilar Laboy,,LI46GE7jas,Maríalaboy889,,23562707,8,
María del Carmen Orozco Banda,Maríabanda906@marmol.com,n19wcmMOhN5eRurQ,madecaorba744,+56 9 4605 5470,22296202,1,-3242
Carmen Caraballo Mares,Carmenmares944@viajes.cl,U7OYtrY64gSluTvS,cacama400,+56 2 1860 8089,,,
Isabel Garibay Quintero,Isabelquintero914@wass.com,zjP29x7FH,isgaqu854,,,,12592
Timoteo Rojo Parra,Timoteoparra548@viajes.cl,qt7vcqgQrox8BvjR,tiropa236,+56 9 1845 6964,1273545,6,
Sra. Leonor Montenegro Garibay,,cEpkwdXyMO7gR,srlemoga928,+56 2 5791 2725,3237959,1,
Emilio Villagómez Montez,emilio6174885@viajes.cl,DpBeZHdC5h,Emiliomontez642,+56 2 1303 0247,18465346,K,
Esteban Peña Marroquín,espema328@viajes.cl,LyTqZf45,esteban2605669,+56 9 2839 6585,17349542,0,
Gustavo Godoy Paz,gugopa303@outluc.com,8roeZUBw48,,,18444251,5,1458
Lourdes Bueno Rosario,lourdes8108716@viajes.cl,u0MWE8RXztnD1L,lourdes7247934,+56 2 3923 4085,17237392,5,
Concepción Esquivel Guerra,Concepciónguerra806@viajes.cl,dcZYNHI2eO,Concepciónguerra665,+56 2 4551 1149,3312603,4,
Sta. Luis Molina Guerrero,stlumogu418@viajes.cl,GWx4T8mtKGoSnP8,stlumogu290,+56 9 0216 2477,12747928,3,
Sra. José Luis Benavídez Leyva,Sra.leyva287@viajes.cl,1NEgR8eF,srjolubele341,+56 2 9410 8874,15151354,9,
María Gaytán Cordero,maría1533797@edubus.cal,e50IN0ei4Ri2U,,+56 2 5382 4278,28295461,3,2592
Sr. Virginia Jimínez Marrero,sr.9372673@viajes.cl,DCqsSfEEBs1Yr,Sr.marrero804,+56 9 3194 4374,7130954,1,
María del Carmen Solano Sevilla,madecasose252@wass.com,Z7kwj1qL,,+56 2 3133 6805,17182218,1,0
Cristobal Cintrón Zamudio,cristobal8378989@viajes.cl,zoHkXsQ0WEyPRQ37,Cristobalzamudio141,+56 9 4610 0932,27406621,0,
Teresa Amaya Gálvez,Teresagálvez741@viajes.cl,ch6vl3zukB6h,teresa620260,+56 9 3102 0338,19221965,5,
Victoria Laboy Delacrúz,victoria3901472@viajes.cl,13JmIi3D7kU15fKg,victoria1005733,+56 2 5133 7609,4490431,4,
Carla Meléndez Vega,Carlavega155@viajes.cl,n32opYfgmIoV6Q6g,carla528680,+56 2 5206 3221,13383576,8,
Sta. Marco Antonio Granados Pantoja,Sta.pantoja641@viajes.cl,h6ArR35qc6,stmaangrpa846,+56 9 3498 8963,24261150,0,
Elsa Munguía Villaseñor,,O13WtnCGLMei,elmuvi847,+56 2 9063 1563,28980564,8,20583
Benjamín Vázquez Ferrer,beváfe523@edubus.cal,tL8hE17K85tnM,Benjamínferrer647,+56 9 1277 7663,24558553,5,
Rafael Pérez Alcala,rapéal949@viajes.cl,Df4GQ0IFb,rafael4741297,+56 2 1146 5403,5331368,K,
Ester Godoy Marrero,ester2567245@outluc.com,2rx6TWDJEMmwH,ester3421385,+56 2 8328 6403,11963217,K,
Vicente Corral Jaramillo,vicente9770936@viajes.cl,2x6TeBX63ZW,Vicentejaramillo317,+56 9 8835 2324,12651944,3,
Sta. Jaime Razo Beltrán,stjarabe770@viajes.cl,6DacsK2r,Sta.beltrán410,+56 9 6196 1814,17437337,K,
Marco Antonio Gil Cantú,maangica654@viajes.cl,nyZNJeHo1c0,maangica434,+56 9 8484 7218,18961213,3,
Sra. Adriana Narváez Mora,,rBWdNw8DvY41sRbE,,+56 2 9171 3618,15553211,4,0
Conchita Gil Miramontes,conchita5857983@viajes.cl,CcaVve1bMlEt,Conchitamiramontes237,+56 2 8148 3946,1523841,0,
Jorge Padilla Burgos,jopabu104@viajes.cl,itD6XMKZ6mWRLpaV,jopabu603,+56 2 6412 9252,23557279,6,
Benito Espinoza Beltrán,,C5FobClwTRVe,beesbe945,+56 9 3325 8600,,,-7432
,Sta.verdugo741@viajes.cl,sICv7c0lgO,Sta.verdugo217,+56 9 9618 8780,10381835,4,
Cecilia Ortiz Rivero,ceorri698@viajes.cl,Qq8gewHmL6clCgP5,cecilia545388,+56 9 2784 0215,23714965,3,
,Sra.martínez127@viajes.cl,2KP4piZo7V9L,Sra.martínez906,+56 9 0750 8041,18499289,2,
Sra. Vicente Paz Véliz,,,sra.9134386,+56 2 4117 5058,23702052,9,0
Ignacio Ruelas Castro,ignacio7155850@viajes.cl,Zd2EWVhxxb,igruca685,+56 9 5315 0999,2467376,6,
Sra. Eduardo Alcala Tovar,sredalto390@outluc.com,y11YLwUEIN,sra.7782574,+56 9 3660 2332,24519556,7,
Rocio Carrasco Grijalva,Rociogrijalva411@viajes.cl,3gzzNm73Bo,rocagr434,,15220052,8,
,verónica9010861@viajes.cl,IAl36m3oKM,vesomo622,+56 9 2306 0086,,,
Sr. Natalia Centeno Castro,,,Sr.castro731,+56 9 4255 3228,19239552,6,18070
Lourdes Preciado Zaragoza,loprza635@tourket.com,WVboZ4P3dJWG,loprza341,+56 2 4043 5480,28658802,6,
Carlos Padrón Fierro,Carlosfierro146@viajes.cl,oEHs5UDw,capafi610,+56 9 0348 3014,9835735,1,
Sra. Estela Delvalle Romero,sresdero578@marmol.com,s3YebX5I,,+56 2 3015 3910,17087389,0,12304
José María Jiménez Arredondo,,RFTDU0j1mM9qx1,Joséarredondo330,+56 9 0456 3678,22153466,2,1880
María Cristina Urbina Vélez,maría8303241@tourket.com,,maría8237934,,18107483,3,0
,Sra.rodarte620@tourket.com,P2iebq2Lq,sra.213211,+56 2 4713 1014,13750869,9,-9598
María Luisa Herrera Casillas,,62XcpOw7Y,Maríacasillas210,,28218602,0,0
Ariadna Juárez Santillán,Ariadnasantillán182@viajes.cl,DKhCnqNAJgc1kh,arjusa646,+56 2 0239 8204,10254997,K,
Concepción Hernández Castellanos,coheca878@viajes.cl,RwvaeckYIS6ET7L6,coheca463,+56 2 4846 4717,28762106,K,
,raquel9137362@viajes.cl,50MUKQYp4cmuwwQz,Raquelcedillo619,+56 2 7293 9245,-3220289,6,
Ernesto Banda Solano,Ernestosolano658@tourket.com,D1E7Bp3O5,erbaso771,+56 2 4818 8016,1236417,2,
María Luisa Ponce Samaniego,maría574504@viajes.cl,F5HGpf8qco,Maríasamaniego562,+56 9 9932 3317,5566504,4,
Andrea Verduzco Aguilera,Andreaaguilera235@viajes.cl,,,+56 9 6626 5021,26736815,5,
Horacio Viera Reyna,,7KeoBnW7v5OfY,hovire369,+56 2 4956 1692,28330884,7,6197
Jorge Acevedo Toro,joacto132@viajes.cl,3Xp7PIuNTU0x,joacto877,,7627313,8,
Jorge Arreola Colón,joarco229@edubus.cal,lI3EmE54TnlqE,,+56 2 9866 7033,28046696,4,3625
Sta. Berta Ornelas Garza,sta.1409702@viajes.cl,Bc5reEM2UHms,sta.9317535,+56 2 8321 4073,9079601,1,
Sra. Beatriz Duarte Valles,srbeduva749@viajes.cl,,sra.9175611,+56 2 2986 4279,16578172,4,
Alicia Carrasco Ballesteros,alcaba134@viajesanma.com,JVmLVu9Rf5U,Aliciaballesteros896,+56 9 2480 6973,28194843,1,
Arturo Avilés Ayala,aravay153@edubus.cal,,arturo437291,,25470070,3,-25647
,dacasa855@viajesanma.com,X8UlvQ1hV,daniela9289482,+56 2 3074 5322,26860513,4,
Sra. Cristobal Rangel Hernandes,srcrrahe865@viajes.cl,Y5Fof8yKBj35,,+56 9 0818 9565,17265480,0,
Timoteo Alcaraz Ortega,Timoteoortega395@viajes.cl,beY4Ezaw,timoteo1601339,+56 2 9395 4463,27130636,9,
Bernardo Barajas Elizondo,Bernardoelizondo645@viajes.cl,V0TVmN6fF0akExT,bebael774,+56 2 4754 6352,-23750187,K,
Rafael Archuleta Rendón,,0inI0keT,raarre148,+56 2 4867 0833,2376890,9,680
María Luisa Lemus Feliciano,Maríafeliciano394@viajes.cl,nbh8DljE,Maríafeliciano951,+56 2 4366 8693,26417772,3,
Fernando Ocasio Lomeli,Fernandolomeli208@viajes.cl,GMe1sePygA3,Fernandolomeli357,+56 9 5585 1733,10055074,1,
Elena Gallegos Marrero,,o5obFSbhoc9o,elgama527,,20238214,2,
Sr. Roberto Arredondo Cuellar,srroarcu667@viajes.cl,38Ymwj1MfJ,sr.7589213,+56 2 4330 1524,24866010,4,
Claudio Meléndez Aragón,Claudioaragón524@viajes.cl,bBGmCzQYGNh1ku,claudio7091810,+56 9 6376 1640,17358951,4,
Sr. Javier Acevedo Ceja,,kfiBaUG9mL0m,sr.153621,+56 2 3589 0951,23744270,9,0
Beatriz Saucedo Carrasco,,qrUvM6Ef3cGLTT7E,,+56 2 9223 7911,7249530,6,
Gerardo Dueñas Ortiz,geduor743@viajes.cl,AGLBk3Kx5,gerardo3150665,+56 9 7435 0074,18415185,5,
Patricia Robles García,paroga838@viajes.cl,k4N7qpGq4mNTRVE,patricia324425,+56 2 6466 5630,13243558,8,
Rosa Malave Orosco,Rosaorosco800@viajes.cl,uAh8HVoukuIwHK0,romaor477,+56 9 5413 8051,4831046,K,
Beatriz Fuentes Esparza,beatriz7735309@viajes.cl,oPwhzp82W8bW,beatriz442905,+56 9 6173 2944,10263434,9,
Ester Delgadillo Trujillo,ester3534754@viajes.cl,,ester7967312,+56 9 5322 3426,11871811,9,
Marcos Sierra Peralta,Marcosperalta478@viajes.cl,N31RpqerXVQ,Marcosperalta470,+56 2 7299 9671,18623519,3,
Mariana Solís Serna,mariana1331643@edubus.cal,uO3ASMwU6x3z48,mariana331507,+56 2 4282 8714,,,0
Ignacio Farías Ordóñez,Ignacioordóñez826@viajes.cl,5dzkzkV0KNt,ignacio6396912,+56 9 1125 8771,18254056,0,
Rafael Bétancourt Maya,rabéma434@viajes.cl,BL1IkLQGU,rabéma609,+56 2 9068 5985,-9807911,4,
Horacio Rivero Lozada,horilo469@viajes.cl,T4gU4rpOFrV,horilo559,+56 9 1999 1333,25360381,K,
María Teresa Jiménez Baeza,matejiba709@viajes.cl,c4AtYRy38VNd,matejiba639,+56 9 0889 5018,18897700,6,
Julio Uribe Prieto,Julioprieto485@viajes.cl,8ti8A7HmCzT,julio2867715,,20804158,4,
Julia Munguía Colón,julia8270954@tourket.com,1pZY4p0a,julia873585,+56 2 4808 5090,24331115,2,6052
Rodrigo Valladares Cordero,,IXTp6joWPpIOON9,rodrigo4686905,,,,10602
Francisco Cintrón Berríos,francisco5086593@viajesanma.com,1YjjPAqWRUM,francisco7059445,+56 2 0472 3512,,,29119
José Eduardo Prado Soliz,josé8200764@outluc.com,Knz5Qt1J,,+56 9 0649 2497,4778655,K,0
Elena Hurtado Narváez,elhuna946@viajes.cl,157czVK3R,elhuna922,+56 9 7518 3682,15985119,2,
Teodoro Caraballo Martínez,tecama375@viajes.cl,,tecama270,+56 9 1457 2920,,,
Carlota Zaragoza Badillo,cazaba427@viajes.cl,8lnhK1NrCls48pFB,carlota7819921,,10574098,0,
Tomás Villareal Aguilera,toviag268@viajes.cl,x5zVQ4H8jH8I7,toviag523,+56 9 5593 5850,5926359,5,
José Eduardo Mares Zambrano,joedmaza372@viajes.cl,gx7fmNRUL,,+56 9 7375 8734,16335505,1,
Irene Jasso Vázquez,irjavá534@viajes.cl,I0sTPUmA7SigXHy,irjavá521,+56 2 4935 0585,511062,9,
Antonia Camacho Ferrer,Antoniaferrer521@marmol.com,Cyu9pcwaKe5QB,antonia1948407,+56 2 5720 4205,,,14084
Sta. Jesús Nieves Pelayo,sta.8501502@viajes.cl,MV9HktYi3B1Fw,stjenipe274,+56 2 5196 6669,28340287,8,
Carolina Valle Narváez,Carolinanarváez993@marmol.com,mjg37IgM3dLol,,+56 9 4830 6525,25903949,5,-272
Sta. Fernando Treviño Delafuente,stfetrde316@viajes.cl,NAlp8d1U74n5,Sta.delafuente908,+56 9 2818 2368,23497280,4,
José Balderas Lerma,josé4978470@viajes.cl,e4x1yHGE,josé5307430,+56 9 9755 5398,25786553,3,
,nopeal105@viajes.cl,,norma1752993,+56 9 3318 9542,19731693,4,
Miguel Ángel Saldivar Abeyta,,KL6ZXhXRqh8,Miguelabeyta463,+56 2 2140 6417,5529669,3,3397
Ricardo Bernal Paredes,,Yioxr1j4yS,Ricardoparedes176,+56 9 4439 6243,-4011442,4,8385
Ana María Bermúdez Arreola,anmabear207@viajes.cl,S9dqzw4WHvkK0,ana9644321,+56 9 7835 4584,3866137,K,
Alejandro Nava Niño,alejandro3541653@viajes.cl,sE0Lcc3pbh,alnani131,+56 2 1200 0241,16174924,9,
Sr. Elsa Sauceda Delao,srelsade932@edubus.cal,4TgJgaI3y,,+56 9 5944 2079,18823473,9,5505
Juan Valdés Velásquez,juan7056592@viajesanma.com,JgrD1rq5rPFVwb,Juanvelásquez593,+56 9 3040 9663,,,0
Mariana Dueñas Valverde,mariana3010734@outluc.com,NUsud8n6iSPm,,+56 2 5953 2807,16612056,K,-3419
María Soledad Benavídez Alonzo,Maríaalonzo778@viajes.cl,65HNBMxZMGEx,maría5122681,+56 2 6477 7154,22755405,3,
Antonio Gamez Alonso,angaal636@viajes.cl,8jSOYRPShiPv,angaal754,+56 9 2511 4346,9087740,2,
Arturo Abreu Maldonado,arabma748@viajes.cl,mzSbc7Cz,arturo2234910,+56 9 4338 7773,13255835,3,
,lumigadu309@viajes.cl,luxEAFb91q21,Luisduarte540,+56 2 4083 3114,6563630,1,
Ángela Alba Barreto,ánalba346@viajes.cl,ug8LnDDEZaQbreFV,ánalba808,+56 2 8627 1322,6945144,6,
Sta. Soledad Cuellar Terán,,ZjqXNda5,stsocute436,+56 9 1250 1069,27169897,6,
Virginia Fernández Terrazas,,YrIqci0txX,vifete807,+56 9 0895 9282,-18396463,1,18364
,Esperanzazapata304@viajes.cl,0aGrMoLGH,esperanza1138778,+56 9 2258 1271,19888012,4,
Francisca Páez Véliz,francisca1636647@edubus.cal,iJoAvtO7BHoWZZ,frpávé187,+56 9 4582 6808,9946318,K,-4400
Reina Jiménez Alcala,rejial539@viajes.cl,C7wi4HEv,rejial112,+56 9 0601 5884,16393226,1,
Sra. Virginia Carrillo Marín,sra.2260743@marmol.com,wJwF0dZNaQ42w,sra.1260671,+56 2 1626 5031,2392533,8,20075
Andrea Centeno Posada,Andreaposada220@outluc.com,QSQdhab6,andrea4949827,+56 2 3140 8466,18026451,5,6988
Alejandro Nava Serrato,Alejandroserrato929@viajes.cl,ge4TrN4CGV1Z7PfW,Alejandroserrato393,+56 9 4093 7728,4129216,4,
Sara Canales Casas,,9Y2kPRDRlMTz,sara9369760,+56 9 6657 4455,25543697,K,8946
Benito Rodríquez Saucedo,,FG0doTsQDig6d6k,benito6819355,+56 2 2754 0862,-14726749,5,2906
Laura Sisneros Guerrero,laura4786649@viajes.cl,waqY4Pvn7,laura8915498,+56 2 2935 6146,-24428162,1,
Claudio Gaona Rincón,clgari266@viajes.cl,30DGTJuhY3SFJka,claudio3165248,+56 2 3418 5869,1039789,8,
María José Zúñiga Samaniego,majozúsa208@viajes.cl,59Wm3avlFe3nmM,majozúsa995,+56 2 3544 5410,17328000,9,
Pedro Valles Delafuente,pevade874@viajes.cl,VN7oOPAOVH0H,,+56 9 5222 8912,7284018,6,
Sr. Manuela Garza Laureano,,2i3EFUkGY,Sr.laureano564,+56 2 7616 9227,24826420,9,
Ramiro Briseño Mercado,Ramiromercado584@marmol.com,3A8MlS1icw4UK,Ramiromercado108,+56 2 2228 9907,5895667,8,
Sra. Diego Ordóñez Chavarría,srdiorch725@viajes.cl,f0YJpFd7aK98,Sra.chavarría905,+56 2 0012 9420,13286020,3,
Jesús Garica Corral,,zYIoDiJSJ9m21,jesús6406739,+56 2 9350 0042,24677066,2,7648
Cristobal Pacheco Armas,crpaar994@marmol.com,5xSDgPSuGX6,crpaar403,+56 2 2411 8326,24888568,8,-9647
Blanca Partida Vigil,blpavi311@edubus.cal,kO9uS01eijK3bQTQ,blanca4081402,+56 9 1337 2591,15335081,7,-12795
Alejandra Rascón Murillo,Alejandramurillo755@viajes.cl,FmEfRMuT2I0,alejandra9062594,+56 2 0526 9656,14238587,2,
,,Z0I4o9ICFoj64iL,bezaco592,+56 2 8316 1805,12213607,8,4077
Sra. Fernando Gaona Gamboa,,cfXQ5wNQkjC83wa,sra.8474676,+56 2 7236 4302,19601312,1,20324
,sradcatr480@viajes.cl,0uoN0sMJxxTq3,sra.3333331,+56 2 9035 4681,7106661,4,
Joaquín Cantú Cedillo,Joaquíncedillo429@outluc.com,,jocace814,+56 2 8132 4785,,,11511
Julio Chapa Alva,Julioalva805@tourket.com,dIyhp7G9FXxR,julio7612202,+56 2 3096 9134,12929070,6,
Timoteo Vázquez Godoy,Timoteogodoy576@viajes.cl,Luso05tymHv,tivágo654,+56 9 0370 6449,2573701,6,
Sra. Rosalia Bétancourt Madrid,Sra.madrid758@viajes.cl,5e5KDtrmfotTQMl,srrobéma845,+56 9 1846 1056,,,
Sra. Francisco Vargas Parra,Sra.parra695@edubus.cal,EOywyKv1SofB,srfrvapa188,+56 2 6662 4636,17948810,8,
Ana María Ojeda Guerra,,LS6G7pUDML,anmaojgu640,+56 9 5078 0355,5604760,3,-8061
Elisa Zayas Baeza,elzaba132@tourket.com,LtLAXkYQ2,,+56 9 1378 3078,22953624,9,1855
Ernesto Mena Sanabria,Ernestosanabria252@viajes.cl,,ernesto4435816,+56 2 2388 3746,1576688,3,
Carla Parra Osorio,carla9165221@viajesanma.com,Gx6hrZMt,,+56 2 8491 9143,4042847,K,4216
Dorotea Quiñones Bétancourt,Doroteabétancourt155@viajes.cl,D5mcLBcDeIKkb67x,dorotea4689756,+56 9 0661 1203,3822423,9,
,Isabelvilla789@viajes.cl,bz4XhZrn8s7rqTx,Isabelvilla324,+56 2 7456 4601,25644092,K,
Benito Loya Valverde,Benitovalverde826@viajes.cl,6nX2kQNZkAQYFcIw,benito4279631,+56 9 3828 3092,,,
Felipe Peralta Caraballo,Felipecaraballo409@wass.com,Ht8a4m1juDA8Yv8c,felipe7978241,+56 9 4619 7695,21122541,6,
Daniel Linares Ayala,Danielayala169@viajes.cl,u8DxyNYGE,,+56 2 6131 9741,-1250721,6,
José Eduardo Sepúlveda Bañuelos,Josébañuelos691@viajes.cl,jQCxc2xZ,Josébañuelos605,+56 9 3934 5266,15831353,7,
Sr. Arturo Chávez Mesa,srarchme180@edubus.cal,Sb3ITz527UkcH,srarchme365,+56 9 1723 2804,18057590,1,-6503
Sta. María Eugenia Jurado Espinal,stmaeujues659@marmol.com,,stmaeujues353,,20086856,0,
María Elena Camacho Crespo,Maríacrespo351@viajes.cl,xTpcfg0aBvFjE2,maría2158204,+56 2 5146 1086,4683453,4,
Víctor Carrera Paz,Víctorpaz903@viajes.cl,6wvT9570lx5Cv,Víctorpaz210,+56 9 0439 0200,26321216,9,
Eduardo Varela Carrion,Eduardocarrion243@viajes.cl,2vMRM2Gl,eduardo5109176,+56 2 1090 1511,9117212,7,
Felipe Saiz Tijerina,Felipetijerina684@viajes.cl,gffEWi9T,felipe7754953,+56 2 7419 4625,17873684,1,
Adela Polanco Lugo,Adelalugo832@viajes.cl,eYsVIStui07lv,Adelalugo321,+56 9 8108 3794,25543500,0,
Sr. Cecilia Farías Romo,,aFzuDKy4N5qw3Bd8,srcefaro906,+56 9 8845 7081,6919868,6,
Sta. Rosa Barragán Reyes,strobare631@viajesanma.com,YZKjbV4EKnm81,,+56 9 2422 0344,10535784,2,4824
Gustavo Murillo Gómez,gumugó870@outluc.com,EMLT16XNwzpevPeV,,+56 2 7782 9811,13802871,2,0
Yolanda Rolón Maestas,yolanda4808953@viajes.cl,MhwqrtG2o8,yoroma629,+56 9 5216 6274,12825550,8,
,,UngodrE6MT,maría362881,+56 9 7183 8900,20805324,8,3168
Micaela Gallardo Rangel,migara979@viajes.cl,xWt0k8Cl3aESy6X,Micaelarangel671,+56 2 7830 4704,29929457,9,
Sra. Agustín Serrano Mateo,,2vhtzv8GteM,sragsema394,,8877728,K,
,liágmi129@viajes.cl,79UbN67fIpZUCRw9,Liliamiramontes519,+56 2 5244 3780,565209,K,
Martín Ozuna Rascón,,Qk10XTD1LWrvfeC,,+56 9 4543 9649,2482081,5,7949
Elena Villegas Almonte,elena8119346@viajes.cl,RGju4r8cF,elena7872403,+56 9 7127 3141,24337263,1,
Guillermina Benavides Cardona,gubeca477@outluc.com,0k0IntVFU,guillermina2413646,+56 2 0944 7411,,,17865
Sra. Nicolás Solís Lucio,srnisolu819@viajes.cl,2MLfs1AL4cUQo,Sra.lucio982,+56 9 1982 5997,4584234,7,
Yolanda Garay Saldaña,Yolandasaldaña566@viajes.cl,HCEg9yp1QKvSE,yolanda2799960,+56 2 4761 5615,11620727,3,
Sr. Gloria Domínquez Tirado,Sr.tirado913@outluc.com,xcOaWS72qo2bXP94,srgldoti200,+56 2 1269 1976,27544683,1,-11868
María Eugenia Toro Cerda,maeutoce309@viajes.cl,,maría4693913,+56 2 7638 0176,17754685,2,
Sta. Antonio Zaragoza Valdés,sta.5063904@viajes.cl,f3HAq7f75SK,Sta.valdés627,+56 9 4544 1837,9060374,4,
Cristobal Ramón Esquivel,,fepbuzix1qZR8,cristobal7240868,+56 9 4912 5575,28605594,K,
Mayte Cortez Lemus,mayte2420464@viajes.cl,koHvd027sfXEQ67y,mayte2713273,+56 2 5305 9827,-10530276,2,
Marcela Pelayo Chavarría,mapech560@viajes.cl,d8tXN6A17iZvaHe,mapech902,+56 2 0773 2732,18965695,5,
Germán Villegas Suárez,Germánsuárez277@viajes.cl,wFaf2ZiBSuvB51C,gevisu798,+56 2 1270 2856,12431816,5,
Armando Rosas Quezada,,cVODGzSmAS7x96os,arroqu963,+56 9 1087 1568,,,
Mariano Jurado Delgado,majude480@viajes.cl,TRjC0rW6F9U,Marianodelgado808,,16747172,2,
Homero Canales Cedillo,hocace205@viajesanma.com,IKidmrG4,,,6029984,6,-4386
Luis Carrera Vera,Luisvera478@viajes.cl,gLPPkiN4C9VmCdWL,Luisvera628,+56 9 9481 0628,17424026,4,
Gloria Arreola Elizondo,Gloriaelizondo242@wass.com,2gTJG7fb,gloria1140325,+56 2 8185 2241,17728010,0,
Lilia Jáquez Campos,lijáca667@viajes.cl,EC4WLmAoMjBgt,Liliacampos214,+56 2 2142 6428,11372414,5,
Carla Vigil Espino,Carlaespino737@viajesanma.com,C3zGRc5WmJbVp8Y,cavies386,+56 2 5865 1276,,,12509
Sr. Concepción Montero Marrero,Sr.marrero675@wass.com,Cb7dY8jkOqTY,sr.1863151,+56 9 5118 2137,10262807,1,-10348
,cecilia2200858@tourket.com,0i7JdJ79rD,cecilia5268114,+56 2 9655 4298,5459949,8,0
Cristobal Carreón Tijerina,cristobal9956481@viajes.cl,HvwmLDO9V,Cristobaltijerina651,+56 2 5445 3865,21533520,8,
Clara Rodarte Cortez,clroco956@viajes.cl,qpfmLGTl6,Claracortez395,+56 2 7080 2242,8337764,K,
Guillermina Cuellar Aguirre,gucuag705@viajesanma.com,B7cVJFnZ,Guillerminaaguirre821,+56 2 9543 5719,20063030,0,
Silvia Parra Santacruz,Silviasantacruz103@viajes.cl,UElsjFTkhu2L,silvia4750813,+56 9 9397 5916,28115789,2,
Patricia Laboy Gallegos,palaga859@edubus.cal,4b9n9rKcI,palaga443,,20097467,0,15841
Guillermina Rivera Bahena,guriba604@viajes.cl,mjc1GLvWNoeQRGkg,Guillerminabahena179,+56 2 0586 7938,15891432,8,
Sra. Alejandro Briseño Bueno,sralbrbu612@viajes.cl,5qzmS2x0k,Sra.bueno259,+56 2 7748 5698,9929923,1,
Gerardo Herrera Zepeda,geheze803@viajes.cl,Na86M5w3fibjRrS,gerardo5254797,+56 2 0735 9939,8037845,9,
Arturo Padilla Núñez,,8MGs3Sc7M1s,arturo7608275,,-10511508,3,
Micaela Jaime Águilar,micaela3633872@viajes.cl,4OYrEff7XcDpc1M,micaela9204364,,26344475,2,
Mariano Gracia Garibay,magrga513@tourket.com,,magrga120,+56 2 5583 4345,4091624,5,
María Águilar Agosto,maría4032410@viajes.cl,L2unaMe2v,Maríaagosto934,+56 2 1922 0639,14249066,8,
Miguel Ángel Bermúdez Ortiz,Miguelortiz381@viajesanma.com,pzv6hc0S28EI7g,miguel8917328,+56 9 2682 8516,12268349,4,
Ramiro Yáñez Suárez,Ramirosuárez505@viajes.cl,AgM6Y5IcC2,Ramirosuárez342,+56 2 7115 2128,22776678,6,
,gloria1758391@edubus.cal,3WpwdhHRT4,Gloriarocha220,+56 2 9849 3371,23751764,4,
Julio César Pedraza Vergara,julio8207159@viajes.cl,AqIPTr514x3F,,+56 2 8310 9101,15079270,3,
Jerónimo Cornejo Cintrón,jecoci520@viajes.cl,IIEidi9IlG,jerónimo986154,+56 2 8730 6320,20060573,K,
Rebeca Cintrón Sotelo,reciso597@viajes.cl,HlTkPEAru7yNF1n4,Rebecasotelo403,+56 2 1152 2742,13416360,7,
Adela Carrasco Segovia,Adelasegovia884@viajes.cl,RpXsgWlrS5k4qPkk,adcase412,+56 2 5293 8242,25090040,6,
María Cristina Patiño Linares,Maríalinares370@outluc.com,GX78go0SPNZK,macrpali119,+56 2 1604 9560,14461628,6,0
César Delarosa Armijo,,mlO4KNkG0642Ha,césar7838188,+56 2 6313 8994,-13549788,6,0
Joaquín Ochoa Ledesma,joocle772@viajes.cl,HuS2ZRp0Vl,joocle822,+56 9 8338 2912,24080243,0,
Concepción Díaz Hidalgo,Concepciónhidalgo107@viajes.cl,ky8KT10U4wNLvCMO,concepción536345,+56 9 9662 8804,28719929,5,
Norma Cardenas Cisneros,norma6125104@viajes.cl,qFtKbOHG8Qsei8q,nocaci484,+56 9 3896 1789,28422443,4,
Sr. Octavio Hurtado Valle,,g3WEM5mb7O,srochuva748,+56 9 0763 1762,11808339,3,0
Claudia Palomino Ramón,Claudiaramón184@edubus.cal,BWd3SfUFfu,,+56 2 4369 4134,9513370,3,0
Mariano Hinojosa Campos,mariano1977753@edubus.cal,X4bmosUa,mariano1700229,+56 9 4212 1511,,,0
Sra. Susana Cabrera Vallejo,,x9PHPbc3,sra.6388781,+56 9 7663 4235,3082606,K,7627
Jaime Guevara Pantoja,jaime9567571@viajes.cl,jnx8Jh0MtfG,jagupa493,+56 2 1075 7764,14593418,4,
Gustavo León Sáenz,gulesá471@tourket.com,8HthDfeaLjbi38St,Gustavosáenz757,+56 2 3230 0867,19815799,6,15092
Jesús Ayala Amador,jesús102436@viajes.cl,EBzxOYmkuAfnTo08,jesús5817377,+56 9 2665 6520,1617059,3,
Julia Palacios Leal,Julialeal136@wass.com,f0Ap45MwQUx,,+56 9 9856 2328,14271476,0,-1690
Jorge Luis Jáquez Valencia,jorge3732696@viajes.cl,SEhoELc3h,jolujáva278,+56 2 9826 2382,23814986,K,
Santiago Granados Castellanos,sagrca240@viajes.cl,CEIDDfm2i,Santiagocastellanos547,+56 9 8144 4155,2669188,5,
Pedro Juárez Salazar,pejusa630@edubus.cal,nJBY1jSyuTxB3,pejusa840,,1516678,9,2272
Diana Longoria Maya,Dianamaya142@viajesanma.com,UBiwHS4pqk5E,,+56 2 3666 0847,14811390,4,8670
César Cardona Carrera,,W1aLJbxxx,cécaca792,+56 9 3774 3251,28643896,2,
Germán Rubio Laureano,germán1669314@outluc.com,6S5JlHbw2PrJ,germán6751921,+56 9 0757 2174,-20322011,1,1000
Julio Gastélum Verdugo,,9DzLhB35MRB3,jugave647,+56 2 7832 2003,23437823,6,0
Sr. Luz Amador Lomeli,srluamlo450@viajes.cl,avQMZBh4fq7uJOn,sr.1912467,+56 9 2819 8763,21740940,3,
Claudia Juárez Carranza,Claudiacarranza110@marmol.com,Fzw15U7TpMD,,,22985520,4,6696
Sra. Jorge Luis Bueno Aguirre,srjolubuag388@viajes.cl,arJyLgL6VkM,,+56 2 3362 5821,10702947,8,
María del Carmen Saldivar Rosario,Maríarosario348@marmol.com,uiUMeG9qtpa,madecasaro944,+56 2 6031 6050,,,0
Sta. Rafael Ceja Montez,stracemo760@viajes.cl,23yeDMi8ciSHXV,Sta.montez359,+56 2 8187 2199,22584625,1,
Sr. Verónica Franco Aparicio,srvefrap151@viajes.cl,G5TQhjeVpZ9a,Sr.aparicio926,+56 2 8204 0014,-2443671,3,
Conchita Gutiérrez Valadez,,BHD5XfILb,Conchitavaladez676,+56 9 2324 8428,26385621,K,17921
Sra. Anita Núñez Vargas,sra.206109@viajes.cl,HBq0XdKRmb4u,sra.190884,+56 2 9393 7305,-22522587,7,
,,WO81A3VUj,rosario7606135,+56 2 2992 1733,14859504,6,
Guadalupe Araña Sáenz,guarsá983@outluc.com,DyR6qGLqe,Guadalupesáenz221,+56 9 0569 0056,,,3023
Gustavo Armijo Aparicio,gustavo9812480@outluc.com,w01S5Pzaa,,+56 9 6600 7033,26505809,4,9033
Mariano Figueroa Treviño,mafitr540@viajes.cl,B3wqLzVe,Marianotreviño620,+56 9 9085 1690,4795643,9,
Pedro Figueroa Lugo,Pedrolugo488@viajes.cl,86y9ngPDdTL,pedro6925526,+56 9 9882 2366,19846599,2,
Sr. Manuela Monroy León,srmamole442@marmol.com,,srmamole937,+56 9 4767 6459,,,0
Jesús Ávila Villaseñor,jesús317144@viajes.cl,wV1r7mXL83,,+56 2 9088 1019,9775805,0,
Sta. José Emilio Ponce Salazar,sta.7698525@viajes.cl,v3JLWutL,Sta.salazar834,+56 2 5580 4971,4083632,2,
Esperanza López Atencio,Esperanzaatencio335@viajes.cl,qYy92xHJG,eslóat700,,19883037,2,
Olivia Mojica Villanueva,,nvyL6AOm5No6gg,olmovi193,+56 2 6771 6011,17803043,4,12200
Olivia Muñoz Olivárez,olivia854628@viajes.cl,2BLuYD6D2,Oliviaolivárez395,+56 9 9383 6439,25353542,3,
Estela Jasso Valverde,estela8247925@wass.com,WbxJVfevOex3Tnv,esjava228,+56 2 3792 2910,8016680,K,
Claudio Sanabria Cantú,Claudiocantú636@viajes.cl,MipFRwZS4vuG5xk1,clsaca705,+56 9 5220 3627,13134094,K,
Agustín Carranza Aparicio,agustín4513914@viajes.cl,a9a239Jco29i2J,agcaap463,+56 9 5623 4988,19517400,8,
Sr. Inés Ybarra Quezada,Sr.quezada287@outluc.com,dpgG9vfkeW2NW,,+56 2 9362 9673,,,24323
Patricio Vallejo Cerda,Patriciocerda695@viajes.cl,PztOVi4f,patricio8130131,+56 9 2802 0104,25793350,4,
Cristobal Regalado Iglesias,crreig672@edubus.cal,pAvH9gJqmo5mvXZ,Cristobaliglesias148,+56 2 0134 4638,13159842,4,2670
Sra. Verónica Chapa Robles,sra.2941122@viajes.cl,IaAkFWaH6P,srvechro247,+56 2 4421 8441,758188,2,
María Cristina Parra Echevarría,macrpaec684@viajes.cl,G27WiXOFw1DC,maría5286872,+56 9 7233 4666,20042813,7,
Alejandra Sepúlveda Castañeda,Alejandracastañeda163@tourket.com,fRY7PC4fy9DYw,Alejandracastañeda749,+56 2 2596 1407,,,0
Lola Villa Jaramillo,lola1297974@outluc.com,VpSR1H0rD3LyewaU,Lolajaramillo396,+56 9 6422 3456,11276838,6,4604
Bernardo Nava Cornejo,benaco350@edubus.cal,Dxt9h5pIccbGhjO,Bernardocornejo996,+56 9 7702 0599,7763373,1,
Jorge Patiño de Jesús,jopadeje955@viajes.cl,Xvc990NaRN8I4u,Jorgejesús764,+56 2 6472 5849,27133514,8,
Martín Estrada Palomino,maespa877@viajes.cl,1DQX2VAwcYTx,martín4635829,+56 2 9785 6628,14363616,K,
Sta. Blanca Cornejo Alfaro,Sta.alfaro534@wass.com,q1GIr6yTTkvdXp,,+56 9 4060 1703,-22996616,2,0
Luz Sarabia Navarrete,lusana316@viajes.cl,C31X4SB5Iu1Lwpka,Luznavarrete770,+56 9 9802 4659,-5821441,8,
María Luisa Ontiveros Castro,Maríacastro464@viajes.cl,47DkP48LV2yZDpa6,maría3884936,+56 2 3098 5377,23600268,3,
Germán Castro Vergara,gecave859@viajes.cl,u5mI7fsRyd0YfYQ,,+56 9 6398 3804,23941421,4,
Sr. Marta Arredondo Avilés,,ske0OYEjU3ULyl,sr.6227609,+56 9 0752 3313,10757280,5,0
Sta. María Eugenia Cotto Zamora,,fS7tYCtEC,sta.4000810,+56 9 9261 2365,-10375221,3,3177
Leonor Lara Villaseñor,leonor984854@edubus.cal,lfa3C4mV,lelavi146,+56 2 0592 4886,,,8618
Olivia Torres Partida,,r94H8aJ7ooQ6,oltopa684,+56 9 1070 8072,1947947,1,0
Silvia Torres Fuentes,Silviafuentes965@viajes.cl,270qopEaYxuK,sitofu340,+56 2 3727 4180,1042383,K,
,Sr.acevedo879@edubus.cal,,srmaelluac955,+56 9 5933 6014,25556082,4,-3126
Guillermina Nevárez Prado,Guillerminaprado737@viajes.cl,ndIE9Junyd6,guillermina9246810,+56 2 0932 2563,13599858,3,
Elsa Montalvo Hernández,elmohe748@viajes.cl,c1iReqFV6y,,+56 9 2548 4521,6714559,3,
Alejandro Matos Barela,alejandro481955@edubus.cal,n3FhJKAQ,Alejandrobarela135,+56 9 5367 0156,29101283,3,-23055
Jerónimo Duarte Rosas,,PLMpMokJhuanV43,jeduro923,+56 9 1113 4363,10956242,4,1398
Teodoro Villarreal Duran,teodoro5107494@tourket.com,oyNT5usyE2e4zMOB,tevidu212,+56 2 6739 9810,8336176,K,
Carolina Cantú Ocampo,carolina833891@viajesanma.com,okY2ZaFcu1mpwN,cacaoc880,,18990086,4,-7222
Isabel Zapata Ramírez,iszara805@viajes.cl,trORn03EgWvENn,isabel9285288,+56 9 0693 6939,6286115,0,
Carlos Ceja Sedillo,Carlossedillo934@tourket.com,g3W6Uk0Z,Carlossedillo641,+56 9 8013 8289,,,8640
Sr. Rafael Almonte Ontiveros,Sr.ontiveros551@edubus.cal,Vi9xnL0hj6ks,,,,,0
Adán Camarillo Rosario,,,Adánrosario617,+56 9 1006 4994,14385842,1,-3290
Sr. José Luis Merino Villalobos,Sr.villalobos396@viajes.cl,1Xy0MPKs,Sr.villalobos819,+56 9 4430 1894,,,
Leticia Campos Delarosa,Leticiadelarosa551@viajes.cl,9lkSQJpJQzcjQq,lecade381,+56 2 3326 0671,9517700,K,
Sta. Miguel Bahena Carrasco,sta.2314178@marmol.com,oKMVB5VxZ,stmibaca371,+56 9 7231 5193,4645707,2,
Sr. Rodrigo Elizondo Solís,,Oc0g5vHg3Qqh0,sr.7567441,+56 9 4308 9338,9648468,2,
Vicente Ocampo Delgadillo,Vicentedelgadillo488@edubus.cal,,Vicentedelgadillo601,,27754094,0,5508
Ariadna Santana Villegas,arsavi194@viajes.cl,uYIPaHcULi5XLDv,ariadna3726656,+56 2 7745 6403,28276189,0,
Pablo Adame Leal,Pabloleal393@viajes.cl,4WQppZNdz34,paadle122,+56 2 6284 9384,13510908,8,
Antonia Gurule Romo,antonia4933537@viajes.cl,LlAp5YWick,Antoniaromo212,+56 2 4621 3231,20937179,0,
Marco Antonio Guerra Colón,maanguco758@tourket.com,peCji1LP,Marcocolón603,+56 9 8904 9564,29338415,0,
Sra. Emilio Razo Ramírez,sra.6306248@viajes.cl,Rypniqzhl3,sremrara123,+56 2 3485 9691,5580714,0,
Lorena Maya Torres,lomato408@viajes.cl,1bxkWntkGwf0k,lomato300,,29372101,7,
Víctor Esquibel Alonso,víctor2838763@viajesanma.com,OFSnoHgZep6jBq,víctor6026900,+56 2 6353 3817,4951303,8,
Sra. Inés Maestas Ceballos,Sra.ceballos715@viajes.cl,weSfbhYrYc5x4EFm,srinmace672,+56 2 2835 8060,18102751,7,
Ricardo Rubio Benavides,Ricardobenavides196@edubus.cal,Wc4mTMQFI,Ricardobenavides118,+56 2 7363 7047,,,0
Sr. Dolores Padilla Castañeda,Sr.castañeda350@viajes.cl,8Jl2NafoySPAs,sr.2080155,+56 2 8664 7716,4353225,1,
Lucas Cotto Trujillo,Lucastrujillo461@viajes.cl,kP5oLbmwPpxzIh79,lucotr822,+56 9 6495 3491,26773155,1,
Claudia Vanegas Candelaria,clvaca445@viajes.cl,z4QI3ONI,Claudiacandelaria502,+56 2 2138 0644,15171906,6,
Ignacio Delafuente Díaz,igdedí215@viajes.cl,,,+56 2 9166 5186,18495145,2,
Sta. Ángela Abrego Quintanilla,Sta.quintanilla829@viajes.cl,e8RYNYp1iS,sta.9955790,+56 2 7113 8788,5601185,4,
Rafael Alicea Valenzuela,,1l2SAqviGtzK,Rafaelvalenzuela881,+56 9 4171 0226,15920092,2,
Sta. Fernando Cavazos Altamirano,sta.2691341@tourket.com,Y4hTbT0ZF,Sta.altamirano141,+56 2 6845 0392,23028641,8,
José María Quezada Rendón,josé2853454@outluc.com,,jomaqure439,+56 2 2982 5689,2617524,0,6488
Norma Valverde Godoy,norma6082581@viajes.cl,aVQ92YtnNuVf5,,+56 2 1530 3124,29087313,4,
Guillermina Tejeda Alejandro,guillermina1246187@tourket.com,q5whrCfNTCSh7,,+56 9 4143 3567,11712010,4,7113
Conchita Archuleta Rodríquez,coarro408@viajes.cl,5EiEkxI5Pg7Lh,Conchitarodríquez335,+56 9 5492 0464,21392962,3,
Sra. Carla Vigil Carvajal,sra.5855316@edubus.cal,dutXBBm5yS,,,14802110,4,12567
Francisco Delagarza Ibarra,francisco1743593@viajes.cl,,frdeib814,,19903682,3,
Sancho Narváez Bonilla,,PCRn92iC3xx,Sanchobonilla949,+56 9 8518 6213,27032589,0,
Sta. Elvira Alarcón Mojica,,y4iqL30wDuV,stelalmo573,,4715876,1,
Sra. Marta Barrios Regalado,srmabare460@viajes.cl,cG3J9STnxxWrL,srmabare513,+56 9 5282 5842,5999311,9,
Francisco Contreras Corrales,Franciscocorrales261@viajes.cl,VSBap81muNo,frcoco609,+56 2 4002 5768,13115688,K,
Samuel Roque Almonte,Samuelalmonte447@tourket.com,CEt7NJrof8,,+56 9 0027 2873,17889262,2,11804
Lorenzo Palomo Carrasquillo,Lorenzocarrasquillo383@marmol.com,,lorenzo854675,+56 2 9179 8933,24659674,3,
Guillermo Saavedra Bernal,,uGkbB1Lza,,+56 9 4509 0702,,,
Amalia Almaraz Quiñónez,amalqu651@viajes.cl,asA8Jh237AV,Amaliaquiñónez158,+56 9 9098 1960,13343062,8,
Carlota Gutiérrez Gutiérrez,,uJ2QuXAag2,cagugu110,+56 2 0201 8532,27183144,7,
Patricia Parra Patiño,Patriciapatiño439@viajes.cl,GTgEX3jFWI5y,patricia7525904,+56 2 4727 5222,17364585,6,
Ignacio Esparza Ferrer,,u0ltanMX1TiV,igesfe877,+56 2 0120 5747,11647094,2,
Raúl Tello Zayas,Raúlzayas172@viajes.cl,6Qe0FHliOQd,rateza466,+56 9 4702 3820,3115701,3,
Rafael Nieves Meza,,RhOcki8WX8GWlPT,Rafaelmeza219,+56 9 9378 6125,23937659,2,3612
Estela Macías Ibarra,estela7516998@edubus.cal,liWU7vlUi1R,,+56 9 1248 7933,11831924,9,5355
Daniel Abeyta Carrasquillo,daabca985@viajes.cl,p2jSZ4n7yAttE2,daniel596962,+56 2 7838 8743,20879983,5,
Adán Armas Zarate,Adánzarate685@viajes.cl,r8bG1GsS9eLalG2P,adarza366,+56 9 9226 1451,-25014884,4,
Ramiro Sanabria Botello,Ramirobotello942@viajes.cl,tHE2raXUJvamraS,Ramirobotello118,+56 2 3871 1251,9463369,9,
Francisca Polanco Zepeda,Franciscazepeda453@viajesanma.com,5m1zi0HlKXWlA,,,,,0
Yolanda Narváez Hurtado,,761HwtEsu,yolanda8319270,+56 9 7239 6837,19859072,K,1148
Jacobo Hidalgo Trejo,Jacobotrejo682@viajes.cl,T6MKkmDf4SXZ,jacobo3216138,+56 2 2677 9706,12106648,3,
Gregorio Saiz Garrido,,ETCe9ThGnxD6,gregorio6584153,+56 9 9461 6239,8982561,K,
Ana Ozuna Salas,anozsa885@marmol.com,HMzRyWgIQaCh96da,anozsa451,+56 9 4947 2784,,,-2400
Verónica Jasso Corona,,3ldCWqhg07,Verónicacorona508,+56 2 1592 6511,9255928,9,
Elvira Sauceda Amaya,elsaam871@viajes.cl,Y82Vbpypp3YWi6,elvira1129498,+56 2 9615 1450,4326653,5,
Marisol Grijalva Melgar,Marisolmelgar751@wass.com,5qqybwrRAjAu4N2D,,+56 2 5202 8531,13038709,8,0
Sra. Daniel Alejandro Cortez,srdaalco692@viajes.cl,mQDuH2Ep,srdaalco462,+56 9 8565 6086,22629486,4,
Marco Antonio Muñiz Perales,marco8536482@viajesanma.com,ce5TQoLhk3RlHW,Marcoperales782,+56 2 0353 5973,6661293,7,
,victoria904873@viajes.cl,afRb1isnAm2yg83s,vipama836,+56 9 7445 4597,1334207,5,
José Caldera Cruz,jocacr192@viajes.cl,,jocacr277,+56 9 6617 4096,-29031104,7,
Débora Guevara Delacrúz,Déboradelacrúz982@viajes.cl,0cSNv6eyTWRfa9,Déboradelacrúz375,+56 2 5364 2867,18601735,8,
Gregorio Márquez Delatorre,grmáde153@viajes.cl,6haBloyc40lcBsHv,,+56 9 5385 0963,25845826,5,
Sta. Hugo Ocasio Galindo,Sta.galindo664@viajes.cl,KJRja7FjbmuvB,Sta.galindo126,+56 2 1903 2137,6988211,0,
Sr. Susana Estrada de Jesús,sr.4996449@viajes.cl,7n6wygdmG,sr.3591793,,18160686,K,
Joaquín Varela Arreola,joaquín1973311@viajes.cl,4FRESdd4VJ,jovaar339,+56 2 8333 9451,14884380,5,
Sta. Mariano Espinoza Madrigal,sta.1662174@viajes.cl,8ZvSApIf,sta.9361409,+56 9 4259 6098,17421025,K,
Daniel Mondragón Trejo,damotr290@viajes.cl,75WizlBRw,daniel7057110,+56 2 6545 2656,20307081,0,
Teresa Verdugo Barrera,teveba618@viajes.cl,z6jyVQcPWr,teveba654,+56 9 9813 5833,2123881,3,
María Cristina Centeno Alcaraz,maría1288820@viajes.cl,4bSm3dAlVTf,macrceal467,+56 9 1554 4349,22624194,9,
Raquel León Lira,Raquellira938@viajes.cl,Us27bKiP,raquel6732889,+56 9 2008 6063,17671014,4,
Sta. Isabela Delatorre Contreras,Sta.contreras629@viajes.cl,CE3vfb3UCtbDp,Sta.contreras376,,9897096,7,
Raquel Jurado Raya,Raquelraya170@viajes.cl,L64nJMVYzzrMA,raquel7195720,+56 9 6527 8780,19111066,8,
Sr. Irene Tamez Valencia,Sr.valencia152@viajes.cl,QI6VAfjI6Qy8,Sr.valencia525,+56 9 4666 3871,1924214,5,
Diego Apodaca Lerma,diego5122419@outluc.com,E3LucGwwfG9Mh,,+56 2 1288 1282,1978364,2,17656
Julia Almanza Iglesias,jualig422@tourket.com,1xmYApLBlYfaU,,+56 2 3602 9314,18392384,6,14915
Natalia Serna Aguayo,naseag466@viajes.cl,T7NoW6jcPZtR73xf,natalia6993492,+56 2 3665 9809,15092405,7,
,josé4375225@viajes.cl,7pIFBHvbA,Joséleyva916,+56 2 7248 9902,6942040,0,
Verónica Rascón Calderón,veraca429@viajes.cl,3dvt13082sMDaBEa,verónica8454916,+56 9 9566 4766,25880403,1,
Pilar Orellana Velasco,Pilarvelasco414@viajesanma.com,QzU58lpohTPYeK8H,pilar6489675,+56 2 7910 8267,29954537,7,8361
Sra. Homero Garibay Gollum,Sra.gollum563@outluc.com,92sZ1NWeYje,Sra.gollum306,+56 9 2815 5270,,,0
Sta. Arturo Merino Castañeda,starmeca579@viajes.cl,utu8osZAXWK,sta.2793625,,2185074,8,
Andrés Colón Robledo,ancoro565@wass.com,rBp9k30Q,ancoro171,,,,11959
Ángela Saavedra Benítez,Ángelabenítez207@viajes.cl,uwr9i1Si2MN989d,Ángelabenítez997,+56 2 6997 1743,21867265,5,
Bernardo Rivero Camarillo,bernardo1555269@viajes.cl,lHg3fCwwny411B,bernardo3141291,+56 2 6843 8604,26153630,7,
Verónica Linares Montenegro,velimo426@viajes.cl,z5OfplFJ96,velimo982,+56 2 1094 8099,21736763,8,
Manuela Mena de Jesús,,ARCaZSl63I0VI,Manuelajesús377,+56 2 5820 0991,15828995,4,4262
Alejandro Saiz Aguilera,Alejandroaguilera226@tourket.com,wLtWAxZ3m,,+56 9 0375 3577,6649726,7,5463
Isabela Meza Núñez,ismenú925@edubus.cal,mP0yuyQBYmp6,Isabelanúñez191,+56 9 0457 5177,,,0
Alicia Collazo Carbajal,alicia8165477@viajes.cl,YqkIi4gXB9955,Aliciacarbajal898,+56 9 5253 4290,3932307,9,
Jerónimo Rodríquez Calderón,jeroca654@viajes.cl,fuQ3hWQtNoiBBzGv,jeroca212,+56 2 4988 8234,14053318,1,
Sr. Leonor Caraballo Miramontes,sr.5264711@viajes.cl,EwukgmsB1Z1dIH,,,29379188,0,
,Lorenzosolano516@tourket.com,,lozaso190,+56 9 0351 5611,25465234,2,22680
Cristobal Molina Llamas,cristobal6780995@outluc.com,hoykPVu5,cristobal5346665,+56 9 9134 8270,9636520,9,
Teodoro Nieves Alarcón,tenial845@viajesanma.com,Qpu6uZ5hlD,tenial893,+56 2 5364 6608,,,25609
Manuel Rodríguez Barrientos,,,maroba211,+56 9 0865 5313,22573125,K,2871
Emilio Gaona Jáquez,emilio9125324@marmol.com,bT1XJfZjr2rLl8,Emiliojáquez268,+56 9 3325 1761,28447168,7,
Sr. Emilia Ochoa Agosto,sr.9124119@outluc.com,Fm40ZbeQ63k,,+56 9 9532 9167,,,3232
Patricia Sánchez Arias,pasáar780@viajes.cl,m6F1R0leQi4mg,Patriciaarias260,+56 9 4309 8484,13861362,3,
Samuel Curiel Menéndez,Samuelmenéndez181@viajes.cl,u6uQ55Iw,samuel8409851,+56 2 0628 3848,14704630,8,
Sr. Patricio Rosado Gaytán,sr.9584607@viajes.cl,N2ErsW8q7jENPkq,srparoga659,+56 2 1675 2852,29705057,5,
,,,elgaga260,+56 9 7551 6292,9320212,0,18620
Sra. Victoria Leiva Navarro,,5wKG1s16PlAEP,srvilena906,+56 9 0548 2625,472425,9,
José Eduardo Lugo Zaragoza,josé6016233@outluc.com,EnHF4g6ee,,+56 9 6667 0360,14347044,K,9505
Juan Ordóñez Galarza,,9yq2zyZC,juorga925,+56 9 9186 2726,22667258,3,11347
Carlos Malave Alonzo,Carlosalonzo859@viajes.cl,jBsqlpS6sDcy2rB,camaal684,+56 2 3634 9485,,,
Cristina Grijalva Zavala,crgrza752@viajes.cl,QODonqVIy7g71G,cristina9273273,+56 2 0063 0629,26138124,9,
Cristina Cadena Gamboa,cristina3540137@viajes.cl,PFxj1sLTqPdnw2J,Cristinagamboa508,+56 2 6631 1175,15952017,K,
Anita Cardona Llamas,Anitallamas291@viajes.cl,71rAIiSD0,anita7457843,+56 2 7322 9957,22881255,2,
Rodrigo Lira Cortez,,gJ1gqploP7zJBepP,rolico565,+56 9 6708 8893,22379509,9,
Diana Quintana Echevarría,diquec564@outluc.com,nT8vy0LuvRvX,,+56 2 1817 2817,26080005,1,23048
Ariadna Calvillo Gamboa,ariadna2612725@viajes.cl,NMBG9UceJwrcKLVz,Ariadnagamboa792,+56 2 6822 6948,6289299,4,
,guillermo8629804@viajes.cl,0mvX8Vc1EIAfS,Guillermomanzanares690,+56 2 7259 0556,22008434,5,
María Luisa Ibarra Razo,maría8941101@viajes.cl,nXrqTmboVd4XXU,maluibra280,+56 2 4306 3095,13183908,1,
Mario Mejía Heredia,mario7458237@viajes.cl,VU83WqUHrkrM,mamehe884,+56 2 6362 2411,2459721,0,
Lucas Hidalgo Nazario,Lucasnazario473@viajes.cl,EZjP0TrkyIC1z,luhina714,+56 9 5872 6136,15589045,2,
Cristina Rodríquez Garza,Cristinagarza954@viajes.cl,nd6Iz14Rul5,crroga623,+56 2 6014 9675,29308799,7,
Cristina Almaraz Fajardo,cralfa791@viajes.cl,mA2hbDnvD9IYYzx1,cralfa169,+56 2 8576 2680,4152773,0,
Sta. Ramiro Navarro Casares,Sta.casares518@viajes.cl,08ZyogGPO8en,Sta.casares666,+56 9 3934 7517,19826604,3,
Sr. Gabriela Corral Reynoso,Sr.reynoso806@viajes.cl,r6Ghcd62UV,Sr.reynoso975,+56 9 1095 1550,17153815,7,
Victoria Saiz Centeno,visace262@viajesanma.com,jgtYcFs86N,visace698,+56 2 9563 1894,2607211,5,13670
David Mota Barrios,damoba195@viajesanma.com,,,+56 9 5516 7688,5614531,1,7367
Clemente Carrasco Valentín,clcava986@viajes.cl,N8CcHv5P4pTVC,clemente1868918,+56 9 6346 5244,20381500,K,
Irene Sanches Delgadillo,,rnNVL3uywz,Irenedelgadillo594,+56 9 9367 3602,20436569,5,679
Magdalena Jiménez Díaz,magdalena6480648@edubus.cal,EQkpIdOgAJo16ZUr,,+56 2 5571 6873,11199580,K,
Hernán Dueñas Carvajal,Hernáncarvajal329@wass.com,H0JGmjC2j4M,Hernáncarvajal392,+56 9 3501 3741,6816170,3,-500
Ángela Covarrubias Montez,,paEgQ4pGMI2seYc,áncomo980,+56 2 0961 8705,6368559,3,0
Sta. Antonio Olivera Mesa,Sta.mesa478@viajes.cl,45XpseHRDwGelVC,stanolme474,+56 9 3606 7808,9026038,3,
Sr. Salvador Pineda Tirado,Sr.tirado736@outluc.com,,srsapiti526,+56 2 8417 8073,6958830,1,0
Enrique Venegas Ochoa,Enriqueochoa292@viajes.cl,wmzEjA2yPe,enrique6404768,+56 2 5355 8140,29198328,6,
Ana Bustos Lomeli,Analomeli512@outluc.com,0zfDS7cH8MYWjcY,Analomeli221,+56 2 4672 1931,,,9648
Esperanza Mojica Marroquín,esperanza714944@viajesanma.com,WE7PaI6lnc4u,esmoma270,+56 2 4315 6988,566500,0,
Sr. Rebeca González Sánchez,srregosá868@viajes.cl,r0xJNVWBeSOBfZb,Sr.sánchez119,+56 9 2633 8964,20414385,4,
Irene Colón Patiño,irene5185859@viajes.cl,laevxJv7r0f,ircopa947,+56 9 2040 3918,14809189,7,
Claudio Guajardo Esquivel,clgues154@viajes.cl,fdqS5fxq3I77hJ6,claudio5377815,+56 2 7776 7738,3722636,K,
Isabel Abeyta Nevárez,isabne770@viajes.cl,,isabne944,+56 9 5750 6804,13511929,6,
Sta. Tomás Alcántar Rojas,sttoalro914@viajes.cl,oRVaK209XEan7RW,,+56 2 5870 3068,12986686,1,
Joaquín Quesada Quintero,joaquín2830813@viajes.cl,TXa1lw2iB6,Joaquínquintero307,+56 2 6609 3714,,,
Magdalena Páez Salazar,magdalena1234556@viajes.cl,cd6ZIfqD3,magdalena6464867,+56 9 8315 5165,26643747,1,
Margarita Navarrete Badillo,Margaritabadillo820@viajes.cl,rHqT9uRBft,manaba869,+56 2 4082 8275,18430428,7,
Ana Luisa Sáenz Chavarría,Anachavarría569@viajes.cl,nc9D5cY2J7sY,anlusách774,+56 9 5098 1843,29627162,4,
Sta. Sofia Pantoja Gómez,,MkMt36M2,Sta.gómez763,+56 2 9409 7574,29552606,8,1660
Sta. Patricio Rosado Granados,,zWotVlVWvY0,stparogr200,+56 2 5996 7864,20926311,4,0
Cristina Cedillo Padilla,crcepa655@viajes.cl,SxUNW5LYe,cristina2968120,+56 2 0598 5175,13113488,6,
,stirmépr243@edubus.cal,y6vg7gbAUS,sta.377744,+56 2 1107 6703,5926530,K,2320
Benito Abrego Iglesias,benito6960737@edubus.cal,oRD4oZuZT,benito7722317,+56 9 4592 3894,,,0
Sta. Bernardo Bustos Duarte,Sta.duarte965@viajes.cl,jom2pWWLtrHEUJN,sta.5326822,+56 2 3666 3525,22380402,0,
,srgabofr124@viajesanma.com,xZ2XexN5QMHf51,,+56 2 5992 7117,6948190,6,1301
Ariadna Estrada Quintana,aresqu861@viajes.cl,jUMKvef1M9bv,ariadna6530667,,-13963321,0,
Mónica Amador Naranjo,móamna527@viajes.cl,MQvKBD8Ko4YTS,mónica3473885,+56 2 9126 5042,2822407,9,
Sra. José Eduardo Salcedo Olivares,Sra.olivares486@edubus.cal,Tm21KgNMmqOxn,,+56 9 5167 4505,29467551,5,1960
Sta. Ana Solís Marroquín,Sta.marroquín745@wass.com,ksF1SMVza,stansoma787,+56 9 0900 3466,15150615,1,0
Octavio Fonseca Corona,,ze4P6E7942,ocfoco650,+56 2 4510 7797,27105379,7,
Sr. José Emilio Archuleta Corrales,sr.2911565@marmol.com,TcgYHe2gE77sI,,+56 9 8830 2516,13270000,1,3598
Julio Valentín Delgadillo,,,julio3820568,+56 2 7479 7524,9417970,K,4402
Inés Ulloa Puga,inés1250988@outluc.com,69n1p0G3avIK1,,+56 2 6650 7987,2500707,7,0
Julio César Razo Cantú,julio8820307@viajes.cl,Mtcmn084C7KOIM4,Juliocantú972,,29018038,4,
Miguel Ángel Canales Mendoza,,4oiyMpeg7QDo,miguel6338462,+56 2 6051 9638,12076234,6,24387
Sta. Maricarmen Echevarría Rendón,sta.9270840@edubus.cal,,Sta.rendón313,,24290346,3,19944
,papaci882@viajes.cl,b2h5cUgIhNHOKl,Patriciocintrón606,+56 2 8566 0811,13309107,6,
Sr. Susana Ponce Murillo,srsupomu103@viajes.cl,96wO4HpHJF,Sr.murillo370,+56 2 2013 2043,6775034,9,
Natalia Delafuente Palacios,,qSbuYZA45Yl5vQ1F,nadepa196,+56 2 6429 3762,,,4204
Sra. Nicolás Serrato Alba,sra.1090676@marmol.com,le1iN93AE7Ed0dy0,srniseal621,+56 2 2566 1435,709004,8,
Guillermina Roybal Cerda,guillermina8881581@viajes.cl,0EN9Acjj,Guillerminacerda228,+56 2 9798 4629,29579850,5,
,maanvaju254@viajes.cl,47700ktFRU6,marco2139995,+56 2 7292 3435,13662548,9,
Mónica Noriega Colunga,Mónicacolunga497@viajes.cl,oiRQO3aCH,,+56 9 0600 4441,1092645,9,
Berta Ocasio Olmos,,VDtmmyr0ULysX,Bertaolmos354,+56 9 1494 8741,2518148,4,1980
Lola Alejandro Zaragoza,loalza265@viajes.cl,CKPJH6aqJK,loalza639,+56 2 2698 0797,19759245,1,
Pilar Abrego Mondragón,piabmo168@viajes.cl,8wkNiqKlnKPgXn,Pilarmondragón488,+56 9 7594 5837,6032455,7,
Homero Rojas Lucio,,tbIeNeg3o2MUl65I,homero3610247,+56 9 3439 1079,27092919,2,1115
Guadalupe Venegas Mares,guvema594@viajes.cl,V43K34VbJpyX,guvema569,+56 2 8834 8846,29405855,9,
María Luisa Vega Mora,maría6649456@viajes.cl,YPe0Y8P8JXp,maría7937586,+56 2 6880 2210,6661366,6,
Sonia Ulloa Quintana,Soniaquintana185@viajes.cl,nv9m6kU0SLdBS9,soulqu501,+56 2 5143 6043,21825553,1,
Ariadna Fernández Cruz,ariadna2726453@viajes.cl,YsZefB1CQkMP6C,Ariadnacruz989,+56 9 5047 4434,-22438281,2,
Sr. Ramiro Ochoa Lucio,srraoclu199@viajes.cl,3C1wBJD5w34zV,Sr.lucio308,,,,
Javier Rosado Corrales,javier3975512@viajes.cl,QWx0zBPNqFy,javier3331486,+56 9 5093 6258,4032540,9,
Antonia Urías Negrón,,IRB9i8LnCpj2tVkq,Antonianegrón842,,23635166,1,0
Luz Vaca Verdugo,luz4136884@tourket.com,teI4m1T2LPxef,Luzverdugo948,+56 9 9432 0323,24913912,2,
Verónica Quiñónez Montoya,verónica6989524@viajes.cl,1Se4VFk8D5w,Verónicamontoya407,+56 9 7593 0360,24033297,3,
Vicente Archuleta Gallardo,viarga905@outluc.com,vU0lvCLWml,Vicentegallardo380,+56 2 0665 6124,20889683,0,-13889
Federico Bernal Garza,febega119@viajes.cl,J2p24y2cYi,federico868890,+56 9 9742 5925,1244927,5,
Sra. Felipe Romero Valenzuela,srferova429@viajes.cl,tyocnvx5LK9Wq,Sra.valenzuela899,+56 2 6685 9991,,,
Patricia Narváez Samaniego,,uXSZaz9gteXI0e,Patriciasamaniego395,+56 2 6088 8608,26789751,4,0
Josefina Carvajal Barrios,Josefinabarrios725@viajes.cl,dM4zEsP8Pzgv,jocaba125,+56 2 7662 2721,25762010,7,
Guillermina Acosta Arreola,guillermina1356638@viajes.cl,SDw9WFyUF,guillermina4592585,+56 2 7771 2639,1036000,5,
Octavio Zambrano Centeno,oczace953@edubus.cal,8EYI7aFPbGNnP8U,Octaviocenteno984,+56 2 4331 7547,,,8109
Sara Espinal Curiel,,,sara7820622,+56 2 0938 0071,12683102,1,5425
César Jimínez Morales,césar6595241@wass.com,5ZAtM6feQ4H,céjimo295,+56 2 3976 5648,2996285,5,
Lorenzo Navarrete Adorno,Lorenzoadorno716@viajes.cl,LUbdkEw94QHw5lrZ,lorenzo4791308,+56 2 1073 7562,12912415,6,
Blanca Flores Henríquez,blanca9904722@viajes.cl,S9pAmjdMi,Blancahenríquez143,+56 2 9073 1569,19723031,2,
Marcos Cavazos Guzmán,marcos4067544@wass.com,anEeKmLczhNJ2V8,,+56 2 9246 3741,26230590,2,
Lorenzo Delgadillo Echevarría,Lorenzoechevarría718@viajes.cl,5eFEofIR,lorenzo8255392,+56 9 0057 1287,20161427,9,
Sr. Yolanda Cordero Ordóñez,sr.1322888@viajesanma.com,4CkddkEaU9YUZpog,,+56 9 0324 9054,20753362,9,7810
Miguel Carranza Aponte,,2FYPjOczPST6,miguel108115,+56 9 1324 1669,1921671,3,3030
José Luis Adorno Lovato,josé1588166@viajes.cl,g6W1UXLQu2Z,Josélovato383,+56 2 8621 0446,15223233,0,
Maricarmen Salcedo Mesa,Maricarmenmesa151@viajes.cl,kPAzus2n7,,+56 9 4057 6756,5640455,4,
Sta. Armando Rojas Santacruz,Sta.santacruz657@outluc.com,jH8tq5iY94ys5k,,+56 2 7648 0765,-29596883,4,3612
Sr. Luis Miguel Perea Báez,Sr.báez535@outluc.com,dj4myZamZ6,srlumipebá891,+56 9 7801 0653,,,12370
Óscar Narváez Palomo,ósnapa647@viajes.cl,jjuRInevm2G,Óscarpalomo605,,29865620,5,
Luis Miguel Montaño Ibarra,lumimoib546@outluc.com,Ku20at5XWbHTO5a,,+56 9 0270 2257,25864677,0,0
Sra. Patricia Mesa Ruelas,,QaZZVbD3DBskpm3,sra.2732590,+56 2 7691 1549,22963118,7,
Victoria Sepúlveda Orozco,victoria4583868@tourket.com,,victoria5026138,+56 2 7921 5420,,,-3247
,sr.2820699@viajes.cl,VjKro1Ut00,sresvása490,+56 2 6807 1894,13720058,9,
Patricio Leyva Páez,patricio7879257@viajes.cl,MXa2Gum0,palepá521,+56 2 9256 7790,6059990,4,
Patricio Flores de Anda,pafldean477@outluc.com,T17ePhzqObHotYV,Patricioanda673,+56 2 1157 9638,252806,1,
Antonio Segura Osorio,antonio6276571@viajes.cl,tgOitYD34hD,Antonioosorio683,+56 9 9702 1840,23383167,0,
Esteban Ordóñez Rubio,esorru560@viajes.cl,EP5IcjmR,Estebanrubio668,+56 9 4259 5156,10951178,1,
Daniel Estévez Barela,daniel3780563@viajes.cl,zfk0z9PJ1,daniel8717896,+56 9 5177 9992,25442476,5,
Nicolás Jaime Roybal,,rEZHrHC4Vt,Nicolásroybal268,+56 2 5601 4039,29130640,3,981
Concepción Villanueva González,,zDvEKdH0dw0UbnO,covigo611,+56 9 5054 6192,8290825,0,5922
Sra. Francisco Castañeda Salazar,srfrcasa970@tourket.com,XOb1laxDX,Sra.salazar577,+56 9 9732 1959,13822525,9,-6676
Manuela Rico Regalado,marire597@viajesanma.com,PqdWPoriTqF8BF,Manuelaregalado836,+56 9 3083 9538,13063619,5,
Sta. Ester Arriaga Nieto,sta.8232485@viajes.cl,yeEvA0Xy0S,Sta.nieto346,+56 2 3592 6108,1806916,4,
,,MecN3jbFbtHPd,razave834,+56 2 9430 6937,14196332,5,3985
Ramiro Peña Romero,rapero337@tourket.com,jZo42P8TW,,+56 2 9009 8638,,,0
,guadalupe3514461@viajes.cl,7kQw29owt,guadalupe487539,+56 2 6913 9692,15664022,0,
,juorpe522@marmol.com,0zICVzuc51vy,juorpe367,+56 9 1123 3123,3789556,3,
José Luis Cisneros Briones,jolucibr803@viajes.cl,yZOlh34iLF5,Josébriones358,+56 9 4003 8708,,,
Rodrigo Solís Angulo,Rodrigoangulo949@viajes.cl,r9ruWdDZd,Rodrigoangulo289,+56 9 9388 0774,16293492,9,
Sra. Guadalupe Garica Rocha,,LGqZvsdo26G9Ddpy,srgugaro202,+56 9 7052 7539,16622639,2,
Arturo Valdés Salas,Arturosalas423@viajes.cl,snR1fbyz7,arturo6282586,+56 2 6735 8055,11847565,8,
Luisa Cisneros Candelaria,luisa6260852@viajes.cl,cqtpMK4QW,lucica625,+56 9 8621 8548,29384164,0,
Marcos Tello Limón,marcos9487992@viajes.cl,,Marcoslimón975,+56 2 7503 8540,18402481,0,
Andrea Maya Griego,Andreagriego524@viajes.cl,NXtIy5pX3Cnaj,anmagr588,+56 2 1256 3061,25119189,1,
Isabela Jimínez Aguilera,Isabelaaguilera818@edubus.cal,1Irs9nN03uRQwq,,+56 2 8672 1018,3284369,7,782
Lourdes Montemayor Bermúdez,Lourdesbermúdez148@viajes.cl,qm43DldnMVOyqwe,lourdes844579,+56 9 3804 6847,23589532,3,
Gregorio Casanova Berríos,Gregorioberríos795@viajes.cl,HYKZp635LEQAtgIh,grcabe143,+56 2 3822 7092,1821345,1,
Felipe Valdez Arce,felipe5223170@outluc.com,,Felipearce232,,2757147,6,
Ernesto Lugo Cuellar,Ernestocuellar832@edubus.cal,aGcy9WY5,Ernestocuellar454,+56 2 5080 2137,,,1560
Patricia Rubio Portillo,,DvFHJdK0TJL4Xr,Patriciaportillo417,+56 9 9630 4335,-13668532,5,7460
Marilu Cadena Armenta,Mariluarmenta694@viajes.cl,,marilu8944123,+56 9 3736 2586,3936731,9,
Sr. Yolanda Oquendo Camacho,sryooqca978@viajes.cl,lL8XGZvQ8np,sr.8071860,+56 9 8615 7286,24929785,2,
Elena Águilar Casillas,elágca283@viajes.cl,pwzAz6Q57keE,elágca109,+56 2 7057 0869,15906713,0,
Juan Carlos Henríquez Cerda,jucahece652@tourket.com,D1HCVMZw,,+56 9 9144 2917,1983362,3,-3577
Micaela Villanueva Salcido,micaela7947790@edubus.cal,uAEnA0Gp9,,+56 9 2045 6830,,,4936
Elsa Godoy Tórrez,elsa5735817@viajes.cl,Il1LcyczTe,Elsatórrez111,+56 9 3852 7016,16921067,5,
Sr. Guadalupe Lovato Portillo,sr.3373404@viajes.cl,cFr3oayF4,sr.9657674,+56 2 1811 6417,18894090,0,
Sta. Dorotea Carranza Salazar,Sta.salazar371@viajesanma.com,fo0Wi3sciCRvZc,Sta.salazar660,+56 9 8209 9256,,,0
Lola Nazario Malave,lola5393671@viajesanma.com,8sRCzX133dYgnTxZ,lonama137,+56 9 2814 7690,2928374,5,-16928
Elvira Valladares Melgar,elvame829@viajes.cl,dQ12vS16Q6,Elviramelgar939,+56 2 8643 4904,,,
Alfonso Armenta Barajas,Alfonsobarajas890@viajes.cl,sSmK3HAgCI,alfonso5517552,+56 9 2126 9519,,,
Marilu Ramírez Carrillo,marilu3148893@edubus.cal,FHs32lrA,marilu4044690,+56 2 7382 3934,19003449,6,13197
Conchita Macías Molina,conchita9423845@viajesanma.com,xi8UET9L0,conchita7007101,+56 9 9134 9304,,,4180
María Quintana Razo,maqura244@tourket.com,bJk1VzbWNhc0BL9r,,+56 2 5433 1528,28498671,7,1638
Jacobo Rosado Domínguez,jarodo529@viajes.cl,R9mEI8s19UPNA,jarodo795,+56 2 2120 2847,-7508193,6,
Rodrigo Martínez Palomino,rodrigo3395108@outluc.com,TU3I2p4FLNca19,,+56 2 8563 5148,25351250,4,340
Carmen Villarreal Ojeda,carmen8365423@viajes.cl,1UwNqtll5,Carmenojeda287,+56 2 0597 4472,20323413,9,
Rebeca Adame Manzanares,readma267@viajes.cl,QbWJeL8d3wG0K,rebeca3064414,+56 9 5813 2529,-942192,0,
Sr. Germán Becerra Grijalva,srgebegr871@viajes.cl,NYR8rdrFlD,Sr.grijalva776,+56 2 2741 1831,6565277,3,
Marta Muñiz Arellano,marta6290290@viajes.cl,aurBNmUqn8fIyl,mamuar772,+56 9 1230 4266,,,
Rosa Ulloa Casanova,rosa1982379@viajes.cl,yPtRgSF9Cu,Rosacasanova303,,14735798,2,
Marisol Carmona Rentería,marisol888147@outluc.com,TlB0MYbPw,marisol8423919,+56 9 0238 2621,,,8699
Lorenzo Escobar Alarcón,lorenzo9604784@edubus.cal,jQcGav5xrQ,loesal280,+56 9 6230 0963,27571839,4,
Sra. Mayte Jaime Orellana,Sra.orellana543@tourket.com,SYo4bs7M,Sra.orellana900,,,,-15011
Juan Carlos Salcido Magaña,juan6816903@outluc.com,RaZ9f5VQMHw,jucasama234,+56 2 4535 3510,,,0
Eloisa Caldera Varela,elcava350@viajesanma.com,mHs0Tz23FFTje4r,elcava527,+56 9 4690 8825,14334313,8,
Mario Pizarro Monroy,mario640726@viajes.cl,a0dg2ZCsp,mario1341739,+56 2 6896 1334,22826645,0,
Carla Padilla Solano,carla8513259@viajes.cl,XMU84XVsHOoxOqA,Carlasolano680,+56 2 0147 1003,-22645428,4,
Sra. José Viera Montalvo,sra.2643411@wass.com,iz42g99S,,+56 2 1718 0959,12745497,3,0
Laura Zepeda Guillen,Lauraguillen164@viajes.cl,ttWe24d7BMYL3B,Lauraguillen316,+56 9 4195 3331,12250385,2,
Joaquín Gil Guillen,joaquín8251348@viajes.cl,66JkwfYXOGL3,joaquín1024845,+56 9 6247 2652,27473502,3,
Bernardo Oquendo Arevalo,beoqar793@viajesanma.com,fSIWq1qr,Bernardoarevalo781,+56 9 0283 9295,,,242
Cristian Ceja Girón,cristian3464921@tourket.com,XVpXKS7oyf,cristian3466571,+56 9 7213 0723,12786042,4,-11770
Benjamín Marín Feliciano,bemafe125@viajesanma.com,leVH0WTq25,,+56 9 7493 6387,7516708,3,5503
Luz Lozano Cotto,Luzcotto873@viajes.cl,b3JEP7OeheCJPV,luloco747,+56 9 8841 8224,,,
Pablo Palomino Téllez,,JllECipwYYg4w,Pablotéllez201,+56 2 7326 4848,25630780,4,1466
Eloisa Casárez Valle,eloisa5952422@outluc.com,anL4xb2xEqA,elcava846,,21899496,2,15627
Vicente Valencia Vanegas,,EyjIpI1IEgoCXC,Vicentevanegas615,+56 2 6812 1497,9344278,4,
Sta. Mónica Abeyta Estrada,sta.3807366@outluc.com,vR8g4gUj,Sta.estrada225,+56 2 6921 4699,-3470364,7,
,soledad8677339@viajesanma.com,Hw5mp5Ayo,Soledadholguín501,,21351926,3,0
Daniela Rivero Guajardo,daniela4323343@viajes.cl,NZ2Tmi2eBkw0lkn,darigu592,+56 9 6251 7231,23842612,K,
Sta. Teodoro Figueroa Valdez,sta.3082939@viajes.cl,Z3AkbLwZ7vm,Sta.valdez596,+56 2 6408 3526,23724186,K,
María Cristina Valentín Collado,Maríacollado899@viajes.cl,lfCYuPt1El,,+56 2 1004 6818,12964592,K,
Sra. Armando Solorio Nájera,,UNr61rYI,Sra.nájera366,+56 9 2343 6162,29082088,K,10765
Sra. Elena Abrego Ornelas,srelabor385@viajes.cl,bUvHswgpR05YQ,Sra.ornelas125,+56 2 9146 2188,29813104,8,
,maría5692273@viajes.cl,bmjCHP6x1anVP,macresmo441,+56 9 5481 0316,9876580,8,
Dolores Verdugo Sáenz,Doloressáenz211@wass.com,1HPH4lblVzAz,Doloressáenz814,+56 2 8387 3883,,,7661
Jerónimo Barragán Reséndez,jerónimo5779296@viajes.cl,DL9Tlj3K4U9aJIwx,jebare974,+56 9 5238 1110,20454362,3,
Blanca Vaca Garica,Blancagarica831@viajes.cl,aELrQsk56GQSvH8V,blvaga245,+56 2 0331 0947,11122257,6,
Berta Raya Lerma,,4BkG1De7CyfM,Bertalerma350,+56 9 7847 4490,26657500,9,
María Eugenia Quintero Montes,Maríamontes830@outluc.com,3QcT1G0NRK,,+56 2 6224 1323,26361482,8,4500
Horacio Mireles Serna,,gQJvIFz7,horacio6063766,+56 9 6968 7520,8378835,6,10859
Alberto Botello Ybarra,,1pMj2qjoLruiWOx2,Albertoybarra333,,,,0
Juan Carlos Rolón Ornelas,juan1549170@outluc.com,O8cnGSDhHk,jucaroor441,+56 9 9899 6776,5948530,K,-484
Enrique Carranza Valentín,enrique1940689@tourket.com,MwRq7Ql65,enrique2355646,+56 9 8549 5906,27492963,4,6498
José Díaz Cervántez,josé7880619@viajes.cl,,Josécervántez646,+56 2 1385 1272,14890392,1,
Sr. Luz Jurado Delgadillo,Sr.delgadillo505@marmol.com,bGYfh2NjS,,+56 9 5845 4848,25355065,1,4312
Gonzalo Almanza Cervántez,Gonzalocervántez728@viajes.cl,uZYvr9e2LqqABkEs,goalce786,+56 2 6103 1785,13516574,3,
,Maríavergara975@viajes.cl,0DCJpDgbf2,maría2833486,+56 2 8199 2580,17964319,7,
Sta. Armando Madrid Alicea,Sta.alicea235@edubus.cal,N9cT5nHMs0Lgd0r2,sta.7581909,+56 2 4082 8240,22761104,9,
Susana Cervántez Rosado,,KPWYr3SfpKr,susana898698,+56 2 1451 6215,29417746,9,14104
Rafael Juárez Sauceda,rafael4030256@viajes.cl,O49gX3HtN,Rafaelsauceda911,+56 2 4506 0840,6409915,9,
Dorotea Romero Pichardo,doropi546@tourket.com,V1ZJDFWklYZH6Jr,Doroteapichardo651,+56 9 2222 2324,16894806,9,-18266
Sra. Silvia García Granado,srsigagr821@viajes.cl,vLsdqIFB5b98,srsigagr771,+56 2 0109 3587,9704840,1,
Laura Lucio Zambrano,,HXqg3cLHO61fsvAd,laluza907,+56 2 2515 3774,16485629,1,
Pilar Uribe Rodarte,Pilarrodarte968@tourket.com,XLVx1K1M,pilar7681650,+56 2 1418 0579,26240750,0,25256
Santiago Madrid Cornejo,Santiagocornejo308@viajes.cl,9jG0yF2qXfq1h0,santiago2507888,+56 9 0829 2278,,,
Elvira Quiñones Jaimes,Elvirajaimes547@viajes.cl,LBi2MBO4,Elvirajaimes881,+56 9 1608 1443,-13608001,6,
Isabel Saiz Treviño,,6GgbRs6Rqd1o,issatr266,+56 9 6528 4695,17584669,7,6566
Daniel Arreola Páez,Danielpáez646@viajes.cl,80gd5NdvpGHHqI5W,daarpá566,+56 2 0471 5387,16923113,3,
Isabel Rodríquez Vergara,Isabelvergara485@edubus.cal,uTEZM45i,isrove613,+56 9 3447 6311,7249234,K,
Emilia Noriega Gaytán,,bBWOQPwW4j9aptqU,Emiliagaytán197,+56 9 4318 0316,22064224,0,349
Cristobal Molina Marroquín,cristobal758674@marmol.com,1sYApbC76oR,crmoma201,+56 9 1926 0954,25023744,8,-2468
Julia Lerma Benavídez,julia3362510@viajesanma.com,,julia1361287,+56 2 0060 9338,24799746,6,
Josefina Rincón Pichardo,Josefinapichardo787@viajes.cl,,josefina2618828,+56 9 4881 6577,16082075,6,
Mónica Pelayo Rodrígez,mónica938945@viajes.cl,lZ86d65QS,Mónicarodrígez975,+56 2 2987 2336,654406,1,
Elisa Cuellar Ulloa,elisa8765548@wass.com,LZBuQJwjNAOt6,elisa6206861,+56 2 9650 6297,21992265,5,17404
Ernesto Corona Carreón,ernesto4778520@edubus.cal,2DMPRGP4tdr4hY,,+56 2 0952 4544,14143039,4,27407
Benito Vásquez Naranjo,Benitonaranjo830@marmol.com,90zFa25VEJ,benito9805434,,-21502090,8,-13285
Sta. Julio César Castillo Marín,Sta.marín335@edubus.cal,,sta.8977428,+56 9 8197 4514,,,6225
Mayte Morales Villalobos,mamovi842@edubus.cal,bmklGJmjP6,mamovi277,+56 9 3818 7428,12982195,7,0
Elena Coronado Enríquez,elena7103571@viajes.cl,FxLLywk1XN,elcoen164,+56 9 9790 0507,19374032,4,
Horacio Alba Rael,Horaciorael599@viajes.cl,3g47h1TLJ8AvhdH5,horacio9741420,+56 9 9006 7960,,,
,,8QeGEwzW8,,+56 9 8862 2807,27441529,0,7208
Gonzalo Treviño Cervantes,,0zwrzDJw3wllD,Gonzalocervantes866,+56 2 1786 5272,27697650,8,6900
Isabela Merino Velázquez,,42r11EVH,Isabelavelázquez918,+56 2 4634 9752,24630729,6,4413
Gilberto Urrutia Nava,giurna570@edubus.cal,OdQw5Max6BJ,gilberto1896664,+56 2 5460 1935,1503479,3,9873
Ramón Zepeda Salas,,78d0J1cOt4Yo,razesa320,+56 2 6340 8425,18182494,8,1488
Carmen Varela Sanches,Carmensanches483@wass.com,H2SgNp2VCBDTw,,+56 9 8832 5990,29167268,K,0
Marcos Soliz Toro,Marcostoro507@edubus.cal,zI23H1CRI17S5,Marcostoro674,+56 9 1177 9905,,,0
Claudio Cortés Arreola,claudio4473225@marmol.com,j5XI71w2cNmt,Claudioarreola246,+56 2 9791 5768,18131049,9,
Emilio Mendoza Farías,Emiliofarías492@viajes.cl,DrV974ihgUHZB,emilio8737215,+56 9 1284 1154,,,
Claudio Espinal Marroquín,claudio6619751@viajes.cl,4V3gMWRznOl,clesma818,+56 2 1427 4649,22173916,7,
Marcos Zelaya Madera,Marcosmadera742@viajes.cl,nw3RKBcjoAV,mazema919,+56 2 8990 2935,29645489,3,
Santiago Carrera Agosto,santiago174707@outluc.com,PnXc5bVDVm03skqG,sacaag487,+56 9 0985 7879,,,5903
Reina Tapia Meraz,reina7291553@viajesanma.com,0rUkDHX1,retame460,,9101396,7,-10868
Juan Colón Juárez,juan5148253@viajes.cl,a9fu6iVGOCPro,jucoju763,+56 9 0419 9760,-11579812,K,
Sra. Ana María Barrera Toro,Sra.toro255@viajes.cl,uIEV72itz,sra.8284681,+56 2 7758 4417,8017262,1,
Mariano Jaramillo Meza,majame421@viajes.cl,0TqymmWqrBV23A,mariano5318337,,935194,9,
Mariano Henríquez Perea,Marianoperea654@outluc.com,0sZ0ex8OKPZaQ,mariano8232593,+56 2 2793 8901,,,
María Teresa Colunga Lovato,matecolo762@edubus.cal,pWF9djIW2v6Pg,maría3363222,+56 9 6710 2185,25242811,9,11403
Sra. Luz Águilar Montoya,srluágmo560@edubus.cal,7c73nX4mbcifRTjn,,+56 2 3070 3500,10750227,0,7262
Andrea Valladares Curiel,andrea6878927@viajes.cl,lW2i3TTj,anvacu553,+56 9 2429 9956,,,
Maricarmen Sedillo Nieto,maricarmen721553@viajes.cl,bswNTNng36U,maseni301,+56 2 2983 9805,6878706,8,
Lorena Lemus Alejandro,lorena2481523@viajes.cl,JEGoHimG2HiB1S,loleal992,+56 2 6785 9051,2802920,9,
Sra. Mercedes Portillo Cerda,Sra.cerda537@viajes.cl,GhcaMKKwCRNV95M,sra.5783697,+56 2 1899 8489,8342133,9,
,Sr.tovar378@viajes.cl,b1wRHhIe,srtidejeto110,+56 2 1606 9964,-9295048,4,
José María Espino Carrasco,jomaesca675@viajes.cl,Z10XitbSPtuNTPlu,josé2085779,+56 9 4894 9731,23357917,3,
Mariano Calderón Escalante,mariano1060145@viajes.cl,V6hty14HzsvR,mariano4366660,+56 2 4855 7161,6812731,9,
Teodoro Carbajal Zambrano,teodoro9610429@viajes.cl,lDm70v8VBRkx4Bg,Teodorozambrano750,+56 2 9849 3321,5226298,4,
Sancho Benítez Bonilla,Sanchobonilla235@viajes.cl,x7jiF6RYFFY,sabebo341,+56 9 1929 5658,4701442,5,
Sta. Luz Gil Quintana,stlugiqu902@viajes.cl,bs8YthxggNY,stlugiqu739,+56 9 0586 6869,21082080,9,
Sra. Anita Orta Carrion,Sra.carrion912@outluc.com,PEnEZN6p3Bt,Sra.carrion190,+56 9 7322 8660,22892829,1,-20177
Cristina Vallejo Delatorre,Cristinadelatorre259@viajes.cl,DJjVm0vv,Cristinadelatorre900,,-18008479,7,
,sramgalo790@viajes.cl,7K29d5YJ5qxlLyC,sr.9378875,+56 9 3682 3542,24681620,4,
Eva Villa Navarrete,Evanavarrete220@viajes.cl,ErV70U4t,evvina144,+56 2 4877 4195,29879925,1,
Gilberto Guevara Corral,Gilbertocorral449@edubus.cal,L7hsN7P7C,,+56 2 0411 9292,-7924634,4,2988
Jaime Ulibarri Olivera,jaime4680549@viajes.cl,786hPZ3YjKG7hFOZ,Jaimeolivera823,+56 9 8123 4632,10648499,6,
Rocio Espinosa Muro,Rociomuro732@viajes.cl,rkRv5JrX1eCp,Rociomuro395,+56 9 9921 4896,1559796,8,
María del Carmen Cepeda Alonso,maría3320104@wass.com,57iiQT3BU,,+56 2 4429 9983,27614188,0,5018
Alicia Barrera Guardado,alicia5355768@marmol.com,sYxBIAzmeYwmi0,Aliciaguardado285,+56 2 3536 1158,,,8030
,pedegu126@viajes.cl,3XIovDMG6Ppi,pedegu969,+56 2 3891 8721,16251839,9,
Beatriz Oquendo Ríos,beatriz8478831@viajes.cl,pKvxVFDBD8pQ2,beoqrí326,+56 2 9603 6394,20572478,8,
Alejandro Olivas Molina,Alejandromolina571@viajes.cl,rVJ9ZUpoWzr4Z4x,alejandro6075919,+56 9 8240 2082,21664898,6,
Sr. Irene Bañuelos Flórez,,EF8a4LkTqgkD,sr.5525289,+56 2 5851 3241,,,15952
Esperanza Guardado Duran,esgudu455@viajes.cl,,esgudu962,+56 2 9845 4618,7739283,1,
Sr. María Corrales Calderón,sr.2984528@viajes.cl,,srmacoca980,+56 9 6257 7823,13172814,K,
Rocio Valdez Vela,,Acxqd4GEx0,,+56 9 4077 5059,13346582,0,0
,ana4177960@viajes.cl,hXS54bleaY2udi,ana867718,,25088147,9,
Emilia Valdivia Muñiz,,EEWjHUmQ9JHoaM6,emvamu528,+56 2 8367 3113,21828609,7,
,bldevi570@tourket.com,wdP8RIsO6q1vQo,bldevi943,+56 9 3843 7815,2807484,0,8037
Luz Domínguez Lugo,Luzlugo949@viajes.cl,S9asASNrYK8wzl,ludolu656,+56 9 4550 5238,9931614,4,
Marcela Valles Gómez,marcela1063339@viajes.cl,Gv03oN2BnC9H,Marcelagómez756,+56 2 9013 1772,19331848,7,
Eduardo Valencia Gamboa,eduardo3027688@marmol.com,7biGXkbN7au5Dmx,,+56 9 2085 1365,1049583,0,
,Marianoapodaca861@tourket.com,czYt66n0wH9,maliap900,+56 9 0849 6650,6986556,9,
Inés Gaona Mejía,Inésmejía800@viajes.cl,lY1RdwPJK39,ingame721,+56 2 8953 0365,-21975739,5,
,Amaliacarrero334@outluc.com,FBaFDtIa8K,amjica763,+56 2 8205 6391,21849791,8,11356
Sta. Micaela Armenta Zepeda,stmiarze996@viajes.cl,tHV80dH0D95x,Sta.zepeda133,+56 9 3599 3764,-27823019,8,
Silvia Ruiz Cortés,siruco511@viajes.cl,OlDo8jC6RXnpK,,+56 9 2475 1968,28633273,0,
Beatriz Patiño Bahena,bepaba265@viajes.cl,zUPgXgo9KMFd,Beatrizbahena428,+56 2 2209 3631,19150522,0,
Luis Enríquez Hernández,luenhe662@viajes.cl,M7xnI15Ioe,luis7188664,+56 9 6806 6130,9505055,7,
Jerónimo Arteaga Corrales,Jerónimocorrales854@viajes.cl,PFpMPZFdNx9U7xA,jerónimo5608344,+56 2 1625 5369,1679792,8,
Sr. María Luisa Carbajal Soliz,Sr.soliz253@viajes.cl,yQBmk00C,Sr.soliz743,+56 2 6828 7266,29195661,0,
David Velásquez Villagómez,,Fhcv3ILH8k,davevi596,+56 2 7701 0906,13856940,3,0
Sra. Cristina Ramón Uribe,,uoUa8G8HdEO,srcrraur600,+56 9 7302 0966,21051187,3,0
Sancho Amador Calderón,saamca213@edubus.cal,vtT4pXnSUEcxq,saamca915,+56 2 3736 5825,,,0
Marco Antonio Garrido Sierra,maangasi138@edubus.cal,OJbLD7MUzh8,maangasi974,+56 2 2268 8731,994241,6,
,,uqC7m9gF,cecilia8775712,+56 2 3005 3820,,,2740
Manuela Benítez Patiño,mabepa708@viajes.cl,RS9ROvjR7ts6Ae6X,mabepa372,+56 2 1861 5455,-12770865,7,
Jorge Luis Blanco Armenta,Jorgearmenta382@viajes.cl,XGj3tBhoZu5b9,jorge3604214,+56 2 4373 2001,5167256,9,
Luisa Zambrano Jasso,luzaja127@viajes.cl,nsziEdEdDT1,luisa5532260,+56 9 8608 1117,18250877,2,
Ana Luisa Villareal Saldivar,Anasaldivar985@viajes.cl,LSIqm7KZ5CC,anluvisa865,+56 9 2322 8767,17196782,1,
Sta. Salvador Benavides Barraza,sta.607395@viajesanma.com,MjkO8AB6aLK,sta.7073469,+56 9 9123 7981,26931615,2,18698
José Eduardo Partida Lugo,josé8365777@viajes.cl,3DD9sOLvr5miT,Josélugo782,+56 9 7445 4972,9939516,8,
Sr. Jorge Esquivel Águilar,srjoeság861@viajes.cl,,Sr.águilar799,+56 2 2818 8009,17962997,6,
Marcela Granado Águilar,Marcelaáguilar314@edubus.cal,WTwR4q51,marcela8941652,+56 9 9756 7130,18000376,2,
Sra. Sancho Sáenz Cuellar,srsasácu453@viajes.cl,CXeK4cAj,srsasácu812,+56 2 8080 8706,2419454,K,
Gonzalo Henríquez Holguín,goheho609@viajes.cl,9EMtfEKIUa,Gonzaloholguín323,+56 9 6606 0094,2227318,3,
Sta. Eva Anguiano Bahena,Sta.bahena605@marmol.com,,Sta.bahena143,+56 9 8158 6361,27420745,0,-8332
Jerónimo Aranda Corrales,jerónimo1946618@viajes.cl,Qkr1BBul67dGF,jerónimo8466688,+56 2 0550 4634,29132822,9,
Ana Luisa Franco Pizarro,Anapizarro552@viajes.cl,2cawgUPul7C7s,Anapizarro972,+56 9 5295 3122,23397959,7,
Alejandro Aguirre Romo,Alejandroromo265@viajes.cl,OH18s32Jt37Wt3,alejandro9905124,+56 9 5479 9820,12482948,8,
Jaime Mascareñas Urbina,jamaur759@viajes.cl,hMb7Cx129a,Jaimeurbina532,+56 9 2399 7114,14874458,0,
Óscar Corrales Esparza,óscoes804@viajes.cl,jmP5BNFNRvTi7,óscar5441781,+56 2 7828 5792,10295774,1,
Sr. José María Casares Márquez,Sr.márquez121@viajes.cl,2Eu57f0S9GVvG3DW,Sr.márquez993,+56 2 0639 2538,29765726,7,
Francisco Puga Osorio,frpuos409@viajes.cl,O9z6GKw1GlNV,frpuos191,+56 9 2406 2488,15671986,2,
Bernardo Guerrero Fernández,bernardo5359194@viajes.cl,ISWexi9lg3R,bernardo223474,+56 9 9053 8670,23648903,5,
Sta. Mónica Ruelas Lemus,stmórule909@viajesanma.com,EM7DyFhL7Cpwe7L,,+56 9 0728 1004,,,6488
Homero Jimínez Quiñones,homero3729848@viajes.cl,fUaWfvAI6r,homero645574,+56 2 2797 9199,3373632,0,
Tomás Santiago Barrios,Tomásbarrios980@viajes.cl,zcN7XeWT1Q6o,Tomásbarrios658,+56 2 2369 7250,21940219,8,
Norma Robledo Lugo,norolu882@outluc.com,,norolu348,+56 9 6532 8055,,,13428
Cristian Herrera Partida,cristian7809828@viajes.cl,0HTgOedOW6Pw,,+56 9 9826 9295,,,
Rebeca Mena Abreu,Rebecaabreu983@viajes.cl,FXi3P32zYi,rebeca5043781,+56 2 5344 9359,28847141,K,
José Luis Tejeda Gollum,jolutego497@marmol.com,Dzkx7qU2,,+56 2 5711 9793,,,13740
Isabela Segovia Mendoza,isseme584@wass.com,z7odT2Vpo1jRP,isseme348,+56 2 1520 2296,24059763,2,3110
Graciela Jimínez Reynoso,graciela7302116@edubus.cal,Oax1aYm8aqX8q16,grjire182,+56 9 5330 6371,18051759,6,0
Jaime Calderón Cortés,Jaimecortés541@wass.com,dKczOO3KkQiyop0Q,Jaimecortés282,+56 9 1950 3653,19438789,K,14813
Guillermina Ferrer Quintanilla,gufequ609@viajes.cl,mYp9coME5lisz,gufequ883,+56 9 4837 3939,9369691,3,
Lorena Zaragoza Gutiérrez,Lorenagutiérrez892@wass.com,9n3lTQHj7Iu,lozagu985,+56 2 0418 9345,10304757,9,4582
Sra. César Irizarry Montez,sra.9404690@tourket.com,MvA5Hbwiqm30,,+56 2 2153 2944,27033310,9,3336
Norma Cortez Zapata,nocoza609@viajes.cl,kKcxOE5lswO7,norma3417552,+56 2 0772 6809,,,
Sta. Jacobo Jaimes Miramontes,sta.8204248@tourket.com,kgxPLQ0T8OiYu,sta.9814603,+56 9 2268 8176,,,9904
Roberto Salas Aragón,rosaar844@wass.com,0gf84cF1poJpcIF,,+56 9 3308 7338,5497804,9,12934
Fernando Orellana Frías,feorfr504@viajes.cl,GOyhMm8YqtRRCl,fernando6473483,+56 2 1167 3202,11947851,0,
Concepción Baeza Cabrera,Concepcióncabrera224@viajes.cl,iPy6wm3HO42C,cobaca344,+56 2 6262 5417,11703765,7,
Isabel Salcido Olvera,issaol705@viajes.cl,v6JNgbmIek70r4I,Isabelolvera592,+56 2 4792 8373,,,
Lilia Magaña Jasso,lilia618791@viajesanma.com,ZBn9wmowgXKA9,lilia9771435,,11716466,7,-5780
Ernesto Jaramillo Sierra,erjasi436@wass.com,ajYNpr9EDrPKo0J,ernesto3840972,+56 2 3747 4527,11649673,9,-8464
Claudia Cervántez Reyna,,H1gpjVoRD,Claudiareyna621,+56 9 1030 3245,27839544,8,14849
Santiago Morales Leiva,santiago3935258@viajes.cl,jWFM9krqpy,Santiagoleiva499,+56 9 2611 3536,22925963,6,
Gabriela Marrero Flórez,gabriela6221917@viajes.cl,Fnwk0cyguok3,gabriela439154,+56 9 3166 3905,20153680,4,
Marcos Olivera Perales,,7OppPMItl,maolpe349,+56 9 1535 8890,28039535,8,
Claudio Mercado Niño,clmeni227@viajes.cl,Nw6K0JV2,Claudioniño826,+56 9 5484 9014,8077194,0,
Sr. Ana María Arreola Barraza,,cDmFRcI3BxFI2mh,Sr.barraza293,+56 2 2354 7375,,,
Sta. Jorge Caballero Covarrubias,Sta.covarrubias900@viajes.cl,mRF6Wr8K,Sta.covarrubias893,+56 9 7511 1722,29049985,2,
Reina Santacruz Concepción,Reinaconcepción762@viajesanma.com,,resaco168,+56 9 5803 7061,1901434,7,
Luisa Loya Cotto,Luisacotto394@viajesanma.com,EwFIY9SL,,+56 9 0878 3966,12991147,6,0
Lorena Archuleta Márquez,lorena9566676@tourket.com,n14OMwtiriKhnw8,lorena6530973,+56 2 8438 2460,10253410,7,
Alejandra Gamboa Casanova,,MKNz0uo3SC,alejandra677568,+56 2 8790 1193,8634292,8,9810
Sra. Claudio Padrón Sierra,srclpasi566@tourket.com,GOVw6Fh5,sra.4473399,+56 2 2744 3406,3583383,8,1654
Sra. Martín Atencio Heredia,,eDCkgVfP90,srmaathe239,+56 9 8412 9723,8670043,3,2205
Lola Serrano Marroquín,losema775@viajes.cl,LQV7KexX6,Lolamarroquín542,,25455010,8,
Gabriela Muñiz Medina,,hrxEolGXtj1Fhe,gamume147,+56 2 3967 2860,18693779,1,0
Hernán Esquibel Lomeli,heeslo908@viajes.cl,2waFsL2qs6zAAS24,Hernánlomeli588,+56 2 6689 1378,12785679,6,
,Elenamontemayor792@viajes.cl,42Ljs3oCwtqCilY,elmomo422,+56 9 2422 2542,1852321,3,
Rosario Gallegos Díaz,Rosariodíaz538@viajes.cl,3cwxlwv0ZkDq6hCr,rosario3597110,+56 2 9192 8733,16351292,0,
Sra. Micaela Ruelas Lomeli,srmirulo137@viajes.cl,1zqa6vPsM7WtH,sra.9560953,+56 9 5314 7067,3184571,8,
María del Carmen Enríquez Garza,maría9672998@viajes.cl,2lcREEp4,madecaenga574,+56 2 0017 5133,25232365,1,
Sr. Benito Guerra Camarillo,srbeguca981@viajesanma.com,xVE2mGQSF9NO,srbeguca310,,23231984,4,
,papeba746@marmol.com,MhAWHp0acsQ26jb,,+56 9 2117 5030,2349997,5,1125
Hugo Carrasquillo Puente,hugo5365746@edubus.cal,1m9NsPjo9S,,+56 9 7880 3871,20550836,8,1340
Sr. Juana Alfaro Serrato,,TdChOhq1rGB6zFi,Sr.serrato938,+56 2 9181 6314,6588479,8,0
Germán Grijalva Monroy,germán7240829@viajes.cl,EmjrIqypWLO74,gegrmo790,+56 9 4215 2257,11707865,5,
,Mercedesalaniz750@viajes.cl,XK1LrIN4Yah,Mercedesalaniz698,+56 9 4883 0332,18627520,9,
César Corrales Lara,Césarlara991@viajesanma.com,kpR3Of67aNSw3,,+56 2 4931 6465,15241479,K,15310
Bernardo Mojica Rivera,bemori869@marmol.com,LAaPhrGQ6vQ1Sv,Bernardorivera860,+56 9 5463 5209,25522228,7,
Rafael Sevilla Altamirano,rafael9183312@viajes.cl,6qHuxqghE8AniI9,Rafaelaltamirano782,+56 2 8596 8297,28921373,2,
Rafael Ceballos Alfaro,rafael1960467@viajes.cl,gu2ZQ9jblZ7F,rafael3120569,+56 2 4323 7219,29737923,2,
,clbofi501@viajes.cl,eNbN1lSw4Pzr8hy,,+56 9 6465 4134,,,
Cecilia Barreto Adame,cecilia2523556@viajes.cl,JLw5Z0P5x,Ceciliaadame947,+56 9 1236 7091,26482020,0,
Graciela Delrío Rentería,,b87fDo2IyAkLV,Gracielarentería407,+56 9 1599 3770,15637453,9,
Sta. Beatriz Badillo Abrego,Sta.abrego714@viajesanma.com,4tkNGU8aW4pLvE,stbebaab109,+56 9 2140 3185,,,10902
,eszate416@tourket.com,lirHMk29Wp9BTUi,,+56 2 7834 5932,,,
Sr. Patricia Anaya Domínquez,sr.3951766@viajes.cl,w8Vi1NkKoje,srpaando812,+56 9 7018 7996,3956560,9,
Julio Sanabria Suárez,julio6915188@viajes.cl,8oQ5JJFT4,jusasu711,+56 2 0098 1985,-25496377,1,
Sra. Martín Roldán Tafoya,Sra.tafoya600@viajes.cl,Jx6eNA00iV,srmarota341,+56 2 1050 0411,29823051,8,
Sr. Hernán Solorzano Velasco,sr.1944583@viajes.cl,VsjTzg918k438,Sr.velasco132,+56 2 7286 8095,11092395,3,
Rebeca Quiroz Bueno,requbu582@viajes.cl,vsyX68A1,Rebecabueno829,+56 2 4816 7126,16278304,1,
Carla Cerda Sánchez,cacesá381@viajesanma.com,gxCPp49IltIW,,+56 2 9706 7289,13529247,8,4160
Sta. Armando Vázquez Rivas,starvári728@marmol.com,d676YvBj,,+56 9 0814 8105,25350029,8,0
Bernardo Tapia Ledesma,bernardo818505@outluc.com,WXNKq83nYz,,+56 9 5310 2061,23639456,5,0
,Cristianesquibel551@viajesanma.com,b57obse9apCch,crvies162,+56 2 3289 0971,20602958,7,4743
Clara Abrego Vela,Claravela647@wass.com,,Claravela538,+56 2 4590 5330,8916697,7,16503
Felipe Escobedo Rojo,Feliperojo857@viajes.cl,FaHaq7Gp0ramuIc,felipe6535322,+56 2 1375 3594,29359751,0,
Berta Bueno Olivares,Bertaolivares743@viajes.cl,ANPzzwVsCjj6Pgb6,bebuol356,+56 2 2610 7771,16730190,8,
Rafael Carrasquillo Ayala,rafael7453884@wass.com,G674PW8ffTjpA,Rafaelayala833,,,,966
Ramona González Leal,Ramonaleal263@viajes.cl,aDnM5S8mIjOYoT,Ramonaleal794,+56 2 6259 8916,1351403,8,
Esteban Macías Villa,esmavi421@viajes.cl,96vX0W5j,esteban2166144,+56 9 0125 3123,29413606,1,
Guadalupe Estrada Aguirre,guesag522@viajes.cl,DqkeZ0BmxRLXR,guadalupe4266813,,21674012,2,
Elena Trujillo Delao,elena4507491@viajes.cl,BRgt29LVFX32EAzF,elena9056611,+56 9 2671 9046,23357218,7,
,Robertosandoval817@viajes.cl,03WPdcxbvMW,roberto6014536,+56 2 1841 0216,17276113,5,
Carolina Cardenas Reynoso,Carolinareynoso819@outluc.com,8419d8V9AkKm,cacare100,+56 9 2769 9529,,,0
Sr. Julio Ceballos Esquivel,Sr.esquivel621@marmol.com,M6t9bEHYMi,sr.3578869,+56 9 9341 0614,9441846,1,-359
Enrique Ocasio Carrion,enrique443916@viajes.cl,2oEueBJIlN,enrique6315442,+56 9 0538 5720,19913398,5,
,verónica7332996@marmol.com,oT1wkbQ82Rv,Verónicaulibarri337,+56 2 5901 6295,10847833,0,-819
Manuel Sotelo Badillo,manuel4069228@viajes.cl,gC7WI8dx3,,+56 2 4534 1352,-18767935,4,
Diana Avilés Rubio,Dianarubio903@viajes.cl,dG0YbCns,diavru950,+56 9 3720 5251,,,
Roberto Noriega Heredia,Robertoheredia559@viajes.cl,BYE37tIkv9kdpyNw,,+56 2 4550 4466,13945523,1,
Rosa Gil Cedillo,,4Ovv38ave0zGIxa,rogice721,,27095051,5,13793
Andrés Burgos Velázquez,anbuve503@viajes.cl,vrX80NeQvD8PNbb,anbuve796,+56 9 7236 2851,20909610,2,
Rebeca Matías Segura,remase480@viajes.cl,g4YNB1kWslmKWo,Rebecasegura113,+56 2 8667 8028,,,
Concepción González Fierro,Concepciónfierro387@viajes.cl,NTSe1u6rD,concepción176941,+56 9 4095 0707,-11677423,2,
Sta. Manuela Menchaca Garica,sta.8775554@viajes.cl,6yRtCbMnSQ,stmamega109,+56 2 3130 0767,-16525203,9,
Amalia Ceballos Ulibarri,amceul498@viajes.cl,Y7szs15pgWw,amalia9946291,+56 9 9991 6627,23136769,1,
Alfredo Saavedra Flórez,alsafl716@viajesanma.com,0ZRE0Y4o,,+56 9 6081 1263,11841910,3,4478
Alfonso Razo Laureano,alfonso3241121@wass.com,5uIEoeoBqWdMia,alfonso4889612,+56 9 9519 0905,17962606,3,
Sra. Santiago Zapata Mora,srsazamo562@viajes.cl,yDBabY6U4QG1mMt,Sra.mora195,+56 9 7027 2224,23214152,2,
María Teresa Delatorre Mota,,0RtmSX2616Nj4CNN,matedemo127,+56 9 9795 7956,-6786186,8,3420
Esperanza Alva Muro,esalmu883@marmol.com,UWTdkNs8,esalmu147,+56 9 6963 0401,,,
Sta. Amalia Olivas Ojeda,,CvACc2AiDA6PO,sta.7589331,+56 2 3826 4207,1840825,2,
Rosario Angulo Trejo,,tyB71mxpS5wcYd8,rosario8400859,+56 2 6738 1702,18682222,6,265
Julia Briones Soto,julia6741138@edubus.cal,LvEy4iExd0,,+56 2 7690 3502,-24881360,1,10819
,stelpial415@viajes.cl,,Sta.alejandro553,+56 2 6944 3051,4167197,1,
Sta. Vicente Fonseca Guillen,stvifogu269@viajes.cl,uwJ5lPc4,stvifogu106,+56 9 2274 3886,21546848,8,
Emilio Madera Abeyta,emmaab333@viajes.cl,Ewks39AjQizUpX,emilio5767734,+56 2 9850 1849,8098814,1,
Margarita Piña Páez,mapipá124@tourket.com,,margarita6533737,+56 2 5846 1420,24173800,0,
Daniel Zúñiga Muro,dazúmu577@marmol.com,h0RQf7U2Rbg3,,+56 9 4666 1473,14699043,6,
Mariana Roldán Matías,maroma719@viajes.cl,eLzbR9KGER0,Marianamatías396,,16837655,3,
,vicente5224724@viajes.cl,GE9s5ucjsUtZGx,vigomo509,+56 9 2416 9830,22499644,6,
Enrique Macías Barrera,enrique471367@viajes.cl,5bbUDuu9uyWEU,Enriquebarrera273,+56 9 5330 6487,8115532,1,
Gregorio Gallardo Oquendo,gregorio4266951@viajes.cl,OPNcVJ5r0,grgaoq258,+56 2 2978 6895,14520192,6,
Daniel Carrero Macías,,6iXwhsqqINDHnd2,dacama785,+56 9 6175 4384,26880186,3,
Sta. María Arguello Abrego,sta.1321289@viajes.cl,eUjS6tyVZpm7nVc5,stmaarab600,,5401734,0,
Teodoro Batista Valverde,tebava486@viajes.cl,CajcT4FS7sCQ59,,+56 2 6547 0824,953469,5,
Ramona Rico Madrid,,iEqwv9h2XVEn,ramona9196298,,6212710,4,
César Serrato Delvalle,,9uWoaxCFvgT0A,Césardelvalle296,+56 2 8787 5698,22594889,5,
Alberto Arenas Franco,Albertofranco136@wass.com,5c9thbOp01EJcp,alarfr227,+56 9 0465 3969,29969009,1,
Sra. Lilia Venegas Yáñez,sra.6232546@viajes.cl,oLsh5Cbltk7B,Sra.yáñez393,+56 9 9195 2091,27476031,1,
Sr. Rodrigo Menéndez Sarabia,srromesa573@viajes.cl,5iBEmrvMPYIWzj7t,sr.9231280,+56 2 8189 0458,2199531,2,
Victoria Ramón Alcántar,viraal382@outluc.com,Gu9R2KSbQuRgTF,Victoriaalcántar529,+56 2 7935 0790,11543149,8,-6030
Octavio Nava Sanches,Octaviosanches648@viajes.cl,GeNMe8o03wwh,Octaviosanches518,+56 9 9033 9137,21863754,K,
Esteban Delarosa Vargas,Estebanvargas460@edubus.cal,KXmBDZw4S,Estebanvargas433,+56 2 6902 8702,10197720,K,
Alejandra Altamirano Reyes,Alejandrareyes269@viajesanma.com,AH1WGGtGwC890aM,alalre536,+56 9 4889 3090,,,11705
Fernando Galarza Ureña,Fernandoureña815@viajesanma.com,Hu6Y8XZgo,Fernandoureña873,+56 9 4480 1327,,,10081
Germán Rocha Fajardo,gerofa426@edubus.cal,RZk1iCAERsqv85R,gerofa608,+56 9 0072 0549,19528737,6,9867
Gilberto Ulibarri Salazar,,Zj8qHDu9d6NF,Gilbertosalazar631,+56 2 3124 3515,7726566,K,435
Silvia Venegas Tello,silvia1946634@viajes.cl,UX7L1ENaVPnGk,silvia8148496,+56 9 3512 0041,4807867,2,
Cristian Gamez Barrios,cristian8155942@viajes.cl,JwqQE64Ca9Yq,cristian5989737,+56 2 1285 3309,11187170,1,
Ramona Gómez Riojas,Ramonariojas144@viajes.cl,IRF8ZCvOi6ubydMp,ramona172547,+56 2 7617 1188,19042724,2,
Jerónimo Alanis Villa,,7gwrRVqgF7mf,Jerónimovilla909,+56 9 0943 4693,3370282,5,19362
,Soledadserrano180@viajes.cl,DSO6cdzvh,Soledadserrano183,+56 2 3299 7766,29674991,5,
Carolina Maya Rosas,camaro709@wass.com,4GNrGMqrG9h,camaro681,+56 2 3541 1565,7035877,8,
Estela Delvalle Ornelas,Estelaornelas266@viajes.cl,VsFH5rl9P,esdeor162,,3670223,0,
Jesús Menchaca Pelayo,jemepe848@tourket.com,ThG4G7KkMbbGH,jesús1002822,+56 9 2865 9972,11683882,6,
Carolina Ayala Rosado,Carolinarosado152@viajes.cl,TF0dEXy2ZFLT,caayro568,+56 9 4310 0151,27855441,4,
Teresa Collazo Irizarry,teresa7197541@viajes.cl,M9j1AbDmRpQuGe2F,tecoir266,+56 2 3634 7146,,,
María José Sosa Quintanilla,maría6928605@viajes.cl,BbE3E8Z51uh9hZ,,+56 9 9201 2963,20583320,K,
,Isabelmena216@tourket.com,Yh6mskVlDMMTAhOh,isceme882,+56 2 2627 8580,,,0
Cristina Negrete Paredes,crnepa833@viajes.cl,wwz886wXc,cristina6709110,+56 2 8912 2616,20860978,5,
Pedro Marroquín Bermúdez,Pedrobermúdez301@viajes.cl,,pemabe414,+56 9 8943 0380,12942194,0,
Eloisa Estévez Vera,,UQdvYTv6b,elesve963,+56 2 6517 0870,15089149,3,0
Magdalena Ornelas Bétancourt,,tPVPLmM7Dmc,Magdalenabétancourt437,+56 2 3899 5279,4939906,5,0
Marcos León Escobedo,marcos4781389@outluc.com,Q9Ng422Mw,Marcosescobedo931,+56 2 8568 8283,6572182,1,
Sta. Adriana Armijo Mondragón,Sta.mondragón980@viajes.cl,4TrBN6H2ku1Fci,stadarmo834,+56 9 6894 9840,1976834,1,
Inés Ornelas Beltrán,inés5019540@viajes.cl,9ZSzCut2,inés125160,+56 2 4303 1245,13684125,4,
Juan Carlos Alanis Ornelas,Juanornelas107@viajes.cl,yCUjK3u0ixS,Juanornelas708,+56 2 7412 3554,,,
Armando Navarro Valdés,arnava327@edubus.cal,94cyaDcord,,+56 9 4713 6514,13327790,0,0
Pablo Riojas Naranjo,Pablonaranjo381@viajes.cl,XpzlkkezFV4Ty,Pablonaranjo845,+56 2 2295 8390,15135050,K,
Roberto de Jesús Brito,roberto9633370@viajes.cl,Pm3XtfETUk96hnB,roberto7664958,+56 2 8010 3246,18475780,K,
Susana Heredia Márquez,suhemá328@viajes.cl,f4RB0LwIZgVC,Susanamárquez647,+56 9 9958 4603,20051799,7,
Javier Hernández Murillo,jahemu317@viajes.cl,IYFCH9uQWYqf,Javiermurillo242,+56 2 8892 3636,24568926,8,
Roberto Gurule Carbajal,,Cv70zOvFhjz45,Robertocarbajal418,+56 2 7828 4719,5920628,1,19793
Cecilia Camacho Padilla,cecapa266@viajes.cl,PDl7aLe8CcAAOLM,Ceciliapadilla318,+56 9 5071 4832,19200961,8,
Claudio Rojo Muro,claudio5915903@viajes.cl,GM5ft0Xe,Claudiomuro925,+56 9 5797 0008,2422609,3,
Timoteo Palacios Ferrer,Timoteoferrer745@tourket.com,wzzOPVII3g58SJnD,,+56 9 5410 6105,18471684,4,5237
Leticia Luna Mascareñas,leluma183@viajes.cl,fpuMJlD6F9qa09X,leticia7538830,+56 2 4089 2669,25842233,3,
Mariano Mena Elizondo,mariano9083320@marmol.com,Jv88yS5hSKMdeh,,+56 9 0858 0404,19358359,8,3757
María Cristina Lugo Alvarez,Maríaalvarez138@wass.com,XRb2nKv3F,,+56 9 8875 4707,28389678,1,15047
Ernesto Saldivar Velasco,ersave294@viajes.cl,gYKq7aaC53R8Ewd,Ernestovelasco834,+56 9 1733 2321,27906944,7,
Víctor Valverde García,víctor2467652@viajes.cl,,,+56 9 6580 3797,1349858,K,
Sta. Cecilia Pedroza Negrón,Sta.negrón956@viajes.cl,X3fVrJZ74cTS,sta.9181544,+56 9 3513 8575,1624482,1,
Débora Balderas Solano,Déborasolano286@marmol.com,HmUqgELcS7VDN,débora9335165,+56 2 9881 5274,2800376,5,-4538
Adriana Valladares Collazo,advaco685@viajes.cl,gD6T4QW3GqxnGQ,Adrianacollazo578,+56 9 4642 2488,16862966,4,
Germán Ojeda Arce,germán9564186@viajes.cl,w0QDXIGS,germán7729663,+56 2 1427 6123,6211474,6,
Guillermina Torres Salcedo,gutosa423@viajes.cl,jKZG16QFroACB,guillermina4229880,+56 9 5552 1659,18350517,3,
Rafael Villa Iglesias,raviig186@tourket.com,,Rafaeliglesias659,+56 2 2585 4817,14559749,8,
María Teresa Ceja Porras,maría8660779@viajes.cl,23sNKF2RqzUYa,maría3081632,+56 9 0293 4269,,,
Raúl Rodarte Caraballo,Raúlcaraballo974@marmol.com,OnmLkhysx3Bto,raroca962,+56 9 0089 5098,10047080,2,
Carlota Hernández Abrego,caheab337@viajes.cl,Bc5DOTls,carlota9905802,+56 9 8783 8298,,,
Sra. Marcela Orozco García,srmaorga483@viajes.cl,2S6QeycdcpH,Sra.garcía991,+56 9 6643 6603,514394,2,
Ernesto Villagómez Venegas,ernesto3617358@wass.com,5tX6EeR2FeU,,+56 9 6026 4088,-22839435,1,0
Felipe Salcido Hernández,fesahe371@viajesanma.com,Ar2HphMku4RK,felipe469901,+56 2 7747 5370,22895406,3,11710
María del Carmen Marroquín Villareal,madecamavi101@viajes.cl,aJ0j4Ycj,maría7199915,+56 2 7750 5748,15561447,1,
,sr.3033151@edubus.cal,Lfc1OtesE,,+56 2 8489 9861,18428772,2,3665
Emilio Santacruz Tijerina,Emiliotijerina676@viajes.cl,oS31pSky4,Emiliotijerina655,+56 2 1891 5415,12759784,7,
Alfonso Rosales Holguín,Alfonsoholguín841@viajes.cl,,alroho916,+56 9 4545 0581,2213126,5,
Raúl Méndez Porras,,yfm68rhIOz0V,Raúlporras379,+56 2 4950 7651,,,0
Benjamín Orozco Jiménez,Benjamínjiménez670@viajes.cl,ZyFrRYX7M,Benjamínjiménez338,+56 2 1213 4417,28610642,0,
Sara Rivera Lozada,sara3658705@viajes.cl,8YANj3j0MX,Saralozada778,+56 2 1769 8381,17963713,8,
Jorge Gracia Briones,jogrbr450@edubus.cal,lDuQvVc3TIiSY0Y1,jogrbr499,+56 9 1299 0906,732270,4,-11736
David Barreto Piña,david6622548@viajes.cl,gjUG2XI0WO,Davidpiña569,+56 2 7694 9061,28212244,8,
Lucia Mena Bañuelos,Luciabañuelos420@viajes.cl,ZzRi8kKzCtjxehUe,lumeba317,+56 9 2542 1089,14521266,9,
Gregorio Guillen Rosado,gregorio1938243@viajes.cl,U3bXYTyyxM3Tl,Gregoriorosado742,+56 9 2706 7186,9584461,8,
María del Carmen Gaytán Armijo,Maríaarmijo187@marmol.com,Lr2DJAG8NjFO,Maríaarmijo108,+56 9 6513 8696,,,1967
Ignacio Salinas Preciado,Ignaciopreciado651@viajes.cl,qS7UhPQJTzumVP,igsapr548,+56 9 6640 5677,11732682,9,
Claudia Almanza Correa,clalco970@viajes.cl,m4Fwbxsmz3C,Claudiacorrea805,+56 9 5895 5421,,,
Sr. Germán Piña Limón,srgepili368@viajes.cl,oOPNFCzV287Wkl6w,Sr.limón601,+56 2 9579 2626,17774502,2,
Sta. Marisol Elizondo Acevedo,Sta.acevedo242@tourket.com,D17vXRKMAEV,stmaelac130,+56 2 8739 2749,24638537,8,
Timoteo Romo Hernández,Timoteohernández141@viajes.cl,j9DNWbfv,Timoteohernández287,+56 9 7349 8831,2088542,4,
Gloria Herrera Enríquez,gloria8057209@marmol.com,BN98KrKvhE1lx,,+56 9 0395 4678,-12809962,K,293
Sr. María Carvajal Castillo,Sr.castillo351@edubus.cal,6CueU5eQlH,Sr.castillo858,+56 9 1522 4400,,,-1500
Dorotea Aguilera Negrete,doagne287@edubus.cal,uXzDK8agl,Doroteanegrete644,+56 9 3694 8078,16025266,9,
Laura Matías Reyes,lamare305@viajes.cl,QWotfY7F3l,laura7176462,+56 9 2878 4722,8146041,8,
Guadalupe Deleón Escalante,guadalupe9436982@wass.com,s36Gz1PNHWir,Guadalupeescalante900,+56 9 5329 3008,-22173252,9,
Clara Lemus Mascareñas,cllema523@viajes.cl,gMHkY64MNs5P,clara7975266,+56 2 7813 0292,2853770,0,
Ana Luisa Ruiz Ramón,anlurura621@viajes.cl,7oZpvU72v5dpf,Anaramón704,+56 9 8395 2402,4464974,8,
Alberto Delafuente Domínguez,,iGb47pLfhXPs7X,Albertodomínguez680,+56 2 1320 7237,1944620,4,7485
Alberto Ybarra Miranda,alberto9508888@viajes.cl,k7G7xGhkW81,alberto7209565,+56 9 8873 5281,10398228,6,
Isabela Castañeda Gómez,isabela200738@viajes.cl,SlLPxbWFNEyw107,iscagó130,+56 9 4702 9104,22378397,K,
Francisco Medina Piña,francisco4781858@viajes.cl,jo31hyE6J,frmepi631,+56 9 0326 8552,29513778,9,
Alicia Velásquez Olvera,alveol354@marmol.com,kSIwxYAyNaG7d8V,alveol588,+56 2 1153 1172,21278817,1,-23256
José Garay Valentín,josé9298525@viajes.cl,VdRW4wsbe,jogava943,,,,
Gustavo Ayala Zelaya,Gustavozelaya652@edubus.cal,Jb0nmb2F,guayze791,+56 9 8838 0170,20354039,6,
Francisca Vanegas Padrón,francisca1691995@viajes.cl,89zsLvRexg,frvapa216,+56 9 2777 2918,1308740,7,
Elisa Zúñiga Rascón,Elisarascón880@edubus.cal,yLrJ62av9Ix1d,elzúra776,+56 9 1379 0689,26392032,5,5601
Guillermo Aguayo Delagarza,,IEZeYV6TJn3NvN,Guillermodelagarza208,+56 2 6959 6759,15144181,5,6658
José Emilio Magaña Carrillo,,6iYX2GErfPM,Josécarrillo441,+56 2 9029 4613,9764713,5,-17656
Ana María Olivares Cepeda,anmaolce802@viajesanma.com,DD88qLV8rzCWf,anmaolce987,+56 9 4468 3745,9806760,4,
Teodoro Guevara Ramírez,teodoro388300@viajesanma.com,q3xx1IZHod7BXk,teodoro1112405,+56 2 9020 8238,1931317,4,0
Sofia Negrón Rendón,sofia428873@viajes.cl,zS4qCJ0i,sonere491,,13090931,0,
Lola Caraballo Solorzano,,s7yEOk3ndag,locaso323,+56 2 0026 3659,26885358,8,0
Marco Antonio Cisneros Delacrúz,maancide891@edubus.cal,QD0iBO49cpsukUF,,+56 2 3820 8625,19681888,K,0
Sofia Cruz Carrillo,Sofiacarrillo801@marmol.com,hGbhcPQ1,,+56 2 8515 9135,20292698,3,0
Sta. Caridad Toro Garibay,Sta.garibay963@viajes.cl,HHfi2QT6tsqf,Sta.garibay803,+56 2 4023 4067,13417455,2,
Sancho Villanueva Zúñiga,sancho7190607@viajes.cl,xiiuCm8z8zRzdR,Sanchozúñiga683,+56 9 6818 4896,,,
María Elena Guerrero Rendón,Maríarendón820@viajes.cl,bit0fVzTw,maría653550,+56 2 7357 6281,29814494,8,
Sr. Patricia Mora Flores,,6j9DyhFTU9b8,srpamofl494,+56 2 4338 4504,2765255,7,
Rafael Alcaraz Barrera,rafael8801697@marmol.com,dKiSx6sjw0E7D0a,rafael8644550,+56 2 8518 0463,4792962,8,-1305
Alicia Salinas Baeza,alicia6908339@edubus.cal,lftxhVuSeQgps4,alicia3400928,+56 9 3328 0384,9290195,5,
Ignacio Hernandes Melgar,,X3nvBC4oq5kBaFf,ignacio3199287,,10834138,6,
José Emilio Montañez Serrato,,wuU7gx9QH9f,josé1472373,+56 9 3353 4038,4090118,3,13710
Maricarmen Zambrano Razo,maricarmen9839855@outluc.com,f8XbgbENVZiqmM24,maricarmen3718187,,5435196,8,
Emilio Moya Lebrón,emmole216@viajesanma.com,Dpk91qxWSR,Emiliolebrón799,+56 2 3544 9066,8631302,2,-10409
Sra. Antonio Villegas Reyes,Sra.reyes599@viajes.cl,JtM6g4SCH9Poztmc,sra.5906923,+56 9 6060 0562,909896,8,
María Eugenia Ramón Venegas,maeurave578@viajes.cl,OBcexAqgY7d,maría3409672,+56 2 5906 2491,16301239,1,
Rebeca Fuentes Alicea,Rebecaalicea844@wass.com,fQBVqfY4K,,+56 9 0588 0326,,,12795
Vicente Griego Urrutia,Vicenteurrutia979@viajes.cl,KkVyQt9SHZR,vicente8919144,+56 9 5658 9972,244950,1,
María Eugenia Alanis Armendáriz,maría5146627@wass.com,3xRnB0aHCC2T5u,,+56 9 0603 7841,12968413,5,14597
Óscar Armendáriz Serna,óscar5982119@viajes.cl,W4bLL6jXpG0I0,ósarse614,+56 9 2351 2570,8637257,6,
Ernesto Casas Vargas,ercava760@viajes.cl,P1ao7aZjd,Ernestovargas540,+56 2 0357 5592,22865325,K,
Santiago Ferrer Fajardo,santiago3282575@edubus.cal,cOcwI66p,safefa374,+56 2 6644 3886,12219465,5,0
Santiago Nájera Fernández,santiago8939101@viajesanma.com,SCa1CsaIKMka3,,+56 9 6819 6940,18897136,9,0
Sr. Guillermina Arias Almanza,,pYQMm0UeH,srguaral897,+56 9 8691 4285,13385757,5,8667
Sra. Martín Vargas Muñoz,Sra.muñoz859@viajes.cl,EIkBWiyuzq4H5,Sra.muñoz485,+56 9 9707 9455,22792653,8,
Adán Rosado Collado,Adáncollado289@viajes.cl,hhjULSOSgXou8nZ,adroco322,+56 2 6249 8364,,,
Timoteo Espinosa Lara,Timoteolara285@viajes.cl,SuwcQVKn6,tiesla688,+56 2 5063 9914,17186265,5,
Caridad Rivera Echevarría,cariec163@viajes.cl,RoxN48nl0G,Caridadechevarría979,+56 2 3775 5995,8291721,7,
Sra. Lucas Baca Quintanilla,srlubaqu223@wass.com,,sra.4684278,,2756189,6,9989
Berta Grijalva Alemán,begral505@viajes.cl,h1uPVa7T55LqQ,begral731,+56 2 9073 7868,2608270,6,
Mateo Pérez Garza,mapéga398@viajes.cl,ePnoW0UN,Mateogarza510,,-19448135,7,
Marta Tello Corral,marta7708109@viajes.cl,iIyj3RM1XYC,Martacorral207,+56 9 9994 6377,16618349,9,
Lola Agosto Segovia,Lolasegovia453@tourket.com,WzL0a3UG,Lolasegovia779,+56 9 5824 4704,24914050,3,-19271
Ariadna Casárez Urrutia,Ariadnaurrutia681@viajesanma.com,LkOmV44vmlQraU,ariadna2799533,+56 9 3830 2754,,,17978
Rocio Castillo Reyes,rocare556@viajes.cl,4eNb2r4Q,rocare704,+56 9 0955 1809,2242966,3,
Sta. Débora Terrazas Piña,stdétepi368@edubus.cal,WiadYpYgyNYe5C,,+56 9 2314 0538,19665735,5,11362
Carmen Valdivia Rendón,cavare416@viajes.cl,WNLZJI9pE9VZQc,carmen642188,+56 9 2342 7715,7735226,0,
Francisca Narváez Godoy,,5gpBEiI88C7BLnu5,francisca6292418,+56 9 2697 5549,20812986,4,4542
Sr. Adán Mojica Carrion,,NKYMHBxRzt13bWe,sr.9921597,+56 9 5567 3232,23292161,7,2695
Felipe Medrano Galván,felipe7511543@viajes.cl,OAp7nJ92tFd1,femega244,+56 9 3177 0598,1370917,3,
Sr. Armando Romo Alfaro,,FKA1Dwgb,sr.1847883,+56 2 1093 1759,4718238,7,2470
,alberto5410136@edubus.cal,83z9SGSj8hBp,Albertochávez744,+56 9 5807 7945,16142717,9,
Sra. Jerónimo Correa Benavídez,Sra.benavídez613@viajes.cl,jszcn7i3SvsuyQ,sra.9930717,+56 2 0884 9370,5681111,7,
Ana Marroquín Delgado,Anadelgado833@viajes.cl,L8CPB918sZ1tx,,+56 2 6908 4412,-2462714,4,
Sta. Anita Roque Arias,stanroar407@marmol.com,ZyEVtdYY4BH57jl,,+56 9 0192 7244,,,0
Maricarmen Carbajal Villanueva,maricarmen1043921@outluc.com,WKTk2ez7AiP,maricarmen9791138,+56 2 9262 3820,29536368,1,-3555
Sra. César Olmos Pedroza,sra.8471206@viajes.cl,kdXEZz1dFEmIb2,sra.7449922,+56 2 9781 7036,20900730,4,
Dorotea Aragón Montemayor,dorotea3969297@viajes.cl,yHZSm0N8Pap7w1u,dorotea7633422,+56 2 2214 7437,24485251,3,
Sr. Manuel Alcala Rivas,sr.7819604@viajes.cl,WDMcn7V4xMuCOZ,sr.5882135,+56 9 3414 7535,13910879,5,
Débora Narváez Gaytán,dénaga171@viajes.cl,Rb5dzRp9O,débora5266464,+56 9 0357 5655,,,
María Teresa Paredes Cavazos,Maríacavazos182@viajes.cl,oT2uFYlpxD7,matepaca882,+56 2 6624 6987,13330172,0,
Soledad Jaimes Narváez,Soledadnarváez137@viajes.cl,NGXKOe7LhzB06D6,Soledadnarváez303,+56 2 7609 6248,19154777,2,
Lorenzo Camarillo Iglesias,Lorenzoiglesias999@viajes.cl,Y8NKykX7RQlm9WkC,locaig804,+56 2 0888 5900,13232011,K,
Sta. Gabriel Olvera Meléndez,sta.2490450@wass.com,,Sta.meléndez213,+56 2 4080 7065,22551853,K,
Leonor Tamayo Lira,Leonorlira295@viajes.cl,07vDX6qVOkc,letali698,,18443773,2,
Rosa Portillo Badillo,Rosabadillo698@wass.com,US3BWDUku5,rosa3905406,+56 2 8013 1970,,,15866
Santiago Rojas Lomeli,Santiagolomeli422@viajes.cl,2jjQofcCOxdcz4,Santiagolomeli657,+56 9 2777 1556,27049894,9,
Gregorio Roldán Delvalle,grrode416@viajes.cl,YxdCf45E,Gregoriodelvalle381,+56 9 1673 3594,12002207,5,
Sr. Mariana Villanueva Menchaca,srmavime606@viajes.cl,gIh0KGbWOT4dUD,sr.2612820,+56 2 5024 5113,1830712,K,
Concepción Jaimes Ramón,,Qw9wzQaYCu9H9v0Y,Concepciónramón873,+56 9 4052 5197,4965855,9,
Juan Fajardo Castellanos,juan2856902@tourket.com,EGdl6dWqU,Juancastellanos642,+56 2 9807 7432,,,3734
Alicia Porras Preciado,alpopr301@tourket.com,QBolmH24,alicia387731,+56 9 2868 6918,15435480,8,9244
Julio César Coronado Ybarra,jucécoyb294@outluc.com,RJFUpXXlM59d,julio8010151,+56 9 6225 8831,,,4145
Sr. María Eugenia García Guajardo,Sr.guajardo991@wass.com,EmEOs6en5PkWz,,+56 2 5346 0269,26697298,9,22414
Federico Segura Gonzales,Federicogonzales535@edubus.cal,Vjj6aFZDzV2dV,,+56 2 1541 6895,,,5184
Sra. Rosario Guajardo Tirado,srroguti835@tourket.com,Ncif0KrVQ5y,sra.2008482,+56 2 1399 0236,22541519,6,
Concepción Barraza Zayas,concepción4274506@wass.com,9SwYqcbtwkXx5V,,+56 2 7734 5734,12046878,2,
Sta. Jesús Navarrete Fajardo,sta.6977909@viajes.cl,m41WPTmKwL,stjenafa744,+56 9 7575 5732,28848912,2,
Julio Montalvo Alanis,jumoal497@viajes.cl,YkThq8g7CdIaR,Julioalanis527,+56 9 8419 2691,26915735,6,
Sr. Teodoro Rael Calvillo,,QXF8sbrC5ZNny,srteraca496,+56 9 2814 5764,18829839,7,
José Iglesias Alonso,Joséalonso117@viajes.cl,uWdMrSG5P9qPsEr,joigal681,+56 2 8743 4969,22380136,6,
Sta. Graciela Peña Pantoja,Sta.pantoja213@wass.com,6e7eCBQVnuzkx6TD,Sta.pantoja890,+56 2 4508 9635,1246868,7,-23387
Ricardo Henríquez Pulido,rihepu595@outluc.com,Pbe68HNbcI,ricardo3417698,+56 9 6124 5960,10194930,3,12657
Eduardo Angulo Padilla,edanpa631@viajesanma.com,0u4Sk5St,eduardo6546558,+56 9 1701 5807,28100341,0,
Juana Matos Velasco,Juanavelasco558@viajes.cl,vgJaTfHN1utSH2,juana2096236,+56 2 4831 2268,18409275,1,
María Cristina Alcala Baca,Maríabaca789@viajes.cl,svH52aAUKqVvW5,macralba488,+56 9 4511 6351,5590254,2,
Juan Carlos Quintanilla Tamayo,jucaquta598@viajes.cl,dE6U0O33lTKrN,jucaquta184,+56 2 6739 6084,,,
Sr. Cristina Molina Nava,sr.3211682@viajes.cl,crTqhJ09K0s,Sr.nava627,+56 9 1580 6760,18306509,2,
Juan Perea Griego,juan2084484@tourket.com,4twuAvz5z2K,,+56 2 6174 9907,27239975,1,2412
Sta. Mariana Pulido Bétancourt,stmapubé533@viajes.cl,,stmapubé313,+56 2 0930 5605,22144498,1,
Sta. Yolanda Serrano Bétancourt,sta.7373654@viajes.cl,,Sta.bétancourt795,+56 9 8827 7674,4065221,3,
Luis Miguel Ramírez Perales,luis7165789@viajes.cl,1FyWpKm4,lumirape350,+56 2 6696 2697,18790949,K,
Vicente Armijo Escobar,Vicenteescobar772@viajes.cl,2Hicfdp3btgUNPy,Vicenteescobar706,+56 2 7748 1533,5951794,5,
,anmave718@viajes.cl,ztQb872TWKYO0ndH,antonia1429995,,5723743,0,
Agustín Gaytán Meraz,agustín1537237@viajes.cl,EKdmTWM8,Agustínmeraz809,+56 2 1166 2926,21970402,K,
Marisol Bustos Cabrera,mabuca319@viajes.cl,b5dSilF2MRqIje,mabuca779,+56 2 9086 2781,11101718,2,
Mariano Tórrez Bañuelos,mariano2360541@edubus.cal,F1oViB6iq,matóba456,,27208778,4,0
Margarita Robles Peralta,Margaritaperalta319@viajes.cl,I6pBbauY5dB,marope122,+56 9 2333 5755,23005031,7,
Sr. Lucia Abreu Treviño,Sr.treviño590@viajes.cl,z1VbpljRjtj8,srluabtr394,+56 2 8528 5707,24109392,1,
Sta. Julio Olmos Guajardo,,A5lSXS7b,Sta.guajardo352,+56 9 3526 3295,-11868805,8,
Agustín Robles Acevedo,agustín5168816@viajes.cl,VUARnL50D3o0ssZ,Agustínacevedo623,+56 2 8180 4505,16840211,2,
Alejandro Armas Casanova,alarca970@viajesanma.com,IpAu11lKaQ3,,+56 2 6507 6830,15612099,5,0
Eduardo Carrasco Mireles,edcami320@viajes.cl,bOyV3VUASo,edcami316,+56 2 1796 4516,2364125,9,
Sr. Bernardo Santacruz Canales,,tO7Nna7bZvv15XG,Sr.canales291,+56 9 1955 7308,17761054,2,20123
Mónica Cepeda Salcido,,vK1m8TKi8WCw7VT2,mócesa746,+56 9 8704 2573,27038520,6,0
Lucas Bernal Leiva,Lucasleiva484@viajes.cl,VVP9zBnVg1H,lucas526649,+56 2 5429 6709,4084023,0,
,Sr.gómez812@viajes.cl,sSb97anPSC8ZgWIv,sr.8467982,+56 9 9981 8755,27677764,5,
Samuel Cabán Arce,samuel7438504@viajes.cl,vWvnadD21Vs1pS,samuel1433534,+56 9 1217 3488,-17384279,1,
Carmen Cortez Olvera,Carmenolvera415@viajes.cl,R3deII63LG4Ph,cacool934,+56 9 9574 7686,,,
Samuel Barrios Tello,samuel955149@viajes.cl,0tBXcnT4,samuel7040452,,11163147,6,
José Eduardo Blanco Serrano,Joséserrano978@viajes.cl,Armv1ZXM8E,,+56 2 8306 2095,,,
Víctor Esparza Vallejo,víctor880107@viajes.cl,RDb1GVnfUNlcuh9t,víctor3968416,+56 2 8235 8460,9525398,9,
Amalia Polanco Aparicio,ampoap519@tourket.com,gEmhrJ4ykSV8,,+56 2 6359 6097,14996585,8,12047
Jesús Lebrón Ayala,Jesúsayala953@viajes.cl,MNUXQOj0l8sLtL,jeleay184,+56 2 3434 6740,22317012,9,
Sr. Eduardo Sevilla Malave,Sr.malave666@viajesanma.com,8GagOpYXZqZQu0b,,+56 2 5933 2542,22986967,1,8840
Benjamín Griego Coronado,Benjamíncoronado313@viajes.cl,9e0PaK4AO,Benjamíncoronado630,+56 9 8033 2076,15730226,4,
Enrique Calvillo Ledesma,encale987@viajes.cl,LHSb3Rd3I2F,encale831,+56 2 4731 2030,13964436,0,
Sr. María Cristina Olivera Franco,sr.4162833@outluc.com,5L8oJ489,srmacrolfr829,+56 9 6293 6254,,,1336
Raquel Colunga Lozada,racolo733@viajes.cl,go2R8gUJ,racolo669,+56 9 4875 4514,5695000,1,
Patricia Galindo Banda,pagaba879@viajes.cl,LW76RWdX,Patriciabanda392,+56 9 8253 0041,26861469,9,
Salvador Carrillo Razo,sacara440@viajesanma.com,gWrA9NVbYTmBIFlQ,salvador1514997,+56 9 8589 5169,25403622,6,-6730
Ana Vargas Sisneros,,A78hP4FNNXzi,Anasisneros989,+56 9 5634 0194,,,5111
Soledad Covarrubias Valadez,,a22a2RF6X9,socova698,+56 2 6021 2078,-14846482,0,-20129
María Soledad Jaramillo Alvarado,maría1459222@viajes.cl,0dyjZ9BnHMeh,Maríaalvarado132,+56 2 8218 9468,6349509,3,
María Cristina Miramontes Delrío,Maríadelrío618@viajes.cl,6tOIAMokqQlo,macrmide442,,15126051,9,
Sta. Florencia Valdés Alvarado,Sta.alvarado908@outluc.com,bs7vg5OZXFYF0wz,,+56 2 7971 1322,17510534,4,-3580
Rocio Baeza Morales,robamo385@edubus.cal,4HS6M2mYrb8K,rocio9568414,+56 2 9592 6688,27545702,7,-460
Raúl Paredes Vaca,raúl7835998@viajes.cl,ls39BjZfXf,Raúlvaca220,+56 2 5417 1878,9880832,9,
Hugo Franco Jasso,,39rGAJrb7W2,Hugojasso404,+56 2 8475 6522,809850,6,
Silvia Gurule Arroyo,silvia691821@viajes.cl,QnAj5rn5C49sb,silvia6858122,+56 2 5135 5732,14433643,7,
Carlos Palomino Negrón,Carlosnegrón208@viajesanma.com,,Carlosnegrón910,+56 2 2005 3742,-11090572,6,
Sr. Julio César Quiñones Mata,sr.3043160@viajes.cl,0YYCmvhgJ4JbUDD,srjucéquma963,+56 2 1727 6970,2253937,K,
Sta. Luz Arroyo Esquivel,,u3VxjJk1Zw,Sta.esquivel961,+56 9 3333 2946,22651976,9,0
María Teresa Gurule Quiñones,maría8426631@viajes.cl,I8GDDset,maría5699508,+56 2 4213 9624,-2164189,8,
Claudia Duarte Cazares,,xcJYbrBy3ss2U4bk,clduca235,+56 9 5301 2974,24940430,6,13410
Luisa Núñez Bustamante,Luisabustamante657@viajes.cl,cTWEUy8vL,,+56 9 4419 3044,5338815,9,
Pedro Nevárez Valles,pedro5278659@viajes.cl,Gb0Ll6usU,Pedrovalles600,+56 9 3777 7533,6110491,7,
Hugo Espinoza Cardona,huesca862@viajes.cl,6vAC42sGmy,huesca284,+56 2 0485 2934,14455255,5,
Reina Córdova Palacios,reina5836237@viajes.cl,h5EVtabG9vnQCKaU,Reinapalacios999,+56 9 9160 2415,9368904,6,
Germán Ozuna Rodríquez,Germánrodríquez270@viajes.cl,ANR75H8j5QPAsjDV,germán3002226,+56 9 0028 2074,7214450,3,
Sta. Rafael Linares Gaitán,Sta.gaitán934@edubus.cal,iz9w7CXR0zIThhoe,,+56 9 3135 1822,7396006,1,5819
Luis Miguel Lugo Fonseca,luis2971637@viajes.cl,,lumilufo703,,-12768071,K,
,Rosaliabahena629@viajes.cl,x1ygMbx83sawDe6,rosalia1455383,+56 2 6591 3312,12531564,K,
Sr. Josefina Caballero Prieto,srjocapr712@wass.com,xvw1pueDZ,Sr.prieto905,+56 2 5673 0247,543549,8,
Mariano Sauceda Quintana,mariano6034164@tourket.com,dkTLs2qlcCN,,+56 9 3240 2603,20520776,7,5271
Enrique Cepeda Perea,encepe820@viajes.cl,M8klaGK6diT,enrique4561467,+56 2 8382 7220,27898411,7,
Gregorio Escobedo Aranda,Gregorioaranda489@viajesanma.com,jINT5LJJ9,,+56 9 2470 7297,22047444,5,0
,,U31i8nSsftx12fS,dolores3254387,+56 2 0877 0294,18329522,5,3785
Enrique Lebrón Ozuna,Enriqueozuna731@viajes.cl,,enleoz492,+56 9 8594 6909,,,
Sonia Romo Maestas,Soniamaestas221@edubus.cal,UQ5Pka5RWbjZ8rlC,,+56 9 9533 8956,8433526,6,3576
Jacobo Gonzales Galarza,jacobo2653281@viajes.cl,yJaa8EqhF1mlQO3K,Jacobogalarza776,+56 9 5029 0245,9865370,8,
Gabriel Casanova Adorno,gacaad829@viajes.cl,ew7wrfpYcYun,gabriel5821257,+56 2 2611 9755,2350207,0,
Ramona Tijerina Benítez,ramona601260@outluc.com,cHy3mRfVHFRPSkv,ramona1942660,+56 9 1863 2595,-1351249,3,153
,Cristianamaya567@edubus.cal,,Cristianamaya495,+56 9 3090 1224,,,4963
Sta. Cristobal Niño Zambrano,sta.7727660@viajes.cl,tyAd8nzGVU,,+56 9 4697 6247,24385967,0,
Sra. Maricarmen Portillo Abreu,sra.8853461@marmol.com,iKFvTbCkwd6fBd,sra.7101445,+56 9 0551 4295,,,0
Lourdes Soria Amador,,6XlOccCD,Lourdesamador267,,16616602,0,0
Ángela Quezada Lomeli,ángela5366364@outluc.com,6is1oTu2ndzX,,+56 9 5946 2317,3973226,2,1044
Sergio Murillo Salcido,Sergiosalcido871@outluc.com,cojG4A9vsvpB9,Sergiosalcido877,+56 9 4198 2043,,,0
Gregorio Lozada Garica,grloga806@viajes.cl,Q2f6ucEQUgbKEb,grloga273,+56 9 7963 3283,7694327,3,
Enrique Cruz Sotelo,Enriquesotelo831@tourket.com,flcEVZChyTbuY7,encrso213,+56 2 5617 5242,27965046,8,-3199
Alfredo Gastélum Saucedo,Alfredosaucedo875@tourket.com,,algasa694,+56 2 6795 1936,,,7428
Alberto Aponte Delarosa,alapde215@viajes.cl,0Y3b8pwSMqLslo9s,alberto224604,+56 9 3452 0626,25360871,4,
María del Carmen Velásquez Paredes,Maríaparedes646@outluc.com,7pBFv1iv4zd,,+56 2 2948 9493,10481144,2,0
,,,,,,,
,maricarmen7666586@edubus.cal,NHcqrhrdKnKeL3z,maricarmen1891224,+56 2 9241 1198,8356729,5,15447
Silvia Ayala Paredes,siaypa710@viajesanma.com,nfHIet8dE292,Silviaparedes473,+56 9 0288 4765,,,4413
Alejandro Ramos Gálvez,alragá795@marmol.com,wtvcEf7ArJbXy,Alejandrogálvez870,+56 9 8179 0592,27334479,9,
Ángela Berríos Alba,Ángelaalba718@viajesanma.com,aFQ1XeKP,ánbeal178,,9409857,2,3164
Lucas Apodaca Ferrer,Lucasferrer412@outluc.com,5uNcM8ldmQ,Lucasferrer600,+56 2 2489 6344,17869014,0,10558
Rosa Escobedo Delgadillo,rosa6148769@tourket.com,2thTGzi6tBz9T,Rosadelgadillo959,+56 2 7556 2507,24457716,4,0
Sta. Gerardo Lovato Cabán,Sta.cabán461@tourket.com,T2F3Tbcp,stgeloca434,+56 9 0220 9502,6048418,K,23166
Verónica Casárez Rodrígez,verónica1481805@viajes.cl,mTBDOV3jNtNo0,vecaro880,+56 9 7472 6950,4122017,1,
Graciela Cuellar Gollum,graciela1787859@tourket.com,PvV2CnLJjXF34fP,grcugo121,+56 2 8234 0344,-15785754,1,24039
Micaela Mota Quiroz,Micaelaquiroz905@outluc.com,,,+56 2 2348 0368,-9859268,7,7245
José Anguiano Ballesteros,Joséballesteros167@tourket.com,g89XkyYnk8aUEM,joanba351,+56 2 1174 2957,4498772,4,306
,,,,,,,
,pabear838@viajes.cl,qnrGQab1M6s36eR,patricio2188655,+56 9 1315 4607,,,
Marcos Leiva Zelaya,marcos9466158@outluc.com,a0R9JAxaWdTJ8Y,Marcoszelaya488,+56 9 9612 1282,29089183,3,6842
Sta. Francisca Martínez Almonte,sta.6769137@viajes.cl,eryH7Rax5bQ,sta.9222158,+56 2 9890 8629,-4634667,K,
Josefina Gracia Lira,josefina4470996@viajesanma.com,6qU184t3AWHE5,,+56 2 6845 3478,19243345,2,3110
,,,,,,,
Sta. Natalia Zúñiga Mena,sta.6650224@outluc.com,3irXYa1DAu,stnazúme376,+56 9 8021 5491,8303826,8,0
,,,,,,,
Ester Guillen Vanegas,ester2119354@wass.com,J0A1rnALUJP,ester6905914,+56 2 7601 1564,,,14791
Andrea Reséndez Guardado,Andreaguardado378@tourket.com,4LriTbO5dyo,Andreaguardado248,+56 2 2609 6392,7430795,7,
Sta. Alejandro Gurule Tejada,Sta.tejada565@outluc.com,3IHuBu4Fr,sta.5630750,+56 2 3846 1135,-25507852,6,13212
Sra. Graciela Solorio Ramírez,sra.8577415@wass.com,225vXeL3vKBLnR,Sra.ramírez837,+56 9 7993 2986,,,
Sr. Miguel Pabón Corral,Sr.corral649@tourket.com,Hh9TjCZWfyZ,srmipaco388,+56 9 5411 3399,6780198,9,0
,,,,,,,
Sta. Federico Cornejo Tamayo,sta.5614166@outluc.com,2IgRluqL6V16l,Sta.tamayo481,+56 2 0868 4215,20832027,0,0
Cristian Armendáriz Palomino,,eh95DlVFDFi,crarpa941,+56 9 6254 4281,1087863,2,9812
,,,,,,,
Alfredo Angulo Pabón,,OZcrtd2Pb7nQ15,,+56 2 7188 7032,21651457,2,11308
Sr. Barbara Ochoa Bustamante,Sr.bustamante598@outluc.com,,sr.6086277,+56 2 4082 3139,28151776,7,2960
,,,,,,,
Marco Antonio Olvera Arroyo,marco9528241@viajes.cl,,marco3023533,+56 9 5843 0802,29241399,8,
,Jesúshurtado122@edubus.cal,t0RrA4Z3QLuLzY5,Jesúshurtado934,+56 9 5356 0688,26389198,8,2880
Sr. Yolanda Cuellar Camacho,sryocuca420@viajes.cl,VKCmDF5NbQr4,Sr.camacho939,+56 9 3090 5817,9524942,6,
Octavio Véliz Guillen,octavio6319425@edubus.cal,vS6GokZeb0,octavio3079170,+56 2 9684 1420,1853001,5,
Clemente Armenta Mojica,,20HRzMgxk1ea,clemente4213490,,16810929,6,0
,,,,,,,
Leonor Estévez Zambrano,leonor8794107@wass.com,vCBPaRvMCvE1,leesza946,+56 9 3407 9503,22119107,2,0
Sra. Laura Maya Reynoso,srlamare942@wass.com,q5zQNOCVbxawVtGi,sra.2511196,,8739422,0,0
,Mercedesalmonte943@marmol.com,35mnmZ6VW,metoal329,+56 9 9498 5994,-19550427,K,30606
María Eugenia Leiva Lucero,Maríalucero990@tourket.com,8Q95ItWAgbE,maeulelu268,,27295565,4,27927
,miánelbu961@marmol.com,,Miguelbustos405,+56 2 5931 4292,18396189,6,0
,,,,,,,
Óscar Contreras Ballesteros,óscar6641495@viajesanma.com,,Óscarballesteros726,+56 2 2909 3941,,,0
Sra. Dorotea Cabrera Rodarte,sra.5833903@marmol.com,q0m7s7IVFdjm,srdocaro168,+56 2 6556 7981,14207251,3,
Antonio Rodrígez Castellanos,,,anroca904,+56 9 3815 5488,11697936,5,
Sr. Gabriela Samaniego Armenta,Sr.armenta518@tourket.com,lMgnQoK54QtuD,sr.7334257,+56 2 1464 7662,21913760,5,
Amalia Lara Portillo,,dGbfSVXyBsFR4,,+56 9 3573 9905,28154229,K,3515
David Solorio Acuña,dasoac580@marmol.com,qPS7rFKxkznRF8,david1652991,+56 9 9362 3010,594749,9,0
,,,,,,,
Julia Gonzales Alarcón,julia8587147@marmol.com,93ztmnbKJPl5,jugoal246,+56 2 0344 3174,-24841458,8,24981
,srbegrqu492@viajes.cl,,,+56 2 9173 7110,24734476,4,
María Eugenia Covarrubias Delrío,maeucode191@edubus.cal,0v3fiRwfW,maría1510295,+56 2 6933 9058,8106887,9,
,,,,,,,
María Rodrígez Robles,maría6872169@marmol.com,cJbqFH1lzDZbcIBD,maría3144736,+56 2 8446 4131,19537425,2,0
Germán Polanco Pelayo,Germánpelayo635@outluc.com,mQSj1tVpGtJ6L,Germánpelayo915,+56 9 3998 0907,9909216,5,26551
Cristobal Flores Lozano,crfllo203@edubus.cal,,crfllo549,+56 9 4837 6314,8242596,9,0
,,,,,,,
Juan Navarro Olivárez,juan8830456@viajes.cl,3hB084hC,juan9747337,+56 2 9594 3032,27371990,3,
Clemente Aponte Carvajal,Clementecarvajal245@viajesanma.com,,,+56 2 4043 1795,,,3745
Claudio Otero Verdugo,claudio5165940@outluc.com,0ebyEEk7ps,claudio3759129,+56 2 8556 9697,,,10260
,,,,,,,
Germán Mejía Cortés,gemeco374@viajes.cl,,germán6109912,+56 2 2596 3382,-25439824,1,
Ramón Solorio Armijo,rasoar976@viajesanma.com,Pn14oIaTTDbb08,rasoar171,+56 9 5564 7790,3772707,5,10405
Sta. Timoteo Barrientos Deleón,,9y3YQaxIKnoB7,sta.9532887,+56 9 8995 4016,19311922,0,
Cristobal Delao Huerta,cristobal4759218@marmol.com,,cristobal5759710,+56 9 0193 2644,17402412,K,1648
Santiago Abeyta Estévez,santiago253387@edubus.cal,HnFAn6LE,santiago1627383,+56 2 3681 1733,11275729,5,1650
Mario Reséndez Esparza,mario6545832@tourket.com,ypOCnmm7CI,mario8353353,+56 9 8944 0333,,,0
Sr. Mayte Galván Cabrera,sr.9923211@tourket.com,yLpd4TmfwVZrviT,,+56 2 5886 8971,20946437,3,
Sta. Jerónimo Zamudio Bueno,Sta.bueno636@viajes.cl,Zt30CWKmZm,stjezabu841,+56 2 4277 6475,9198608,6,
Guillermina Santana Bravo,gusabr510@edubus.cal,KtZIwwT9U5,guillermina1911307,+56 9 0884 5695,4494513,4,4437
Sta. Sonia Gamez Carrasco,,BcKjQEXkdWX5j74g,Sta.carrasco699,+56 9 4248 5128,18588469,4,814
Sta. Gonzalo Sánchez Chávez,Sta.chávez640@outluc.com,,Sta.chávez333,+56 2 3878 1482,9404831,1,558
Sta. Luis Miguel Terrazas Malave,stlumitema624@viajesanma.com,znDRzGYYx8yuuF6,sta.1847516,+56 9 4648 7709,28124156,7,
Eva Carrion Maya,,,,+56 9 7660 7329,,,19600
Lilia Araña Linares,lilia914103@wass.com,NZ76TlCOkIHU,Lilialinares356,+56 9 0960 7078,15643553,8,0
Sra. Samuel Nava Peres,srsanape502@marmol.com,QNrVA4bwSVvKh,,+56 9 3699 8912,23605967,7,6228
Margarita Vallejo Flores,Margaritaflores968@marmol.com,3oXgxvASsU,Margaritaflores583,+56 9 6293 4937,17964994,2,1152
Sta. Raquel Quiñones Villegas,Sta.villegas331@tourket.com,qGyunZUZAT1wQr,Sta.villegas660,+56 9 8734 6243,5795872,3,2934
Eva Chacón Pedraza,evchpe183@viajesanma.com,eCP90TmkMO,Evapedraza673,+56 9 7985 2961,19244343,1,2781
Lourdes Urbina Puente,lourpu923@outluc.com,1JY37jsYWy8NP4wc,Lourdespuente767,+56 2 0720 7714,,,16627
Patricio Acevedo Ruiz,paacru281@marmol.com,FF1fBgo8,Patricioruiz339,+56 9 2861 9713,28918030,3,0
Eloisa Lemus Delao,eloisa2133965@viajes.cl,42GJiO3qy,ellede756,+56 9 3313 0238,3813390,K,
Pedro Orozco Perales,pedro7959605@tourket.com,Z58eJcccx7hvw,peorpe490,,15283042,4,29890
,,,,,,,
Miguel Ángel Negrón Fonseca,Miguelfonseca151@viajes.cl,3yHHCowQd64xz8Y,miánnefo698,+56 2 7095 1206,,,
Caridad Valdivia Ortiz,cavaor428@marmol.com,s1WxPWgADBS,Caridadortiz655,+56 9 1312 0074,19753649,7,15054
,,,,,,,
Carlos Montemayor Rosales,Carlosrosales796@viajes.cl,unndn74TQDYleA,Carlosrosales413,+56 9 4304 0055,24265028,K,
Sra. Leonor Negrete Esquivel,sra.4771595@marmol.com,8ynspeNW,srlenees389,+56 9 4968 5040,11819379,2,0
,,,,,,,
Roberto Leyva Pedraza,rolepe717@tourket.com,wl6jSoza0uAU,roberto3416537,+56 9 3443 8716,-13883870,6,-1688
Manuel Bustos Ayala,manuel2609542@viajes.cl,0b3Gkjjh1jxz8,manuel4089184,+56 9 9000 7932,20613388,0,
,cresca507@viajesanma.com,Av4b0AbS9,cresca171,+56 9 1356 6894,1887226,9,18195
Esperanza Mares Gastélum,Esperanzagastélum106@outluc.com,WiupeSQTe50ki,esmaga528,+56 9 8396 8380,9280067,9,13763
Joaquín Valverde Armenta,Joaquínarmenta932@edubus.cal,,jovaar707,+56 9 3674 1539,28643008,2,0
Julio César Vaca Jaimes,Juliojaimes822@viajes.cl,MU77CyFX5,,+56 9 6588 4515,29633198,8,
Dolores Miranda Granados,,bbzmsGv739Tc,domigr102,+56 2 3728 6781,3602216,7,0
Jerónimo Trujillo Montemayor,jerónimo3557882@outluc.com,zduK0wcKCm,jetrmo919,+56 9 9013 1573,-15910537,7,6598
Enrique Alemán Heredia,,purSjBHD11,enrique2517893,+56 9 2335 9926,6399554,1,0
Sra. Irene Ávalos Gonzales,srirávgo776@viajesanma.com,,sra.9329521,+56 2 8870 8952,20348184,5,21002
Armando Padilla Maldonado,Armandomaldonado855@viajes.cl,rat6hYwjh,,+56 2 5192 8775,,,
Ángela Briones Atencio,ánbrat817@marmol.com,,,,-18449738,7,3980
Conchita Loera Orellana,conchita7188143@tourket.com,,conchita8698724,+56 9 8900 4521,19370680,0,0
,pablo5088683@outluc.com,1NMVm2spZVC8eq,padere695,+56 9 7778 3211,20005574,8,-7406
Margarita Alonso Castro,,hWIPDn3u8FLJlGTp,maalca853,+56 9 5802 2754,23754129,4,4268
Guillermina Frías Véliz,Guillerminavéliz425@viajes.cl,11s14dhG8eRai9a,Guillerminavéliz762,+56 2 7852 2397,6219101,5,
Sta. Rocio Velásquez Garica,,5VMYq2gvB1O96k,sta.677650,+56 9 7896 5957,1574539,8,
,subrqu744@marmol.com,isyZQpU9Kc,subrqu811,+56 2 5463 4260,8871854,2,15264
,,,,,,,
Eloisa Partida Agosto,eloisa1278790@edubus.cal,aYuqNqO5Kux,elpaag667,+56 2 1292 4830,7887552,6,1092
Sta. Ana María Niño Adorno,sta.5648347@marmol.com,4g8OUeDWtt8,,+56 9 8634 8268,19256615,0,14536
Carmen Melgar Adorno,carmen9488238@viajes.cl,Y3iUHqdm89ZZC,camead598,+56 9 5228 7582,358877,7,
Roberto Olivo Caldera,Robertocaldera659@viajes.cl,bMQZig5CDzT6Gj,roolca559,+56 9 2636 1843,,,
,gumebe955@tourket.com,joqbBZuw2t,gustavo9058628,,-17739011,9,733
Timoteo Maya Pizarro,Timoteopizarro971@wass.com,jgU9iiTG8wsRXP,,+56 2 3437 9571,1496458,4,0
Clara Fonseca Blanco,Clarablanco549@viajesanma.com,Vy5P6I0i,Clarablanco842,+56 2 4630 9996,21970661,8,445
José Eduardo Cornejo Ocasio,Joséocasio511@viajesanma.com,Pfk3Qgq97,joedcooc275,+56 9 3604 5033,1529083,8,0
Ana Luisa Corral Mares,ana8582626@outluc.com,xWJsPc6nFS2,ana4225821,+56 2 1027 4714,-19520083,1,13929
María Luisa Terán Loera,malutelo499@tourket.com,n0NAS1zCfhtEzBG,,,,,
,,,,,,,
Débora Santiago Jaramillo,,5gARxKLD9,débora9634480,+56 2 2409 8118,,,2364
Lourdes Zavala Jimínez,Lourdesjimínez985@viajes.cl,EnUU2AWWubiR,Lourdesjimínez627,+56 2 7333 5468,15229199,K,
Sr. Nicolás Mares Paz,sr.6406297@viajes.cl,ehK5fTQeN6F,srnimapa962,+56 2 5152 1166,1577355,3,
Miguel Rosario Mejía,Miguelmejía168@viajesanma.com,,miguel1011584,+56 2 7551 2182,7115898,5,0
Nicolás Baca Tórrez,nibató846@marmol.com,Jnl6PmXyZHPmFsW,Nicolástórrez487,+56 9 9375 2658,18915598,0,4906
Carolina Jurado Villanueva,cajuvi986@marmol.com,moFLZ1pxk1cl5,Carolinavillanueva178,+56 2 5663 3871,2773545,2,16064
Jaime Guevara Villegas,jaguvi499@viajesanma.com,rcWIln4tYyv,jaguvi454,+56 9 6181 1984,7504512,3,3301
Sta. Francisca Martínez Olvera,sta.3684397@tourket.com,m3oL9QAhFZzu,Sta.olvera611,+56 2 6257 0272,,,0
Sra. Ignacio Montenegro Adorno,srigmoad631@viajes.cl,dQi8r2Ovy7AQK,,+56 9 3216 6451,2629886,5,
Sr. Felipe Robles Sisneros,sr.6894983@wass.com,TTgNUjf2PTR4Z,,+56 9 3559 5189,12433165,K,10617
Claudia Ávalos de Jesús,claudia2190479@outluc.com,GXY5jemV1,Claudiajesús329,+56 9 2989 1041,19945274,6,5610
,bemega791@edubus.cal,jhKf85p38kY6,Benitogalarza104,+56 2 5801 2009,-5769309,6,4447
Sofia Valle Briseño,sovabr481@outluc.com,vCAVWK4noIspp8RG,Sofiabriseño807,,-7917104,2,0
Catalina Olivo Alcaraz,Catalinaalcaraz270@tourket.com,9koljjRbJfALJ9,caolal970,+56 9 8181 1422,3539815,5,1994
Sra. Vicente Acuña Concepción,Sra.concepción176@outluc.com,xJLy9y95RcOo,Sra.concepción718,+56 2 7940 4359,15399660,1,0
,,,,,,,
Federico Trujillo Roque,fetrro362@tourket.com,rA1qggiPJ17u,fetrro461,+56 9 9871 4094,12813896,K,7756
Miguel Hurtado Pérez,mihupé966@outluc.com,,Miguelpérez718,+56 9 4467 0448,287418,0,0
Francisco Vanegas Ávila,Franciscoávila759@wass.com,GhcF5hrWXT9p,frvaáv109,+56 9 5074 6470,8369968,K,
,alfees578@edubus.cal,DA8A76r8clMDM,,+56 2 5608 8006,-21101107,6,4408
Sr. Julio César Carrasquillo Gallardo,sr.8161428@viajesanma.com,Fvm5LtRR75Y,sr.2633556,+56 2 3445 4258,12777341,6,3088
Rosalia Santacruz Chavarría,Rosaliachavarría168@edubus.cal,DJVpB155,rosach472,,12642657,7,1400
,Luisaraña167@viajes.cl,v6dkYgkaY2zwJ82,,+56 2 1429 9000,29524635,9,
,toquma393@viajes.cl,8wayZLBYj,tomás4587100,+56 9 8393 2445,19868050,8,
Amalia Hernandes Naranjo,amhena219@outluc.com,Rt6Gi5qZgg,Amalianaranjo600,+56 9 3087 0812,6662978,3,
Inés Alicea Vera,inés7084745@tourket.com,EDF1uWnpp4qJe,inés5556255,+56 9 9325 4537,27102585,8,8712
Sra. Patricia Regalado Ulibarri,srpareul537@tourket.com,,srpareul807,+56 9 7282 6744,9417192,K,23773
Laura García Castellanos,laura2478321@edubus.cal,dW9f6PO61XdH,laura6667975,+56 2 9129 1593,9302433,8,0
Mateo Hurtado Godínez,mateo688995@wass.com,3ISmH5opMN7g6c,mateo3384912,+56 9 8189 7350,,,36082
Cristian Tovar Briseño,crtobr476@viajesanma.com,Zb3aLtpt,cristian6031496,+56 2 1551 6917,,,
Pilar López Mata,Pilarmata943@tourket.com,X5HWb7MRB82j,Pilarmata389,+56 9 4110 2725,,,1280
Fernando Guevara Tijerina,,Nh2G5ghd,Fernandotijerina339,+56 9 0882 3507,21389181,2,0
Gabriel Corrales Casárez,gacoca437@viajesanma.com,QLsbLjzX6,gacoca512,+56 9 9020 3706,25660512,0,0
,,,,,,,
Sta. Gustavo Olivares Ruelas,sta.6474360@viajes.cl,kxsWK2kQ8P,stguolru281,+56 2 5821 7400,331832,K,
Rafael Quintana Linares,rafael3265304@tourket.com,5r7NqQM4a,,+56 2 2254 1315,-5527139,9,2130
Silvia Cortez Aguirre,Silviaaguirre528@tourket.com,,silvia7879600,+56 9 1618 8633,7328116,4,12576
David Gálvez Angulo,david592704@outluc.com,,dagáan189,+56 2 2495 9612,19250702,2,0
,,,,,,,
Agustín Corral Quezada,agustín6701648@edubus.cal,QJ2yIfdr,,,19417265,6,19933
Rodrigo González Apodaca,rodrigo4810214@viajes.cl,,Rodrigoapodaca159,+56 2 9380 9141,7418311,5,
,,,,,,,
Débora Olivera Villagómez,déolvi874@outluc.com,sLOyB8yK9JqhPPB,débora8585229,+56 2 4733 8774,14218728,0,0
Daniela Briseño Villalpando,Danielavillalpando367@viajes.cl,,dabrvi950,+56 9 8335 4710,28196268,K,
Roberto Cordero Sánchez,Robertosánchez319@marmol.com,IddhW1EGV,Robertosánchez539,,18758236,9,267
Nicolás Galindo Meza,Nicolásmeza899@edubus.cal,v66HQ7HH,,+56 2 0809 1028,4504652,4,808
,,,,,,,
Daniel Leiva Collazo,daniel1491180@viajesanma.com,7oFFnoxQ,daniel7178389,+56 2 6836 1784,26173613,6,18908
Ramiro Razo Laureano,Ramirolaureano860@viajes.cl,noB77SeBIH8rp,Ramirolaureano529,+56 9 3571 6484,,,
,,,,,,,
,,2BMewDEGUp7MNa3,maelcize560,+56 2 2019 0634,1351910,2,
Jorge Valdez Rosas,Jorgerosas657@wass.com,XoLpJK1SP7jKAA2,jorge8569908,+56 2 7109 8732,-28143547,7,0
José María Archuleta Ocasio,josé3191110@viajesanma.com,vVIMzsTcBlHp14,josé7178849,+56 2 2514 2681,18743122,0,8510
Francisco Quiroz Espinoza,frques693@marmol.com,f69jF4fMbY,francisco1652584,+56 9 1007 1869,23294474,9,18581
Francisca Cavazos Montoya,,,francisca9808198,+56 9 8581 5355,-16590866,K,
Ana María Badillo Uribe,,Wf1Bllr8eWXp,ana9921646,+56 9 9582 2455,-3799475,8,-3962
Sra. José Olivárez Zavala,Sra.zavala806@edubus.cal,nb5AHp7b,Sra.zavala869,+56 9 1923 0767,11333317,0,12063
Sra. Lorenzo Cardenas González,,z3gvMEusBL7,Sra.gonzález918,+56 9 6449 1873,24272216,7,6876
Marta Pulido Urrutia,Martaurrutia521@viajesanma.com,6HyBzFAjb4csA60,marta5680556,+56 2 3757 2352,7770542,2,10250
Martín Rosas Razo,Martínrazo938@tourket.com,KP3S0SmX2Jk,marora578,,25830908,1,2865
,Maríaontiveros265@outluc.com,TRXQhqv1u,maría4698821,+56 9 8411 1714,12015489,3,0
Sra. Carlos Casares Zamudio,srcacaza999@viajes.cl,EO1ihQNDE47YdBI,sra.9124194,+56 9 9818 2706,,,
Santiago Salazar Beltrán,Santiagobeltrán904@wass.com,KgE0Ww0Bq,Santiagobeltrán103,+56 9 8577 4018,11032862,1,32803
Ariadna Garrido Bernal,argabe875@marmol.com,rbbJa573B,ariadna5518551,+56 2 4707 3635,,,20144
Sta. Dolores Casas Becerra,sta.1348576@outluc.com,ZzihXh38,sta.8166439,+56 9 1151 1913,20508090,2,10776
Alfredo Estévez Alonso,alfredo5112229@viajes.cl,,alesal851,+56 2 8627 6053,16658731,K,
Caridad Roldán Suárez,,oT2peydQI,carosu702,+56 9 5504 1410,23969229,K,0
Silvia Cerda Caraballo,,4Pv0rgDEsVF,silvia5319943,+56 2 5964 2581,23030103,4,
Sta. Catalina Vélez Botello,stcavébo386@wass.com,bD9eXfkz5my,sta.4493845,,7566393,5,12949
Sta. Arturo Canales Marroquín,starcama253@wass.com,dvXU8Nqbrs0DeOR,sta.6312202,+56 9 5894 5624,16829534,0,11098
Sr. Fernando Negrón Burgos,sr.9387177@viajes.cl,4HMHU4mEG,Sr.burgos144,+56 9 1944 2824,24619719,9,
Sta. Homero Aragón Macías,sta.7893328@viajes.cl,37Q5MSfLN,sthoarma844,+56 2 3553 9161,8377879,2,
Sra. Andrés Barragán Caballero,sra.3998257@viajesanma.com,,sra.486330,+56 2 2637 5362,4523880,6,-265
Florencia Griego Jaime,flgrja317@viajes.cl,odqfdKHZ0m,,,2383206,2,
Octavio Delafuente Santillán,octavio917278@viajes.cl,f76bPikJDfQ0g2OP,Octaviosantillán507,+56 2 1296 5089,21739741,3,
,Estebanjiménez364@tourket.com,dQTxLOMYtq5MSY,esteban3749203,+56 2 5647 1715,,,3384
Sara Aguilera Serrano,saagse120@tourket.com,VN78j41dLJ,saagse879,+56 9 6849 1297,13069617,1,7963
Lola Cardenas Acevedo,locaac619@tourket.com,yNXYuWY15hS,lola8376393,+56 2 4661 1739,24406211,3,2990
Lilia Collado Rosas,licoro858@edubus.cal,H0t0foxl,lilia1577861,+56 2 8094 1132,12310516,8,0
Enrique Banda Pantoja,enrique8963146@viajes.cl,orcmdBq8Q,enbapa739,+56 2 2262 2112,,,
Virginia Delarosa Caballero,virginia2661573@tourket.com,IYKVnhCPcOn586t,virginia4178533,+56 9 2160 5017,26761269,2,8905
Ignacio Garrido Barrera,Ignaciobarrera916@wass.com,X1sXfjjsAmqReGaJ,iggaba322,+56 2 6319 1054,26336754,5,0
Lourdes Alarcón Longoria,loallo917@marmol.com,,,+56 9 4441 6729,17706919,1,-820
Marco Antonio Heredia Toro,Marcotoro670@outluc.com,cEXAWQ7n1KAesTjH,,+56 9 9338 2971,23132004,0,0
Diana Rascón Farías,Dianafarías798@viajes.cl,95PqjZgSYjoVc0r0,Dianafarías768,+56 2 8008 0799,27803491,7,
Julio César Mares Loera,,eSiqoDO6wsUe,jucémalo655,+56 2 9567 2698,-15236405,9,23686
Carla Valdivia Araña,,Wv0ZS20i,cavaar863,+56 9 9373 1802,16069450,5,317
Sr. Rosalia Monroy Yáñez,srromoyá724@viajesanma.com,5ZOC5MwOGLV4n,sr.1738765,+56 9 9329 3740,23181324,1,-7975
,,,,,,,
Amalia Zayas Orellana,,utWrWoF3bL0Q2PR,Amaliaorellana652,+56 9 1326 5411,23021465,4,3522
Clemente Malave Granados,clmagr532@viajes.cl,8YB3uDYuESqN5g,clmagr638,+56 9 1727 4361,27841724,7,
,,,,,,,
,saarec726@outluc.com,bjn0loZJ,sara3644140,+56 9 1085 5800,16570401,0,0
Alberto Candelaria Tejada,alberto1905433@edubus.cal,Rq5yv3IZZk,alcate181,+56 2 0032 0663,21063777,K,
Guadalupe Acevedo Camacho,guadalupe9639467@tourket.com,0stknOhT,guacca511,+56 2 3471 5319,,,19745
Sra. Lourdes Bustamante Domínquez,srlobudo327@viajesanma.com,AAw3mtpT5iP2kY,sra.6692734,,2807714,9,125
,elcece245@marmol.com,EmR8GZ6s3C,Elviracepeda320,+56 9 0427 3579,11482976,5,15453
,,,,,,,
,,,,,,,
José Luis Bétancourt Saldivar,josé8124366@outluc.com,UW8bgb3QKY,,+56 2 1246 6450,29041862,3,1239
Gilberto Burgos Hidalgo,gibuhi919@wass.com,rXYmmfre6t9nF,,,16039462,5,0
Rosalia Apodaca Espinal,Rosaliaespinal416@outluc.com,m2U0Mcg7tG,roapes895,+56 2 8532 2297,20099327,6,16030
Sta. Jaime Espinoza Suárez,stjaessu577@edubus.cal,u9DJE8wAr,sta.1876648,+56 2 0672 4596,12618162,0,1900
Eduardo Hinojosa Narváez,edhina669@viajesanma.com,7nQv1fFQuycrz3W7,Eduardonarváez123,+56 9 2034 0812,-11163276,6,9189
,,bHX6rrrvOkaYPS,,+56 2 5992 3821,14147367,0,0
,Sr.guerra570@viajes.cl,xd1N6DQOe7hH6,srdivegu514,+56 2 7358 4686,27147874,7,
Sra. Alicia Gamez Lugo,sra.8832399@viajesanma.com,1lSKKZqqsFCCQR,sra.5886121,+56 9 5653 0090,13885545,7,5619
Octavio Jaime Gallegos,Octaviogallegos933@tourket.com,Dj9UkO6pj,Octaviogallegos332,+56 9 4184 9143,13271785,0,0
Andrés Sepúlveda Sedillo,andrés6213400@viajes.cl,L8QeHhH4,andrés1072666,+56 9 4801 6301,3636118,2,
,,,,,,,
Lorena Olmos Granado,Lorenagranado808@viajes.cl,g7ggyjKoUQO81n4R,Lorenagranado570,+56 9 3755 3028,,,
Sra. Víctor Chávez Atencio,sra.2800815@wass.com,NAMsAr8bfL,srvíchat243,+56 9 7338 6037,14061880,2,1430
,humaca291@viajes.cl,ZPpAK9Iv,hugo1102194,+56 2 1594 3099,27025853,0,
,,,,,,,
,,,,,,,
José Eduardo Cavazos Aguayo,Joséaguayo991@viajes.cl,Q1t0tU6r,josé6562661,+56 9 2560 7092,25414294,8,
Sta. Timoteo Carrion Pedroza,sta.8763316@tourket.com,B1JVNmWGIX9LYJd,sta.3425621,+56 9 4363 1139,,,9940
,,,,,,,
,,,,,,,
,luis5325291@viajesanma.com,8NIaccQPGcpex4,luis8160580,+56 2 5936 8693,25109446,2,9174
,,,,,,,
Sra. Ana Morales Acosta,,jbaeV9Cgp,Sra.acosta828,+56 9 2502 4463,29978025,2,5364
Alfredo Hernandes Benavídez,Alfredobenavídez720@viajes.cl,Fm8mi00EdQlNxa0L,alhebe227,+56 9 8736 9625,23921538,6,
Gabriel Otero Concepción,Gabrielconcepción497@wass.com,,gabriel1090263,,15576968,8,0
Alberto Arreola Urbina,Albertourbina668@outluc.com,ScNbS3rjmq2BpXHY,alberto4566786,+56 9 0317 5733,,,0
Luz Alonzo Briseño,Luzbriseño529@viajes.cl,RdiM7BDaz4,luz5689588,+56 2 9450 6884,-21206771,7,
Elisa Batista Escamilla,Elisaescamilla453@outluc.com,dcNLMSW7r9zrj4p,Elisaescamilla933,+56 9 2651 7540,,,18041
Ana Luisa Vásquez Adorno,Anaadorno127@viajes.cl,nLU8zO8I9ERuV,ana5696642,+56 2 4812 1550,-27745545,5,
Raquel Canales Medrano,,HT0fdmFuoM,Raquelmedrano838,+56 2 6398 4994,10212547,9,
Anita Orellana Solorzano,,gsUVTFb8lGaGVB,Anitasolorzano694,,25669482,4,1200
,,,,,,,
Jorge Luis Rosas Osorio,joluroos644@wass.com,5JNjonwwG,Jorgeosorio609,+56 9 7561 9038,16467568,8,5576
Sra. Ana Castellanos Saldaña,Sra.saldaña995@tourket.com,QlEBFBSsw92,sra.1810813,+56 9 2240 2722,3266693,0,0
,,,,,,,
Luz Cantú Alcala,luz8264695@tourket.com,7Bte4FQQVae4Y4Mb,Luzalcala457,+56 9 0350 8290,,,3540
Julio César Porras Armas,Julioarmas913@edubus.cal,,julio7979292,+56 9 5884 7709,16168499,6,0
Gabriela Vega Alcaraz,Gabrielaalcaraz113@marmol.com,j6R0sYdUz0g2gZF,gabriela4378903,+56 2 8588 5365,10036640,1,-10313
,Estergil582@marmol.com,t87WTj1GeKV8,Estergil181,,26450165,2,744
Armando Pichardo Bueno,Armandobueno823@edubus.cal,NniTBqGm3T9WN,Armandobueno485,+56 9 8385 6136,28593702,7,0
Sta. Timoteo Chacón Negrete,sta.7294406@viajes.cl,g856YRf0ndcAhYl,sttichne527,+56 9 4855 7030,-18926939,0,
Sr. Miguel Ángel Gutiérrez Cerda,Sr.cerda516@viajesanma.com,yzrZZ4xX,,,6041825,K,7942
Sta. Felipe Cervántez Tejeda,stfecete911@outluc.com,XE83WDh3,sta.5656640,,26987138,5,1904
Mario Campos Águilar,mario7435376@tourket.com,rFgLWqqC0nUVd2yD,,+56 9 8299 8494,23217588,5,7230
Sra. María Soledad Delgado Escobedo,Sra.escobedo507@marmol.com,vG4tkA9Um,srmasodees874,+56 9 7171 5879,27268998,9,0
Pablo Barrientos Zayas,pabaza588@tourket.com,S2XAkNS2u00eazy,Pablozayas833,+56 9 5303 6476,13572029,1,0
,,,,,,,
Patricia Fuentes Murillo,Patriciamurillo128@tourket.com,maa1HX2dEk4KwY,pafumu878,+56 9 6266 6613,6480887,7,0
Luisa Valentín Peralta,Luisaperalta279@wass.com,,luisa7159691,+56 9 3227 6861,21237141,6,2220
Rosalia Farías Mireles,,Lh0oFbVBt,rofami908,+56 9 9361 7834,15796857,2,0
Magdalena Carrillo Cavazos,,,Magdalenacavazos509,+56 2 3763 6217,3181716,1,0
Silvia Abrego Bravo,,,silvia7555509,+56 2 0744 3152,-17437313,2,9540
Olivia Orozco Pagan,Oliviapagan786@wass.com,5OIS62Ja7cScska,olorpa425,+56 9 9820 4283,11574555,7,12201
Sr. Sancho Collado Nava,srsacona119@viajes.cl,UOTy7aVm,sr.2170605,+56 2 3046 8016,1476670,7,
Sta. Jerónimo Tirado Longoria,stjetilo156@viajes.cl,9DjfEmD2oJAF,stjetilo487,+56 9 3509 8480,19394301,2,
Adriana Centeno Niño,adriana1757297@wass.com,,Adriananiño491,+56 2 8947 7899,16675155,1,0
Sonia Arriaga Pineda,Soniapineda919@outluc.com,J8mitk5FikD4lCB,,+56 9 4123 1804,13170941,2,
Miguel Ángel Olvera Hernandes,Miguelhernandes767@viajes.cl,y3cxBmxa,Miguelhernandes834,+56 9 3535 2390,,,
Ramón Zavala Patiño,Ramónpatiño136@viajes.cl,BWlnhhjmWw07wP,,+56 2 5018 7724,-8583598,K,
Horacio Alemán Espinal,horacio9560543@viajes.cl,AnNkjoE0L,,+56 9 3301 6322,-23462081,9,
Sra. Manuela Cabán Lucero,srmacalu272@viajes.cl,1oluRQuC,Sra.lucero168,+56 2 8668 5707,,,
Sr. Hernán Ponce Padilla,sr.8593595@viajesanma.com,Os9omLUNRh2T,sr.6641884,+56 9 5045 9979,24166236,5,7287
,,,,,,,
Luis Alfaro Rodríquez,,STGbPfIt74dv,lualro551,+56 2 4912 7191,21380310,7,
Jaime Pabón Mena,japame454@viajes.cl,C3C5ksgU,Jaimemena427,,21045080,7,
Sta. Lola Fajardo Bañuelos,Sta.bañuelos977@viajes.cl,MJFl7hjh01eQW4,Sta.bañuelos701,+56 2 8279 4445,25793995,2,
,,,,,,,
Amalia Alaniz Zelaya,amalia8748810@viajes.cl,aP07a1hy2rkTM,amalia4786348,+56 2 4420 9506,10085267,5,
Octavio Morales Delafuente,Octaviodelafuente305@viajes.cl,3rMfBQOjnc,ocmode184,,286295,6,
,,,,,,,
Rubén Mascareñas Maldonado,Rubénmaldonado188@wass.com,tgA0T0hvv,rumama856,+56 2 0646 5616,-13180048,7,0
Rosa Raya Balderas,Rosabalderas919@tourket.com,1Nnckzz9NorE,Rosabalderas585,,9591805,0,754
Mariana Valle Ortiz,,sxyKTOp5ZLJkl,mariana3548734,+56 2 6301 7576,7294907,2,
Sta. Francisco Ledesma Galindo,stfrlega769@viajes.cl,qY72M3ua,sta.5931727,+56 9 8370 0870,12377437,K,
Alfredo Ferrer Quintero,alfequ786@wass.com,AyhVNLM4PoL,Alfredoquintero841,,9830977,2,
Sta. Rebeca Villaseñor Soliz,streviso334@viajes.cl,u31J6rGNEawPXB1k,,+56 2 4019 4664,18739123,7,
Jorge Araña Lozano,,UG7mn1C5P,Jorgelozano498,+56 2 7529 7341,-25886934,6,0
Ricardo Tórrez Alva,Ricardoalva341@tourket.com,,ricardo6731529,+56 2 0599 8788,22557794,3,
,,,,,,,
Sta. Marilu Valles Espinosa,,H8rv1OdKlrM,stmavaes909,+56 2 5252 2862,28429309,6,918
Marisol Gómez Rojo,marisol4441568@edubus.cal,XNbB5o09Jh4IQYo,magóro698,+56 9 8312 0311,18278583,0,0
Jesús Galindo Galindo,Jesúsgalindo553@viajes.cl,j7WQ1f7PKN,jesús2329280,+56 2 3045 5152,28262508,3,
Mateo Cortez Enríquez,Mateoenríquez341@tourket.com,HeT8pBtrFi3py1H,macoen727,+56 9 9664 6561,14148680,2,-8596
,,,,,,,
Julia Osorio Concepción,Juliaconcepción939@wass.com,hBKVUPhoKBt3,Juliaconcepción710,+56 2 5149 0315,13743803,8,6878
Víctor Holguín Quiñónez,Víctorquiñónez747@outluc.com,,,+56 9 1386 0945,,,5040
Esteban Zepeda Camarillo,eszeca999@viajes.cl,KthRkuLYXeR90,eszeca737,+56 9 7187 0875,5451065,9,
Martín Delrío Patiño,madepa387@marmol.com,,Martínpatiño856,+56 9 0333 5879,-10001981,7,0
,alyábu227@tourket.com,rzdH3okL9eZcJ,alyábu673,+56 9 7564 9770,1617128,K,
,emilio2530805@viajesanma.com,9dJygijVE2,emcual759,+56 9 0182 7230,9234880,6,0
Carlos Arenas Barrientos,Carlosbarrientos319@outluc.com,Ztni90e0,,+56 9 7131 9834,26161802,8,1420
Sta. Beatriz Lara Lucero,Sta.lucero377@viajes.cl,0pHKTXyp8gJb8Mv,stbelalu544,+56 2 6213 2284,22939368,5,
,,,,,,,
Sr. Vicente Olivárez Guevara,,VN57XO06Eqp4,srviolgu649,+56 2 1656 8473,26718362,7,12495
Nicolás Arenas Porras,,VFGFS4oh34T,nicolás9015820,+56 9 4308 7775,7428423,K,
,stjopoal797@viajes.cl,0neP3gdNPVKhp,Sta.alarcón421,+56 9 0860 1645,2910968,0,
Sra. Mercedes Echevarría Olivárez,,O8w1qIdZbi,Sra.olivárez447,+56 9 7512 4760,25955604,K,
Andrea Briseño Trujillo,Andreatrujillo333@viajes.cl,vc4X0BM0T0,anbrtr409,+56 9 3529 5477,5804167,K,
,,,,,,,
Sta. Mario Muñiz Borrego,,TRWXNeO21D9PJsm,Sta.borrego229,+56 9 6422 5207,5674035,K,
,,,,,,,
Maricarmen Palacios Padrón,maricarmen6666109@outluc.com,,mapapa993,+56 9 3055 3935,23259078,5,0
Sta. Conchita Ruiz Narváez,stcoruna141@viajes.cl,nKBFsT3o7jegv,sta.343779,+56 2 9413 6836,3797998,8,
,,,,,,,
Diana Núñez Barajas,diana2279787@edubus.cal,8eN618HeKCS9H8m,diana7011175,+56 2 9658 6729,11216515,0,0
Mariana González Granado,mariana1997804@viajesanma.com,,,+56 9 5929 8802,18106308,4,1297
Hernán Espino Viera,Hernánviera459@edubus.cal,,Hernánviera893,+56 9 6310 4405,10217875,0,11645
,,,,,,,
,joluávju208@edubus.cal,BNNOA4Rzi,Joséjuárez355,+56 9 7788 4049,21133646,3,2495
Gregorio Bonilla Feliciano,Gregoriofeliciano417@tourket.com,liXMwR40,gregorio5954602,+56 2 0804 0514,,,0
Victoria Valenzuela Badillo,victoria271239@viajes.cl,nNEwG9kBwVODMaPo,victoria3137587,+56 2 6773 1553,12243504,0,
,,,,,,,
Amalia Maestas Córdova,amalia5393784@outluc.com,hU4It6AeDEP,ammacó247,+56 2 4602 5499,501074,8,6453
Sra. Joaquín Melgar Cavazos,srjomeca273@marmol.com,9BjSKGFhSvoBAh3,srjomeca796,+56 2 5077 6171,12064129,8,0
Claudia Apodaca Delgado,claudia3864958@marmol.com,,claudia9435125,+56 9 6524 3298,28262967,4,-6558
Juan Carlos Verduzco Granado,Juangranado636@outluc.com,OkSK1QHmmpEkD,juan6588656,+56 2 8799 9527,22820082,4,0
Lourdes Ríos Jaime,lourdes6422863@viajesanma.com,bi5St78deHAPAP,,+56 2 0422 1844,3867770,5,5835
,,5lRk03GUvHURo5,liatco286,+56 9 7547 7640,20865163,3,8630
Sta. Francisco Zelaya Alvarez,,lJi0jlKkZ568DHK,sta.7881582,+56 9 2690 6011,5831732,2,
,,,,,,,
Sra. Ramón Quintero Rodríquez,Sra.rodríquez838@marmol.com,,srraquro351,+56 9 0359 8625,6516431,0,9768
Isabela Lerma Barrera,Isabelabarrera904@viajes.cl,SjDeSF28mhfjsCQg,isabela9270969,+56 9 2267 8228,5541032,1,
Sra. Alejandra Paz Griego,sra.7140916@viajes.cl,HoL8ZP0xElzDOiIT,sra.7469780,+56 2 0308 6254,19208730,9,
Jerónimo Arreola Marroquín,jearma770@tourket.com,XaNlta2w,,+56 9 6907 3040,-15032279,0,0
Sra. Débora Nieto Sedillo,srdénise164@marmol.com,jPjILqUaFxuy87z,srdénise944,+56 9 9488 1694,2375680,3,-16013
Graciela Arriaga Vigil,grarvi741@outluc.com,A4h2o5Yxwg,,,2709560,7,0
Ramiro Cerda Benavídez,ramiro9519272@viajes.cl,GruRHgR47kj7yAb5,racebe427,+56 9 5516 1556,,,
Elsa Dávila Henríquez,Elsahenríquez197@marmol.com,Yz7YEvwejOSIcq3c,Elsahenríquez570,+56 9 7642 3509,18408904,1,10386
Sta. María Griego Quintanilla,Sta.quintanilla963@viajesanma.com,ddytyGzpD4EPt,sta.7580743,+56 9 0998 0655,3390544,0,14943
Sta. Lourdes Balderas Valenzuela,Sta.valenzuela184@viajes.cl,k8bPOhOcdm0,sta.457215,+56 2 8143 1700,13230651,6,
,,,,,,,
Cecilia Preciado Aparicio,cecilia7269936@viajesanma.com,,ceprap631,+56 9 0872 6940,5044903,3,0
Mariano Ávalos Botello,mariano127868@viajes.cl,ulM3lmWsXz6U3r,,+56 2 6000 2697,25252709,5,
Magdalena Carrillo Ureña,macaur888@viajesanma.com,qNZVFHP9z,magdalena7224302,+56 2 1884 8281,-15839854,0,
,,,,,,,
Sta. Débora Porras Henríquez,sta.9055871@edubus.cal,r1jHY0qHGt5,Sta.henríquez371,+56 9 6419 8202,3509575,6,16310
Hugo Banda Montez,hugo989362@viajes.cl,kivUrVB0fmcQlqb,hugo1623978,+56 9 0721 2967,8139418,0,
,,,,,,,
Sr. Federico Reynoso Hinojosa,sr.7235416@wass.com,894utlFKIVi6nc7C,srferehi868,+56 2 0552 4284,,,0
Sra. Alberto Robledo Frías,sralrofr303@viajesanma.com,Fs89fvHNF5,Sra.frías695,,,,10666
Raúl Campos Cedillo,racace847@viajesanma.com,Ho3PMC8Qp4ink,Raúlcedillo183,+56 2 4083 6789,11422184,8,14132
,,,,,,,
Lucia Alcántar Laureano,lucia7493903@viajes.cl,JHhLC2An9tGqzPF,lucia5302389,+56 2 4343 8931,-24786896,8,
María Barragán Tamez,maría2395412@outluc.com,d6qmXPeOT,maría6112244,+56 9 7531 7870,670584,7,-20839
Horacio Leyva Villa,horacio8321895@wass.com,REfl1dCFfp9Z,horacio1669569,+56 9 3808 9253,-25105143,7,3861
Rosalia Pichardo Negrete,,LloNOPi111nz,rosalia6319299,+56 9 2585 8186,-10824865,3,11577
Lola Castellanos López,localó436@edubus.cal,E40zsUKFt,lola6428328,+56 2 3773 8291,631965,3,0
Sra. Manuela Baca Batista,srmababa946@wass.com,BjJQSrM3nrI,sra.3356886,+56 9 2937 8645,9671471,8,
,,,,,,,
Sta. Micaela Cintrón Cabrera,stmicica198@marmol.com,,sta.3880490,+56 9 9201 9929,15678506,7,2368
Daniela Valladares Díaz,,o8KH6p3Qw2LD,davadí152,+56 9 9390 2406,5804017,7,0
Sta. Daniela Carrera Esquibel,sta.6908701@wass.com,OPUhCc7G2mfyL,stdacaes271,+56 2 8760 8953,,,-24687
Sr. Mateo Montes Negrete,Sr.negrete631@viajes.cl,OnCOAjo5PuDU0Sd8,,+56 2 6341 0577,12565531,9,
Concepción Acevedo Sepúlveda,concepción766750@viajes.cl,BErGK3dTQ,concepción8426335,+56 2 4300 1099,18390422,1,
,,,,,,,
Sra. María Eugenia Valles Preciado,,KsogGt9eAs6oa,srmaeuvapr173,+56 9 7571 0599,5080648,0,
Andrea Madrigal Zúñiga,anmazú491@edubus.cal,cZ3YuLuIAxql39,Andreazúñiga585,+56 2 6738 2406,4818756,0,4317
Jacobo Bustos Frías,Jacobofrías208@wass.com,aOU0kBP0uaitrs,jacobo1776974,+56 2 2711 4573,,,
,,,elvira9098828,+56 2 7165 0718,4289619,5,
,,,,,,,
María Eugenia Tejada Rascón,Maríarascón933@tourket.com,qW0UZCF7t,maeutera120,+56 9 4617 9166,3479928,8,0
Andrea Cruz Garza,andrea2042333@outluc.com,GA1iCaBy,andrea3368710,+56 9 3174 2194,-13192430,5,14955
Eva Escobedo Carrero,eva6365391@outluc.com,BFu2QcNw9UWP,evesca219,+56 2 3634 4713,6014724,8,
,,,,,,,
,,,,,,,
Susana Luevano Cuellar,Susanacuellar663@outluc.com,zjqjPyCwI1,Susanacuellar435,+56 9 5628 6408,24517779,8,14340
,bldevi570@tourket.com,wdP8RIsO6q1vQo,bldevi943,+56 9 3843 7815,2807484,0,8037
Adán Botello de Jesús,adán1013962@viajes.cl,hTA2AXcpeBcrW,adán3452825,+56 9 8745 0899,15313970,9,
Miguel Ángel Collazo Laureano,miáncola665@edubus.cal,bbMvfiL3FlO0X,miáncola595,+56 9 7715 5213,2245073,5,927
Sta. Ricardo Tijerina Vallejo,stritiva170@marmol.com,umRyiqM8McXh,stritiva593,+56 2 0014 5333,,,6190
Víctor Castro Tejeda,Víctortejeda438@viajes.cl,uU0xeouYU,Víctortejeda564,+56 9 6083 7988,,,
Jorge Cedillo Villalobos,jorge8296732@viajes.cl,,jorge7937169,+56 2 2621 5741,18342187,5,
Carlos Arreola Riojas,Carlosriojas590@viajesanma.com,,caarri160,+56 2 0722 3330,1557375,9,2985
Salvador Razo Sisneros,Salvadorsisneros837@viajes.cl,TWWpai8Ahy06L,Salvadorsisneros277,+56 9 4555 4027,15776272,9,
David Holguín Estévez,Davidestévez480@outluc.com,U02vR0KsiNZvB,,+56 9 8817 8930,13990475,3,3119
Julio Arce Roldán,Julioroldán951@outluc.com,ctPM2n8l8,Julioroldán816,+56 2 5833 7602,19381732,7,
Dorotea Gamboa Rivero,dogari515@viajes.cl,,Dorotearivero991,+56 9 6703 0456,14439471,2,
Benito Araña Matos,,GMHY5XDdMDs,bearma838,+56 9 7830 4724,29877605,7,6883
Emilio Zarate Velásquez,emilio6419129@viajes.cl,BH86ZB3Bcr0,emzave871,+56 9 3305 5252,9693577,3,
Guillermina Carreón Sanabria,guillermina8202874@marmol.com,ef6CJ44KKJoE2,guillermina3912279,+56 9 1964 0877,18377224,4,24395
Ignacio Vanegas Olivárez,Ignacioolivárez206@marmol.com,pM30muOV8Vt3n9,igvaol380,+56 9 9062 2465,26598116,K,0
,benito1937907@viajesanma.com,jg3tkGYFU57Yh,benito2906321,+56 9 2932 0967,16955299,1,18597
José Eduardo Zarate Espinoza,joedzaes177@wass.com,UDP70ilUve8oJt,josé5830195,+56 2 3781 1135,16791545,0,14413
Carla Hernandes Grijalva,Carlagrijalva207@marmol.com,9Xry7MzpUTjUOcd,cahegr231,+56 9 6085 9993,14934078,5,7805
Vicente Naranjo Gallegos,,uEdhEURHAR4nTw,,+56 2 5876 2661,9838842,7,24310
Emilia Heredia Armijo,Emiliaarmijo452@marmol.com,GfCWX8cfl,Emiliaarmijo498,+56 9 1766 5945,29198666,8,6765
César Badillo Hurtado,cébahu990@viajes.cl,5wW73OJr3QD27mSZ,Césarhurtado886,+56 9 0594 7201,27497468,0,
,,,,,,,
Gustavo Rosas Balderas,,VoKm6oQE,,+56 2 7546 5469,,,
Magdalena Delgado Dávila,magdalena5113521@outluc.com,rI86ON890c,,,,,4392
Teodoro Zaragoza Páez,Teodoropáez479@viajes.cl,hQvBwMEqg4,Teodoropáez140,+56 2 7939 2446,14648396,8,
,sara5948197@tourket.com,43ATmtocEDkx7iK,Saraordóñez912,+56 2 8466 1222,,,11711
Daniel Venegas Narváez,Danielnarváez240@tourket.com,94o6XCF1dKf,daniel9993279,+56 2 4795 7577,,,-444
,esteban6674342@viajes.cl,rfJJt79Elke0,escama574,,13199645,4,
Alicia Alfaro Velázquez,Aliciavelázquez168@tourket.com,JE0DfVmMPQ1prdUC,alalve400,+56 2 8629 6453,418219,7,4766
Emilia Merino Tovar,emilia1770851@viajes.cl,PcpPUdzl8oK0UoJ6,,+56 9 5813 0076,16860359,2,
Agustín Villalobos Salcedo,agvisa375@viajes.cl,0G6XajIW0h,Agustínsalcedo876,+56 9 2757 0960,8585371,6,
,Sta.delacrúz958@edubus.cal,dPHhqzb7NgK,Sta.delacrúz619,+56 9 4854 7971,-23220835,K,1704
Marcela Baeza Esquivel,mabaes817@edubus.cal,WgBRa7l4OeP,Marcelaesquivel589,+56 2 4440 1463,17113030,1,12166
Lola Menéndez Mena,lola9542736@outluc.com,RgM0B5CXu,lomeme440,+56 9 2972 5551,16375586,6,3975
,,,,,,,
Víctor Iglesias Granado,víctor1250825@outluc.com,h42BmhZKQGhyPcS,víiggr924,,12893334,4,0
Armando Piña Miramontes,arpimi555@viajes.cl,WucSN5E9Bp3PSwI,,+56 2 6995 3090,17405030,9,
Sta. Andrés Montes Lugo,sta.2491727@edubus.cal,u0W5Q0ExWzRCc,stanmolu475,+56 9 5325 9210,10541271,1,1438
,,,,,,,
Gustavo Godoy Paz,gugopa303@outluc.com,8roeZUBw48,,,18444251,5,1458
Marco Antonio Gil Cantú,maangica654@viajes.cl,nyZNJeHo1c0,maangica434,+56 9 8484 7218,18961213,3,
Sra. Adriana Narváez Mora,,rBWdNw8DvY41sRbE,,+56 2 9171 3618,15553211,4,0
,,,,,,,
María Cristina Urbina Vélez,maría8303241@tourket.com,,maría8237934,,18107483,3,0
Arturo Avilés Ayala,aravay153@edubus.cal,,arturo437291,,25470070,3,-25647
Rafael Archuleta Rendón,,0inI0keT,raarre148,+56 2 4867 0833,2376890,9,680
Gerardo Dueñas Ortiz,geduor743@viajes.cl,AGLBk3Kx5,gerardo3150665,+56 9 7435 0074,18415185,5,
Ignacio Farías Ordóñez,Ignacioordóñez826@viajes.cl,5dzkzkV0KNt,ignacio6396912,+56 9 1125 8771,18254056,0,
,,,,,,,
Julia Munguía Colón,julia8270954@tourket.com,1pZY4p0a,julia873585,+56 2 4808 5090,24331115,2,6052
Teodoro Caraballo Martínez,tecama375@viajes.cl,,tecama270,+56 9 1457 2920,,,
Juan Valdés Velásquez,juan7056592@viajesanma.com,JgrD1rq5rPFVwb,Juanvelásquez593,+56 9 3040 9663,,,0
Francisca Páez Véliz,francisca1636647@edubus.cal,iJoAvtO7BHoWZZ,frpávé187,+56 9 4582 6808,9946318,K,-4400
Sra. Virginia Carrillo Marín,sra.2260743@marmol.com,wJwF0dZNaQ42w,sra.1260671,+56 2 1626 5031,2392533,8,20075
Andrea Centeno Posada,Andreaposada220@outluc.com,QSQdhab6,andrea4949827,+56 2 3140 8466,18026451,5,6988
,,,,,,,
Sra. Fernando Gaona Gamboa,,cfXQ5wNQkjC83wa,sra.8474676,+56 2 7236 4302,19601312,1,20324
Martín Ozuna Rascón,,Qk10XTD1LWrvfeC,,+56 9 4543 9649,2482081,5,7949
Guillermina Benavides Cardona,gubeca477@outluc.com,0k0IntVFU,guillermina2413646,+56 2 0944 7411,,,17865
Yolanda Garay Saldaña,Yolandasaldaña566@viajes.cl,HCEg9yp1QKvSE,yolanda2799960,+56 2 4761 5615,11620727,3,
Sta. Antonio Zaragoza Valdés,sta.5063904@viajes.cl,f3HAq7f75SK,Sta.valdés627,+56 9 4544 1837,9060374,4,
,cecilia2200858@tourket.com,0i7JdJ79rD,cecilia5268114,+56 2 9655 4298,5459949,8,0
Patricia Laboy Gallegos,palaga859@edubus.cal,4b9n9rKcI,palaga443,,20097467,0,15841
Julio César Pedraza Vergara,julio8207159@viajes.cl,AqIPTr514x3F,,+56 2 8310 9101,15079270,3,
María Cristina Patiño Linares,Maríalinares370@outluc.com,GX78go0SPNZK,macrpali119,+56 2 1604 9560,14461628,6,0
Gustavo León Sáenz,gulesá471@tourket.com,8HthDfeaLjbi38St,Gustavosáenz757,+56 2 3230 0867,19815799,6,15092
Julia Palacios Leal,Julialeal136@wass.com,f0Ap45MwQUx,,+56 9 9856 2328,14271476,0,-1690
Pedro Juárez Salazar,pejusa630@edubus.cal,nJBY1jSyuTxB3,pejusa840,,1516678,9,2272
Germán Rubio Laureano,germán1669314@outluc.com,6S5JlHbw2PrJ,germán6751921,+56 9 0757 2174,-20322011,1,1000
Sra. Anita Núñez Vargas,sra.206109@viajes.cl,HBq0XdKRmb4u,sra.190884,+56 2 9393 7305,-22522587,7,
,,,,,,,
Estela Jasso Valverde,estela8247925@wass.com,WbxJVfevOex3Tnv,esjava228,+56 2 3792 2910,8016680,K,
Cristobal Regalado Iglesias,crreig672@edubus.cal,pAvH9gJqmo5mvXZ,Cristobaliglesias148,+56 2 0134 4638,13159842,4,2670
Alejandra Sepúlveda Castañeda,Alejandracastañeda163@tourket.com,fRY7PC4fy9DYw,Alejandracastañeda749,+56 2 2596 1407,,,0
Lola Villa Jaramillo,lola1297974@outluc.com,VpSR1H0rD3LyewaU,Lolajaramillo396,+56 9 6422 3456,11276838,6,4604
Sta. Blanca Cornejo Alfaro,Sta.alfaro534@wass.com,q1GIr6yTTkvdXp,,+56 9 4060 1703,-22996616,2,0
,Sr.acevedo879@edubus.cal,,srmaelluac955,+56 9 5933 6014,25556082,4,-3126
,,,,,,,
Carolina Cantú Ocampo,carolina833891@viajesanma.com,okY2ZaFcu1mpwN,cacaoc880,,18990086,4,-7222
Vicente Ocampo Delgadillo,Vicentedelgadillo488@edubus.cal,,Vicentedelgadillo601,,27754094,0,5508
Víctor Esquibel Alonso,víctor2838763@viajesanma.com,OFSnoHgZep6jBq,víctor6026900,+56 2 6353 3817,4951303,8,
José María Quezada Rendón,josé2853454@outluc.com,,jomaqure439,+56 2 2982 5689,2617524,0,6488
,,,,,,,
Sra. Carla Vigil Carvajal,sra.5855316@edubus.cal,dutXBBm5yS,,,14802110,4,12567
Sta. Elvira Alarcón Mojica,,y4iqL30wDuV,stelalmo573,,4715876,1,
,,,,,,,
Sr. Irene Tamez Valencia,Sr.valencia152@viajes.cl,QI6VAfjI6Qy8,Sr.valencia525,+56 9 4666 3871,1924214,5,
,,,,,,,
Julia Almanza Iglesias,jualig422@tourket.com,1xmYApLBlYfaU,,+56 2 3602 9314,18392384,6,14915
Pilar Orellana Velasco,Pilarvelasco414@viajesanma.com,QzU58lpohTPYeK8H,pilar6489675,+56 2 7910 8267,29954537,7,8361
Alejandro Saiz Aguilera,Alejandroaguilera226@tourket.com,wLtWAxZ3m,,+56 9 0375 3577,6649726,7,5463
,Lorenzosolano516@tourket.com,,lozaso190,+56 9 0351 5611,25465234,2,22680
Manuel Rodríguez Barrientos,,,maroba211,+56 9 0865 5313,22573125,K,2871
Cristina Cadena Gamboa,cristina3540137@viajes.cl,PFxj1sLTqPdnw2J,Cristinagamboa508,+56 2 6631 1175,15952017,K,
,,,,,,,
Sta. Ramiro Navarro Casares,Sta.casares518@viajes.cl,08ZyogGPO8en,Sta.casares666,+56 9 3934 7517,19826604,3,
Victoria Saiz Centeno,visace262@viajesanma.com,jgtYcFs86N,visace698,+56 2 9563 1894,2607211,5,13670
Magdalena Jiménez Díaz,magdalena6480648@edubus.cal,EQkpIdOgAJo16ZUr,,+56 2 5571 6873,11199580,K,
Sr. Salvador Pineda Tirado,Sr.tirado736@outluc.com,,srsapiti526,+56 2 8417 8073,6958830,1,0
Sta. Patricio Rosado Granados,,zWotVlVWvY0,stparogr200,+56 2 5996 7864,20926311,4,0
,stirmépr243@edubus.cal,y6vg7gbAUS,sta.377744,+56 2 1107 6703,5926530,K,2320
Sta. Ana Solís Marroquín,Sta.marroquín745@wass.com,ksF1SMVza,stansoma787,+56 9 0900 3466,15150615,1,0
Sta. Maricarmen Echevarría Rendón,sta.9270840@edubus.cal,,Sta.rendón313,,24290346,3,19944
,maanvaju254@viajes.cl,47700ktFRU6,marco2139995,+56 2 7292 3435,13662548,9,
Sonia Ulloa Quintana,Soniaquintana185@viajes.cl,nv9m6kU0SLdBS9,soulqu501,+56 2 5143 6043,21825553,1,
Sta. Dorotea Carranza Salazar,Sta.salazar371@viajesanma.com,fo0Wi3sciCRvZc,Sta.salazar660,+56 9 8209 9256,,,0
,,,,,,,
Marilu Ramírez Carrillo,marilu3148893@edubus.cal,FHs32lrA,marilu4044690,+56 2 7382 3934,19003449,6,13197
María Quintana Razo,maqura244@tourket.com,bJk1VzbWNhc0BL9r,,+56 2 5433 1528,28498671,7,1638
Rodrigo Martínez Palomino,rodrigo3395108@outluc.com,TU3I2p4FLNca19,,+56 2 8563 5148,25351250,4,340
Marta Muñiz Arellano,marta6290290@viajes.cl,aurBNmUqn8fIyl,mamuar772,+56 9 1230 4266,,,
Eloisa Casárez Valle,eloisa5952422@outluc.com,anL4xb2xEqA,elcava846,,21899496,2,15627
,soledad8677339@viajesanma.com,Hw5mp5Ayo,Soledadholguín501,,21351926,3,0
Dolores Verdugo Sáenz,Doloressáenz211@wass.com,1HPH4lblVzAz,Doloressáenz814,+56 2 8387 3883,,,7661
Jerónimo Barragán Reséndez,jerónimo5779296@viajes.cl,DL9Tlj3K4U9aJIwx,jebare974,+56 9 5238 1110,20454362,3,
,,,,,,,
Enrique Carranza Valentín,enrique1940689@tourket.com,MwRq7Ql65,enrique2355646,+56 9 8549 5906,27492963,4,6498
Sta. Armando Madrid Alicea,Sta.alicea235@edubus.cal,N9cT5nHMs0Lgd0r2,sta.7581909,+56 2 4082 8240,22761104,9,
Pilar Uribe Rodarte,Pilarrodarte968@tourket.com,XLVx1K1M,pilar7681650,+56 2 1418 0579,26240750,0,25256
Santiago Madrid Cornejo,Santiagocornejo308@viajes.cl,9jG0yF2qXfq1h0,santiago2507888,+56 9 0829 2278,,,
Elisa Cuellar Ulloa,elisa8765548@wass.com,LZBuQJwjNAOt6,elisa6206861,+56 2 9650 6297,21992265,5,17404
Mayte Morales Villalobos,mamovi842@edubus.cal,bmklGJmjP6,mamovi277,+56 9 3818 7428,12982195,7,0
Gilberto Urrutia Nava,giurna570@edubus.cal,OdQw5Max6BJ,gilberto1896664,+56 2 5460 1935,1503479,3,9873
María Teresa Colunga Lovato,matecolo762@edubus.cal,pWF9djIW2v6Pg,maría3363222,+56 9 6710 2185,25242811,9,11403
Alejandro Olivas Molina,Alejandromolina571@viajes.cl,rVJ9ZUpoWzr4Z4x,alejandro6075919,+56 9 8240 2082,21664898,6,
Rocio Valdez Vela,,Acxqd4GEx0,,+56 9 4077 5059,13346582,0,0
,Amaliacarrero334@outluc.com,FBaFDtIa8K,amjica763,+56 2 8205 6391,21849791,8,11356
Marco Antonio Garrido Sierra,maangasi138@edubus.cal,OJbLD7MUzh8,maangasi974,+56 2 2268 8731,994241,6,
Sta. Salvador Benavides Barraza,sta.607395@viajesanma.com,MjkO8AB6aLK,sta.7073469,+56 9 9123 7981,26931615,2,18698
Marcela Granado Águilar,Marcelaáguilar314@edubus.cal,WTwR4q51,marcela8941652,+56 9 9756 7130,18000376,2,
,,,,,,,
,,,,,,,
Sta. Mónica Ruelas Lemus,stmórule909@viajesanma.com,EM7DyFhL7Cpwe7L,,+56 9 0728 1004,,,6488
Rebeca Mena Abreu,Rebecaabreu983@viajes.cl,FXi3P32zYi,rebeca5043781,+56 2 5344 9359,28847141,K,
Isabela Segovia Mendoza,isseme584@wass.com,z7odT2Vpo1jRP,isseme348,+56 2 1520 2296,24059763,2,3110
Graciela Jimínez Reynoso,graciela7302116@edubus.cal,Oax1aYm8aqX8q16,grjire182,+56 9 5330 6371,18051759,6,0
Jaime Calderón Cortés,Jaimecortés541@wass.com,dKczOO3KkQiyop0Q,Jaimecortés282,+56 9 1950 3653,19438789,K,14813
Lorena Zaragoza Gutiérrez,Lorenagutiérrez892@wass.com,9n3lTQHj7Iu,lozagu985,+56 2 0418 9345,10304757,9,4582
Roberto Salas Aragón,rosaar844@wass.com,0gf84cF1poJpcIF,,+56 9 3308 7338,5497804,9,12934
Lilia Magaña Jasso,lilia618791@viajesanma.com,ZBn9wmowgXKA9,lilia9771435,,11716466,7,-5780
Marcos Olivera Perales,,7OppPMItl,maolpe349,+56 9 1535 8890,28039535,8,
Sr. Ana María Arreola Barraza,,cDmFRcI3BxFI2mh,Sr.barraza293,+56 2 2354 7375,,,
Sra. Claudio Padrón Sierra,srclpasi566@tourket.com,GOVw6Fh5,sra.4473399,+56 2 2744 3406,3583383,8,1654
,,,,,,,
,,,,,,,
Sta. Beatriz Badillo Abrego,Sta.abrego714@viajesanma.com,4tkNGU8aW4pLvE,stbebaab109,+56 9 2140 3185,,,10902
,eszate416@tourket.com,lirHMk29Wp9BTUi,,+56 2 7834 5932,,,
,Cristianesquibel551@viajesanma.com,b57obse9apCch,crvies162,+56 2 3289 0971,20602958,7,4743
,,,,,,,
Clara Abrego Vela,Claravela647@wass.com,,Claravela538,+56 2 4590 5330,8916697,7,16503
Felipe Escobedo Rojo,Feliperojo857@viajes.cl,FaHaq7Gp0ramuIc,felipe6535322,+56 2 1375 3594,29359751,0,
Rafael Carrasquillo Ayala,rafael7453884@wass.com,G674PW8ffTjpA,Rafaelayala833,,,,966
Manuel Sotelo Badillo,manuel4069228@viajes.cl,gC7WI8dx3,,+56 2 4534 1352,-18767935,4,
,stelpial415@viajes.cl,,Sta.alejandro553,+56 2 6944 3051,4167197,1,
Germán Rocha Fajardo,gerofa426@edubus.cal,RZk1iCAERsqv85R,gerofa608,+56 9 0072 0549,19528737,6,9867
Silvia Venegas Tello,silvia1946634@viajes.cl,UX7L1ENaVPnGk,silvia8148496,+56 9 3512 0041,4807867,2,
Pedro Marroquín Bermúdez,Pedrobermúdez301@viajes.cl,,pemabe414,+56 9 8943 0380,12942194,0,
Roberto Gurule Carbajal,,Cv70zOvFhjz45,Robertocarbajal418,+56 2 7828 4719,5920628,1,19793
Timoteo Palacios Ferrer,Timoteoferrer745@tourket.com,wzzOPVII3g58SJnD,,+56 9 5410 6105,18471684,4,5237
María Teresa Ceja Porras,maría8660779@viajes.cl,23sNKF2RqzUYa,maría3081632,+56 9 0293 4269,,,
Carlota Hernández Abrego,caheab337@viajes.cl,Bc5DOTls,carlota9905802,+56 9 8783 8298,,,
Sra. Marcela Orozco García,srmaorga483@viajes.cl,2S6QeycdcpH,Sra.garcía991,+56 9 6643 6603,514394,2,
Felipe Salcido Hernández,fesahe371@viajesanma.com,Ar2HphMku4RK,felipe469901,+56 2 7747 5370,22895406,3,11710
Gregorio Guillen Rosado,gregorio1938243@viajes.cl,U3bXYTyyxM3Tl,Gregoriorosado742,+56 9 2706 7186,9584461,8,
José Garay Valentín,josé9298525@viajes.cl,VdRW4wsbe,jogava943,,,,
,,,,,,,
Elisa Zúñiga Rascón,Elisarascón880@edubus.cal,yLrJ62av9Ix1d,elzúra776,+56 9 1379 0689,26392032,5,5601
Teodoro Guevara Ramírez,teodoro388300@viajesanma.com,q3xx1IZHod7BXk,teodoro1112405,+56 2 9020 8238,1931317,4,0
Lola Caraballo Solorzano,,s7yEOk3ndag,locaso323,+56 2 0026 3659,26885358,8,0
Ignacio Hernandes Melgar,,X3nvBC4oq5kBaFf,ignacio3199287,,10834138,6,
José Emilio Montañez Serrato,,wuU7gx9QH9f,josé1472373,+56 9 3353 4038,4090118,3,13710
,,,,,,,
Sra. Antonio Villegas Reyes,Sra.reyes599@viajes.cl,JtM6g4SCH9Poztmc,sra.5906923,+56 9 6060 0562,909896,8,
Santiago Ferrer Fajardo,santiago3282575@edubus.cal,cOcwI66p,safefa374,+56 2 6644 3886,12219465,5,0
,,,,,,,
Sra. Lucas Baca Quintanilla,srlubaqu223@wass.com,,sra.4684278,,2756189,6,9989
Sr. Armando Romo Alfaro,,FKA1Dwgb,sr.1847883,+56 2 1093 1759,4718238,7,2470
Alicia Porras Preciado,alpopr301@tourket.com,QBolmH24,alicia387731,+56 9 2868 6918,15435480,8,9244
Sr. María Eugenia García Guajardo,Sr.guajardo991@wass.com,EmEOs6en5PkWz,,+56 2 5346 0269,26697298,9,22414
Ricardo Henríquez Pulido,rihepu595@outluc.com,Pbe68HNbcI,ricardo3417698,+56 9 6124 5960,10194930,3,12657
Eduardo Angulo Padilla,edanpa631@viajesanma.com,0u4Sk5St,eduardo6546558,+56 9 1701 5807,28100341,0,
Sta. Mariana Pulido Bétancourt,stmapubé533@viajes.cl,,stmapubé313,+56 2 0930 5605,22144498,1,
,anmave718@viajes.cl,ztQb872TWKYO0ndH,antonia1429995,,5723743,0,
Mariano Tórrez Bañuelos,mariano2360541@edubus.cal,F1oViB6iq,matóba456,,27208778,4,0
Agustín Robles Acevedo,agustín5168816@viajes.cl,VUARnL50D3o0ssZ,Agustínacevedo623,+56 2 8180 4505,16840211,2,
Sr. Eduardo Sevilla Malave,Sr.malave666@viajesanma.com,8GagOpYXZqZQu0b,,+56 2 5933 2542,22986967,1,8840
Sr. María Cristina Olivera Franco,sr.4162833@outluc.com,5L8oJ489,srmacrolfr829,+56 9 6293 6254,,,1336
Sta. Luz Arroyo Esquivel,,u3VxjJk1Zw,Sta.esquivel961,+56 9 3333 2946,22651976,9,0
María Teresa Gurule Quiñones,maría8426631@viajes.cl,I8GDDset,maría5699508,+56 2 4213 9624,-2164189,8,
Luisa Núñez Bustamante,Luisabustamante657@viajes.cl,cTWEUy8vL,,+56 9 4419 3044,5338815,9,
Ramona Tijerina Benítez,ramona601260@outluc.com,cHy3mRfVHFRPSkv,ramona1942660,+56 9 1863 2595,-1351249,3,153
,Cristianamaya567@edubus.cal,,Cristianamaya495,+56 9 3090 1224,,,4963
,,,,,,,
Ester Guillen Vanegas,ester2119354@wass.com,J0A1rnALUJP,ester6905914,+56 2 7601 1564,,,14791
Sra. Graciela Solorio Ramírez,sra.8577415@wass.com,225vXeL3vKBLnR,Sra.ramírez837,+56 9 7993 2986,,,
Sr. Barbara Ochoa Bustamante,Sr.bustamante598@outluc.com,,sr.6086277,+56 2 4082 3139,28151776,7,2960
,,,,,,,
María Eugenia Leiva Lucero,Maríalucero990@tourket.com,8Q95ItWAgbE,maeulelu268,,27295565,4,27927
Amalia Lara Portillo,,dGbfSVXyBsFR4,,+56 9 3573 9905,28154229,K,3515
Sra. Leonor Negrete Esquivel,sra.4771595@marmol.com,8ynspeNW,srlenees389,+56 9 4968 5040,11819379,2,0
,,,,,,,
Sr. Felipe Robles Sisneros,sr.6894983@wass.com,TTgNUjf2PTR4Z,,+56 9 3559 5189,12433165,K,10617
Sra. Vicente Acuña Concepción,Sra.concepción176@outluc.com,xJLy9y95RcOo,Sra.concepción718,+56 2 7940 4359,15399660,1,0
Sta. Gustavo Olivares Ruelas,sta.6474360@viajes.cl,kxsWK2kQ8P,stguolru281,+56 2 5821 7400,331832,K,
Daniela Briseño Villalpando,Danielavillalpando367@viajes.cl,,dabrvi950,+56 9 8335 4710,28196268,K,
Nicolás Galindo Meza,Nicolásmeza899@edubus.cal,v66HQ7HH,,+56 2 0809 1028,4504652,4,808
Sta. Dolores Casas Becerra,sta.1348576@outluc.com,ZzihXh38,sta.8166439,+56 9 1151 1913,20508090,2,10776
Clemente Malave Granados,clmagr532@viajes.cl,8YB3uDYuESqN5g,clmagr638,+56 9 1727 4361,27841724,7,
,,,,,,,
,,,,,,,
,,,,,,,
Sta. Lola Fajardo Bañuelos,Sta.bañuelos977@viajes.cl,MJFl7hjh01eQW4,Sta.bañuelos701,+56 2 8279 4445,25793995,2,
Víctor Holguín Quiñónez,Víctorquiñónez747@outluc.com,,,+56 9 1386 0945,,,5040
Sta. Conchita Ruiz Narváez,stcoruna141@viajes.cl,nKBFsT3o7jegv,sta.343779,+56 2 9413 6836,3797998,8,
Mariana González Granado,mariana1997804@viajesanma.com,,,+56 9 5929 8802,18106308,4,1297
Claudia Apodaca Delgado,claudia3864958@marmol.com,,claudia9435125,+56 9 6524 3298,28262967,4,-6558
Sta. Francisco Zelaya Alvarez,,lJi0jlKkZ568DHK,sta.7881582,+56 9 2690 6011,5831732,2,
Ramiro Cerda Benavídez,ramiro9519272@viajes.cl,GruRHgR47kj7yAb5,racebe427,+56 9 5516 1556,,,
,,,,,,,
Lucia Alcántar Laureano,lucia7493903@viajes.cl,JHhLC2An9tGqzPF,lucia5302389,+56 2 4343 8931,-24786896,8,
María Barragán Tamez,maría2395412@outluc.com,d6qmXPeOT,maría6112244,+56 9 7531 7870,670584,7,-20839
Sra. Manuela Baca Batista,srmababa946@wass.com,BjJQSrM3nrI,sra.3356886,+56 9 2937 8645,9671471,8,
Daniela Valladares Díaz,,o8KH6p3Qw2LD,davadí152,+56 9 9390 2406,5804017,7,0
Emilio Zarate Velásquez,emilio6419129@viajes.cl,BH86ZB3Bcr0,emzave871,+56 9 3305 5252,9693577,3,
Armando Piña Miramontes,arpimi555@viajes.cl,WucSN5E9Bp3PSwI,,+56 2 6995 3090,17405030,9,
,cecilia2200858@tourket.com,0i7JdJ79rD,cecilia5268114,+56 2 9655 4298,5459949,8,0
Pedro Juárez Salazar,pejusa630@edubus.cal,nJBY1jSyuTxB3,pejusa840,,1516678,9,2272
Manuel Rodríguez Barrientos,,,maroba211,+56 9 0865 5313,22573125,K,2871
,,,,,,,
Sta. Mónica Ruelas Lemus,stmórule909@viajesanma.com,EM7DyFhL7Cpwe7L,,+56 9 0728 1004,,,6488
Marcos Olivera Perales,,7OppPMItl,maolpe349,+56 9 1535 8890,28039535,8,
,eszate416@tourket.com,lirHMk29Wp9BTUi,,+56 2 7834 5932,,,
Sra. Leonor Negrete Esquivel,sra.4771595@marmol.com,8ynspeNW,srlenees389,+56 9 4968 5040,11819379,2,0
Sta. Dolores Casas Becerra,sta.1348576@outluc.com,ZzihXh38,sta.8166439,+56 9 1151 1913,20508090,2,10776
,,,,,,,
Sta. Francisco Zelaya Alvarez,,lJi0jlKkZ568DHK,sta.7881582,+56 9 2690 6011,5831732,2,
Sta. Mónica Ruelas Lemus,stmórule909@viajesanma.com,EM7DyFhL7Cpwe7L,,+56 9 0728 1004,,,6488
