name,datetime,tempmax,tempmin,temp,feelslikemax,feelslikemin,feelslike,dew,humidity,precip,precipprob,precipcover,preciptype,snow,snowdepth,windgust,windspeed,winddir,sealevelpressure,cloudcover,visibility,solarradiation,solarenergy,uvindex,severerisk,sunrise,sunset,moonphase,conditions,description,icon,stations,state
"-33.3537,-70.6811",2022-05-23,18.6,10.0,13.6,18.6,9.1,13.6,6.0,61.7,0.1,100.0,4.17,rain,0.0,0.0,17.6,20.5,201.1,1019.2,94.3,10.0,75.9,6.6,4.0,10.0,2022-05-23T07:32:31,2022-05-23T17:46:18,0.76,"Rain, Overcast",Cloudy skies throughout the day with early morning rain.,rain,"SCEL,85577099999,remote,85574099999",Rainy
"-33.3537,-70.6811",2022-05-24,19.1,9.0,13.7,19.1,9.0,13.7,7.5,67.5,0.0,0.0,0.0,,0.0,0.0,22.0,11.2,223.6,1018.8,90.7,9.5,117.3,10.1,6.0,10.0,2022-05-24T07:33:11,2022-05-24T17:45:50,0.8,Overcast,Cloudy skies throughout the day.,cloudy,"SCEL,85577099999,85574099999",Foggy
"-33.3537,-70.6811",2022-05-25,20.0,6.6,13.1,20.0,6.6,13.0,7.8,71.8,0.0,0.0,0.0,,0.0,0.0,21.6,20.5,164.9,1018.3,31.6,8.1,152.7,13.2,6.0,10.0,2022-05-25T07:33:50,2022-05-25T17:45:23,0.83,Partially cloudy,Clearing in the afternoon.,partly-cloudy-day,"SCEL,85577099999,85574099999",Cloudy
"-33.3537,-70.6811",2022-05-26,16.3,4.0,9.5,16.3,4.0,9.2,6.7,83.6,0.0,0.0,0.0,,0.0,0.0,20.2,25.9,164.8,1017.9,38.9,5.7,117.6,10.2,5.0,10.0,2022-05-26T07:34:29,2022-05-26T17:44:57,0.87,Partially cloudy,Partly cloudy throughout the day.,partly-cloudy-day,"SCEL,85577099999,85574099999",Cloudy
"-33.3537,-70.6811",2022-05-27,13.0,3.0,7.9,13.0,1.7,7.6,5.6,86.5,0.0,0.0,0.0,,0.0,0.0,15.1,7.6,47.6,1018.5,65.9,3.9,70.3,6.1,3.0,10.0,2022-05-27T07:35:07,2022-05-27T17:44:33,0.9,Partially cloudy,Partly cloudy throughout the day.,partly-cloudy-day,"SCEL,85577099999,85574099999",Cloudy
"-33.3537,-70.6811",2022-05-28,12.1,6.0,8.9,12.1,5.2,8.4,5.6,80.8,0.0,0.0,0.0,,0.0,0.0,15.5,16.6,159.3,1016.4,86.5,4.2,54.3,4.6,2.0,10.0,2022-05-28T07:35:45,2022-05-28T17:44:11,0.94,Partially cloudy,Partly cloudy throughout the day.,partly-cloudy-day,"SCEL,85577099999,85574099999",Cloudy
"-33.3537,-70.6811",2022-05-29,15.0,-0.1,6.5,15.0,-0.1,6.0,1.1,73.0,0.0,0.0,0.0,,0.0,0.0,22.0,18.4,169.4,1017.8,8.3,5.7,150.5,13.0,6.0,10.0,2022-05-29T07:36:22,2022-05-29T17:43:50,0.97,Clear,Clear conditions throughout the day.,clear-day,"SCEL,85577099999,85574099999",Sunny
"-33.3537,-70.6811",2022-05-30,16.0,-2.0,5.9,16.0,-4.0,5.6,-2.3,61.2,0.0,0.0,0.0,,0.0,0.0,20.5,18.4,173.1,1017.8,4.9,7.4,154.1,13.5,6.0,10.0,2022-05-30T07:36:58,2022-05-30T17:43:31,0.0,Clear,Clear conditions throughout the day.,clear-day,"SCEL,85577099999,85574099999",Sunny
"-33.3537,-70.6811",2022-05-31,14.2,-2.6,5.1,14.2,-2.9,4.5,-3.3,59.3,0.0,0.0,0.0,,0.0,0.0,20.9,18.4,163.4,1016.8,2.6,7.5,150.3,13.0,6.0,10.0,2022-05-31T07:37:34,2022-05-31T17:43:13,0.04,Clear,Clear conditions throughout the day.,clear-day,"SCEL,85577099999,85574099999",Sunny
"-33.3537,-70.6811",2022-06-01,12.0,-2.0,5.2,12.0,-2.0,4.7,-0.8,67.2,0.6,100.0,8.33,rain,0.0,0.0,20.5,16.6,169.8,1018.6,36.6,7.7,145.9,12.6,6.0,10.0,2022-06-01T07:38:09,2022-06-01T17:42:57,0.07,"Rain, Partially cloudy",Becoming cloudy in the afternoon with late afternoon rain.,rain,"SCEL,85577099999,85574099999",Rainy
"-33.3537,-70.6811",2022-06-02,12.0,4.9,8.3,12.0,3.9,7.8,5.3,82.0,4.9,100.0,45.83,rain,0.0,0.0,27.0,9.4,330.5,1019.2,79.8,7.7,116.3,10.0,5.0,10.0,2022-06-02T07:38:43,2022-06-02T17:42:42,0.11,"Rain, Partially cloudy",Partly cloudy throughout the day with rain clearing later.,rain,"SCEL,85577099999,85574099999",Rainy
"-33.3537,-70.6811",2022-06-03,13.0,7.0,9.2,13.0,5.4,8.5,6.4,84.0,10.6,100.0,75.0,rain,0.0,0.0,24.8,27.7,30.1,1016.0,98.9,6.6,19.3,1.7,1.0,10.0,2022-06-03T07:39:17,2022-06-03T17:42:29,0.14,"Rain, Overcast",Cloudy skies throughout the day with rain.,rain,"SCEL,85577099999,85574099999",Rainy
"-33.3537,-70.6811",2022-06-04,15.0,8.0,11.4,15.0,6.0,11.0,7.8,79.5,6.6,100.0,70.83,rain,0.0,0.0,28.8,18.4,179.3,1014.3,96.0,9.5,65.2,5.5,3.0,10.0,2022-06-04T07:39:49,2022-06-04T17:42:18,0.17,"Rain, Overcast",Cloudy skies throughout the day with a chance of rain throughout the day.,rain,"SCEL,85577099999,remote,85574099999",Rainy
"-33.3537,-70.6811",2022-06-05,18.0,8.2,12.5,18.0,8.2,12.3,6.7,70.9,3.8,100.0,50.0,rain,0.0,0.0,23.0,20.5,161.5,1019.5,60.9,9.8,103.6,9.0,4.0,10.0,2022-06-05T07:40:21,2022-06-05T17:42:08,0.21,"Rain, Partially cloudy",Partly cloudy throughout the day with rain clearing later.,rain,"SCEL,85577099999,85574099999",Rainy
"-33.3537,-70.6811",2022-06-06,19.0,2.6,10.0,19.0,0.7,9.7,4.8,73.6,0.0,0.0,0.0,,0.0,0.0,18.0,11.2,169.4,1020.3,1.0,8.2,141.5,12.3,6.0,10.0,2022-06-06T07:40:52,2022-06-06T17:41:59,0.24,Clear,Clear conditions throughout the day.,clear-day,"SCEL,85577099999,85574099999",Sunny
"-33.3537,-70.6811",2022-06-07,18.0,4.0,9.9,18.0,3.9,9.8,5.9,79.0,0.0,0.0,0.0,,0.0,0.0,17.3,18.4,160.4,1016.9,6.8,7.1,139.7,12.1,6.0,10.0,2022-06-07T07:41:21,2022-06-07T17:41:52,0.25,Clear,Clear conditions throughout the day.,clear-day,"SCEL,85577099999,85574099999",Sunny
"-33.3537,-70.6811",2022-06-08,16.7,2.0,8.8,16.7,1.2,8.6,5.5,81.8,0.0,0.0,0.0,,0.0,0.0,20.5,14.8,165.8,1020.7,10.6,5.3,132.2,11.3,6.0,10.0,2022-06-08T07:41:50,2022-06-08T17:41:47,0.31,Clear,Clear conditions throughout the day.,clear-day,"SCEL,85577099999,85574099999",Sunny
"-33.3537,-70.6811",2022-06-09,15.0,5.0,8.2,15.0,3.3,7.8,6.5,90.6,0.0,0.0,0.0,,0.0,0.0,18.4,7.6,338.6,1023.1,61.2,2.2,142.8,12.3,6.0,10.0,2022-06-09T07:42:18,2022-06-09T17:41:43,0.34,Partially cloudy,Partly cloudy throughout the day.,partly-cloudy-day,"SCEL,85577099999,85574099999",Cloudy
"-33.3537,-70.6811",2022-06-10,23.0,2.0,10.8,23.0,0.5,10.7,2.2,63.1,0.0,0.0,0.0,,0.0,0.0,18.0,7.6,77.0,1017.9,18.4,6.9,138.1,12.0,6.0,10.0,2022-06-10T07:42:45,2022-06-10T17:41:41,0.37,Clear,Clear conditions throughout the day.,clear-day,"SCEL,85577099999,remote,85574099999",Sunny
"-33.3537,-70.6811",2022-06-11,23.0,2.2,10.3,23.0,1.7,10.0,2.0,61.9,0.0,0.0,0.0,,0.0,0.0,19.1,22.3,145.4,1017.6,2.5,7.1,144.6,12.5,6.0,10.0,2022-06-11T07:43:11,2022-06-11T17:41:40,0.41,Clear,Clear conditions throughout the day.,clear-day,"SCEL,85577099999,85574099999",Windy
"-33.3537,-70.6811",2022-06-12,19.0,1.0,7.6,19.0,-2.8,6.8,4.1,83.5,0.0,0.0,0.0,,0.0,0.0,16.9,18.4,167.1,1017.6,52.5,2.4,144.9,12.3,6.0,10.0,2022-06-12T07:43:36,2022-06-12T17:41:40,0.44,Partially cloudy,Partly cloudy throughout the day.,partly-cloudy-day,"SCEL,85577099999,85574099999",Cloudy
"-33.3537,-70.6811",2022-06-13,12.7,3.0,6.7,12.7,3.0,6.1,4.7,88.6,0.0,0.0,0.0,,0.0,0.0,18.0,24.1,161.9,1015.7,63.5,2.6,123.3,10.7,5.0,10.0,2022-06-13T07:43:59,2022-06-13T17:41:42,0.47,Partially cloudy,Partly cloudy throughout the day.,partly-cloudy-day,"SCEL,85577099999,85574099999",Cloudy
"-33.3537,-70.6811",2022-06-14,10.4,5.0,7.1,10.4,3.0,6.3,4.3,83.1,4.8,100.0,62.5,rain,0.0,0.0,22.7,14.8,314.6,1019.5,72.6,4.9,127.2,11.1,5.0,10.0,2022-06-14T07:44:22,2022-06-14T17:41:46,0.5,"Rain, Partially cloudy",Partly cloudy throughout the day with rain.,rain,"SCEL,85577099999,85574099999",Rainy
"-33.3537,-70.6811",2022-06-15,14.0,-1.0,6.5,14.0,-1.0,6.1,2.8,79.3,1.4,100.0,50.0,"rain,snow",0.0,0.0,22.7,13.0,173.2,1019.6,13.6,5.3,138.0,11.8,6.0,10.0,2022-06-15T07:44:43,2022-06-15T17:41:50,0.54,"Snow, Rain",Clear conditions throughout the day with rain or snow.,rain,"SCEL,85577099999,85574099999",Snowy
"-33.3537,-70.6811",2022-06-16,14.0,6.7,9.4,14.0,6.7,9.1,5.5,78.0,5.0,100.0,66.67,rain,0.0,0.0,23.8,14.8,194.1,1023.3,62.9,7.7,121.3,10.5,5.0,10.0,2022-06-16T07:45:03,2022-06-16T17:41:57,0.57,"Rain, Partially cloudy",Partly cloudy throughout the day with a chance of rain throughout the day.,rain,"SCEL,85577099999,85574099999",Rainy
"-33.3537,-70.6811",2022-06-17,15.0,0.9,7.0,15.0,-0.6,6.5,1.8,72.5,0.0,0.0,0.0,,0.0,0.0,18.0,7.6,204.1,1023.9,10.2,6.3,143.4,12.4,6.0,10.0,2022-06-17T07:45:22,2022-06-17T17:42:04,0.61,Clear,Clear conditions throughout the day.,clear-day,"SCEL,85577099999,85574099999",Sunny
"-33.3537,-70.6811",2022-06-18,16.0,0.3,8.3,16.0,-0.8,7.7,0.7,61.7,0.0,0.0,0.0,,0.0,0.0,15.8,16.6,118.3,1018.7,60.9,6.4,123.0,10.5,5.0,10.0,2022-06-18T07:45:39,2022-06-18T17:42:14,0.64,Partially cloudy,Partly cloudy throughout the day.,partly-cloudy-day,"SCEL,85577099999,85574099999",Cloudy
"-33.3537,-70.6811",2022-06-19,15.0,4.2,8.7,15.0,2.8,8.3,1.6,62.7,0.0,0.0,0.0,,0.0,0.0,15.8,13.0,154.6,1019.3,69.7,5.8,81.7,7.2,3.0,10.0,2022-06-19T07:45:56,2022-06-19T17:42:24,0.68,Partially cloudy,Partly cloudy throughout the day.,partly-cloudy-day,"SCEL,85577099999,85574099999",Cloudy
"-33.3537,-70.6811",2022-06-20,12.2,4.8,7.5,12.2,3.9,7.1,2.7,73.0,0.0,0.0,0.0,,0.0,0.0,19.1,22.3,155.3,1015.9,86.1,5.8,98.8,8.5,4.0,10.0,2022-06-20T07:46:10,2022-06-20T17:42:36,0.75,Partially cloudy,Partly cloudy throughout the day.,partly-cloudy-day,"SCEL,85577099999,85574099999",Cloudy
"-33.3537,-70.6811",2022-06-21,11.0,3.0,7.0,11.0,1.7,6.6,3.4,79.2,0.0,0.0,0.0,,0.0,0.0,20.9,11.2,169.0,1014.7,90.9,6.1,89.9,7.7,4.0,10.0,2022-06-21T07:46:24,2022-06-21T17:42:49,0.75,Overcast,Cloudy skies throughout the day.,cloudy,"SCEL,85577099999,85574099999",Foggy
"-33.3537,-70.6811",2022-06-22,13.0,4.0,7.9,13.0,2.8,7.5,3.9,76.4,7.0,100.0,70.83,rain,0.0,0.1,26.6,14.8,245.7,1011.9,90.6,6.2,101.6,8.9,5.0,10.0,2022-06-22T07:46:36,2022-06-22T17:43:03,0.78,"Rain, Overcast",Cloudy skies throughout the day with a chance of rain throughout the day.,rain,"SCEL,85577099999,85574099999",Rainy
"-33.3537,-70.6811",2022-06-23,14.0,6.8,9.9,14.0,6.0,9.2,5.8,77.4,17.1,100.0,91.67,rain,0.0,0.2,41.4,38.9,358.0,1015.8,82.9,9.1,53.0,4.6,2.0,10.0,2022-06-23T07:46:47,2022-06-23T17:43:19,0.81,"Rain, Partially cloudy",Partly cloudy throughout the day with a chance of rain throughout the day.,rain,"SCEL,85577099999,remote,85574099999",Rainy
"-33.3537,-70.6811",2022-06-24,11.3,3.4,7.7,11.3,2.1,7.4,4.7,81.5,0.0,0.0,0.0,,0.0,0.0,16.2,7.6,1.0,1019.4,76.9,8.9,72.0,6.2,3.0,10.0,2022-06-24T07:46:57,2022-06-24T17:43:36,0.85,Partially cloudy,Partly cloudy throughout the day.,partly-cloudy-day,"SCEL,85577099999,remote,85574099999",Cloudy
"-33.3537,-70.6811",2022-06-25,16.0,3.7,9.3,16.0,3.7,9.0,4.8,76.3,0.0,0.0,0.0,,0.0,0.0,18.7,11.2,206.1,1016.2,50.0,7.7,121.2,10.5,5.0,10.0,2022-06-25T07:47:04,2022-06-25T17:43:54,0.88,Partially cloudy,Partly cloudy throughout the day.,partly-cloudy-day,"SCEL,85577099999,85574099999",Cloudy
"-33.3537,-70.6811",2022-06-26,12.1,1.0,6.0,12.1,-1.9,5.3,4.2,89.5,2.5,100.0,29.17,"rain,snow",0.0,0.0,22.0,9.4,13.5,1018.9,53.3,3.8,108.2,9.3,5.0,10.0,2022-06-26T07:47:11,2022-06-26T17:44:13,0.92,"Snow, Rain, Partially cloudy",Partly cloudy throughout the day with rain or snow clearing later.,rain,"SCEL,85577099999,85574099999",Snowy
"-33.3537,-70.6811",2022-06-27,15.1,-1.0,6.7,15.1,-2.9,6.2,3.5,83.4,7.9,100.0,66.67,"rain,snow",0.0,0.0,35.3,20.5,151.2,1022.3,29.4,6.0,104.1,8.8,5.0,10.0,2022-06-27T07:47:16,2022-06-27T17:44:33,0.95,"Snow, Rain, Partially cloudy",Becoming cloudy in the afternoon with a chance of rain or snow throughout the day.,rain,"SCEL,85577099999,85574099999",Snowy
"-33.3537,-70.6811",2022-06-28,17.0,0.8,7.9,17.0,-0.2,7.6,2.5,73.8,0.0,0.0,0.0,,0.0,0.0,18.7,9.4,58.7,1025.9,21.6,6.6,134.3,11.6,6.0,10.0,2022-06-28T07:47:20,2022-06-28T17:44:55,0.0,Partially cloudy,Partly cloudy throughout the day.,partly-cloudy-day,"SCEL,85577099999,85574099999",Cloudy
"-33.3537,-70.6811",2022-06-29,17.0,1.4,9.1,17.0,-4.5,8.7,2.4,65.8,0.0,0.0,0.0,,0.0,0.0,25.9,37.1,119.0,1021.4,47.1,8.7,137.8,11.9,6.0,10.0,2022-06-29T07:47:22,2022-06-29T17:45:18,0.02,Partially cloudy,Partly cloudy throughout the day.,partly-cloudy-day,"SCEL,85580099999,85577099999,SCTB,remote,85574099999",Cloudy
"-33.3537,-70.6811",2022-06-30,19.0,4.7,10.9,19.0,3.3,10.3,4.7,68.6,0.0,0.0,0.0,,0.0,0.0,22.0,14.8,163.9,1016.6,19.8,8.3,139.9,11.9,6.0,10.0,2022-06-30T07:47:22,2022-06-30T17:45:41,0.05,Clear,Clear conditions throughout the day.,clear-day,"SCEL,85577099999,85574099999",Sunny
"-33.3537,-70.6811",2022-07-01,11.0,4.7,8.0,11.0,4.2,6.3,5.1,82.7,17.2,100.0,62.5,rain,0.0,0.1,66.6,42.5,86.6,1018.1,78.4,8.4,32.4,2.8,2.0,10.0,2022-07-01T07:47:21,2022-07-01T17:46:06,0.09,"Rain, Partially cloudy",Partly cloudy throughout the day with a chance of rain throughout the day.,rain,"SCEL,85577099999,85574099999",Rainy
"-33.3537,-70.6811",2022-07-02,12.0,-1.0,5.0,12.0,-1.0,4.8,2.3,84.9,0.4,100.0,8.33,"rain,snow",0.0,0.2,19.4,11.2,244.5,1021.2,21.0,6.5,128.8,11.1,6.0,10.0,2022-07-02T07:47:19,2022-07-02T17:46:32,0.12,"Snow, Rain, Partially cloudy",Partly cloudy throughout the day with early morning snow or rain.,rain,"SCEL,85577099999,85574099999",Snowy
"-33.3537,-70.6811",2022-07-03,7.0,2.0,4.6,6.6,0.5,4.1,3.0,89.6,0.0,0.0,0.0,,0.0,0.2,12.2,7.6,7.9,1020.1,82.4,5.1,26.2,2.3,1.0,10.0,2022-07-03T07:47:15,2022-07-03T17:46:58,0.16,Partially cloudy,Partly cloudy throughout the day.,partly-cloudy-day,"SCEL,85577099999,85574099999",Cloudy
"-33.3537,-70.6811",2022-07-04,14.0,-1.0,6.2,14.0,-1.0,5.9,2.1,78.9,0.0,0.0,0.0,,0.0,0.2,18.7,11.2,253.4,1023.1,20.2,5.6,139.0,11.9,6.0,10.0,2022-07-04T07:47:09,2022-07-04T17:47:26,0.19,Partially cloudy,Partly cloudy throughout the day.,partly-cloudy-day,"SCEL,85577099999,85574099999",Cloudy
"-33.3537,-70.6811",2022-07-05,14.0,-0.2,6.4,14.0,-1.9,5.9,1.6,74.3,0.1,100.0,4.17,"rain,snow",0.0,0.2,18.7,11.2,229.3,1020.8,0.1,8.8,137.3,11.8,6.0,10.0,2022-07-05T07:47:02,2022-07-05T17:47:55,0.22,"Snow, Rain",Clear conditions throughout the day with early morning snow or rain.,rain,"SCEL,85577099999,remote,85574099999",Snowy
"-33.3537,-70.6811",2022-07-06,9.2,0.0,5.1,7.9,-2.6,3.6,3.3,88.3,3.4,100.0,41.67,rain,0.0,0.1,22.7,18.4,159.6,1020.5,54.0,6.8,46.2,4.0,2.0,10.0,2022-07-06T07:46:53,2022-07-06T17:48:24,0.25,"Rain, Partially cloudy",Partly cloudy throughout the day with rain.,rain,"SCEL,85577099999,85574099999",Rainy
"-33.3537,-70.6811",2022-07-07,15.1,-0.1,5.9,15.1,-2.1,5.5,2.9,84.4,0.0,0.0,0.0,,0.0,0.1,16.9,7.6,36.2,1016.2,37.2,4.7,136.7,11.9,6.0,10.0,2022-07-07T07:46:43,2022-07-07T17:48:54,0.29,Partially cloudy,Partly cloudy throughout the day.,partly-cloudy-day,"SCEL,85577099999,85574099999",Cloudy
"-33.3537,-70.6811",2022-07-08,15.0,4.0,9.1,15.0,2.5,8.1,6.2,82.9,0.4,100.0,16.67,rain,0.0,0.1,40.0,24.1,172.8,1013.8,48.7,7.5,127.9,11.1,5.0,10.0,2022-07-08T07:46:31,2022-07-08T17:49:25,0.33,"Rain, Partially cloudy",Clearing in the afternoon with rain clearing later.,rain,"SCEL,85577099999,85574099999",Rainy
"-33.3537,-70.6811",2022-07-09,11.0,6.5,8.2,11.0,4.3,6.9,6.0,87.0,20.7,100.0,54.17,rain,0.0,0.0,60.8,24.1,11.5,1013.8,91.2,8.2,59.1,5.1,5.0,10.0,2022-07-09T07:46:18,2022-07-09T17:49:57,0.36,"Rain, Overcast",Cloudy skies throughout the day with rain.,rain,"SCEL,85577099999,85574099999",Rainy
"-33.3537,-70.6811",2022-07-10,9.0,5.0,6.6,8.6,3.3,5.7,5.3,91.3,35.1,100.0,100.0,rain,0.0,0.2,38.9,14.8,144.8,1016.7,95.4,8.5,39.2,3.4,2.0,10.0,2022-07-10T07:46:03,2022-07-10T17:50:30,0.39,"Rain, Overcast",Cloudy skies throughout the day with a chance of rain throughout the day.,rain,"SCEL,85577099999,85574099999",Rainy
"-33.3537,-70.6811",2022-07-11,11.3,4.4,7.5,11.3,4.4,7.2,5.0,85.0,8.2,100.0,58.33,rain,0.0,0.8,22.3,11.2,253.3,1023.8,71.5,8.5,105.7,9.2,4.0,10.0,2022-07-11T07:45:46,2022-07-11T17:51:03,0.43,"Rain, Partially cloudy",Partly cloudy throughout the day with a chance of rain throughout the day.,rain,"SCEL,85577099999,85574099999",Rainy
"-33.3537,-70.6811",2022-07-12,15.0,2.0,7.7,15.0,2.0,7.4,4.0,79.9,0.0,0.0,0.0,,0.0,0.6,15.8,13.0,128.6,1020.5,34.2,7.8,132.9,11.5,6.0,10.0,2022-07-12T07:45:28,2022-07-12T17:51:37,0.46,Partially cloudy,Clearing in the afternoon.,partly-cloudy-day,"SCEL,85577099999,85574099999",Cloudy
"-33.3537,-70.6811",2022-07-13,11.0,1.9,6.9,11.0,-0.2,6.2,4.3,84.4,4.9,100.0,29.17,rain,0.0,0.3,33.1,25.9,147.4,1014.0,64.4,7.5,104.4,9.2,5.0,10.0,2022-07-13T07:45:08,2022-07-13T17:52:11,0.5,"Rain, Partially cloudy",Partly cloudy throughout the day with rain.,rain,"SCEL,85577099999,85574099999",Rainy
"-33.3537,-70.6811",2022-07-14,11.0,3.1,6.7,11.0,0.6,5.0,3.9,83.1,27.3,100.0,100.0,rain,0.0,3.8,51.5,27.7,61.0,1015.1,86.3,9.2,71.2,6.2,4.0,10.0,2022-07-14T07:44:47,2022-07-14T17:52:47,0.53,"Rain, Partially cloudy",Partly cloudy throughout the day with a chance of rain throughout the day.,rain,"SCEL,85577099999,remote,85574099999",Rainy
"-33.3537,-70.6811",2022-07-15,9.0,3.0,5.8,8.7,0.9,4.6,2.9,82.7,6.2,100.0,91.67,rain,0.0,6.0,36.4,22.3,6.6,1016.9,90.7,9.1,79.4,7.0,3.0,10.0,2022-07-15T07:44:24,2022-07-15T17:53:22,0.56,"Rain, Overcast",Cloudy skies throughout the day with a chance of rain throughout the day.,rain,"SCEL,85577099999,85574099999",Rainy
"-33.3537,-70.6811",2022-07-16,11.0,0.4,5.5,11.0,-1.2,4.6,1.8,79.1,3.1,100.0,37.5,"rain,snow",0.5,6.9,18.7,11.2,138.9,1025.8,35.1,8.4,144.7,12.5,6.0,10.0,2022-07-16T07:43:59,2022-07-16T17:53:58,0.6,"Snow, Rain, Partially cloudy",Becoming cloudy in the afternoon with rain or snow clearing later.,snow,"SCEL,85577099999,85574099999",Snowy
"-33.3537,-70.6811",2022-07-17,10.0,-0.4,4.7,10.0,-2.3,3.7,0.9,78.1,0.0,0.0,0.0,,0.0,5.8,14.8,13.0,47.1,1021.5,78.8,9.4,87.6,7.5,3.0,10.0,2022-07-17T07:43:33,2022-07-17T17:54:35,0.63,Partially cloudy,Partly cloudy throughout the day.,partly-cloudy-day,"SCEL,85577099999,remote,85574099999",Cloudy
"-33.3537,-70.6811",2022-07-18,18.0,0.0,7.9,18.0,-1.8,7.4,1.4,68.0,0.0,0.0,0.0,,0.0,4.3,19.8,9.4,26.9,1020.9,32.1,8.1,146.1,12.5,6.0,10.0,2022-07-18T07:43:06,2022-07-18T17:55:13,0.66,Partially cloudy,Partly cloudy throughout the day.,partly-cloudy-day,"SCEL,85577099999,85574099999",Cloudy
"-33.3537,-70.6811",2022-07-19,20.0,0.0,9.0,20.0,0.0,8.9,2.1,67.2,0.0,0.0,0.0,,0.0,2.7,20.5,11.2,129.3,1017.6,0.0,8.6,159.9,14.0,6.0,10.0,2022-07-19T07:42:36,2022-07-19T17:55:50,0.7,Clear,Clear conditions throughout the day.,clear-day,"SCEL,85577099999,85574099999",Sunny
"-33.3537,-70.6811",2022-07-20,18.0,1.3,9.0,18.0,0.5,8.6,3.7,72.0,0.0,0.0,0.0,,0.0,1.6,20.2,22.3,164.6,1016.3,0.0,6.8,156.8,13.6,6.0,10.0,2022-07-20T07:42:06,2022-07-20T17:56:28,0.75,Clear,Clear conditions throughout the day.,clear-day,"SCEL,85577099999,85574099999",Windy
"-33.3537,-70.6811",2022-07-21,19.0,1.0,9.4,19.0,-2.4,8.9,3.8,72.1,0.0,0.0,0.0,,0.0,0.9,19.4,11.2,154.5,1017.9,0.0,7.0,152.0,13.2,6.0,10.0,2022-07-21T07:41:34,2022-07-21T17:57:07,0.76,Clear,Clear conditions throughout the day.,clear-day,"SCEL,85577099999,85574099999",Sunny
"-33.3537,-70.6811",2022-07-22,21.0,2.0,10.6,21.0,0.5,10.1,3.5,65.5,0.0,0.0,0.0,,0.0,0.5,17.3,14.8,139.1,1016.5,1.1,7.3,153.5,13.4,6.0,10.0,2022-07-22T07:41:00,2022-07-22T17:57:46,0.8,Clear,Clear conditions throughout the day.,clear-day,"SCEL,85577099999,85574099999",Sunny
"-33.3537,-70.6811",2022-07-23,19.0,3.8,10.4,19.0,2.1,9.6,5.9,76.4,0.0,0.0,0.0,,0.0,0.2,16.9,20.5,175.9,1016.9,5.0,7.5,152.5,13.1,6.0,10.0,2022-07-23T07:40:25,2022-07-23T17:58:25,0.83,Clear,Clear conditions throughout the day.,clear-day,"SCEL,85577099999,85574099999",Windy
"-33.3537,-70.6811",2022-07-24,13.1,5.0,8.1,13.1,3.3,7.3,7.2,94.7,0.0,0.0,0.0,,0.0,0.1,18.7,24.1,169.0,1017.1,79.7,2.9,143.4,12.4,6.0,10.0,2022-07-24T07:39:48,2022-07-24T17:59:04,0.86,Partially cloudy,Partly cloudy throughout the day.,partly-cloudy-day,"SCEL,85577099999,85574099999",Cloudy
"-33.3537,-70.6811",2022-07-25,14.0,6.9,9.2,14.0,5.6,8.5,6.9,86.9,2.4,100.0,25.0,rain,0.0,0.1,21.6,16.6,200.8,1016.7,90.1,5.3,103.6,9.0,4.0,10.0,2022-07-25T07:39:10,2022-07-25T17:59:44,0.9,"Rain, Overcast",Cloudy skies throughout the day with late afternoon rain.,rain,"SCEL,85577099999,85574099999",Rainy
"-33.3537,-70.6811",2022-07-26,16.0,1.8,8.9,16.0,1.8,8.7,5.3,80.6,6.4,100.0,100.0,"rain,snow",0.0,0.0,22.0,14.8,199.4,1020.5,35.5,7.2,133.6,11.6,5.0,10.0,2022-07-26T07:38:30,2022-07-26T18:00:24,0.93,"Snow, Rain, Partially cloudy",Partly cloudy throughout the day with a chance of rain or snow throughout the day.,rain,"SCEL,85577099999,85574099999",Snowy
"-33.3537,-70.6811",2022-07-27,12.1,6.9,9.8,12.1,6.8,9.4,7.3,85.3,6.4,100.0,95.83,rain,0.0,0.0,23.8,18.4,174.3,1023.2,85.3,7.6,121.9,10.6,5.0,10.0,2022-07-27T07:37:49,2022-07-27T18:01:04,0.96,"Rain, Partially cloudy",Partly cloudy throughout the day with a chance of rain throughout the day.,rain,"SCEL,85577099999,85574099999",Rainy
"-33.3537,-70.6811",2022-07-28,16.1,4.0,9.3,16.1,3.6,8.8,4.8,76.5,1.2,100.0,33.33,rain,0.0,0.0,19.8,13.0,203.4,1022.5,12.9,8.4,164.1,14.1,6.0,10.0,2022-07-28T07:37:07,2022-07-28T18:01:45,0.0,Rain,Clear conditions throughout the day with rain clearing later.,rain,"SCEL,85577099999,85574099999",Rainy
"-33.3537,-70.6811",2022-07-29,20.5,1.3,9.5,20.5,0.5,9.3,3.6,70.6,0.0,0.0,0.0,,0.0,0.0,19.1,18.4,160.4,1014.3,34.2,7.7,156.1,13.4,6.0,10.0,2022-07-29T07:36:23,2022-07-29T18:02:25,0.03,Partially cloudy,Partly cloudy throughout the day.,partly-cloudy-day,"SCEL,85577099999,85574099999",Cloudy
"-33.3537,-70.6811",2022-07-30,11.0,6.0,8.7,11.0,4.3,8.0,6.5,86.8,0.1,100.0,4.17,rain,0.0,0.0,18.7,20.5,175.5,1017.3,88.7,6.0,87.6,7.4,3.0,10.0,2022-07-30T07:35:38,2022-07-30T18:03:06,0.07,"Rain, Partially cloudy",Partly cloudy throughout the day with early morning rain.,rain,"SCEL,85577099999,85574099999",Rainy
"-33.3537,-70.6811",2022-07-31,16.1,3.6,10.4,16.1,3.6,10.2,5.9,75.6,0.0,0.0,0.0,,0.0,0.0,19.1,13.0,163.8,1018.6,34.3,6.3,162.3,13.9,6.0,10.0,2022-07-31T07:34:51,2022-07-31T18:03:47,0.1,Partially cloudy,Partly cloudy throughout the day.,partly-cloudy-day,"SCEL,85577099999,85574099999",Cloudy
"-33.3537,-70.6811",2022-08-01,12.0,5.0,7.8,12.0,3.0,6.8,6.4,91.1,0.0,0.0,0.0,,0.0,0.0,20.5,22.3,172.8,1017.4,65.3,4.2,153.1,13.2,6.0,10.0,2022-08-01T07:34:04,2022-08-01T18:04:28,0.14,Partially cloudy,Partly cloudy throughout the day.,partly-cloudy-day,"SCEL,85577099999,85574099999",Cloudy
"-33.3537,-70.6811",2022-08-02,14.1,7.4,9.5,14.1,6.4,8.9,5.5,77.5,0.4,100.0,16.67,rain,0.0,0.0,19.1,11.2,248.3,1017.1,54.8,5.3,168.1,14.5,6.0,10.0,2022-08-02T07:33:14,2022-08-02T18:05:09,0.17,"Rain, Partially cloudy",Partly cloudy throughout the day with early morning rain.,rain,"SCEL,85577099999,85574099999",Rainy
"-33.3537,-70.6811",2022-08-03,13.4,1.0,7.6,13.4,0.5,6.9,3.8,78.3,0.1,100.0,4.17,"rain,snow",0.0,0.0,18.0,18.4,190.1,1020.9,29.1,6.0,150.0,12.9,6.0,10.0,2022-08-03T07:32:24,2022-08-03T18:05:50,0.21,"Snow, Rain, Partially cloudy",Partly cloudy throughout the day with morning rain or snow.,rain,"SCEL,85577099999,85574099999",Snowy
"-33.3537,-70.6811",2022-08-04,15.0,1.0,7.9,15.0,1.0,7.6,3.3,74.3,0.0,0.0,0.0,,0.0,0.0,20.2,14.8,175.6,1022.0,8.6,7.5,171.0,14.8,7.0,10.0,2022-08-04T07:31:32,2022-08-04T18:06:31,0.24,Clear,Clear conditions throughout the day.,clear-day,"SCEL,85577099999,85574099999",Sunny
"-33.3537,-70.6811",2022-08-05,16.0,0.9,8.3,16.0,0.5,8.1,2.0,68.8,0.0,0.0,0.0,,0.0,0.0,19.4,16.6,164.7,1017.8,18.7,7.3,172.7,15.0,7.0,10.0,2022-08-05T07:30:39,2022-08-05T18:07:13,0.25,Clear,Clear conditions throughout the day.,clear-day,"SCEL,85577099999,85574099999",Sunny
"-33.3537,-70.6811",2022-08-06,12.0,7.0,8.8,12.0,4.8,7.8,7.0,89.1,22.9,100.0,87.5,rain,0.0,0.0,36.7,20.5,62.0,1018.4,92.8,6.6,43.1,3.8,2.0,10.0,2022-08-06T07:29:45,2022-08-06T18:07:54,0.31,"Rain, Overcast",Cloudy skies throughout the day with a chance of rain throughout the day.,rain,"SCEL,85577099999,85574099999",Rainy
"-33.3537,-70.6811",2022-08-07,12.0,3.9,7.8,12.0,1.2,6.7,4.7,81.7,4.1,100.0,62.5,rain,0.0,0.6,23.8,19.0,192.1,1022.4,67.9,9.2,129.3,11.3,5.0,10.0,2022-08-07T07:28:49,2022-08-07T18:08:35,0.35,"Rain, Partially cloudy",Partly cloudy throughout the day with a chance of rain throughout the day.,rain,"SCEL,85577099999,85574099999",Rainy
"-33.3537,-70.6811",2022-08-08,14.9,0.0,6.9,14.9,-2.6,6.5,2.7,78.3,0.0,0.0,0.0,,0.0,0.6,19.8,7.6,355.3,1022.9,8.7,8.0,184.0,15.8,7.0,10.0,2022-08-08T07:27:53,2022-08-08T18:09:16,0.38,Clear,Clear conditions throughout the day.,clear-day,"SCEL,85577099999,85574099999",Sunny
"-33.3537,-70.6811",2022-08-09,22.0,-0.3,9.4,22.0,-1.9,8.9,1.6,65.6,0.0,0.0,0.0,,0.0,0.4,20.2,11.2,26.8,1020.4,41.4,8.8,186.4,16.0,7.0,10.0,2022-08-09T07:26:55,2022-08-09T18:09:58,0.42,Partially cloudy,Becoming cloudy in the afternoon.,partly-cloudy-day,"SCEL,85577099999,85574099999",Cloudy
"-33.3537,-70.6811",2022-08-10,18.0,3.0,10.7,18.0,0.0,10.4,3.0,62.3,0.0,0.0,0.0,,0.0,0.3,19.4,25.9,153.7,1017.4,19.4,8.9,189.0,16.3,7.0,10.0,2022-08-10T07:25:56,2022-08-10T18:10:39,0.45,Clear,Clear conditions throughout the day.,clear-day,"SCEL,85577099999,85574099999",Windy
"-33.3537,-70.6811",2022-08-11,19.0,2.7,9.4,19.0,0.9,8.7,5.1,77.9,0.0,0.0,0.0,,0.0,0.2,22.3,24.1,174.5,1017.5,18.5,7.2,187.7,16.3,7.0,10.0,2022-08-11T07:24:56,2022-08-11T18:11:20,0.5,Clear,Clear conditions throughout the day.,clear-day,"SCEL,85577099999,85574099999",Windy
"-33.3537,-70.6811",2022-08-12,14.0,5.7,9.5,14.0,5.6,9.0,5.3,76.8,2.3,100.0,45.83,rain,0.0,0.1,22.7,20.5,198.5,1021.7,65.1,8.4,170.7,14.8,7.0,10.0,2022-08-12T07:23:55,2022-08-12T18:12:01,0.52,"Rain, Partially cloudy",Partly cloudy throughout the day with rain clearing later.,rain,"SCEL,85577099999,85574099999",Rainy
"-33.3537,-70.6811",2022-08-13,17.0,0.0,8.5,17.0,-1.8,8.2,3.8,75.3,0.0,0.0,0.0,,0.0,0.0,19.1,16.6,173.6,1021.1,11.4,7.3,188.8,16.3,7.0,10.0,2022-08-13T07:22:53,2022-08-13T18:12:42,0.55,Clear,Clear conditions throughout the day.,clear-day,"SCEL,85577099999,85574099999",Sunny
"-33.3537,-70.6811",2022-08-14,12.2,2.0,7.5,12.2,-0.2,6.6,4.9,84.7,10.4,100.0,37.5,rain,0.0,0.0,37.8,25.9,236.4,1020.5,53.7,7.4,113.4,9.9,5.0,10.0,2022-08-14T07:21:50,2022-08-14T18:13:24,0.59,"Rain, Partially cloudy",Partly cloudy throughout the day with rain.,rain,"SCEL,85577099999,85574099999",Rainy
"-33.3537,-70.6811",2022-08-15,13.0,5.7,8.9,13.0,4.0,8.4,4.9,77.4,7.2,100.0,37.5,rain,0.0,0.0,20.5,16.6,236.3,1024.5,83.0,10.0,140.2,12.1,5.0,10.0,2022-08-15T07:20:45,2022-08-15T18:14:04,0.62,"Rain, Partially cloudy",Partly cloudy throughout the day with rain clearing later.,rain,"SCEL,85577099999,85574099999",Rainy
"-33.3537,-70.6811",2022-08-16,10.3,7.4,8.9,10.3,5.4,8.1,6.1,82.7,7.8,100.0,58.33,rain,0.0,0.0,35.6,16.7,156.1,1020.0,93.8,9.8,54.5,4.6,2.0,10.0,2022-08-16T07:19:40,2022-08-16T18:14:45,0.65,"Rain, Overcast",Cloudy skies throughout the day with rain.,rain,"SCEL,85577099999,85574099999",Rainy
"-33.3537,-70.6811",2022-08-17,12.0,6.0,8.5,12.0,3.1,7.0,6.0,85.3,3.1,100.0,37.5,rain,0.0,0.0,27.4,26.8,181.7,1022.6,72.5,8.1,157.8,13.6,6.0,10.0,2022-08-17T07:18:34,2022-08-17T18:15:26,0.68,"Rain, Partially cloudy",Partly cloudy throughout the day with a chance of rain throughout the day.,rain,"SCEL,85577099999,85574099999",Rainy
"-33.3537,-70.6811",2022-08-18,16.7,0.6,8.0,16.7,-0.7,7.8,1.7,68.7,0.0,0.0,0.0,,0.0,0.0,21.6,18.1,193.4,1024.9,5.0,9.0,202.9,17.6,7.0,10.0,2022-08-18T07:17:27,2022-08-18T18:16:07,0.72,Clear,Clear conditions throughout the day.,clear-day,"SCEL,85577099999,remote,85574099999",Sunny
"-33.3537,-70.6811",2022-08-19,24.0,1.0,11.5,24.0,-0.8,11.1,3.4,63.5,0.0,0.0,0.0,,0.0,0.0,16.2,23.8,88.3,1017.7,22.4,8.2,205.6,17.7,7.0,10.0,2022-08-19T07:16:19,2022-08-19T18:16:48,0.75,Partially cloudy,Partly cloudy throughout the day.,partly-cloudy-day,"SCEL,85577099999,85574099999",Cloudy
"-33.3537,-70.6811",2022-08-20,24.0,4.6,13.1,24.0,2.8,12.9,6.1,67.5,0.0,0.0,0.0,,0.0,0.0,19.4,18.4,163.4,1017.2,21.3,7.7,207.6,18.0,8.0,10.0,2022-08-20T07:15:10,2022-08-20T18:17:28,0.78,Partially cloudy,Partly cloudy throughout the day.,partly-cloudy-day,"SCEL,85577099999,85574099999",Cloudy
"-33.3537,-70.6811",2022-08-21,21.7,5.6,13.2,21.7,4.4,12.9,7.7,72.3,0.0,0.0,0.0,,0.0,0.0,19.4,21.6,167.2,1014.8,15.7,8.1,205.1,17.7,7.0,10.0,2022-08-21T07:14:01,2022-08-21T18:18:09,0.81,Clear,Clear conditions throughout the day.,clear-day,"SCEL,85577099999,85574099999",Windy
"-33.3537,-70.6811",2022-08-22,11.2,8.0,9.4,11.2,6.0,8.5,8.6,95.1,0.0,0.0,0.0,,0.0,0.0,16.9,17.2,157.5,1017.9,99.6,3.3,175.2,15.1,6.0,10.0,2022-08-22T07:12:50,2022-08-22T18:18:49,0.85,Overcast,Cloudy skies throughout the day.,cloudy,"SCEL,85577099999,85574099999",Foggy
"-33.3537,-70.6811",2022-08-23,18.0,9.0,11.8,18.0,6.0,10.9,8.3,80.7,0.0,0.0,0.0,,0.0,0.0,20.9,28.2,206.9,1019.5,64.1,4.9,208.7,18.0,8.0,10.0,2022-08-23T07:11:39,2022-08-23T18:19:29,0.88,Partially cloudy,Partly cloudy throughout the day.,partly-cloudy-day,"SCEL,85577099999,85574099999",Cloudy
"-33.3537,-70.6811",2022-08-24,19.0,4.8,11.1,19.0,2.3,10.6,7.5,80.5,0.0,0.0,0.0,,0.0,0.0,17.6,20.5,160.6,1018.5,49.3,4.8,155.0,13.4,6.0,10.0,2022-08-24T07:10:27,2022-08-24T18:20:10,0.91,Partially cloudy,Partly cloudy throughout the day.,partly-cloudy-day,"SCEL,85577099999,85574099999",Cloudy
"-33.3537,-70.6811",2022-08-25,22.0,2.0,11.6,22.0,-0.2,11.2,6.1,73.8,0.0,0.0,0.0,,0.0,0.0,18.4,22.2,216.0,1018.3,8.7,5.2,212.2,18.3,8.0,10.0,2022-08-25T07:09:14,2022-08-25T18:20:50,0.95,Clear,Clear conditions throughout the day.,clear-day,"SCEL,85577099999,85574099999",Windy
"-33.3537,-70.6811",2022-08-26,17.3,6.0,11.0,17.3,4.1,10.8,7.4,79.2,0.1,100.0,4.17,rain,0.0,0.0,16.6,26.9,159.0,1018.0,78.9,6.2,116.1,10.2,4.0,10.0,2022-08-26T07:08:00,2022-08-26T18:21:30,0.98,"Rain, Partially cloudy",Partly cloudy throughout the day with late afternoon rain.,rain,"SCEL,85577099999,85574099999",Rainy
"-33.3537,-70.6811",2022-08-27,19.0,7.0,12.0,19.0,4.7,11.3,5.1,67.2,0.0,0.0,0.0,,0.0,0.0,24.8,24.2,182.1,1021.6,38.3,7.4,217.7,18.7,8.0,10.0,2022-08-27T07:06:46,2022-08-27T18:22:10,0.0,Partially cloudy,Clearing in the afternoon.,partly-cloudy-day,"SCEL,85577099999,85574099999",Cloudy
"-33.3537,-70.6811",2022-08-28,28.7,3.0,14.4,27.2,1.7,14.0,2.8,53.2,0.0,0.0,0.0,,0.0,0.0,21.2,39.3,210.9,1016.6,0.0,9.1,233.5,20.2,8.0,10.0,2022-08-28T07:05:31,2022-08-28T18:22:50,0.05,Clear,Clear conditions throughout the day.,clear-day,"SCEL,85577099999,85574099999",Windy
"-33.3537,-70.6811",2022-08-29,24.3,6.0,13.4,24.3,6.0,13.3,6.2,65.2,0.0,0.0,0.0,,0.0,0.0,25.2,27.7,168.7,1014.7,4.3,9.4,228.4,19.7,8.0,10.0,2022-08-29T07:04:16,2022-08-29T18:23:29,0.08,Clear,Clear conditions throughout the day.,clear-day,"SCEL,85577099999,85574099999",Windy
"-33.3537,-70.6811",2022-08-30,14.4,7.8,10.3,14.4,5.1,9.3,8.6,89.8,0.0,0.0,0.0,,0.0,0.0,20.5,33.8,176.9,1017.2,75.4,4.5,202.6,17.5,8.0,10.0,2022-08-30T07:03:00,2022-08-30T18:24:09,0.12,Partially cloudy,Partly cloudy throughout the day.,partly-cloudy-day,"SCEL,85577099999,85574099999",Cloudy
"-33.3537,-70.6811",2022-08-31,11.0,8.8,9.7,11.0,5.7,8.4,7.0,83.8,2.8,100.0,58.33,rain,0.0,0.0,25.6,21.6,200.2,1019.3,96.3,7.7,174.9,15.1,6.0,10.0,2022-08-31T07:01:43,2022-08-31T18:24:49,0.15,"Rain, Overcast",Cloudy skies throughout the day with a chance of rain throughout the day.,rain,"SCEL,85577099999,85574099999",Rainy
"-33.3537,-70.6811",2022-09-01,14.0,6.0,10.1,14.0,5.1,9.8,4.9,71.7,0.6,100.0,20.83,rain,0.0,0.0,24.1,12.6,197.3,1023.1,72.7,9.4,194.4,16.8,7.0,10.0,2022-09-01T07:00:26,2022-09-01T18:25:28,0.19,"Rain, Partially cloudy",Partly cloudy throughout the day with rain.,rain,"SCEL,85577099999,85574099999",Rainy
"-33.3537,-70.6811",2022-09-02,22.0,1.1,10.9,22.0,0.2,10.4,3.9,67.3,0.0,0.0,0.0,,0.0,0.0,21.2,25.9,165.6,1018.7,0.0,7.0,237.2,20.4,8.0,10.0,2022-09-02T06:59:08,2022-09-02T18:26:08,0.22,Clear,Clear conditions throughout the day.,clear-day,"SCEL,85577099999,85574099999",Windy
"-33.3537,-70.6811",2022-09-03,25.0,3.8,13.3,25.0,2.1,13.0,3.4,57.6,0.0,0.0,0.0,,0.0,0.0,22.0,23.7,175.7,1018.1,0.0,8.5,240.8,20.7,8.0,10.0,2022-09-03T06:57:50,2022-09-03T18:26:47,0.25,Clear,Clear conditions throughout the day.,clear-day,"SCEL,85577099999,85574099999",Windy
"-33.3537,-70.6811",2022-09-04,26.0,3.0,14.3,26.0,3.0,14.2,3.8,56.2,0.0,0.0,0.0,,0.0,0.0,19.1,16.6,183.5,1016.5,0.0,8.9,245.8,21.3,9.0,10.0,2022-09-04T06:56:31,2022-09-04T18:27:27,0.3,Clear,Clear conditions throughout the day.,clear-day,"SCEL,85577099999,85574099999",Sunny
"-33.3537,-70.6811",2022-09-05,27.8,5.0,16.0,26.6,3.6,15.7,4.7,53.4,0.0,0.0,0.0,,0.0,0.0,20.5,26.1,166.9,1016.0,0.9,9.7,247.1,21.4,9.0,10.0,2022-09-05T06:55:12,2022-09-05T18:28:06,0.33,Clear,Clear conditions throughout the day.,clear-day,"SCEL,85577099999,85574099999",Windy
"-33.3537,-70.6811",2022-09-06,25.2,5.0,14.0,25.2,3.9,13.8,6.8,66.7,0.6,100.0,8.33,rain,0.0,0.0,21.2,40.3,165.5,1014.9,7.9,8.5,245.1,21.2,8.0,10.0,2022-09-06T06:53:52,2022-09-06T18:28:45,0.37,Rain,Clear conditions throughout the day with late afternoon rain.,rain,"SCEL,85577099999,85574099999",Rainy
"-33.3537,-70.6811",2022-09-07,14.0,7.0,9.9,14.0,4.2,8.5,5.8,77.3,12.1,100.0,100.0,rain,0.0,0.0,31.3,27.5,182.4,1017.6,90.1,8.6,171.0,14.7,6.0,10.0,2022-09-07T06:52:32,2022-09-07T18:29:25,0.4,"Rain, Overcast",Cloudy skies throughout the day with a chance of rain throughout the day.,rain,"SCEL,85577099999,85574099999",Rainy
"-33.3537,-70.6811",2022-09-08,9.0,3.8,6.0,8.6,0.3,3.9,3.2,82.0,11.9,100.0,75.0,rain,0.0,0.0,23.4,28.2,197.2,1022.1,73.7,9.6,144.2,12.4,6.0,10.0,2022-09-08T06:51:12,2022-09-08T18:30:04,0.44,"Rain, Partially cloudy",Partly cloudy throughout the day with a chance of rain throughout the day.,rain,"SCEL,85577099999,85574099999",Rainy
"-33.3537,-70.6811",2022-09-09,19.1,0.7,8.5,19.1,-0.8,8.0,2.3,70.3,0.0,0.0,0.0,,0.0,0.0,21.6,21.1,232.5,1019.7,0.2,8.1,253.1,21.6,9.0,10.0,2022-09-09T06:49:51,2022-09-09T18:30:43,0.47,Clear,Clear conditions throughout the day.,clear-day,"SCEL,85577099999,85574099999",Windy
"-33.3537,-70.6811",2022-09-10,19.0,2.0,9.9,19.0,0.5,9.4,5.1,75.5,0.0,0.0,0.0,,0.0,0.0,23.4,27.7,200.2,1017.4,10.6,8.3,252.3,21.7,9.0,10.0,2022-09-10T06:48:30,2022-09-10T18:31:23,0.5,Clear,Clear conditions throughout the day.,clear-day,"SCEL,85577099999,85574099999",Windy
"-33.3537,-70.6811",2022-09-11,14.6,7.7,10.0,14.6,4.8,9.1,6.6,80.7,1.3,100.0,29.17,rain,0.0,0.0,25.6,21.2,183.0,1023.4,79.2,8.4,155.5,12.9,5.0,10.0,2022-09-11T07:47:09,2022-09-11T19:32:02,0.54,"Rain, Partially cloudy",Partly cloudy throughout the day with a chance of rain throughout the day.,rain,"SCEL,85577099999,85574099999",Rainy
"-33.3537,-70.6811",2022-09-12,17.0,0.3,9.1,17.0,-2.1,8.6,4.8,77.7,0.5,100.0,12.5,rain,0.0,0.0,23.4,27.8,203.3,1020.1,38.6,7.8,242.2,20.2,9.0,10.0,2022-09-12T07:45:47,2022-09-12T19:32:42,0.57,"Rain, Partially cloudy",Partly cloudy throughout the day with late afternoon rain.,rain,"SCEL,85577099999,85574099999",Rainy
"-33.3537,-70.6811",2022-09-13,16.3,8.0,11.3,16.3,6.1,10.5,5.7,70.7,2.3,100.0,37.5,rain,0.0,0.0,22.3,16.6,183.3,1022.9,64.8,9.9,227.9,18.9,7.0,10.0,2022-09-13T07:44:26,2022-09-13T19:33:21,0.6,"Rain, Partially cloudy",Partly cloudy throughout the day with a chance of rain throughout the day.,rain,"SCEL,85577099999,85574099999",Rainy
"-33.3537,-70.6811",2022-09-14,23.0,2.0,12.6,23.0,0.4,12.3,3.6,62.0,0.0,0.0,0.0,,0.0,0.0,23.4,103.8,181.1,1021.0,5.1,7.9,275.9,22.8,9.0,10.0,2022-09-14T07:43:04,2022-09-14T19:34:00,0.64,Clear,Clear conditions throughout the day.,wind,"SCEL,85577099999,85574099999",Windy
"-33.3537,-70.6811",2022-09-15,23.8,4.7,13.8,23.8,1.5,13.6,5.2,61.1,0.0,0.0,0.0,,0.0,0.0,19.4,30.4,179.1,1015.7,64.1,9.0,245.1,20.3,9.0,10.0,2022-09-15T07:41:41,2022-09-15T19:34:40,0.67,Partially cloudy,Partly cloudy throughout the day.,partly-cloudy-day,"SCEL,85577099999,85574099999",Cloudy
"-33.3537,-70.6811",2022-09-16,14.8,7.0,10.3,14.8,4.8,9.8,7.9,85.5,1.9,100.0,33.33,rain,0.0,0.0,25.9,27.1,166.2,1016.3,85.8,7.2,212.3,17.6,7.0,10.0,2022-09-16T07:40:19,2022-09-16T19:35:20,0.7,"Rain, Partially cloudy",Partly cloudy throughout the day with rain.,rain,"SCEL,85577099999,85574099999",Rainy
"-33.3537,-70.6811",2022-09-17,15.3,7.0,10.5,15.3,5.8,9.7,6.7,79.0,16.9,100.0,95.83,rain,0.0,0.0,30.2,25.9,197.3,1018.6,73.3,8.4,203.3,16.7,7.0,10.0,2022-09-17T07:38:57,2022-09-17T19:35:59,0.75,"Rain, Partially cloudy",Partly cloudy throughout the day with a chance of rain throughout the day.,rain,"SCEL,85577099999,85574099999",Rainy
"-33.3537,-70.6811",2022-09-18,13.1,7.8,10.1,13.1,5.5,9.1,5.8,75.4,9.8,100.0,95.83,rain,0.0,0.0,26.6,25.9,191.0,1021.4,86.9,10.0,175.1,14.5,6.0,10.0,2022-09-18T07:37:34,2022-09-18T19:36:39,0.76,"Rain, Partially cloudy",Partly cloudy throughout the day with a chance of rain throughout the day.,rain,"SCEL,85577099999,85574099999",Rainy
"-33.3537,-70.6811",2022-09-19,15.7,7.2,10.9,15.7,5.3,10.2,4.4,65.8,0.6,100.0,20.83,rain,0.0,0.0,28.8,26.6,179.7,1019.8,83.6,10.0,232.3,19.1,8.0,10.0,2022-09-19T07:36:12,2022-09-19T19:37:19,0.8,"Rain, Partially cloudy",Partly cloudy throughout the day with rain.,rain,"SCEL,85577099999,85574099999",Rainy
"-33.3537,-70.6811",2022-09-20,12.5,6.9,9.0,12.5,3.7,7.5,3.2,67.8,10.3,100.0,91.67,rain,0.0,0.0,30.6,25.5,187.2,1023.4,89.2,10.0,182.8,15.2,6.0,10.0,2022-09-20T07:34:49,2022-09-20T19:37:59,0.83,"Rain, Partially cloudy",Partly cloudy throughout the day with a chance of rain throughout the day.,rain,"SCEL,85577099999,85574099999",Rainy
"-33.3537,-70.6811",2022-09-21,15.2,1.5,9.0,15.2,1.5,8.6,-0.3,57.4,2.4,100.0,41.67,"rain,snow",0.0,0.0,27.7,20.6,205.1,1027.9,23.2,10.0,279.3,23.1,9.0,10.0,2022-09-21T07:33:27,2022-09-21T19:38:39,0.86,"Snow, Rain, Partially cloudy",Partly cloudy throughout the day with a chance of rain or snow throughout the day.,rain,"SCEL,85577099999,85574099999",Snowy
"-33.3537,-70.6811",2022-09-22,22.5,1.0,11.9,22.5,-0.6,11.7,-1.7,45.5,0.0,0.0,0.0,,0.0,0.0,24.1,21.0,195.1,1021.5,15.7,10.0,291.7,24.2,9.0,10.0,2022-09-22T07:32:04,2022-09-22T19:39:19,0.89,Clear,Clear conditions throughout the day.,clear-day,"SCEL,85577099999,85574099999",Windy
"-33.3537,-70.6811",2022-09-23,20.3,7.9,13.4,20.3,7.4,13.3,5.3,59.2,0.2,100.0,8.33,rain,0.0,0.0,26.3,22.8,189.3,1018.0,75.1,10.0,219.0,18.1,7.0,10.0,2022-09-23T07:30:41,2022-09-23T19:40:00,0.93,"Rain, Partially cloudy",Partly cloudy throughout the day with rain.,rain,"SCEL,85577099999,85574099999",Rainy
"-33.3537,-70.6811",2022-09-24,12.0,9.9,10.8,12.0,7.9,10.6,8.6,85.9,24.7,100.0,83.33,rain,0.0,0.0,27.7,20.5,180.1,1020.2,94.6,9.4,159.9,13.2,5.0,10.0,2022-09-24T07:29:19,2022-09-24T19:40:41,0.96,"Rain, Overcast",Cloudy skies throughout the day with a chance of rain throughout the day.,rain,"SCEL,85577099999,85574099999",Rainy
"-33.3537,-70.6811",2022-09-25,19.0,8.7,12.4,19.0,7.0,11.8,7.0,71.9,0.3,100.0,12.5,rain,0.0,0.0,26.6,22.3,190.4,1021.4,58.0,10.0,282.5,23.4,9.0,10.0,2022-09-25T07:27:57,2022-09-25T19:41:21,0.0,"Rain, Partially cloudy",Clearing in the afternoon with a chance of rain throughout the day.,rain,"SCEL,85577099999,85574099999",Rainy
"-33.3537,-70.6811",2022-09-26,18.9,7.5,12.3,18.9,6.7,12.0,6.7,70.6,0.0,0.0,0.0,,0.0,0.0,24.8,23.9,195.5,1019.0,88.2,10.0,245.6,20.4,8.0,10.0,2022-09-26T07:26:34,2022-09-26T19:42:02,0.03,Partially cloudy,Partly cloudy throughout the day.,partly-cloudy-day,"SCEL,85577099999,85574099999",Cloudy
"-33.3537,-70.6811",2022-09-27,22.6,6.1,14.5,22.6,6.1,14.4,6.4,62.0,0.0,0.0,0.0,,0.0,0.0,25.6,23.5,191.9,1017.8,50.6,9.7,296.6,24.7,9.0,10.0,2022-09-27T07:25:12,2022-09-27T19:42:44,0.06,Partially cloudy,Partly cloudy throughout the day.,partly-cloudy-day,"SCEL,85577099999,85574099999",Cloudy
"-33.3537,-70.6811",2022-09-28,22.0,6.0,13.7,22.0,5.1,13.7,7.3,68.4,0.0,0.0,0.0,,0.0,0.0,23.8,24.9,186.1,1018.6,43.6,9.8,274.5,22.9,9.0,10.0,2022-09-28T07:23:51,2022-09-28T19:43:25,0.1,Partially cloudy,Becoming cloudy in the afternoon.,partly-cloudy-day,"SCEL,85577099999,85574099999",Cloudy
"-33.3537,-70.6811",2022-09-29,19.9,9.1,12.3,19.9,6.7,11.8,9.1,83.0,0.8,100.0,16.67,rain,0.0,0.0,24.8,29.5,177.8,1019.0,61.6,6.3,283.0,23.5,9.0,10.0,2022-09-29T07:22:29,2022-09-29T19:44:07,0.13,"Rain, Partially cloudy",Clearing in the afternoon with afternoon rain.,rain,"SCEL,85577099999,85574099999",Rainy
"-33.3537,-70.6811",2022-09-30,24.0,9.4,15.1,24.0,8.8,15.0,8.9,72.1,0.0,0.0,0.0,,0.0,0.0,29.5,25.9,189.6,1018.2,71.9,6.0,312.7,25.8,10.0,10.0,2022-09-30T07:21:08,2022-09-30T19:44:48,0.17,Partially cloudy,Partly cloudy throughout the day.,partly-cloudy-day,"SCEL,85577099999,85574099999",Cloudy
"-33.3537,-70.6811",2022-10-01,25.0,7.0,15.8,25.0,6.2,15.7,8.5,64.5,0.0,0.0,0.0,,0.0,0.0,24.1,27.7,178.5,1016.3,8.7,9.3,302.2,25.0,10.0,10.0,2022-10-01T07:19:46,2022-10-01T19:45:31,0.2,Clear,Clear conditions throughout the day.,clear-day,"SCEL,85574099999",Windy
"-33.3537,-70.6811",2022-10-02,26.0,7.0,16.2,26.0,6.2,15.9,8.5,67.6,0.0,0.0,0.0,,0.0,0.0,26.3,27.7,166.8,1015.0,33.6,6.6,320.2,26.3,10.0,10.0,2022-10-02T07:18:26,2022-10-02T19:46:13,0.25,Partially cloudy,Clearing in the afternoon.,partly-cloudy-day,"SCEL,85574099999",Cloudy
"-33.3537,-70.6811",2022-10-03,15.0,8.0,10.9,15.0,6.0,9.9,8.3,85.5,0.5,100.0,12.5,rain,0.0,0.0,31.3,22.3,165.6,1015.9,86.1,6.7,242.1,20.2,8.0,10.0,2022-10-03T07:17:05,2022-10-03T19:46:56,0.28,"Rain, Partially cloudy",Partly cloudy throughout the day with afternoon rain.,rain,"SCEL,85577099999,85574099999",Rainy
"-33.3537,-70.6811",2022-10-04,18.0,8.0,11.9,18.0,6.8,11.3,6.2,70.2,4.7,100.0,62.5,rain,0.0,0.0,29.9,27.7,180.4,1017.4,85.5,10.0,237.7,19.9,8.0,10.0,2022-10-04T07:15:45,2022-10-04T19:47:39,0.31,"Rain, Partially cloudy",Partly cloudy throughout the day with a chance of rain throughout the day.,rain,"SCEL,85577099999,85574099999",Rainy
"-33.3537,-70.6811",2022-10-05,18.0,9.0,12.6,18.0,7.6,12.2,6.4,67.2,4.2,100.0,70.83,rain,0.0,0.0,23.0,25.9,189.4,1020.9,81.0,10.0,200.9,16.7,6.0,10.0,2022-10-05T07:14:25,2022-10-05T19:48:22,0.35,"Rain, Partially cloudy",Partly cloudy throughout the day with a chance of rain throughout the day.,rain,"SCEL,85577099999,85574099999",Rainy
"-33.3537,-70.6811",2022-10-06,23.0,8.7,15.4,23.0,8.7,15.4,6.0,57.0,0.0,0.0,0.0,,0.0,0.0,32.8,22.3,188.2,1022.3,66.0,10.0,302.7,25.3,10.0,10.0,2022-10-06T07:13:06,2022-10-06T19:49:05,0.38,Partially cloudy,Partly cloudy throughout the day.,partly-cloudy-day,"SCEL,85577099999,85574099999",Cloudy
"-33.3537,-70.6811",2022-10-07,27.0,8.3,16.7,26.4,7.2,16.6,6.9,56.9,3.5,100.0,33.33,rain,0.0,0.0,31.3,26.7,220.0,1016.8,9.4,9.5,310.9,25.7,10.0,10.0,2022-10-07T07:11:47,2022-10-07T19:49:49,0.42,Rain,Clear conditions throughout the day with rain.,rain,"SCEL,85577099999,85574099999",Rainy
"-33.3537,-70.6811",2022-10-08,21.4,9.8,15.0,21.4,8.7,14.9,6.2,59.8,7.1,100.0,41.67,rain,0.0,0.0,32.8,26.7,193.6,1018.6,44.5,10.0,270.1,22.4,8.0,10.0,2022-10-08T07:10:29,2022-10-08T19:50:33,0.46,"Rain, Partially cloudy",Clearing in the afternoon with a chance of rain throughout the day.,rain,"SCEL,85577099999,85574099999",Rainy
"-33.3537,-70.6811",2022-10-09,26.0,6.8,16.2,26.0,5.9,16.1,1.1,41.1,0.0,0.0,0.0,,0.0,0.0,23.8,28.5,182.6,1014.2,0.0,10.0,338.8,28.1,10.0,10.0,2022-10-09T07:09:11,2022-10-09T19:51:18,0.5,Clear,Clear conditions throughout the day.,clear-day,"SCEL,85577099999,85574099999",Windy
"-33.3537,-70.6811",2022-10-10,21.1,8.0,14.7,21.1,8.0,14.5,4.3,51.5,0.2,100.0,8.33,rain,0.0,0.0,27.4,25.9,194.5,1016.8,4.1,10.0,312.2,25.9,9.0,10.0,2022-10-10T07:07:54,2022-10-10T19:52:03,0.52,Rain,Clear conditions throughout the day with rain.,rain,"SCEL,85577099999,85574099999",Rainy
"-33.3537,-70.6811",2022-10-11,22.0,5.0,13.3,22.0,4.0,12.7,5.9,65.3,0.0,0.0,0.0,,0.0,0.0,59.4,26.9,181.9,1020.8,12.3,9.4,329.3,27.3,10.0,10.0,2022-10-11T07:06:37,2022-10-11T19:52:48,0.56,Clear,Clear conditions throughout the day.,clear-day,"SCEL,85577099999,85574099999",Windy
"-33.3537,-70.6811",2022-10-12,23.9,7.5,15.5,23.9,6.7,15.3,7.0,62.0,0.0,0.0,0.0,,0.0,0.0,36.0,29.5,200.8,1019.8,1.2,9.4,337.5,27.9,10.0,10.0,2022-10-12T07:05:21,2022-10-12T19:53:34,0.59,Clear,Clear conditions throughout the day.,clear-day,"SCEL,85577099999,85574099999",Windy
"-33.3537,-70.6811",2022-10-13,25.0,9.0,16.4,25.0,9.0,16.4,4.8,51.0,0.0,0.0,0.0,,0.0,0.0,29.9,27.7,200.5,1019.0,6.0,9.7,333.6,27.6,10.0,10.0,2022-10-13T07:04:06,2022-10-13T19:54:20,0.62,Clear,Clear conditions throughout the day.,clear-day,"SCEL,85577099999,85574099999",Windy
"-33.3537,-70.6811",2022-10-14,27.0,6.9,17.2,26.4,6.9,17.0,0.9,38.4,0.0,0.0,0.0,,0.0,0.0,28.4,24.1,191.8,1017.8,0.0,9.8,342.2,28.4,10.0,10.0,2022-10-14T07:02:51,2022-10-14T19:55:06,0.65,Clear,Clear conditions throughout the day.,clear-day,"SCEL,85577099999,85574099999",Windy
"-33.3537,-70.6811",2022-10-15,28.9,8.9,18.3,27.4,8.4,18.1,4.3,42.6,0.0,0.0,0.0,,0.0,0.0,26.3,31.7,196.1,1016.4,0.1,9.7,347.7,28.8,10.0,10.0,2022-10-15T07:01:37,2022-10-15T19:55:53,0.68,Clear,Clear conditions throughout the day.,clear-day,"SCEL,85577099999,85574099999",Windy
"-33.3537,-70.6811",2022-10-16,27.1,8.1,17.7,26.3,8.1,17.6,5.5,48.9,0.0,0.0,0.0,,0.0,0.0,30.6,27.7,198.3,1016.2,7.9,10.0,334.9,27.8,10.0,10.0,2022-10-16T07:00:24,2022-10-16T19:56:40,0.72,Clear,Clear conditions throughout the day.,clear-day,"SCEL,85577099999,85574099999",Windy
"-33.3537,-70.6811",2022-10-17,21.7,7.0,13.4,21.7,4.0,12.6,6.5,66.0,1.5,100.0,33.33,rain,0.0,0.0,33.1,26.8,177.6,1015.0,36.5,9.3,280.9,23.4,9.0,10.0,2022-10-17T06:59:11,2022-10-17T19:57:27,0.75,"Rain, Partially cloudy",Partly cloudy throughout the day with rain.,rain,"SCEL,85577099999,85574099999",Rainy
"-33.3537,-70.6811",2022-10-18,21.0,9.0,14.0,21.0,6.7,13.6,6.1,62.6,0.2,100.0,8.33,rain,0.0,0.0,32.8,25.9,205.3,1016.5,52.7,9.7,283.7,23.5,9.0,10.0,2022-10-18T06:57:59,2022-10-18T19:58:15,0.78,"Rain, Partially cloudy",Partly cloudy throughout the day with rain.,rain,"SCEL,85577099999,85574099999",Rainy
"-33.3537,-70.6811",2022-10-19,22.0,7.0,13.9,22.0,6.7,13.6,6.0,62.2,0.0,0.0,0.0,rain,0.0,0.0,29.5,27.7,189.6,1020.0,41.8,9.7,264.4,22.0,8.0,10.0,2022-10-19T06:56:49,2022-10-19T19:59:04,0.81,Partially cloudy,Partly cloudy throughout the day.,partly-cloudy-day,"SCEL,85577099999,85574099999",Cloudy
"-33.3537,-70.6811",2022-10-20,27.0,7.0,17.3,26.2,7.0,17.2,4.2,50.0,0.0,0.0,0.0,,0.0,0.0,31.7,25.9,214.9,1020.0,0.0,9.3,353.5,29.2,10.0,10.0,2022-10-20T06:55:39,2022-10-20T19:59:52,0.85,Clear,Clear conditions throughout the day.,clear-day,"SCEL,85577099999,85574099999",Windy
"-33.3537,-70.6811",2022-10-21,26.0,9.0,17.9,26.0,8.5,17.9,5.8,48.2,0.0,0.0,0.0,,0.0,0.0,30.6,27.7,197.8,1016.2,18.6,9.4,344.5,28.4,10.0,10.0,2022-10-21T06:54:29,2022-10-21T20:00:41,0.88,Clear,Clear conditions throughout the day.,clear-day,"SCEL,85577099999,85574099999",Windy
"-33.3537,-70.6811",2022-10-22,28.0,8.7,18.1,27.0,8.7,18.0,6.7,50.8,0.0,0.0,0.0,,0.0,0.0,29.9,25.9,197.2,1015.5,14.7,9.7,354.4,29.5,10.0,10.0,2022-10-22T06:53:21,2022-10-22T20:01:31,0.91,Clear,Clear conditions throughout the day.,clear-day,"SCEL,85577099999,85574099999",Windy
"-33.3537,-70.6811",2022-10-23,24.0,8.4,16.3,24.0,7.6,16.2,5.2,52.1,0.0,0.0,0.0,,0.0,0.0,31.7,27.7,181.6,1017.6,14.7,10.0,360.7,29.9,10.0,10.0,2022-10-23T06:52:14,2022-10-23T20:02:21,0.94,Clear,Clear conditions throughout the day.,clear-day,"SCEL,85577099999,85574099999",Windy
"-33.3537,-70.6811",2022-10-24,26.2,6.9,16.8,26.2,6.9,16.7,5.0,50.3,0.0,0.0,0.0,,0.0,0.0,31.7,28.2,191.4,1015.9,27.9,10.0,356.5,29.6,10.0,10.0,2022-10-24T06:51:08,2022-10-24T20:03:11,0.97,Partially cloudy,Partly cloudy throughout the day.,partly-cloudy-day,"SCEL,85577099999,85574099999",Cloudy
"-33.3537,-70.6811",2022-10-25,21.9,9.9,14.5,21.9,8.1,14.3,5.7,57.3,0.1,100.0,4.17,rain,0.0,0.0,35.6,38.9,188.9,1016.7,28.5,10.0,324.6,26.9,10.0,10.0,2022-10-25T06:50:02,2022-10-25T20:04:02,0.0,"Rain, Partially cloudy",Partly cloudy throughout the day with afternoon rain.,rain,"SCEL,85577099999,85574099999",Rainy
"-33.3537,-70.6811",2022-10-26,25.0,10.0,16.7,25.0,8.4,16.5,6.1,54.3,0.0,0.0,0.0,,0.0,0.0,30.2,26.2,199.1,1019.1,28.3,10.0,361.1,30.0,10.0,10.0,2022-10-26T06:48:58,2022-10-26T20:04:53,0.04,Partially cloudy,Clearing in the afternoon.,partly-cloudy-day,"SCEL,85577099999,85574099999",Cloudy
"-33.3537,-70.6811",2022-10-27,27.0,10.0,18.1,26.3,9.1,18.0,6.1,48.9,0.0,0.0,0.0,,0.0,0.0,32.8,27.7,197.9,1015.6,0.4,9.6,362.3,30.0,10.0,10.0,2022-10-27T06:47:55,2022-10-27T20:05:45,0.08,Clear,Clear conditions throughout the day.,clear-day,"SCEL,85577099999,85574099999",Windy
"-33.3537,-70.6811",2022-10-28,25.7,8.9,16.9,25.7,8.7,16.8,6.1,51.7,0.0,0.0,0.0,,0.0,0.0,33.5,28.5,192.9,1018.5,51.3,10.0,314.3,26.2,8.0,10.0,2022-10-28T06:46:53,2022-10-28T20:06:37,0.11,Partially cloudy,Partly cloudy throughout the day.,partly-cloudy-day,"SCEL,85577099999,85574099999",Cloudy
"-33.3537,-70.6811",2022-10-29,28.0,9.0,18.3,27.0,9.0,18.2,7.6,53.7,0.0,0.0,0.0,,0.0,0.0,36.0,31.7,200.7,1016.3,1.7,10.0,357.7,29.5,10.0,10.0,2022-10-29T06:45:52,2022-10-29T20:07:29,0.15,Clear,Clear conditions throughout the day.,clear-day,"SCEL,85577099999,85574099999",Windy
"-33.3537,-70.6811",2022-10-30,19.7,10.5,14.4,19.7,10.5,14.4,5.9,61.3,1.5,100.0,37.5,rain,0.0,0.0,40.0,25.4,189.4,1017.6,66.8,10.0,333.2,27.5,10.0,10.0,2022-10-30T06:44:53,2022-10-30T20:08:22,0.18,"Rain, Partially cloudy",Partly cloudy throughout the day with rain in the morning and afternoon.,rain,"SCEL,85577099999,85574099999",Rainy
"-33.3537,-70.6811",2022-10-31,29.0,4.9,17.5,27.4,4.9,17.1,-1.7,33.5,0.0,0.0,0.0,,0.0,0.0,31.7,19.8,219.7,1015.9,3.8,10.0,377.5,31.4,10.0,10.0,2022-10-31T06:43:54,2022-10-31T20:09:15,0.22,Clear,Clear conditions throughout the day.,clear-day,"SCEL,85577099999,85574099999",Windy
"-33.3537,-70.6811",2022-11-01,33.0,8.0,20.4,30.6,6.8,19.8,-1.9,26.0,0.0,0.0,0.0,,0.0,0.0,39.2,35.3,194.4,1014.0,0.0,10.0,384.3,32.1,10.0,10.0,2022-11-01T06:42:57,2022-11-01T20:10:08,0.25,Clear,Clear conditions throughout the day.,clear-day,"SCEL,85577099999,85574099999",Windy
"-33.3537,-70.6811",2022-11-02,30.3,8.0,19.2,28.4,8.0,18.9,2.5,35.9,0.0,0.0,0.0,,0.0,0.0,33.1,24.2,191.5,1015.1,0.0,10.0,379.1,31.3,10.0,10.0,2022-11-02T06:42:01,2022-11-02T20:11:02,0.29,Clear,Clear conditions throughout the day.,clear-day,"SCEL,85577099999,85574099999",Windy
"-33.3537,-70.6811",2022-11-03,26.5,9.0,17.4,26.5,9.0,17.4,7.3,55.4,0.0,0.0,0.0,,0.0,0.0,30.2,27.9,175.0,1015.2,70.2,10.0,345.6,28.5,10.0,10.0,2022-11-03T06:41:07,2022-11-03T20:11:56,0.33,Partially cloudy,Partly cloudy throughout the day.,partly-cloudy-day,"SCEL,85577099999,85574099999",Cloudy
"-33.3537,-70.6811",2022-11-04,23.2,9.2,15.9,23.2,7.4,15.7,8.1,62.9,0.0,0.0,0.0,,0.0,0.0,31.0,25.8,174.3,1015.7,65.6,9.8,348.7,28.9,10.0,10.0,2022-11-04T06:40:13,2022-11-04T20:12:51,0.36,Partially cloudy,Partly cloudy throughout the day.,partly-cloudy-day,"SCEL,85577099999,85574099999",Cloudy
"-33.3537,-70.6811",2022-11-05,25.2,7.7,15.8,25.2,7.0,15.6,7.6,62.0,0.0,0.0,0.0,,0.0,0.0,31.7,25.9,184.3,1017.3,34.2,9.8,362.3,30.0,10.0,10.0,2022-11-05T06:39:22,2022-11-05T20:13:45,0.4,Partially cloudy,Partly cloudy throughout the day.,partly-cloudy-day,"SCEL,85577099999,85574099999",Cloudy
"-33.3537,-70.6811",2022-11-06,27.3,9.5,17.5,26.7,8.7,17.4,8.1,57.7,0.0,0.0,0.0,,0.0,0.0,30.2,24.9,188.3,1016.3,48.6,10.0,357.6,29.7,10.0,10.0,2022-11-06T06:38:31,2022-11-06T20:14:40,0.43,Partially cloudy,Partly cloudy throughout the day.,partly-cloudy-day,"SCEL,85577099999,85574099999",Cloudy
"-33.3537,-70.6811",2022-11-07,29.0,11.0,19.2,28.0,11.0,19.0,9.3,57.4,0.0,0.0,0.0,,0.0,0.0,29.9,27.7,189.6,1015.7,67.9,9.8,365.1,30.5,10.0,10.0,2022-11-07T06:37:42,2022-11-07T20:15:35,0.47,Partially cloudy,Partly cloudy throughout the day.,partly-cloudy-day,"SCEL,85577099999,85574099999",Cloudy
"-33.3537,-70.6811",2022-11-08,20.3,11.0,15.1,20.3,11.0,15.1,10.2,73.2,0.0,0.0,0.0,,0.0,0.0,30.2,31.7,180.8,1014.6,85.8,9.2,304.0,25.1,10.0,10.0,2022-11-08T06:36:54,2022-11-08T20:16:31,0.5,Partially cloudy,Partly cloudy throughout the day.,partly-cloudy-day,"SCEL,85577099999,85574099999",Cloudy
"-33.3537,-70.6811",2022-11-09,19.0,11.7,13.6,19.0,11.7,13.6,9.5,77.7,6.3,100.0,50.0,rain,0.0,0.0,33.1,18.4,178.6,1016.9,79.9,8.7,206.1,16.9,6.0,10.0,2022-11-09T06:36:08,2022-11-09T20:17:27,0.54,"Rain, Partially cloudy",Partly cloudy throughout the day with rain.,rain,"SCEL,85577099999,85574099999",Rainy
"-33.3537,-70.6811",2022-11-10,23.0,7.8,14.8,23.0,7.8,14.7,7.7,65.9,0.3,100.0,12.5,rain,0.0,0.0,32.8,32.3,190.7,1016.9,79.2,9.7,304.0,25.4,9.0,10.0,2022-11-10T06:35:24,2022-11-10T20:18:22,0.57,"Rain, Partially cloudy",Partly cloudy throughout the day with afternoon rain.,rain,"SCEL,85577099999,85574099999",Rainy
"-33.3537,-70.6811",2022-11-11,19.6,11.6,15.1,19.6,11.6,15.1,7.8,64.0,7.6,100.0,79.17,rain,0.0,0.0,38.5,20.2,188.6,1016.3,88.9,10.0,241.7,20.0,8.0,10.0,2022-11-11T06:34:41,2022-11-11T20:19:19,0.6,"Rain, Partially cloudy",Partly cloudy throughout the day with a chance of rain throughout the day.,rain,"SCEL,85577099999,85574099999",Rainy
"-33.3537,-70.6811",2022-11-12,19.1,12.0,14.7,19.1,12.0,14.7,6.9,60.9,15.7,100.0,95.83,rain,0.0,0.0,35.6,28.2,184.3,1016.5,88.7,10.0,177.5,14.7,6.0,10.0,2022-11-12T06:33:59,2022-11-12T20:20:15,0.63,"Rain, Partially cloudy",Partly cloudy throughout the day with a chance of rain throughout the day.,rain,"SCEL,85577099999,85574099999",Rainy
"-33.3537,-70.6811",2022-11-13,24.0,8.5,15.9,24.0,7.8,15.8,6.2,57.5,0.2,100.0,8.33,rain,0.0,0.0,29.5,24.1,203.3,1018.7,31.0,9.9,367.1,30.3,10.0,10.0,2022-11-13T06:33:19,2022-11-13T20:21:11,0.67,"Rain, Partially cloudy",Partly cloudy throughout the day with early morning rain.,rain,"SCEL,85577099999,85574099999",Rainy
"-33.3537,-70.6811",2022-11-14,29.1,8.1,19.5,27.5,8.1,19.1,4.6,42.6,0.0,0.0,0.0,,0.0,0.0,31.7,25.2,189.3,1015.7,2.0,9.7,391.1,32.2,10.0,10.0,2022-11-14T06:32:41,2022-11-14T20:22:07,0.7,Clear,Clear conditions throughout the day.,clear-day,"SCEL,85577099999,85574099999",Windy
"-33.3537,-70.6811",2022-11-15,32.7,12.7,23.3,30.5,12.7,22.6,6.6,37.5,0.0,0.0,0.0,,0.0,0.0,51.8,38.7,204.9,1013.3,47.8,9.9,378.8,31.2,10.0,10.0,2022-11-15T06:32:04,2022-11-15T20:23:04,0.73,Partially cloudy,Partly cloudy throughout the day.,partly-cloudy-day,"SCEL,85577099999,85574099999",Cloudy
"-33.3537,-70.6811",2022-11-16,30.4,13.5,22.0,29.1,13.5,21.7,10.5,51.3,0.0,0.0,0.0,,0.0,0.0,36.4,33.5,191.9,1015.5,2.0,10.0,381.4,31.6,10.0,10.0,2022-11-16T06:31:29,2022-11-16T20:24:00,0.75,Clear,Clear conditions throughout the day.,clear-day,"SCEL,85577099999,85574099999",Windy
"-33.3537,-70.6811",2022-11-17,30.0,14.5,21.6,28.7,14.5,21.4,10.1,50.1,0.0,0.0,0.0,,0.0,0.0,31.7,33.5,187.2,1014.9,12.9,10.0,376.1,30.9,10.0,10.0,2022-11-17T06:30:56,2022-11-17T20:24:57,0.8,Clear,Clear conditions throughout the day.,clear-day,"SCEL,85577099999,85574099999",Windy
"-33.3537,-70.6811",2022-11-18,30.2,12.9,21.8,28.6,12.9,21.5,10.1,51.9,0.0,0.0,0.0,,0.0,0.0,36.0,41.6,194.4,1014.2,1.2,10.0,385.6,31.9,10.0,10.0,2022-11-18T06:30:24,2022-11-18T20:25:53,0.83,Clear,Clear conditions throughout the day.,clear-day,"SCEL,85577099999,85574099999",Windy
"-33.3537,-70.6811",2022-11-19,28.3,14.0,20.9,27.3,14.0,20.8,9.1,49.5,0.0,0.0,0.0,,0.0,0.0,40.0,36.0,199.2,1012.9,11.9,10.0,384.5,32.0,10.0,10.0,2022-11-19T06:29:54,2022-11-19T20:26:50,0.86,Clear,Clear conditions throughout the day.,clear-day,"SCEL,85577099999,85574099999",Windy
"-33.3537,-70.6811",2022-11-20,28.0,13.7,21.0,26.7,13.7,20.7,5.7,40.5,0.0,0.0,0.0,,0.0,0.0,38.2,34.7,208.5,1013.0,1.0,9.9,400.5,33.2,10.0,10.0,2022-11-20T06:29:26,2022-11-20T20:27:46,0.89,Clear,Clear conditions throughout the day.,clear-day,"SCEL,85577099999,85574099999",Windy
"-33.3537,-70.6811",2022-11-21,31.0,12.0,22.3,29.0,12.0,21.7,4.5,35.9,0.0,0.0,0.0,,0.0,0.0,32.0,31.6,195.9,1012.3,0.2,9.8,409.5,33.8,10.0,10.0,2022-11-21T06:28:59,2022-11-21T20:28:42,0.92,Clear,Clear conditions throughout the day.,clear-day,"SCEL,85577099999,85574099999",Windy
"-33.3537,-70.6811",2022-11-22,32.0,14.2,23.5,29.8,14.2,22.9,5.6,34.1,0.0,0.0,0.0,,0.0,0.0,39.6,35.6,194.6,1012.6,0.1,10.0,406.3,33.5,10.0,10.0,2022-11-22T06:28:35,2022-11-22T20:29:38,0.96,Clear,Clear conditions throughout the day.,clear-day,"SCEL,85577099999,85574099999",Windy
"-33.3537,-70.6811",2022-11-23,31.4,13.0,22.7,29.7,13.0,22.3,9.1,44.5,0.0,0.0,0.0,,0.0,0.0,39.6,33.4,200.3,1013.3,30.0,10.0,393.9,32.5,10.0,10.0,2022-11-23T06:28:12,2022-11-23T20:30:33,0.0,Partially cloudy,Becoming cloudy in the afternoon.,partly-cloudy-day,"SCEL,85577099999,85574099999",Cloudy
"-33.3537,-70.6811",2022-11-24,30.0,14.2,22.0,29.0,14.2,21.9,11.1,51.8,0.0,0.0,0.0,,0.0,0.0,33.1,25.9,186.6,1013.6,28.1,10.0,368.7,30.6,10.0,10.0,2022-11-24T06:27:51,2022-11-24T20:31:29,0.02,Partially cloudy,Partly cloudy throughout the day.,partly-cloudy-day,"SCEL,85577099999,85574099999",Cloudy
"-33.3537,-70.6811",2022-11-25,31.9,16.0,23.8,30.7,16.0,23.5,12.2,50.9,0.0,0.0,0.0,,0.0,0.0,34.9,31.7,195.9,1013.8,6.3,10.0,380.0,31.3,10.0,10.0,2022-11-25T06:27:32,2022-11-25T20:32:24,0.06,Clear,Clear conditions throughout the day.,clear-day,"SCEL,85577099999,85574099999",Windy
"-33.3537,-70.6811",2022-11-26,33.0,14.2,23.8,31.5,14.2,23.3,11.4,49.6,0.0,0.0,0.0,,0.0,0.0,35.3,36.0,193.1,1013.0,0.0,9.8,401.8,33.4,10.0,10.0,2022-11-26T06:27:14,2022-11-26T20:33:18,0.09,Clear,Clear conditions throughout the day.,clear-day,"SCEL,85577099999,85574099999",Windy
"-33.3537,-70.6811",2022-11-27,28.0,13.0,20.1,27.6,13.0,20.0,12.0,61.8,0.0,0.0,0.0,,0.0,0.0,31.7,31.6,180.7,1013.1,14.1,9.9,396.6,32.8,10.0,10.0,2022-11-27T06:26:59,2022-11-27T20:34:13,0.13,Clear,Clear conditions throughout the day.,clear-day,"SCEL,85577099999,85574099999",Windy
"-33.3537,-70.6811",2022-11-28,27.0,12.0,19.0,27.0,12.0,19.0,11.9,66.2,0.0,0.0,0.0,,0.0,0.0,34.2,36.1,185.4,1013.6,9.0,9.6,403.1,33.4,10.0,10.0,2022-11-28T06:26:45,2022-11-28T20:35:06,0.16,Clear,Clear conditions throughout the day.,clear-day,"SCEL,85577099999,85574099999",Windy
"-33.3537,-70.6811",2022-11-29,24.0,12.0,17.1,24.0,12.0,17.1,12.0,73.9,0.5,100.0,12.5,rain,0.0,0.0,38.9,33.5,190.2,1014.2,45.9,9.2,371.2,30.6,10.0,10.0,2022-11-29T06:26:33,2022-11-29T20:36:00,0.2,"Rain, Partially cloudy",Partly cloudy throughout the day with afternoon rain.,rain,"SCEL,85577099999,85574099999",Rainy
"-33.3537,-70.6811",2022-11-30,24.5,14.0,18.3,24.5,14.0,18.3,11.0,65.8,1.3,100.0,12.5,rain,0.0,0.0,33.8,29.5,195.7,1015.6,64.6,9.8,368.5,30.4,10.0,10.0,2022-11-30T06:26:23,2022-11-30T20:36:52,0.25,"Rain, Partially cloudy",Clearing in the afternoon with afternoon rain.,rain,"SCEL,85577099999,85574099999",Rainy
"-33.3537,-70.6811",2022-12-01,27.5,11.1,19.4,26.7,11.1,19.2,8.8,55.4,0.0,0.0,0.0,,0.0,0.0,36.0,31.7,198.0,1014.5,1.7,10.0,399.5,33.1,10.0,10.0,2022-12-01T06:26:15,2022-12-01T20:37:44,0.27,Clear,Clear conditions throughout the day.,clear-day,"SCEL,85577099999,85574099999",Windy
"-33.3537,-70.6811",2022-12-02,29.8,11.9,20.9,28.3,11.9,20.6,6.8,42.7,0.0,0.0,0.0,,0.0,0.0,34.2,27.7,193.4,1014.4,1.1,10.0,381.6,31.6,10.0,10.0,2022-12-02T06:26:09,2022-12-02T20:38:36,0.3,Clear,Clear conditions throughout the day.,clear-day,"SCEL,85577099999,85574099999",Windy
"-33.3537,-70.6811",2022-12-03,30.0,12.0,21.2,28.4,12.0,20.9,7.7,45.2,0.0,0.0,0.0,,0.0,0.0,37.1,36.2,195.9,1015.3,1.6,10.0,399.7,33.0,10.0,10.0,2022-12-03T06:26:05,2022-12-03T20:39:27,0.34,Clear,Clear conditions throughout the day.,clear-day,"SCEL,85577099999,85574099999",Windy
"-33.3537,-70.6811",2022-12-04,32.5,14.0,23.7,30.7,14.0,23.1,8.7,41.9,0.0,0.0,0.0,,0.0,0.0,33.5,27.8,198.6,1012.4,1.3,10.0,407.2,33.9,10.0,10.0,2022-12-04T06:26:03,2022-12-04T20:40:17,0.38,Clear,Clear conditions throughout the day.,clear-day,"SCEL,85577099999,85574099999",Windy
"-33.3537,-70.6811",2022-12-05,31.0,14.9,23.7,29.4,14.9,23.2,6.3,33.9,0.1,100.0,4.17,rain,0.0,0.0,33.8,33.5,197.8,1011.7,4.5,10.0,393.8,32.8,10.0,10.0,2022-12-05T06:26:02,2022-12-05T20:41:06,0.41,Rain,Clear conditions throughout the day with afternoon rain.,rain,"SCEL,85577099999,85574099999",Rainy
"-33.3537,-70.6811",2022-12-06,33.0,13.8,24.5,31.2,13.8,23.7,6.7,35.7,0.0,0.0,0.0,,0.0,0.0,34.6,31.7,205.4,1013.6,0.0,10.0,411.3,34.0,10.0,10.0,2022-12-06T06:26:04,2022-12-06T20:41:54,0.45,Clear,Clear conditions throughout the day.,clear-day,"SCEL,85577099999,85574099999",Windy
"-33.3537,-70.6811",2022-12-07,31.7,15.1,24.0,29.8,15.1,23.4,7.1,37.0,0.0,0.0,0.0,,0.0,0.0,37.4,33.5,203.1,1014.5,3.2,10.5,414.6,34.3,10.0,10.0,2022-12-07T06:26:07,2022-12-07T20:42:42,0.48,Clear,Clear conditions throughout the day.,clear-day,"SCEL,85577099999,remote,85574099999",Windy
"-33.3537,-70.6811",2022-12-08,32.0,14.1,23.3,30.0,14.1,22.7,9.0,44.9,0.0,0.0,0.0,,0.0,0.0,38.9,33.8,198.4,1013.3,0.0,10.0,418.5,34.6,10.0,10.0,2022-12-08T06:26:12,2022-12-08T20:43:28,0.5,Clear,Clear conditions throughout the day.,clear-day,"SCEL,85577099999,85574099999",Windy
"-33.3537,-70.6811",2022-12-09,31.0,17.2,23.7,29.5,17.2,23.3,12.2,52.1,0.4,100.0,4.17,rain,0.0,0.0,39.6,34.1,202.9,1012.9,25.5,10.0,397.1,32.8,10.0,10.0,2022-12-09T06:26:19,2022-12-09T20:44:14,0.55,"Rain, Partially cloudy",Partly cloudy throughout the day with afternoon rain.,rain,"SCEL,85577099999,85574099999",Rainy
"-33.3537,-70.6811",2022-12-10,34.0,16.5,24.9,32.7,16.5,24.4,11.6,46.8,0.0,0.0,0.0,,0.0,0.0,41.8,32.7,197.1,1012.5,0.1,10.0,413.8,34.3,10.0,10.0,2022-12-10T06:26:28,2022-12-10T20:44:58,0.58,Clear,Clear conditions throughout the day.,clear-day,"SCEL,85577099999,85574099999",Windy
"-33.3537,-70.6811",2022-12-11,35.0,17.0,26.7,32.8,17.0,25.8,6.2,29.1,0.0,0.0,0.0,,0.0,0.0,43.9,26.2,205.5,1011.9,41.8,10.0,404.8,33.4,10.0,10.0,2022-12-11T06:26:39,2022-12-11T20:45:42,0.61,Partially cloudy,Partly cloudy throughout the day.,partly-cloudy-day,"SCEL,85577099999,85574099999",Cloudy
"-33.3537,-70.6811",2022-12-12,32.0,15.0,24.5,29.8,15.0,23.8,4.3,29.4,0.0,0.0,0.0,,0.0,0.0,38.9,31.8,192.3,1013.2,0.0,10.6,421.1,34.8,10.0,10.0,2022-12-12T06:26:51,2022-12-12T20:46:24,0.65,Clear,Clear conditions throughout the day.,clear-day,"SCEL,85577099999,85574099999",Windy
"-33.3537,-70.6811",2022-12-13,32.9,14.5,24.5,30.7,14.5,23.7,5.6,32.2,0.0,0.0,0.0,,0.0,0.0,38.2,31.7,201.6,1011.6,0.0,10.0,422.0,34.8,10.0,10.0,2022-12-13T06:27:05,2022-12-13T20:47:06,0.68,Clear,Clear conditions throughout the day.,clear-day,"SCEL,85577099999,85574099999",Windy
"-33.3537,-70.6811",2022-12-14,30.5,14.8,23.7,29.0,14.8,23.3,7.2,35.8,0.0,0.0,0.0,,0.0,0.0,35.3,33.3,196.2,1014.1,4.7,9.5,410.8,33.9,10.0,10.0,2022-12-14T06:27:22,2022-12-14T20:47:46,0.71,Clear,Clear conditions throughout the day.,clear-day,"SCEL,85577099999,85574099999",Windy
"-33.3537,-70.6811",2022-12-15,36.0,16.5,26.0,33.4,16.5,25.0,7.4,35.8,0.0,0.0,0.0,,0.0,0.0,41.0,29.5,208.5,1012.0,0.0,9.2,431.5,35.7,10.0,10.0,2022-12-15T06:27:40,2022-12-15T20:48:24,0.74,Clear,Clear conditions throughout the day.,clear-day,"SCEL,85577099999,85574099999",Windy
"-33.3537,-70.6811",2022-12-16,29.0,16.3,22.9,28.0,16.3,22.7,9.3,43.6,0.2,100.0,8.33,rain,0.0,0.0,36.0,31.7,188.2,1009.5,0.6,7.6,416.0,34.3,10.0,10.0,2022-12-16T06:27:59,2022-12-16T20:49:02,0.75,Rain,Clear conditions throughout the day with afternoon rain.,rain,"SCEL,85577099999,85574099999",Rainy
"-33.3537,-70.6811",2022-12-17,25.4,12.0,18.3,25.4,12.0,18.3,10.0,62.1,0.4,100.0,4.17,rain,0.0,0.0,37.1,33.1,186.9,1011.5,3.6,9.4,400.5,33.1,10.0,10.0,2022-12-17T06:28:21,2022-12-17T20:49:38,0.81,Rain,Clear conditions throughout the day with afternoon rain.,rain,"SCEL,85577099999,85574099999",Rainy
"-33.3537,-70.6811",2022-12-18,29.5,11.0,20.3,28.1,11.0,20.0,9.2,53.5,0.0,0.0,0.0,,0.0,0.0,32.4,33.3,198.8,1011.9,0.1,10.0,415.5,34.2,10.0,10.0,2022-12-18T06:28:44,2022-12-18T20:50:13,0.84,Clear,Clear conditions throughout the day.,clear-day,"SCEL,85577099999,85574099999",Windy
"-33.3537,-70.6811",2022-12-19,28.0,13.0,20.7,27.2,13.0,20.6,8.8,48.8,0.0,0.0,0.0,,0.0,0.0,34.2,31.7,195.2,1013.5,7.9,10.0,400.4,33.2,10.0,10.0,2022-12-19T06:29:09,2022-12-19T20:50:46,0.88,Clear,Clear conditions throughout the day.,clear-day,"SCEL,85577099999,85574099999",Windy
"-33.3537,-70.6811",2022-12-20,31.0,11.3,20.9,29.3,11.3,20.6,6.7,43.7,0.0,0.0,0.0,,0.0,0.0,31.0,31.5,197.5,1016.2,1.2,10.0,410.9,34.0,10.0,10.0,2022-12-20T06:29:35,2022-12-20T20:51:18,0.91,Clear,Clear conditions throughout the day.,clear-day,"SCEL,85577099999,85574099999",Windy
"-33.3537,-70.6811",2022-12-21,31.4,14.0,22.4,29.8,14.0,22.0,8.2,42.6,0.0,0.0,0.0,,0.0,0.0,36.4,44.8,200.5,1013.8,0.0,10.0,417.2,34.7,10.0,10.0,2022-12-21T06:30:03,2022-12-21T20:51:48,0.94,Clear,Clear conditions throughout the day.,clear-day,"SCEL,85577099999,85574099999",Windy
"-33.3537,-70.6811",2022-12-22,29.0,13.0,21.2,27.7,13.0,21.0,8.1,44.9,0.0,0.0,0.0,,0.0,0.0,37.4,31.9,198.5,1015.8,0.0,9.9,414.3,34.3,10.0,10.0,2022-12-22T06:30:33,2022-12-22T20:52:17,0.97,Clear,Clear conditions throughout the day.,clear-day,"SCEL,85577099999,85574099999",Windy
"-33.3537,-70.6811",2022-12-23,28.9,15.2,21.8,28.0,15.2,21.7,10.7,52.5,0.1,100.0,4.17,rain,0.0,0.0,36.0,32.8,201.9,1013.9,6.2,10.0,406.6,33.6,10.0,10.0,2022-12-23T06:31:05,2022-12-23T20:52:44,0.0,Rain,Clear conditions throughout the day with afternoon rain.,rain,"SCEL,85577099999,85574099999",Rainy
"-33.3537,-70.6811",2022-12-24,31.7,15.0,23.0,29.9,15.0,22.5,7.4,39.0,0.0,0.0,0.0,,0.0,0.0,32.8,35.3,198.7,1010.0,6.5,10.0,417.3,34.6,10.0,10.0,2022-12-24T06:31:37,2022-12-24T20:53:10,0.04,Clear,Clear conditions throughout the day.,clear-day,"SCEL,85577099999,85574099999",Windy
"-33.3537,-70.6811",2022-12-25,28.6,14.0,21.2,27.6,14.0,21.1,8.1,44.5,0.0,0.0,0.0,,0.0,0.0,34.2,31.7,194.7,1009.3,16.9,10.0,388.0,32.0,10.0,10.0,2022-12-25T06:32:12,2022-12-25T20:53:34,0.08,Clear,Clear conditions throughout the day.,clear-day,"SCEL,85577099999,85574099999",Windy
"-33.3537,-70.6811",2022-12-26,26.3,13.6,19.2,26.3,13.6,19.2,10.8,61.2,0.3,100.0,12.5,rain,0.0,0.0,33.5,22.1,187.4,1015.8,65.3,10.0,361.6,29.9,10.0,10.0,2022-12-26T06:32:48,2022-12-26T20:53:56,0.11,"Rain, Partially cloudy",Partly cloudy throughout the day with rain.,rain,"SCEL,85577099999,85574099999",Rainy
"-33.3537,-70.6811",2022-12-27,29.2,14.1,21.7,27.9,14.1,21.4,9.8,49.4,0.3,100.0,8.33,rain,0.0,0.0,33.1,33.5,192.7,1017.3,10.7,10.0,392.3,32.6,10.0,10.0,2022-12-27T06:33:25,2022-12-27T20:54:17,0.14,Rain,Clear conditions throughout the day with afternoon rain.,rain,"SCEL,85577099999,85574099999",Rainy
"-33.3537,-70.6811",2022-12-28,31.1,14.5,23.2,29.4,14.5,22.7,9.6,46.1,0.1,100.0,4.17,rain,0.0,0.0,29.9,33.5,203.7,1015.7,7.8,10.0,399.1,33.2,10.0,10.0,2022-12-28T06:34:03,2022-12-28T20:54:36,0.18,Rain,Clear conditions throughout the day with afternoon rain.,rain,"SCEL,85577099999,85574099999",Rainy
"-33.3537,-70.6811",2022-12-29,33.0,15.3,24.1,31.0,15.3,23.5,7.3,36.7,0.1,100.0,4.17,rain,0.0,0.0,37.1,33.5,193.7,1012.8,2.9,9.8,397.2,32.9,10.0,10.0,2022-12-29T06:34:43,2022-12-29T20:54:54,0.25,Rain,Clear conditions throughout the day with afternoon rain.,rain,"SCEL,85577099999,85574099999",Rainy
"-33.3537,-70.6811",2022-12-30,27.0,14.4,20.3,26.8,14.4,20.3,10.4,54.5,0.2,100.0,4.17,rain,0.0,0.0,44.6,31.7,189.1,1013.1,6.9,10.0,379.0,31.5,10.0,10.0,2022-12-30T06:35:25,2022-12-30T20:55:09,0.25,Rain,Clear conditions throughout the day with afternoon rain.,rain,"SCEL,85577099999,85574099999",Rainy
"-33.3537,-70.6811",2022-12-31,20.0,13.9,16.6,20.0,13.9,16.6,12.0,74.5,12.3,100.0,45.83,rain,0.0,0.0,23.8,21.2,183.0,1017.8,73.3,10.1,111.1,9.2,3.0,10.0,2022-12-31T06:36:07,2022-12-31T20:55:23,0.28,"Rain, Partially cloudy",Partly cloudy throughout the day with a chance of rain throughout the day.,rain,"SCEL,85577099999,remote,85574099999",Rainy
"-33.3537,-70.6811",2023-01-01,29.3,14.0,21.6,27.9,14.0,21.3,10.8,55.4,0.3,100.0,8.33,rain,0.0,0.0,35.3,30.9,199.8,1019.0,30.4,9.8,406.0,33.5,10.0,10.0,2023-01-01T06:36:51,2023-01-01T20:55:35,0.32,"Rain, Partially cloudy",Partly cloudy throughout the day with rain.,rain,"SCEL,85577099999,85574099999",Rainy
"-33.3537,-70.6811",2023-01-02,28.5,14.6,22.1,27.5,14.6,21.9,8.2,42.3,0.3,100.0,12.5,rain,0.0,0.0,31.7,32.5,197.6,1016.7,5.4,10.0,391.0,32.5,10.0,10.0,2023-01-02T06:37:36,2023-01-02T20:55:45,0.35,Rain,Clear conditions throughout the day with afternoon rain.,rain,"SCEL,85577099999,85574099999",Rainy
"-33.3537,-70.6811",2023-01-03,31.2,13.6,22.9,29.5,13.6,22.3,7.2,40.4,0.0,0.0,0.0,,0.0,0.0,35.6,28.9,196.3,1014.0,0.1,10.0,419.7,34.7,10.0,10.0,2023-01-03T06:38:22,2023-01-03T20:55:54,0.39,Clear,Clear conditions throughout the day.,clear-day,"SCEL,85577099999,85574099999",Windy
"-33.3537,-70.6811",2023-01-04,32.6,16.0,24.3,30.7,16.0,23.7,8.4,38.3,0.0,0.0,0.0,,0.0,0.0,36.7,32.2,195.0,1012.4,0.6,9.6,408.4,33.7,10.0,10.0,2023-01-04T06:39:09,2023-01-04T20:56:00,0.42,Clear,Clear conditions throughout the day.,clear-day,"SCEL,85577099999,85574099999",Windy
"-33.3537,-70.6811",2023-01-05,29.0,13.8,20.8,28.2,13.8,20.7,12.2,61.6,0.1,100.0,4.17,rain,0.0,0.0,33.5,29.3,185.4,1015.9,27.7,9.5,353.4,29.3,10.0,10.0,2023-01-05T06:39:57,2023-01-05T20:56:05,0.45,"Rain, Partially cloudy",Partly cloudy throughout the day with afternoon rain.,rain,"SCEL,85577099999,85574099999",Rainy
"-33.3537,-70.6811",2023-01-06,29.8,15.0,21.9,28.8,15.0,21.7,11.3,53.6,0.5,100.0,8.33,rain,0.0,0.0,31.7,33.9,189.2,1015.2,37.7,10.0,336.9,28.1,9.0,10.0,2023-01-06T06:40:46,2023-01-06T20:56:08,0.5,"Rain, Partially cloudy",Partly cloudy throughout the day with afternoon rain.,rain,"SCEL,85577099999,85574099999",Rainy
"-33.3537,-70.6811",2023-01-07,31.0,15.9,22.6,30.3,15.9,22.4,11.8,52.6,0.9,100.0,12.5,rain,0.0,0.0,29.2,33.5,186.4,1015.7,38.7,10.0,302.3,24.9,9.0,10.0,2023-01-07T06:41:36,2023-01-07T20:56:09,0.52,"Rain, Partially cloudy",Clearing in the afternoon with afternoon rain.,rain,"SCEL,85577099999,85574099999",Rainy
"-33.3537,-70.6811",2023-01-08,31.0,16.4,23.1,30.1,16.4,22.9,12.5,53.3,0.0,0.0,0.0,,0.0,0.0,33.8,34.1,192.5,1014.5,10.2,10.0,347.3,28.8,10.0,10.0,2023-01-08T06:42:27,2023-01-08T20:56:09,0.56,Clear,Clear conditions throughout the day.,clear-day,"SCEL,85577099999,85574099999",Windy
"-33.3537,-70.6811",2023-01-09,28.5,14.0,20.2,28.2,14.0,20.2,12.5,63.7,3.3,100.0,29.17,rain,0.0,0.0,33.8,33.5,182.7,1015.0,19.7,9.8,358.9,29.8,10.0,10.0,2023-01-09T06:43:19,2023-01-09T20:56:06,0.59,Rain,Clear conditions throughout the day with rain.,rain,"SCEL,85577099999,85574099999",Rainy
"-33.3537,-70.6811",2023-01-10,28.1,14.2,20.8,27.7,14.2,20.7,12.2,60.4,0.4,100.0,16.67,rain,0.0,0.0,27.7,32.7,192.1,1016.2,60.5,10.0,335.9,27.8,10.0,10.0,2023-01-10T06:44:12,2023-01-10T20:56:02,0.62,"Rain, Partially cloudy",Partly cloudy throughout the day with afternoon rain.,rain,"SCEL,85577099999,85574099999",Rainy
"-33.3537,-70.6811",2023-01-11,31.0,16.4,23.2,29.8,16.4,22.9,11.6,51.8,0.0,0.0,0.0,,0.0,0.0,29.5,33.5,198.9,1015.9,47.0,9.8,336.2,27.8,10.0,10.0,2023-01-11T06:45:05,2023-01-11T20:55:56,0.66,Partially cloudy,Partly cloudy throughout the day.,partly-cloudy-day,"SCEL,85577099999,85574099999",Cloudy
"-33.3537,-70.6811",2023-01-12,28.4,16.3,22.0,27.2,16.3,21.7,5.1,34.5,0.0,0.0,0.0,,0.0,0.0,31.3,31.7,194.6,1014.6,47.6,10.0,383.0,31.6,10.0,10.0,2023-01-12T06:45:59,2023-01-12T20:55:48,0.69,Partially cloudy,Partly cloudy throughout the day.,partly-cloudy-day,"SCEL,85577099999,85574099999",Cloudy
"-33.3537,-70.6811",2023-01-13,31.0,12.0,21.5,29.1,12.0,21.1,2.8,30.6,0.0,0.0,0.0,,0.0,0.0,34.6,36.9,196.4,1013.3,0.0,9.9,415.2,34.4,10.0,10.0,2023-01-13T06:46:54,2023-01-13T20:55:38,0.72,Clear,Clear conditions throughout the day.,clear-day,"SCEL,85577099999,85574099999",Windy
"-33.3537,-70.6811",2023-01-14,27.6,13.0,20.4,26.7,13.0,20.3,6.6,42.5,0.0,0.0,0.0,,0.0,0.0,31.7,33.4,185.7,1014.3,0.2,10.0,392.6,32.6,10.0,10.0,2023-01-14T06:47:49,2023-01-14T20:55:26,0.75,Clear,Clear conditions throughout the day.,clear-day,"SCEL,85577099999,85574099999",Windy
"-33.3537,-70.6811",2023-01-15,30.8,11.3,21.3,29.1,11.3,20.9,7.6,45.0,0.1,100.0,4.17,rain,0.0,0.0,33.1,33.0,199.8,1014.4,4.2,10.0,404.7,33.7,10.0,10.0,2023-01-15T06:48:45,2023-01-15T20:55:12,0.79,Rain,Clear conditions throughout the day with afternoon rain.,rain,"SCEL,85577099999,85574099999",Rainy
"-33.3537,-70.6811",2023-01-16,28.7,13.8,21.3,27.6,13.8,21.1,8.7,46.1,0.4,100.0,4.17,rain,0.0,0.0,31.7,36.1,193.0,1013.0,1.9,10.0,382.1,31.6,10.0,10.0,2023-01-16T06:49:41,2023-01-16T20:54:57,0.82,Rain,Clear conditions throughout the day with afternoon rain.,rain,"SCEL,85577099999,85574099999",Rainy
"-33.3537,-70.6811",2023-01-17,28.0,11.7,19.5,27.3,11.7,19.4,9.5,55.1,0.0,0.0,0.0,,0.0,0.0,32.0,28.4,192.9,1015.3,20.2,9.9,368.9,30.5,10.0,10.0,2023-01-17T06:50:38,2023-01-17T20:54:40,0.86,Partially cloudy,Partly cloudy throughout the day.,partly-cloudy-day,"SCEL,85577099999,85574099999",Cloudy
"-33.3537,-70.6811",2023-01-18,30.5,12.4,22.2,29.1,12.4,21.8,10.0,49.2,0.0,0.0,0.0,,0.0,0.0,37.1,35.2,197.7,1013.2,0.0,9.9,408.0,33.7,10.0,10.0,2023-01-18T06:51:35,2023-01-18T20:54:21,0.89,Clear,Clear conditions throughout the day.,clear-day,"SCEL,85577099999,85574099999",Windy
"-33.3537,-70.6811",2023-01-19,23.6,13.0,18.3,23.6,13.0,18.3,11.6,66.2,0.0,0.0,0.0,,0.0,0.0,33.5,32.2,177.3,1014.8,4.8,9.8,368.8,30.5,10.0,10.0,2023-01-19T06:52:33,2023-01-19T20:54:00,0.92,Clear,Clear conditions throughout the day.,clear-day,"SCEL,85577099999,85574099999",Windy
"-33.3537,-70.6811",2023-01-20,28.2,14.2,19.9,27.5,14.2,19.8,11.1,59.9,0.0,0.0,0.0,,0.0,0.0,34.2,30.4,197.4,1015.1,39.6,9.9,395.8,32.8,10.0,10.0,2023-01-20T06:53:31,2023-01-20T20:53:37,0.96,Partially cloudy,Clearing in the afternoon.,partly-cloudy-day,"SCEL,85577099999,85574099999",Cloudy
"-33.3537,-70.6811",2023-01-21,30.5,13.1,21.6,28.8,13.1,21.3,9.3,48.8,0.0,0.0,0.0,,0.0,0.0,38.2,33.2,196.3,1013.1,0.2,10.0,399.0,33.1,10.0,10.0,2023-01-21T06:54:29,2023-01-21T20:53:13,0.0,Clear,Clear conditions throughout the day.,clear-day,"SCEL,85577099999,85574099999",Windy
"-33.3537,-70.6811",2023-01-22,31.8,13.7,23.0,29.8,13.7,22.5,7.9,41.1,0.0,0.0,0.0,,0.0,0.0,39.6,36.2,190.2,1011.6,0.0,10.0,403.6,33.3,10.0,10.0,2023-01-22T06:55:27,2023-01-22T20:52:47,0.03,Clear,Clear conditions throughout the day.,clear-day,"SCEL,85577099999,85574099999",Windy
"-33.3537,-70.6811",2023-01-23,31.8,14.6,23.2,30.1,14.6,22.8,10.0,46.1,0.0,0.0,0.0,,0.0,0.0,37.8,33.5,189.4,1011.6,0.2,10.0,395.4,32.6,10.0,10.0,2023-01-23T06:56:26,2023-01-23T20:52:19,0.06,Clear,Clear conditions throughout the day.,clear-day,"SCEL,85577099999,85574099999",Windy
"-33.3537,-70.6811",2023-01-24,31.0,14.0,22.6,29.4,14.0,22.2,10.8,51.9,0.0,0.0,0.0,,0.0,0.0,37.1,32.3,199.3,1013.8,0.9,9.8,379.4,31.5,10.0,10.0,2023-01-24T06:57:25,2023-01-24T20:51:49,0.09,Clear,Clear conditions throughout the day.,clear-day,"SCEL,85577099999,85574099999",Windy
"-33.3537,-70.6811",2023-01-25,30.6,16.6,23.4,29.7,16.6,23.2,12.0,50.9,0.0,0.0,0.0,,0.0,0.0,35.6,31.8,202.0,1011.2,2.8,10.0,383.6,31.8,10.0,10.0,2023-01-25T06:58:24,2023-01-25T20:51:18,0.13,Clear,Clear conditions throughout the day.,clear-day,"SCEL,85577099999,85574099999",Windy
"-33.3537,-70.6811",2023-01-26,28.6,14.0,21.2,27.5,14.0,21.0,7.4,43.5,0.0,0.0,0.0,,0.0,0.0,35.3,29.9,189.1,1012.1,0.1,10.0,392.5,32.6,10.0,10.0,2023-01-26T06:59:23,2023-01-26T20:50:45,0.16,Clear,Clear conditions throughout the day.,clear-day,"SCEL,85577099999,85574099999",Windy
"-33.3537,-70.6811",2023-01-27,32.0,12.0,22.3,30.0,12.0,21.7,4.5,33.6,0.0,0.0,0.0,,0.0,0.0,39.2,31.4,197.5,1012.8,0.1,10.0,398.9,33.1,10.0,10.0,2023-01-27T07:00:22,2023-01-27T20:50:11,0.19,Clear,Clear conditions throughout the day.,clear-day,"SCEL,85577099999,85574099999",Windy
"-33.3537,-70.6811",2023-01-28,34.0,14.5,24.2,31.6,14.5,23.4,5.6,34.2,0.0,0.0,0.0,,0.0,0.0,37.8,35.2,201.2,1011.0,0.0,9.9,400.0,33.1,10.0,10.0,2023-01-28T07:01:21,2023-01-28T20:49:35,0.25,Clear,Clear conditions throughout the day.,clear-day,"SCEL,85577099999,85574099999",Windy
"-33.3537,-70.6811",2023-01-29,32.0,15.0,23.9,29.8,15.0,23.3,4.8,30.6,0.0,0.0,0.0,,0.0,0.0,38.9,35.3,194.6,1010.6,0.1,10.0,393.4,32.5,10.0,10.0,2023-01-29T07:02:20,2023-01-29T20:48:57,0.26,Clear,Clear conditions throughout the day.,clear-day,"SCEL,85577099999,85574099999",Windy
"-33.3537,-70.6811",2023-01-30,31.1,13.3,22.5,29.8,13.3,22.1,10.9,51.4,0.0,0.0,0.0,,0.0,0.0,41.0,30.4,189.2,1010.4,0.0,10.0,396.3,32.8,10.0,10.0,2023-01-30T07:03:19,2023-01-30T20:48:18,0.29,Clear,Clear conditions throughout the day.,clear-day,"SCEL,85577099999,85574099999",Windy
"-33.3537,-70.6811",2023-01-31,30.0,15.7,22.9,29.0,15.7,22.6,11.3,50.8,0.0,0.0,0.0,,0.0,0.0,38.9,33.5,201.2,1011.6,0.3,9.9,392.1,32.4,10.0,10.0,2023-01-31T07:04:18,2023-01-31T20:47:37,0.33,Clear,Clear conditions throughout the day.,clear-day,"SCEL,85577099999,85574099999",Windy
"-33.3537,-70.6811",2023-02-01,31.5,14.9,23.1,29.8,14.9,22.7,10.2,47.7,0.0,0.0,0.0,,0.0,0.0,42.5,33.5,195.2,1014.2,1.0,10.0,390.7,32.2,10.0,10.0,2023-02-01T07:05:17,2023-02-01T20:46:54,0.36,Clear,Clear conditions throughout the day.,clear-day,"SCEL,85577099999,85574099999",Windy
"-33.3537,-70.6811",2023-02-02,35.0,15.7,25.3,32.8,15.7,24.5,7.8,36.9,0.0,0.0,0.0,,0.0,0.0,38.2,30.0,198.0,1011.8,0.0,9.6,397.4,32.8,10.0,10.0,2023-02-02T07:06:16,2023-02-02T20:46:10,0.39,Clear,Clear conditions throughout the day.,clear-day,"SCEL,85577099999,85574099999",Windy
"-33.3537,-70.6811",2023-02-03,33.0,16.2,24.3,31.3,16.2,23.8,8.6,38.5,0.0,0.0,0.0,,0.0,0.0,33.1,34.6,193.6,1009.6,18.7,9.8,377.9,31.2,10.0,10.0,2023-02-03T07:07:15,2023-02-03T20:45:25,0.43,Clear,Clear conditions throughout the day.,clear-day,"SCEL,85577099999,85574099999",Windy
"-33.3537,-70.6811",2023-02-04,31.7,15.6,22.9,30.6,15.6,22.7,12.5,54.5,0.0,0.0,0.0,,0.0,0.0,38.2,29.5,187.3,1011.7,10.4,10.0,365.8,30.5,10.0,10.0,2023-02-04T07:08:13,2023-02-04T20:44:38,0.46,Clear,Clear conditions throughout the day.,clear-day,"SCEL,85577099999,85574099999",Windy
"-33.3537,-70.6811",2023-02-05,30.0,15.0,21.9,29.2,15.0,21.7,12.6,58.0,0.0,0.0,0.0,,0.0,0.0,41.4,31.7,189.9,1013.9,0.4,10.0,363.1,30.1,10.0,10.0,2023-02-05T07:09:11,2023-02-05T20:43:50,0.5,Clear,Clear conditions throughout the day.,clear-day,"SCEL,85577099999,85574099999",Windy
"-33.3537,-70.6811",2023-02-06,31.9,16.0,23.6,30.9,16.0,23.3,11.6,49.6,0.0,0.0,0.0,,0.0,0.0,36.0,29.5,185.4,1012.1,0.6,7.8,380.3,31.4,10.0,10.0,2023-02-06T07:10:09,2023-02-06T20:43:00,0.53,Clear,Clear conditions throughout the day.,clear-day,"SCEL,85577099999,85574099999",Windy
"-33.3537,-70.6811",2023-02-07,31.4,15.6,23.8,30.0,15.6,23.5,11.1,47.0,0.0,0.0,0.0,,0.0,0.0,37.8,33.6,191.9,1010.8,0.2,6.6,376.7,31.1,10.0,10.0,2023-02-07T07:11:07,2023-02-07T20:42:09,0.56,Clear,Clear conditions throughout the day.,clear-day,"SCEL,85577099999,85574099999",Windy
"-33.3537,-70.6811",2023-02-08,33.0,17.1,24.6,31.3,17.1,24.2,12.2,49.4,0.0,0.0,0.0,,0.0,0.0,38.9,31.7,190.9,1011.2,0.0,7.4,380.5,31.6,10.0,10.0,2023-02-08T07:12:04,2023-02-08T20:41:17,0.6,Clear,Clear conditions throughout the day.,clear-day,"SCEL,85577099999,85574099999",Windy
"-33.3537,-70.6811",2023-02-09,35.0,15.6,24.9,32.4,15.6,24.2,10.2,46.3,0.0,0.0,0.0,,0.0,0.0,38.2,29.5,201.0,1010.5,0.0,6.5,384.0,31.6,10.0,10.0,2023-02-09T07:13:02,2023-02-09T20:40:23,0.63,Clear,Clear conditions throughout the day.,clear-day,"SCEL,85577099999,85574099999",Windy
"-33.3537,-70.6811",2023-02-10,33.0,14.3,24.3,31.0,14.3,23.6,8.9,41.8,0.0,0.0,0.0,,0.0,0.0,41.8,33.3,203.3,1010.9,0.0,6.5,380.1,31.4,10.0,10.0,2023-02-10T07:13:59,2023-02-10T20:39:29,0.67,Clear,Clear conditions throughout the day.,clear-day,"SCEL,85577099999,85574099999",Windy
"-33.3537,-70.6811",2023-02-11,33.6,16.0,25.1,31.3,16.0,24.3,8.4,39.8,0.0,0.0,0.0,,0.0,0.0,38.2,33.8,206.3,1009.5,0.0,8.8,376.8,31.3,10.0,10.0,2023-02-11T07:14:55,2023-02-11T20:38:32,0.7,Clear,Clear conditions throughout the day.,clear-day,"SCEL,85577099999,85574099999",Windy
"-33.3537,-70.6811",2023-02-12,31.1,15.1,23.2,29.1,15.1,22.8,6.9,37.2,0.0,0.0,0.0,,0.0,0.0,37.1,42.1,201.1,1010.9,4.4,9.4,373.6,31.0,10.0,10.0,2023-02-12T07:15:51,2023-02-12T20:37:35,0.74,Clear,Clear conditions throughout the day.,clear-day,"SCEL,85577099999,85574099999",Windy
"-33.3537,-70.6811",2023-02-13,32.0,13.1,22.2,30.0,13.1,21.8,8.6,46.9,0.0,0.0,0.0,,0.0,0.0,36.4,34.0,205.0,1012.5,1.2,10.0,369.9,30.5,10.0,10.0,2023-02-13T07:16:47,2023-02-13T20:36:36,0.75,Clear,Clear conditions throughout the day.,clear-day,"SCEL,85577099999,85574099999",Windy
"-33.3537,-70.6811",2023-02-14,32.4,14.8,24.0,30.3,14.8,23.4,6.8,36.7,0.0,0.0,0.0,,0.0,0.0,37.1,27.7,195.9,1012.3,0.0,9.9,366.2,30.3,10.0,10.0,2023-02-14T07:17:43,2023-02-14T20:35:37,0.8,Clear,Clear conditions throughout the day.,clear-day,"SCEL,85577099999,85574099999",Windy
"-33.3537,-70.6811",2023-02-15,31.6,14.0,23.4,29.7,14.0,22.9,6.9,36.7,0.0,0.0,0.0,,0.0,0.0,37.8,33.5,193.8,1010.1,2.8,9.9,365.9,30.3,10.0,10.0,2023-02-15T07:18:38,2023-02-15T20:34:36,0.84,Clear,Clear conditions throughout the day.,clear-day,"SCEL,85577099999,85574099999",Windy
"-33.3537,-70.6811",2023-02-16,29.0,14.6,21.4,28.0,14.6,21.2,9.2,47.2,0.1,100.0,4.17,rain,0.0,0.0,34.9,33.5,194.6,1011.3,1.7,10.0,343.6,28.6,10.0,10.0,2023-02-16T07:19:33,2023-02-16T20:33:34,0.87,Rain,Clear conditions throughout the day with afternoon rain.,rain,"SCEL,85577099999,85574099999",Rainy
"-33.3537,-70.6811",2023-02-17,30.2,13.0,21.6,28.8,13.0,21.3,8.1,44.5,0.2,100.0,4.17,rain,0.0,0.0,30.2,27.3,199.2,1010.7,3.4,9.9,353.2,29.3,10.0,10.0,2023-02-17T07:20:28,2023-02-17T20:32:31,0.91,Rain,Clear conditions throughout the day with afternoon rain.,rain,"SCEL,85577099999,85574099999",Rainy
"-33.3537,-70.6811",2023-02-18,30.3,14.7,22.6,28.8,14.7,22.3,7.7,39.5,0.5,100.0,8.33,rain,0.0,0.0,34.9,31.6,194.7,1012.6,5.5,10.0,342.7,28.4,10.0,10.0,2023-02-18T07:21:22,2023-02-18T20:31:27,0.94,Rain,Clear conditions throughout the day with afternoon rain.,rain,"SCEL,85577099999,85574099999",Rainy
"-33.3537,-70.6811",2023-02-19,32.1,13.9,23.4,30.3,13.9,22.9,9.6,46.3,0.0,0.0,0.0,,0.0,0.0,32.8,31.7,195.8,1013.6,6.4,10.0,348.2,28.9,10.0,10.0,2023-02-19T07:22:16,2023-02-19T20:30:22,0.98,Clear,Clear conditions throughout the day.,clear-day,"SCEL,85577099999,85574099999",Windy
"-33.3537,-70.6811",2023-02-20,34.0,14.7,24.1,31.7,14.7,23.4,5.2,31.4,0.0,0.0,0.0,,0.0,0.0,31.3,33.7,197.7,1010.9,26.7,9.7,348.0,28.9,10.0,10.0,2023-02-20T07:23:09,2023-02-20T20:29:16,0.0,Partially cloudy,Partly cloudy throughout the day.,partly-cloudy-day,"SCEL,85577099999,85574099999",Cloudy
"-33.3537,-70.6811",2023-02-21,32.5,15.0,23.7,30.5,15.0,23.2,7.6,38.0,0.2,100.0,4.17,rain,0.0,0.0,31.7,33.5,195.0,1009.8,5.4,9.6,340.2,28.1,10.0,10.0,2023-02-21T07:24:02,2023-02-21T20:28:09,0.04,Rain,Clear conditions throughout the day with afternoon rain.,rain,"SCEL,85577099999,85574099999",Rainy
"-33.3537,-70.6811",2023-02-22,30.2,12.0,21.2,28.6,12.0,21.0,9.1,49.0,0.0,0.0,0.0,,0.0,0.0,27.7,35.4,195.1,1014.3,2.8,9.7,326.8,27.0,9.0,10.0,2023-02-22T07:24:55,2023-02-22T20:27:02,0.08,Clear,Clear conditions throughout the day.,clear-day,"SCEL,85577099999,85574099999",Windy
"-33.3537,-70.6811",2023-02-23,32.0,13.0,22.3,30.2,13.0,21.8,9.6,49.0,0.0,0.0,0.0,,0.0,0.0,31.7,34.1,190.7,1014.8,2.2,10.3,336.5,27.9,10.0,10.0,2023-02-23T07:25:47,2023-02-23T20:25:53,0.11,Clear,Clear conditions throughout the day.,clear-day,"SCEL,85577099999,remote,85574099999",Windy
"-33.3537,-70.6811",2023-02-24,28.5,13.9,20.5,27.8,13.9,20.4,10.4,54.1,0.4,100.0,4.17,rain,0.0,0.0,32.0,33.5,190.5,1014.5,11.8,10.0,309.3,25.6,10.0,10.0,2023-02-24T07:26:39,2023-02-24T20:24:44,0.14,Rain,Clear conditions throughout the day with afternoon rain.,rain,"SCEL,85577099999,85574099999",Rainy
"-33.3537,-70.6811",2023-02-25,29.0,12.5,20.5,27.8,12.5,20.3,10.8,58.3,0.0,0.0,0.0,,0.0,0.0,32.8,31.8,199.4,1015.6,6.5,9.9,327.1,27.1,10.0,10.0,2023-02-25T07:27:31,2023-02-25T20:23:33,0.17,Clear,Clear conditions throughout the day.,clear-day,"SCEL,85577099999,85574099999",Windy
"-33.3537,-70.6811",2023-02-26,33.0,13.9,23.6,30.9,13.9,23.0,8.6,43.9,0.0,0.0,0.0,,0.0,0.0,32.4,24.7,188.0,1014.4,0.2,9.8,346.1,28.7,10.0,10.0,2023-02-26T07:28:22,2023-02-26T20:22:22,0.21,Clear,Clear conditions throughout the day.,clear-day,"SCEL,85577099999,85574099999",Windy
"-33.3537,-70.6811",2023-02-27,34.3,14.5,24.4,32.1,14.5,23.6,5.6,32.6,0.0,0.0,0.0,,0.0,0.0,33.1,31.0,195.6,1011.7,0.0,9.8,345.2,28.7,10.0,10.0,2023-02-27T07:29:13,2023-02-27T20:21:11,0.25,Clear,Clear conditions throughout the day.,clear-day,"SCEL,85577099999,85574099999",Windy
"-33.3537,-70.6811",2023-02-28,32.0,12.5,22.3,29.8,12.5,21.7,5.7,37.3,0.0,0.0,0.0,,0.0,0.0,34.2,29.5,194.4,1014.0,0.0,10.0,343.0,28.5,10.0,10.0,2023-02-28T07:30:03,2023-02-28T20:19:58,0.27,Clear,Clear conditions throughout the day.,clear-day,"SCEL,85577099999,85574099999",Windy
"-33.3537,-70.6811",2023-03-01,32.1,14.0,23.5,30.3,14.0,22.9,8.5,42.3,0.0,0.0,0.0,,0.0,0.0,36.7,23.1,193.1,1012.3,2.9,10.0,341.3,28.3,10.0,10.0,2023-03-01T07:30:53,2023-03-01T20:18:45,0.31,Clear,Clear conditions throughout the day.,clear-day,"SCEL,85577099999,85574099999",Windy
"-33.3537,-70.6811",2023-03-02,34.0,14.0,23.1,31.8,14.0,22.6,8.7,43.6,0.0,0.0,0.0,,0.0,0.0,28.8,31.7,193.1,1009.1,13.0,9.9,328.4,27.2,10.0,10.0,2023-03-02T07:31:43,2023-03-02T20:17:31,0.34,Clear,Clear conditions throughout the day.,clear-day,"SCEL,85577099999,85574099999",Windy
"-33.3537,-70.6811",2023-03-03,29.0,14.0,20.8,28.0,14.0,20.6,9.7,51.4,0.0,0.0,0.0,,0.0,0.0,33.8,25.9,185.1,1011.4,6.8,10.0,320.2,26.3,10.0,10.0,2023-03-03T07:32:32,2023-03-03T20:16:17,0.37,Clear,Clear conditions throughout the day.,clear-day,"SCEL,85577099999,85574099999",Windy
"-33.3537,-70.6811",2023-03-04,33.2,14.1,23.7,31.5,14.1,23.1,10.7,48.5,0.0,0.0,0.0,,0.0,0.0,35.3,25.9,198.0,1011.0,0.2,10.0,328.4,27.2,10.0,10.0,2023-03-04T07:33:21,2023-03-04T20:15:02,0.4,Clear,Clear conditions throughout the day.,clear-day,"SCEL,85577099999,85574099999",Windy
"-33.3537,-70.6811",2023-03-05,31.7,15.1,23.2,30.3,15.1,22.9,10.7,47.4,0.0,0.0,0.0,,0.0,0.0,32.8,23.6,185.4,1009.7,1.8,9.6,312.9,25.9,10.0,10.0,2023-03-05T07:34:10,2023-03-05T20:13:46,0.44,Clear,Clear conditions throughout the day.,clear-day,"SCEL,85577099999,85574099999",Windy
"-33.3537,-70.6811",2023-03-06,27.0,14.0,20.4,27.0,14.0,20.4,12.1,61.1,1.1,100.0,16.67,rain,0.0,0.0,33.5,24.1,181.5,1013.5,5.5,9.8,289.0,23.8,9.0,10.0,2023-03-06T07:34:58,2023-03-06T20:12:30,0.47,Rain,Clear conditions throughout the day with afternoon rain.,rain,"SCEL,85577099999,85574099999",Rainy
"-33.3537,-70.6811",2023-03-07,31.0,14.9,21.5,29.8,14.9,21.3,11.5,56.0,0.1,100.0,4.17,rain,0.0,0.0,29.2,25.9,189.3,1012.6,14.2,9.7,315.9,25.8,10.0,10.0,2023-03-07T07:35:46,2023-03-07T20:11:14,0.5,Rain,Clear conditions throughout the day with afternoon rain.,rain,"SCEL,85577099999,85574099999",Rainy
"-33.3537,-70.6811",2023-03-08,29.5,15.0,21.2,28.6,15.0,21.0,11.7,58.0,0.0,0.0,0.0,,0.0,0.0,31.3,24.8,192.5,1015.5,26.5,10.0,302.7,25.2,9.0,10.0,2023-03-08T07:36:34,2023-03-08T20:09:57,0.54,Partially cloudy,Clearing in the afternoon.,partly-cloudy-day,"SCEL,85577099999,85574099999",Cloudy
"-33.3537,-70.6811",2023-03-09,30.0,13.3,21.7,29.0,13.3,21.5,10.6,52.2,0.0,0.0,0.0,,0.0,0.0,33.8,31.7,192.7,1014.2,6.3,9.9,320.4,26.5,10.0,10.0,2023-03-09T07:37:21,2023-03-09T20:08:39,0.57,Clear,Clear conditions throughout the day.,clear-day,"SCEL,85577099999,85574099999",Windy
"-33.3537,-70.6811",2023-03-10,29.3,14.9,21.7,28.3,14.9,21.5,10.4,51.1,0.0,0.0,0.0,,0.0,0.0,34.2,24.1,192.3,1013.6,1.7,10.0,315.5,26.1,10.0,10.0,2023-03-10T07:38:09,2023-03-10T20:07:21,0.61,Clear,Clear conditions throughout the day.,clear-day,"SCEL,85577099999,85574099999",Windy
"-33.3537,-70.6811",2023-03-11,28.8,14.0,20.6,27.8,14.0,20.5,10.2,53.5,0.0,0.0,0.0,,0.0,0.0,33.5,25.3,191.1,1014.6,1.3,10.0,306.9,25.4,9.0,10.0,2023-03-11T07:38:55,2023-03-11T20:06:03,0.64,Clear,Clear conditions throughout the day.,clear-day,"SCEL,85577099999,85574099999",Windy
"-33.3537,-70.6811",2023-03-12,27.3,12.7,19.5,27.1,12.7,19.5,11.2,61.4,0.0,0.0,0.0,,0.0,0.0,33.8,29.2,186.8,1015.7,20.7,9.8,301.2,24.9,9.0,10.0,2023-03-12T07:39:42,2023-03-12T20:04:45,0.68,Partially cloudy,Partly cloudy throughout the day.,partly-cloudy-day,"SCEL,85577099999,85574099999",Cloudy
"-33.3537,-70.6811",2023-03-13,28.8,13.7,20.6,28.1,13.7,20.5,12.2,61.5,0.0,0.0,0.0,,0.0,0.0,31.7,27.8,196.1,1015.0,8.2,9.8,297.4,24.6,10.0,10.0,2023-03-13T07:40:28,2023-03-13T20:03:26,0.71,Clear,Clear conditions throughout the day.,clear-day,"SCEL,85577099999,85574099999",Windy
"-33.3537,-70.6811",2023-03-14,28.7,14.0,21.4,28.3,14.0,21.3,12.1,58.4,0.1,100.0,4.17,rain,0.0,0.0,29.9,27.8,200.0,1014.7,3.0,9.8,291.9,24.1,9.0,10.0,2023-03-14T07:41:14,2023-03-14T20:02:07,0.75,Rain,Clear conditions throughout the day with afternoon rain.,rain,"SCEL,85577099999,85574099999",Rainy
"-33.3537,-70.6811",2023-03-15,29.0,13.2,20.8,27.6,13.2,20.7,4.0,34.1,0.0,0.0,0.0,,0.0,0.0,33.5,26.1,189.3,1017.2,0.3,10.0,293.9,24.6,9.0,10.0,2023-03-15T07:42:00,2023-03-15T20:00:48,0.79,Clear,Clear conditions throughout the day.,clear-day,"SCEL,85577099999,85574099999",Windy
"-33.3537,-70.6811",2023-03-16,30.0,13.3,20.7,28.5,13.3,20.4,8.5,48.4,0.0,0.0,0.0,,0.0,0.0,29.2,27.7,181.7,1016.1,0.1,9.8,301.2,25.0,9.0,10.0,2023-03-16T07:42:46,2023-03-16T19:59:28,0.82,Clear,Clear conditions throughout the day.,clear-day,"SCEL,85577099999,85574099999",Windy
"-33.3537,-70.6811",2023-03-17,29.0,13.5,20.7,28.2,13.5,20.6,12.0,60.8,0.0,0.0,0.0,,0.0,0.0,34.2,28.4,199.6,1016.2,0.3,9.6,301.8,25.0,9.0,10.0,2023-03-17T07:43:31,2023-03-17T19:58:08,0.86,Clear,Clear conditions throughout the day.,clear-day,"SCEL,85577099999,85574099999",Windy
"-33.3537,-70.6811",2023-03-18,30.7,13.2,22.0,29.4,13.2,21.7,11.5,55.7,0.0,0.0,0.0,,0.0,0.0,38.5,27.7,197.7,1014.1,4.2,9.8,298.6,24.6,9.0,10.0,2023-03-18T07:44:16,2023-03-18T19:56:48,0.89,Clear,Clear conditions throughout the day.,clear-day,"SCEL,85577099999,85574099999",Windy
"-33.3537,-70.6811",2023-03-19,32.0,14.5,22.9,30.2,14.5,22.5,10.4,48.8,0.0,0.0,0.0,,0.0,0.0,36.4,29.5,192.5,1012.8,0.0,10.0,296.2,24.5,9.0,10.0,2023-03-19T07:45:01,2023-03-19T19:55:28,0.93,Clear,Clear conditions throughout the day.,clear-day,"SCEL,85577099999,85574099999",Windy
"-33.3537,-70.6811",2023-03-20,28.1,14.2,21.4,27.6,14.2,21.3,11.6,56.1,0.0,0.0,0.0,,0.0,0.0,33.1,33.8,194.5,1014.5,0.9,9.8,288.7,23.9,9.0,10.0,2023-03-20T07:45:46,2023-03-20T19:54:08,0.96,Clear,Clear conditions throughout the day.,clear-day,"SCEL,85577099999,85574099999",Windy
"-33.3537,-70.6811",2023-03-21,32.0,13.2,21.7,30.1,13.2,21.3,10.6,55.1,0.0,0.0,0.0,,0.0,0.0,35.3,27.0,190.9,1014.9,0.4,9.7,282.6,23.5,9.0,10.0,2023-03-21T07:46:31,2023-03-21T19:52:48,0.0,Clear,Clear conditions throughout the day.,clear-day,"SCEL,85577099999,85574099999",Windy
"-33.3537,-70.6811",2023-03-22,32.1,13.7,22.8,30.1,13.7,22.3,7.8,42.7,0.0,0.0,0.0,,0.0,0.0,34.9,27.7,199.5,1014.1,0.1,9.9,292.1,24.1,9.0,10.0,2023-03-22T07:47:15,2023-03-22T19:51:28,0.03,Clear,Clear conditions throughout the day.,clear-day,"SCEL,85577099999,85574099999",Windy
"-33.3537,-70.6811",2023-03-23,33.2,13.0,23.1,30.9,13.0,22.4,4.7,33.9,0.0,0.0,0.0,,0.0,0.0,34.2,26.5,204.0,1012.9,0.0,9.4,291.6,24.0,9.0,10.0,2023-03-23T07:48:00,2023-03-23T19:50:08,0.06,Clear,Clear conditions throughout the day.,clear-day,"SCEL,85577099999,85574099999",Windy
"-33.3537,-70.6811",2023-03-24,34.0,13.0,23.6,31.5,13.0,22.8,3.4,30.9,0.0,0.0,0.0,,0.0,0.0,31.3,30.6,202.3,1013.8,6.7,9.7,283.1,23.6,9.0,10.0,2023-03-24T07:48:44,2023-03-24T19:48:47,0.09,Clear,Clear conditions throughout the day.,clear-day,"SCEL,85577099999,85574099999",Windy
"-33.3537,-70.6811",2023-03-25,32.4,13.0,22.5,30.1,13.0,21.9,2.6,30.0,0.0,0.0,0.0,,0.0,0.0,34.6,28.0,203.2,1014.0,0.0,9.7,288.8,24.0,9.0,10.0,2023-03-25T07:49:28,2023-03-25T19:47:27,0.13,Clear,Clear conditions throughout the day.,clear-day,"SCEL,85577099999,85574099999",Windy
"-33.3537,-70.6811",2023-03-26,28.5,11.9,20.6,27.4,11.9,20.4,7.4,44.8,0.0,0.0,0.0,,0.0,0.0,29.5,27.7,182.9,1012.9,0.5,10.0,277.6,22.9,9.0,10.0,2023-03-26T07:50:12,2023-03-26T19:46:07,0.16,Clear,Clear conditions throughout the day.,clear-day,"SCEL,85577099999,85574099999",Windy
"-33.3537,-70.6811",2023-03-27,27.1,11.8,19.2,26.7,11.8,19.1,9.4,56.1,0.0,0.0,0.0,,0.0,0.0,29.2,29.8,178.4,1012.4,0.1,9.7,270.6,22.4,9.0,10.0,2023-03-27T07:50:56,2023-03-27T19:44:47,0.19,Clear,Clear conditions throughout the day.,clear-day,"SCEL,85577099999,85574099999",Windy
"-33.3537,-70.6811",2023-03-28,27.2,11.2,19.0,26.7,11.2,18.9,8.9,56.1,0.0,0.0,0.0,,0.0,0.0,28.4,31.7,188.4,1013.7,1.9,9.9,272.0,22.5,9.0,10.0,2023-03-28T07:51:40,2023-03-28T19:43:27,0.25,Clear,Clear conditions throughout the day.,clear-day,"SCEL,85577099999,85574099999",Windy
"-33.3537,-70.6811",2023-03-29,28.1,11.9,19.7,27.2,11.9,19.6,9.2,55.1,0.0,0.0,0.0,,0.0,0.0,27.7,23.6,196.3,1015.2,13.6,9.8,267.1,22.1,9.0,10.0,2023-03-29T07:52:24,2023-03-29T19:42:08,0.26,Clear,Clear conditions throughout the day.,clear-day,"SCEL,85577099999,85574099999",Windy
"-33.3537,-70.6811",2023-03-30,30.2,11.0,20.5,28.3,11.0,20.1,4.2,41.8,0.0,0.0,0.0,,0.0,0.0,28.4,28.0,191.5,1015.2,0.0,9.8,273.1,22.7,9.0,10.0,2023-03-30T07:53:07,2023-03-30T19:40:48,0.29,Clear,Clear conditions throughout the day.,clear-day,"SCEL,85577099999,85574099999",Windy
"-33.3537,-70.6811",2023-03-31,33.0,10.6,21.7,30.6,10.6,21.0,1.7,30.9,0.0,0.0,0.0,,0.0,0.0,27.7,25.9,195.2,1014.2,0.0,9.0,274.8,22.8,9.0,10.0,2023-03-31T07:53:51,2023-03-31T19:39:29,0.32,Clear,Clear conditions throughout the day.,clear-day,"SCEL,85577099999,85574099999",Windy
"-33.3537,-70.6811",2023-04-01,32.0,12.0,21.2,29.8,12.0,20.7,1.3,29.8,0.0,0.0,0.0,,0.0,0.0,28.4,25.9,197.1,1012.8,37.2,10.0,250.5,21.6,8.0,10.0,2023-04-01T07:54:34,2023-04-01T19:38:10,0.35,Partially cloudy,Partly cloudy throughout the day.,partly-cloudy-day,"SCEL,85577099999,85574099999",Cloudy
"-33.3537,-70.6811",2023-04-02,30.0,12.7,21.0,28.1,12.7,20.6,4.6,37.1,0.0,0.0,0.0,,0.0,0.0,27.4,21.9,190.1,1013.2,16.4,10.0,262.1,21.9,9.0,10.0,2023-04-02T06:55:18,2023-04-02T18:36:51,0.39,Clear,Clear conditions throughout the day.,clear-day,"SCEL,85577099999,85574099999",Windy
"-33.3537,-70.6811",2023-04-03,27.0,12.0,19.4,26.5,12.0,19.4,8.2,50.3,0.0,0.0,0.0,,0.0,0.0,27.4,22.3,177.7,1012.9,72.4,9.9,189.3,15.6,6.0,10.0,2023-04-03T06:56:02,2023-04-03T18:35:33,0.42,Partially cloudy,Partly cloudy throughout the day.,partly-cloudy-day,"SCEL,85577099999,85574099999",Cloudy
"-33.3537,-70.6811",2023-04-04,30.3,12.0,20.6,28.5,12.0,20.2,6.5,44.7,0.0,0.0,0.0,,0.0,0.0,30.6,22.5,201.7,1010.9,7.6,10.0,260.6,21.7,9.0,10.0,2023-04-04T06:56:45,2023-04-04T18:34:15,0.45,Clear,Clear conditions throughout the day.,clear-day,"SCEL,85577099999,85574099999",Windy
"-33.3537,-70.6811",2023-04-05,26.5,10.0,18.6,26.5,9.6,18.5,3.7,39.4,0.0,0.0,0.0,,0.0,0.0,28.8,21.1,180.6,1013.6,71.1,10.0,245.4,20.4,8.0,10.0,2023-04-05T06:57:28,2023-04-05T18:32:57,0.48,Partially cloudy,Partly cloudy throughout the day.,partly-cloudy-day,"SCEL,85577099999,85574099999",Cloudy
"-33.3537,-70.6811",2023-04-06,30.0,11.6,20.3,28.3,11.6,20.0,5.0,39.8,0.0,0.0,0.0,,0.0,0.0,30.2,24.3,177.2,1015.1,34.3,10.0,253.5,21.0,8.0,10.0,2023-04-06T06:58:12,2023-04-06T18:31:39,0.5,Partially cloudy,Clearing in the afternoon.,partly-cloudy-day,"SCEL,85577099999,85574099999",Cloudy
"-33.3537,-70.6811",2023-04-07,33.0,10.0,20.7,30.6,9.1,20.2,3.2,36.8,0.0,0.0,0.0,,0.0,0.0,29.2,20.5,187.3,1013.1,21.1,10.0,255.0,21.1,8.0,10.0,2023-04-07T06:58:55,2023-04-07T18:30:22,0.55,Partially cloudy,Clearing in the afternoon.,partly-cloudy-day,"SCEL,85577099999,85574099999",Cloudy
"-33.3537,-70.6811",2023-04-08,30.0,10.6,19.9,28.2,10.6,19.5,1.8,35.6,0.0,0.0,0.0,,0.0,0.0,28.8,25.9,209.5,1013.7,0.9,9.7,255.6,21.0,8.0,10.0,2023-04-08T06:59:39,2023-04-08T18:29:06,0.59,Clear,Clear conditions throughout the day.,clear-day,"SCEL,85577099999,85574099999",Windy
"-33.3537,-70.6811",2023-04-09,30.0,9.1,18.8,28.1,9.1,18.5,3.2,40.5,0.0,0.0,0.0,,0.0,0.0,26.3,21.8,186.5,1014.8,9.7,10.0,251.7,20.8,8.0,10.0,2023-04-09T07:00:22,2023-04-09T18:27:50,0.62,Clear,Clear conditions throughout the day.,clear-day,"SCEL,85577099999,85574099999",Windy
"-33.3537,-70.6811",2023-04-10,30.0,9.3,19.4,28.2,9.3,19.1,4.5,41.9,0.0,0.0,0.0,,0.0,0.0,24.8,25.8,202.8,1013.6,30.6,9.9,246.4,20.3,8.0,10.0,2023-04-10T07:01:06,2023-04-10T18:26:34,0.66,Partially cloudy,Partly cloudy throughout the day.,partly-cloudy-day,"SCEL,85577099999,85574099999",Cloudy
"-33.3537,-70.6811",2023-04-11,28.0,10.1,19.2,26.9,10.1,19.0,8.1,51.7,0.0,0.0,0.0,,0.0,0.0,28.1,25.9,183.8,1014.2,22.5,9.3,243.5,20.0,8.0,10.0,2023-04-11T07:01:50,2023-04-11T18:25:19,0.7,Partially cloudy,Partly cloudy throughout the day.,partly-cloudy-day,"SCEL,85577099999,85574099999",Cloudy
"-33.3537,-70.6811",2023-04-12,22.0,11.0,16.9,22.0,11.0,16.9,10.0,65.2,0.0,0.0,0.0,,0.0,0.0,25.6,25.9,179.9,1013.5,89.8,10.0,200.9,16.7,7.0,10.0,2023-04-12T07:02:33,2023-04-12T18:24:05,0.73,Partially cloudy,Partly cloudy throughout the day.,partly-cloudy-day,"SCEL,85577099999,85574099999",Cloudy
"-33.3537,-70.6811",2023-04-13,23.0,11.6,16.4,23.0,11.6,16.4,9.9,67.6,0.0,0.0,0.0,,0.0,0.0,28.1,32.4,180.8,1013.6,36.5,9.8,232.8,19.3,8.0,10.0,2023-04-13T07:03:17,2023-04-13T18:22:51,0.75,Partially cloudy,Clearing in the afternoon.,partly-cloudy-day,"SCEL,85577099999,85574099999",Cloudy
"-33.3537,-70.6811",2023-04-14,20.0,8.9,14.1,20.0,8.9,14.1,9.2,73.5,0.0,0.0,0.0,,0.0,0.0,27.7,20.5,178.4,1015.6,51.3,9.9,198.1,16.3,7.0,10.0,2023-04-14T07:04:01,2023-04-14T18:21:37,0.8,Partially cloudy,Partly cloudy throughout the day.,partly-cloudy-day,"SCEL,85577099999,85574099999",Cloudy
"-33.3537,-70.6811",2023-04-15,20.9,11.8,15.4,20.9,11.8,15.4,9.3,68.3,0.4,100.0,4.17,rain,0.0,0.0,27.0,20.5,186.1,1016.0,53.8,9.3,217.0,18.0,7.0,10.0,2023-04-15T07:04:44,2023-04-15T18:20:25,0.84,"Rain, Partially cloudy",Partly cloudy throughout the day with afternoon rain.,rain,"SCEL,85577099999,85574099999",Rainy
"-33.3537,-70.6811",2023-04-16,19.6,9.3,13.8,19.6,8.4,13.7,8.1,70.0,0.2,100.0,4.17,rain,0.0,0.0,31.3,16.7,184.3,1019.1,44.7,9.7,211.3,17.4,7.0,10.0,2023-04-16T07:05:28,2023-04-16T18:19:13,0.87,"Rain, Partially cloudy",Partly cloudy throughout the day with afternoon rain.,rain,"SCEL,85577099999,85574099999",Rainy
"-33.3537,-70.6811",2023-04-17,20.2,6.2,13.3,20.2,6.2,13.2,5.8,65.2,0.1,100.0,4.17,rain,0.0,0.0,29.2,22.2,191.3,1018.1,8.0,9.3,221.3,18.3,8.0,10.0,2023-04-17T07:06:12,2023-04-17T18:18:01,0.91,Rain,Clear conditions throughout the day with afternoon rain.,rain,"SCEL,85577099999,85574099999",Rainy
"-33.3537,-70.6811",2023-04-18,22.0,5.1,13.5,22.0,4.0,13.4,2.6,52.1,0.0,0.0,0.0,,0.0,0.0,28.4,24.1,173.7,1020.2,38.4,9.1,218.4,18.2,8.0,10.0,2023-04-18T07:06:56,2023-04-18T18:16:51,0.95,Partially cloudy,Partly cloudy throughout the day.,partly-cloudy-day,"SCEL,85577099999,85574099999",Cloudy
"-33.3537,-70.6811",2023-04-19,28.0,6.2,16.1,26.6,6.2,15.9,0.5,40.8,0.0,0.0,0.0,,0.0,0.0,19.1,14.8,178.8,1015.2,12.4,9.8,223.2,18.5,8.0,10.0,2023-04-19T07:07:40,2023-04-19T18:15:41,0.98,Clear,Clear conditions throughout the day.,clear-day,"SCEL,85577099999,85574099999",Sunny
"-33.3537,-70.6811",2023-04-20,25.2,7.7,15.9,25.2,7.7,15.8,4.1,49.8,0.0,0.0,0.0,,0.0,0.0,26.6,27.1,174.1,1014.0,29.0,9.4,224.4,18.7,8.0,10.0,2023-04-20T07:08:24,2023-04-20T18:14:32,0.0,Partially cloudy,Becoming cloudy in the afternoon.,partly-cloudy-day,"SCEL,85577099999,85574099999",Cloudy
"-33.3537,-70.6811",2023-04-21,20.0,10.7,14.1,20.0,10.7,14.1,9.5,75.8,0.0,0.0,0.0,,0.0,0.0,25.2,20.5,177.4,1017.4,52.1,9.2,206.0,17.2,7.0,10.0,2023-04-21T07:09:08,2023-04-21T18:13:23,0.05,Partially cloudy,Partly cloudy throughout the day.,partly-cloudy-day,"SCEL,85577099999,85574099999",Cloudy
"-33.3537,-70.6811",2023-04-22,24.0,7.1,15.1,24.0,7.1,15.1,8.3,67.9,0.0,0.0,0.0,,0.0,0.0,23.0,18.4,180.7,1015.8,30.3,8.1,206.2,17.0,7.0,10.0,2023-04-22T07:09:52,2023-04-22T18:12:16,0.08,Partially cloudy,Partly cloudy throughout the day.,partly-cloudy-day,"SCEL,85577099999,85574099999",Cloudy
"-33.3537,-70.6811",2023-04-23,21.0,9.9,15.0,21.0,9.9,15.0,9.8,72.4,0.0,0.0,0.0,,0.0,0.0,26.6,24.4,180.8,1016.7,28.2,10.2,200.3,16.4,7.0,10.0,2023-04-23T07:10:37,2023-04-23T18:11:09,0.11,Partially cloudy,Partly cloudy throughout the day.,partly-cloudy-day,"SCEL,85577099999,85574099999",Cloudy
"-33.3537,-70.6811",2023-04-24,23.8,8.9,14.7,23.8,6.7,14.4,9.1,73.2,0.0,0.0,0.0,,0.0,0.0,28.1,25.9,177.3,1017.7,20.8,7.2,207.1,17.1,7.0,10.0,2023-04-24T07:11:21,2023-04-24T18:10:03,0.14,Partially cloudy,Clearing in the afternoon.,partly-cloudy-day,"SCEL,85577099999,85574099999",Cloudy
"-33.3537,-70.6811",2023-04-25,26.7,7.9,16.1,26.6,7.4,16.1,7.6,62.3,0.0,0.0,0.0,,0.0,0.0,25.2,25.9,170.2,1015.2,51.4,8.5,200.6,16.7,7.0,10.0,2023-04-25T07:12:05,2023-04-25T18:08:59,0.18,Partially cloudy,Partly cloudy throughout the day.,partly-cloudy-day,"SCEL,85577099999,85574099999",Cloudy
"-33.3537,-70.6811",2023-04-26,25.0,12.2,17.5,25.0,12.2,17.5,8.8,60.2,0.0,0.0,0.0,,0.0,0.0,20.5,17.5,183.6,1015.9,68.1,9.0,151.7,12.3,5.0,10.0,2023-04-26T07:12:50,2023-04-26T18:07:55,0.21,Partially cloudy,Partly cloudy throughout the day.,partly-cloudy-day,"SCEL,85577099999,85574099999",Cloudy
"-33.3537,-70.6811",2023-04-27,20.0,8.7,13.5,20.0,7.0,13.3,9.3,77.6,0.0,0.0,0.0,,0.0,0.0,24.8,24.7,180.3,1015.9,37.7,5.7,203.8,16.9,7.0,10.0,2023-04-27T07:13:34,2023-04-27T18:06:52,0.25,Partially cloudy,Partly cloudy throughout the day.,partly-cloudy-day,"SCEL,85577099999,85574099999",Cloudy
"-33.3537,-70.6811",2023-04-28,20.0,10.8,13.8,20.0,10.8,13.8,9.1,75.0,0.0,0.0,0.0,,0.0,0.0,29.5,22.3,178.0,1014.4,89.9,6.5,173.8,14.3,6.0,10.0,2023-04-28T07:14:18,2023-04-28T18:05:50,0.27,Partially cloudy,Partly cloudy throughout the day.,partly-cloudy-day,"SCEL,85577099999,85574099999",Cloudy
"-33.3537,-70.6811",2023-04-29,16.2,13.0,14.6,16.2,13.0,14.6,11.8,83.6,8.8,100.0,79.17,rain,0.0,0.0,33.8,23.0,160.2,1017.1,91.1,9.7,100.1,8.2,4.0,10.0,2023-04-29T07:15:03,2023-04-29T18:04:49,0.31,"Rain, Overcast",Cloudy skies throughout the day with a chance of rain throughout the day.,rain,"SCEL,85577099999,85574099999",Rainy
"-33.3537,-70.6811",2023-04-30,15.6,7.7,11.9,15.6,7.5,11.8,8.0,78.2,17.4,100.0,62.5,rain,0.0,0.0,30.2,22.9,179.1,1022.8,65.1,9.9,112.6,9.3,4.0,10.0,2023-04-30T07:15:47,2023-04-30T18:03:49,0.34,"Rain, Partially cloudy",Partly cloudy throughout the day with a chance of rain throughout the day.,rain,"SCEL,85577099999,85574099999",Rainy
"-33.3537,-70.6811",2023-05-01,18.0,4.0,10.5,18.0,2.8,10.2,4.5,70.1,0.0,0.0,0.0,,0.0,0.0,24.8,19.0,190.9,1021.3,2.0,9.2,201.2,16.7,7.0,10.0,2023-05-01T07:16:32,2023-05-01T18:02:50,0.37,Clear,Clear conditions throughout the day.,clear-day,"SCEL,85577099999,85574099999",Sunny
"-33.3537,-70.6811",2023-05-02,19.4,3.2,10.7,19.4,1.8,10.5,3.9,67.5,0.0,0.0,0.0,,0.0,0.0,23.4,17.1,183.8,1017.5,0.0,9.6,200.9,16.6,7.0,10.0,2023-05-02T07:17:16,2023-05-02T18:01:52,0.4,Clear,Clear conditions throughout the day.,clear-day,"SCEL,85577099999,85574099999",Sunny
"-33.3537,-70.6811",2023-05-03,21.0,2.8,11.3,21.0,1.4,11.1,3.8,65.2,0.0,0.0,0.0,,0.0,0.0,23.4,20.5,172.3,1014.1,0.0,9.1,201.8,16.6,7.0,10.0,2023-05-03T07:18:01,2023-05-03T18:00:55,0.43,Clear,Clear conditions throughout the day.,clear-day,"SCEL,85577099999,85574099999",Windy
"-33.3537,-70.6811",2023-05-04,18.1,2.0,9.9,18.1,0.5,9.6,5.6,77.6,0.0,0.0,0.0,,0.0,0.0,26.6,18.7,179.0,1016.0,6.0,7.1,199.2,16.3,7.0,10.0,2023-05-04T07:18:45,2023-05-04T17:59:59,0.47,Clear,Clear conditions throughout the day.,clear-day,"SCEL,85577099999,85574099999",Sunny
"-33.3537,-70.6811",2023-05-05,20.1,4.9,11.6,20.1,4.4,11.3,5.8,72.4,0.0,0.0,0.0,,0.0,0.0,23.4,22.3,180.5,1014.7,18.0,5.8,195.9,16.3,7.0,10.0,2023-05-05T07:19:30,2023-05-05T17:59:05,0.5,Clear,Clear conditions throughout the day.,clear-day,"SCEL,85577099999,85574099999",Windy
"-33.3537,-70.6811",2023-05-06,13.0,3.0,8.0,13.0,2.2,7.3,5.6,85.8,0.0,0.0,0.0,,0.0,0.0,19.1,22.3,170.9,1016.1,32.2,4.1,157.2,13.1,6.0,10.0,2023-05-06T07:20:14,2023-05-06T17:58:12,0.53,Partially cloudy,Partly cloudy throughout the day.,partly-cloudy-day,"SCEL,85577099999,85574099999",Cloudy
"-33.3537,-70.6811",2023-05-07,22.0,2.4,10.7,22.0,2.4,10.6,4.8,72.9,0.0,0.0,0.0,,0.0,0.0,19.4,14.8,182.9,1018.6,30.2,3.7,182.5,15.1,7.0,10.0,2023-05-07T07:20:58,2023-05-07T17:57:20,0.57,Partially cloudy,Partly cloudy throughout the day.,partly-cloudy-day,"SCEL,85577099999,85574099999",Cloudy
"-33.3537,-70.6811",2023-05-08,26.0,3.0,13.5,26.0,3.0,13.5,2.8,57.4,0.0,0.0,0.0,,0.0,0.0,20.2,15.5,158.4,1017.5,10.5,6.2,192.1,16.1,7.0,10.0,2023-05-08T07:21:43,2023-05-08T17:56:29,0.61,Clear,Clear conditions throughout the day.,clear-day,"SCEL,85577099999,85574099999",Sunny
"-33.3537,-70.6811",2023-05-23,14.0,9.6,11.4,14.0,8.8,11.3,8.9,84.7,1.2,100.0,25.0,rain,0.0,0.0,19.1,20.5,72.3,1017.6,79.7,8.2,39.6,3.3,2.0,10.0,2023-05-23T07:32:22,2023-05-23T17:46:26,0.13,"Rain, Partially cloudy",Partly cloudy throughout the day with rain.,rain,"SCEL,85577099999,85574099999",Rainy
"-33.3537,-70.6811",2023-05-24,15.0,7.0,10.5,15.0,5.8,10.5,8.1,85.9,0.0,0.0,0.0,,0.0,0.0,20.2,13.0,161.5,1018.5,78.0,7.5,78.6,7.0,3.0,10.0,2023-05-24T07:33:02,2023-05-24T17:45:57,0.16,Partially cloudy,Partly cloudy throughout the day.,partly-cloudy-day,"SCEL,85577099999,85574099999",Cloudy
"-33.3537,-70.6811",2023-05-25,15.0,8.9,11.1,15.0,7.4,10.9,8.6,85.6,0.7,100.0,25.0,rain,0.0,0.1,20.9,18.4,325.9,1018.2,89.7,5.6,45.7,3.9,2.0,10.0,2023-05-25T07:33:42,2023-05-25T17:45:30,0.19,"Rain, Partially cloudy",Partly cloudy throughout the day with rain.,rain,"SCEL,85577099999,85574099999",Rainy
"-33.3537,-70.6811",2023-05-26,16.2,4.4,11.0,16.2,4.4,10.7,6.5,75.6,0.0,0.0,0.0,,0.0,0.1,23.8,24.1,172.6,1022.1,60.2,8.7,139.2,11.9,6.0,10.0,2023-05-26T07:34:21,2023-05-26T17:45:04,0.23,Partially cloudy,Partly cloudy throughout the day.,partly-cloudy-day,"SCEL,85577099999,85574099999",Cloudy
"-33.3537,-70.6811",2023-05-27,20.0,7.0,12.4,20.0,5.1,12.1,6.4,69.4,0.0,0.0,0.0,,0.0,0.0,16.6,14.8,138.9,1019.1,52.8,9.0,145.4,12.4,6.0,10.0,2023-05-27T07:34:59,2023-05-27T17:44:40,0.25,Partially cloudy,Partly cloudy throughout the day.,partly-cloudy-day,"SCEL,85577099999,85574099999",Cloudy
"-33.3537,-70.6811",2023-05-28,17.0,5.0,10.4,17.0,5.0,10.3,6.2,77.1,0.0,0.0,0.0,,0.0,0.0,16.6,13.0,185.4,1019.5,65.6,7.1,85.0,7.2,4.0,10.0,2023-05-28T07:35:37,2023-05-28T17:44:17,0.29,Partially cloudy,Partly cloudy throughout the day.,partly-cloudy-day,"SCEL,85577099999,85574099999",Cloudy
"-33.3537,-70.6811",2023-05-29,22.6,8.8,14.4,22.6,7.6,14.3,6.5,63.2,0.0,0.0,0.0,,0.0,0.0,17.3,15.5,163.0,1018.0,37.3,7.6,149.8,13.0,6.0,10.0,2023-05-29T07:36:14,2023-05-29T17:43:56,0.32,Partially cloudy,Clearing in the afternoon.,partly-cloudy-day,"SCEL,85577099999,85574099999",Cloudy
"-33.3537,-70.6811",2023-05-30,19.3,7.0,12.4,19.3,6.9,12.3,5.4,64.7,0.0,0.0,0.0,,0.0,0.0,15.8,13.2,168.3,1019.1,72.9,6.4,101.7,8.9,4.0,10.0,2023-05-30T07:36:51,2023-05-30T17:43:36,0.36,Partially cloudy,Partly cloudy throughout the day.,partly-cloudy-day,"SCEL,85577099999,85574099999",Cloudy
"-33.3537,-70.6811",2023-05-31,21.9,4.4,12.9,21.9,4.4,12.8,5.4,65.2,0.0,0.0,0.0,,0.0,0.0,18.7,22.5,188.5,1019.3,45.3,6.4,144.4,12.5,6.0,10.0,2023-05-31T07:37:26,2023-05-31T17:43:18,0.39,Partially cloudy,Partly cloudy throughout the day.,partly-cloudy-day,"SCEL,85577099999,85574099999",Cloudy
"-33.3537,-70.6811",2023-06-01,20.0,6.0,12.2,20.0,5.9,12.2,5.1,64.2,0.0,0.0,0.0,,0.0,0.0,22.7,17.5,166.1,1015.7,37.5,7.5,146.2,12.5,6.0,10.0,2023-06-01T07:38:02,2023-06-01T17:43:01,0.42,Partially cloudy,Clearing in the afternoon.,partly-cloudy-day,"SCEL,85577099999,85574099999",Cloudy
"-33.3537,-70.6811",2023-06-02,19.3,7.0,11.9,19.3,6.3,11.8,7.2,74.8,0.3,100.0,8.33,rain,0.0,0.0,29.2,22.2,168.8,1017.9,56.4,8.2,117.2,10.1,5.0,10.0,2023-06-02T07:38:36,2023-06-02T17:42:46,0.45,"Rain, Partially cloudy",Partly cloudy throughout the day with rain.,rain,"SCEL,85577099999,85574099999",Rainy
"-33.3537,-70.6811",2023-06-03,15.9,10.0,12.4,15.9,10.0,12.4,10.0,85.5,3.0,100.0,58.33,rain,0.0,0.0,20.2,15.0,180.2,1021.1,88.1,7.9,49.2,4.1,2.0,10.0,2023-06-03T07:39:09,2023-06-03T17:42:33,0.5,"Rain, Partially cloudy",Partly cloudy throughout the day with a chance of rain throughout the day.,rain,"SCEL,85577099999,85574099999",Rainy
"-33.3537,-70.6811",2023-06-04,21.1,6.3,12.2,21.1,5.6,12.1,7.3,75.6,0.0,0.0,0.0,,0.0,0.0,20.9,16.2,117.2,1019.4,70.0,7.3,134.8,11.5,6.0,10.0,2023-06-04T07:39:42,2023-06-04T17:42:21,0.52,Partially cloudy,Partly cloudy throughout the day.,partly-cloudy-day,"SCEL,85577099999,85574099999",Cloudy
"-33.3537,-70.6811",2023-06-05,24.0,6.4,13.0,24.0,5.5,12.8,4.1,60.2,0.0,0.0,0.0,,0.0,0.0,20.5,18.2,170.9,1017.4,43.6,8.8,136.7,11.8,6.0,10.0,2023-06-05T07:40:14,2023-06-05T17:42:11,0.55,Partially cloudy,Clearing in the afternoon.,partly-cloudy-day,"SCEL,85577099999,85574099999",Cloudy
"-33.3537,-70.6811",2023-06-06,20.0,6.3,12.8,20.0,6.3,12.8,3.6,55.9,0.0,0.0,0.0,,0.0,0.0,20.2,16.0,30.5,1017.5,77.8,8.2,109.9,9.4,5.0,10.0,2023-06-06T07:40:45,2023-06-06T17:42:02,0.59,Partially cloudy,Partly cloudy throughout the day.,partly-cloudy-day,"SCEL,85577099999,85574099999",Cloudy
"-33.3537,-70.6811",2023-06-07,22.3,7.3,13.7,22.3,7.3,13.6,4.4,57.3,0.0,0.0,0.0,,0.0,0.0,18.0,15.1,160.7,1017.0,57.0,7.8,121.2,10.4,5.0,10.0,2023-06-07T07:41:15,2023-06-07T17:41:54,0.63,Partially cloudy,Partly cloudy throughout the day.,partly-cloudy-day,"SCEL,85577099999,85574099999",Cloudy
"-33.3537,-70.6811",2023-06-08,16.7,5.0,11.4,16.7,3.2,11.2,8.5,83.8,0.0,0.0,0.0,,0.0,0.0,24.8,22.7,168.8,1019.8,55.5,6.3,126.9,11.0,5.0,10.0,2023-06-08T07:41:44,2023-06-08T17:41:49,0.66,Partially cloudy,Partly cloudy throughout the day.,partly-cloudy-day,"SCEL,85577099999,85574099999",Cloudy
"-33.3537,-70.6811",2023-06-09,13.2,9.4,11.7,13.2,7.5,11.4,10.2,91.0,9.3,100.0,100.0,rain,0.0,0.0,24.1,18.5,180.3,1021.9,96.4,8.6,70.0,6.0,3.0,10.0,2023-06-09T07:42:12,2023-06-09T17:41:44,0.7,"Rain, Overcast",Cloudy skies throughout the day with a chance of rain throughout the day.,rain,"SCEL,85577099999,remote,85574099999",Rainy
"-33.3537,-70.6811",2023-06-10,12.1,5.5,9.3,12.1,5.5,8.5,5.3,76.8,0.9,100.0,20.83,rain,0.0,0.0,24.8,16.6,178.7,1023.4,84.5,10.0,117.4,10.1,5.0,10.0,2023-06-10T07:42:40,2023-06-10T17:41:42,0.75,"Rain, Partially cloudy",Partly cloudy throughout the day with rain clearing later.,rain,"SCEL,85577099999,85574099999",Rainy
"-33.3537,-70.6811",2023-06-11,12.0,-2.0,5.4,12.0,-2.9,4.9,2.5,83.1,0.0,0.0,0.0,,0.0,0.1,23.4,16.1,179.6,1023.5,12.1,7.0,145.4,12.5,6.0,10.0,2023-06-11T07:43:06,2023-06-11T17:41:40,0.77,Clear,Clear conditions throughout the day.,clear-day,"SCEL,85577099999,85574099999",Sunny
"-33.3537,-70.6811",2023-06-12,15.0,-2.7,5.0,15.0,-3.6,4.8,0.1,77.0,0.0,0.0,0.0,,0.0,0.2,18.4,10.6,236.9,1022.0,0.6,5.7,150.4,13.2,6.0,10.0,2023-06-12T07:43:31,2023-06-12T17:41:40,0.8,Clear,Clear conditions throughout the day.,clear-day,"SCEL,85577099999,85574099999",Sunny
"-33.3537,-70.6811",2023-06-13,18.8,-2.8,6.6,18.8,-4.9,5.8,-4.0,55.2,0.0,0.0,0.0,,0.0,0.0,18.7,14.7,181.4,1020.9,0.5,8.0,151.3,13.3,6.0,10.0,2023-06-13T07:43:54,2023-06-13T17:41:42,0.84,Clear,Clear conditions throughout the day.,clear-day,"SCEL,85577099999,85574099999",Sunny
"-33.3537,-70.6811",2023-06-14,19.5,-2.7,8.1,19.5,-4.2,8.0,-4.5,48.8,0.0,0.0,0.0,,0.0,0.0,18.0,14.8,196.4,1020.4,45.5,7.7,131.2,11.5,5.0,10.0,2023-06-14T07:44:17,2023-06-14T17:41:45,0.87,Partially cloudy,Partly cloudy throughout the day.,partly-cloudy-day,"SCEL,85577099999,85574099999",Cloudy
"-33.3537,-70.6811",2023-06-15,21.1,1.7,11.0,21.1,-0.3,10.6,-2.1,43.7,0.0,0.0,0.0,,0.0,0.0,21.2,17.7,185.4,1019.5,17.3,8.1,140.3,12.0,6.0,10.0,2023-06-15T07:44:39,2023-06-15T17:41:50,0.91,Clear,Clear conditions throughout the day.,clear-day,"SCEL,85577099999,85574099999",Sunny
"-33.3537,-70.6811",2023-06-16,22.0,3.2,11.3,22.0,2.4,11.1,-0.6,47.2,0.0,0.0,0.0,,0.0,0.0,19.1,14.7,163.4,1018.2,25.9,7.6,135.3,11.7,5.0,10.0,2023-06-16T07:44:59,2023-06-16T17:41:56,0.95,Partially cloudy,Partly cloudy throughout the day.,partly-cloudy-day,"SCEL,85577099999,85574099999",Cloudy
"-33.3537,-70.6811",2023-06-17,26.0,3.0,12.8,26.0,2.5,12.7,-0.3,46.6,0.0,0.0,0.0,,0.0,0.0,22.7,11.2,100.9,1015.0,21.5,9.6,142.3,12.4,6.0,10.0,2023-06-17T07:45:18,2023-06-17T17:42:03,0.98,Partially cloudy,Partly cloudy throughout the day.,partly-cloudy-day,"SCEL,85577099999,85574099999",Cloudy
"-33.3537,-70.6811",2023-06-18,13.0,2.6,8.8,13.0,2.5,8.3,3.6,70.2,0.0,0.0,0.0,,0.0,0.0,21.6,22.3,152.0,1015.0,67.4,8.0,123.4,10.8,5.0,10.0,2023-06-18T07:45:36,2023-06-18T17:42:12,0.0,Partially cloudy,Partly cloudy throughout the day.,partly-cloudy-day,"SCEL,85577099999,85574099999",Cloudy
"-33.3537,-70.6811",2023-06-19,17.9,7.2,12.1,17.9,7.2,11.9,6.4,70.1,0.6,100.0,25.0,rain,0.0,0.0,20.2,14.8,177.4,1017.3,59.0,8.0,129.8,11.2,5.0,10.0,2023-06-19T07:45:53,2023-06-19T17:42:22,0.05,"Rain, Partially cloudy",Partly cloudy throughout the day with rain clearing later.,rain,"SCEL,85577099999,remote,85574099999",Rainy
"-33.3537,-70.6811",2023-06-20,15.6,7.2,10.9,15.6,6.8,10.7,7.1,77.9,0.5,100.0,8.33,rain,0.0,0.0,29.5,19.5,176.3,1015.9,85.9,7.2,71.9,6.1,3.0,10.0,2023-06-20T07:46:08,2023-06-20T17:42:33,0.08,"Rain, Partially cloudy",Partly cloudy throughout the day with late afternoon rain.,rain,"SCEL,85577099999,85574099999",Rainy
"-33.3537,-70.6811",2023-06-21,13.2,8.8,11.5,13.2,8.8,11.4,8.8,84.1,1.9,100.0,20.83,rain,0.0,0.0,18.7,12.3,287.7,1018.2,92.5,6.1,44.0,3.8,2.0,10.0,2023-06-21T07:46:22,2023-06-21T17:42:46,0.11,"Rain, Overcast",Cloudy skies throughout the day with late afternoon rain.,rain,"SCEL,85577099999,85574099999",Rainy
"-33.3537,-70.6811",2023-06-22,14.0,11.0,12.5,14.0,11.0,12.5,11.5,93.4,24.2,100.0,95.83,rain,0.0,0.0,40.3,16.6,104.0,1018.4,97.6,6.7,26.6,2.4,1.0,10.0,2023-06-22T07:46:34,2023-06-22T17:43:00,0.15,"Rain, Overcast",Cloudy skies throughout the day with a chance of rain throughout the day.,rain,"SCEL,85577099999,85574099999",Rainy
"-33.3537,-70.6811",2023-06-23,16.0,13.0,14.3,16.0,13.0,14.3,13.8,96.8,16.0,100.0,100.0,rain,0.0,0.0,44.6,20.5,170.4,1019.7,100.0,6.8,15.4,1.4,1.0,10.0,2023-06-23T07:46:45,2023-06-23T17:43:16,0.18,"Rain, Overcast",Cloudy skies throughout the day with a chance of rain throughout the day.,rain,"SCEL,85577099999,85574099999",Rainy
"-33.3537,-70.6811",2023-06-24,16.7,12.3,14.6,16.7,12.3,14.6,13.4,92.3,0.9,100.0,33.33,rain,0.0,0.0,35.6,15.7,132.9,1019.4,78.1,8.9,65.5,5.6,4.0,10.0,2023-06-24T07:46:55,2023-06-24T17:43:32,0.21,"Rain, Partially cloudy",Partly cloudy throughout the day with rain clearing later.,rain,"SCEL,85577099999,85574099999",Rainy
"-33.3537,-70.6811",2023-06-25,15.4,11.0,13.2,15.4,11.0,13.2,12.2,93.9,1.0,100.0,16.67,rain,0.0,0.0,21.2,16.6,162.4,1019.7,92.9,5.1,62.1,5.3,3.0,10.0,2023-06-25T07:47:04,2023-06-25T17:43:50,0.24,"Rain, Overcast",Cloudy skies throughout the day with late afternoon rain.,rain,"SCEL,85577099999,85574099999",Rainy
"-33.3537,-70.6811",2023-06-26,15.0,11.7,13.1,15.0,11.7,13.1,12.0,93.2,0.7,100.0,20.83,rain,0.0,0.0,15.5,19.0,171.9,1019.5,94.2,6.8,35.6,3.2,2.0,10.0,2023-06-26T07:47:10,2023-06-26T17:44:09,0.25,"Rain, Overcast",Cloudy skies throughout the day with rain.,rain,"SCEL,85577099999,85574099999",Rainy
"-33.3537,-70.6811",2023-06-27,12.6,6.6,9.8,12.6,6.0,9.6,6.0,78.1,1.9,100.0,41.67,rain,0.0,0.1,20.9,18.4,175.3,1023.3,76.8,9.7,64.6,5.6,3.0,10.0,2023-06-27T07:47:16,2023-06-27T17:44:29,0.31,"Rain, Partially cloudy",Partly cloudy throughout the day with rain clearing later.,rain,"SCEL,85577099999,85574099999",Rainy
"-33.3537,-70.6811",2023-06-28,11.4,2.2,6.7,11.4,0.6,6.1,4.7,87.8,0.0,0.0,0.0,,0.0,0.2,19.4,10.6,347.5,1019.6,55.1,6.7,96.1,8.2,4.0,10.0,2023-06-28T07:47:20,2023-06-28T17:44:50,0.34,Partially cloudy,Partly cloudy throughout the day.,partly-cloudy-day,"SCEL,85577099999,85574099999",Cloudy
"-33.3537,-70.6811",2023-06-29,20.0,2.1,9.1,20.0,-0.4,8.8,3.6,73.8,0.0,0.0,0.0,,0.0,0.2,16.6,14.8,162.0,1019.3,34.2,6.8,128.8,11.0,5.0,10.0,2023-06-29T07:47:22,2023-06-29T17:45:13,0.38,Partially cloudy,Partly cloudy throughout the day.,partly-cloudy-day,"SCEL,85577099999,85574099999",Cloudy
"-33.3537,-70.6811",2023-06-30,22.0,2.5,10.7,22.0,1.6,10.4,3.7,67.8,0.0,0.0,0.0,,0.0,0.2,16.9,11.5,135.0,1018.5,0.5,7.6,142.3,12.3,6.0,10.0,2023-06-30T07:47:23,2023-06-30T17:45:36,0.41,Clear,Clear conditions throughout the day.,clear-day,"SCEL,85577099999,85574099999",Sunny
"-33.3537,-70.6811",2023-07-01,22.0,3.4,11.2,22.0,2.2,11.0,4.4,68.2,0.0,0.0,0.0,,0.0,0.0,20.5,18.2,167.4,1014.0,53.7,9.5,135.5,11.7,5.0,10.0,2023-07-01T07:47:23,2023-07-01T17:46:01,0.44,Partially cloudy,Partly cloudy throughout the day.,partly-cloudy-day,"SCEL,85577099999,remote,85574099999",Cloudy
"-33.3537,-70.6811",2023-07-02,10.5,5.3,8.1,10.5,4.2,7.1,6.8,92.1,0.0,0.0,0.0,,0.0,0.0,21.2,16.5,131.0,1019.7,79.1,3.8,132.4,11.5,5.0,10.0,2023-07-02T07:47:20,2023-07-02T17:46:26,0.47,Partially cloudy,Partly cloudy throughout the day.,partly-cloudy-day,"SCEL,85577099999,85574099999",Cloudy
"-33.3537,-70.6811",2023-07-03,17.3,5.0,9.0,17.3,3.7,8.4,5.5,81.8,0.0,0.0,0.0,,0.0,0.0,20.2,14.8,297.0,1020.0,61.9,4.3,141.1,12.2,6.0,10.0,2023-07-03T07:47:17,2023-07-03T17:46:53,0.5,Partially cloudy,Partly cloudy throughout the day.,partly-cloudy-day,"SCEL,85577099999,85574099999",Cloudy
"-33.3537,-70.6811",2023-07-04,16.7,4.2,9.8,16.7,3.8,9.5,5.3,75.2,0.3,100.0,12.5,rain,0.0,0.0,26.3,16.6,174.6,1022.8,26.8,7.7,140.8,12.1,6.0,10.0,2023-07-04T07:47:12,2023-07-04T17:47:20,0.54,"Rain, Partially cloudy",Partly cloudy throughout the day with rain.,rain,"SCEL,85577099999,85574099999",Rainy
"-33.3537,-70.6811",2023-07-05,16.8,2.6,9.9,16.8,1.3,9.8,4.7,73.1,0.0,0.0,0.0,,0.0,0.0,23.8,15.6,199.0,1022.4,35.8,8.1,143.1,12.3,6.0,10.0,2023-07-05T07:47:05,2023-07-05T17:47:48,0.58,Partially cloudy,Becoming cloudy in the afternoon.,partly-cloudy-day,"SCEL,85577099999,85574099999",Cloudy
"-33.3537,-70.6811",2023-07-06,14.0,7.1,10.0,14.0,6.1,9.9,6.0,77.1,0.0,0.0,0.0,,0.0,0.0,18.7,10.3,202.2,1019.2,81.4,9.3,91.1,7.9,4.0,10.0,2023-07-06T07:46:56,2023-07-06T17:48:18,0.61,Partially cloudy,Partly cloudy throughout the day.,partly-cloudy-day,"SCEL,85577099999,85574099999",Cloudy
"-33.3537,-70.6811",2023-07-07,12.3,5.9,8.7,12.3,5.1,8.4,6.1,84.7,0.0,0.0,0.0,,0.0,0.0,22.7,15.8,160.3,1016.3,85.1,7.0,84.0,7.3,4.0,10.0,2023-07-07T07:46:47,2023-07-07T17:48:48,0.65,Partially cloudy,Partly cloudy throughout the day.,partly-cloudy-day,"SCEL,85577099999,85574099999",Cloudy
"-33.3537,-70.6811",2023-07-08,17.3,2.0,8.9,17.3,2.0,8.7,5.3,81.7,0.0,0.0,0.0,,0.0,0.0,22.3,18.1,168.3,1019.7,47.5,6.7,136.1,11.7,6.0,10.0,2023-07-08T07:46:35,2023-07-08T17:49:18,0.68,Partially cloudy,Partly cloudy throughout the day.,partly-cloudy-day,"SCEL,85577099999,85574099999",Cloudy
"-33.3537,-70.6811",2023-07-09,14.4,6.9,10.2,14.4,6.0,10.1,7.9,86.5,0.1,100.0,4.17,rain,0.0,0.0,13.0,9.4,113.0,1019.6,69.0,5.9,76.6,6.6,3.0,10.0,2023-07-09T07:46:22,2023-07-09T17:49:50,0.75,"Rain, Partially cloudy",Partly cloudy throughout the day with early morning rain.,rain,"SCEL,85577099999,85574099999",Rainy
"-33.3537,-70.6811",2023-07-10,19.0,1.3,8.9,19.0,-0.2,8.6,5.2,81.9,0.0,0.0,0.0,,0.0,0.0,20.5,18.4,173.8,1014.2,18.8,5.2,145.3,12.6,6.0,10.0,2023-07-10T07:46:07,2023-07-10T17:50:22,0.75,Clear,Clear conditions throughout the day.,clear-day,"SCEL,85577099999,85574099999",Sunny
"-33.3537,-70.6811",2023-07-11,12.0,4.5,9.2,12.0,4.5,8.4,7.4,89.5,15.8,100.0,83.33,rain,0.0,0.0,31.3,27.7,0.8,1015.2,90.5,5.2,82.4,7.2,4.0,10.0,2023-07-11T07:45:51,2023-07-11T17:50:56,0.79,"Rain, Overcast",Cloudy skies throughout the day with a chance of rain throughout the day.,rain,"SCEL,85577099999,85574099999",Rainy
"-33.3537,-70.6811",2023-07-12,13.7,7.4,10.3,13.7,6.7,9.3,7.4,82.8,19.3,100.0,70.83,rain,0.0,0.0,41.8,22.3,3.8,1023.6,85.6,9.6,52.3,4.5,3.0,10.0,2023-07-12T07:45:33,2023-07-12T17:51:29,0.82,"Rain, Partially cloudy",Partly cloudy throughout the day with a chance of rain throughout the day.,rain,"SCEL,85577099999,85574099999",Rainy
"-33.3537,-70.6811",2023-07-13,17.5,2.0,9.7,17.5,2.0,9.5,5.5,78.9,0.0,0.0,0.0,,0.0,0.0,19.1,7.6,344.1,1020.1,67.8,6.9,130.6,11.3,5.0,10.0,2023-07-13T07:45:14,2023-07-13T17:52:04,0.86,Partially cloudy,Partly cloudy throughout the day.,partly-cloudy-day,"SCEL,85577099999,85574099999",Cloudy
"-33.3537,-70.6811",2023-07-14,14.0,5.8,9.6,14.0,5.8,9.5,5.8,78.7,0.0,0.0,0.0,,0.0,0.0,17.6,14.9,160.1,1017.3,91.1,7.6,84.8,7.4,4.0,10.0,2023-07-14T07:44:53,2023-07-14T17:52:39,0.89,Overcast,Cloudy skies throughout the day.,cloudy,"SCEL,85577099999,85574099999",Foggy
"-33.3537,-70.6811",2023-07-15,14.0,5.2,9.5,14.0,5.2,9.2,4.1,70.6,0.0,0.0,0.0,,0.0,0.1,15.5,16.2,170.6,1018.9,76.9,8.4,93.6,8.0,4.0,10.0,2023-07-15T07:44:30,2023-07-15T17:53:14,0.93,Partially cloudy,Partly cloudy throughout the day.,partly-cloudy-day,"SCEL,85577099999,85574099999",Cloudy
"-33.3537,-70.6811",2023-07-16,19.0,3.0,9.3,19.0,1.7,9.0,4.3,74.3,0.0,0.0,0.0,,0.0,0.2,18.4,11.2,155.4,1017.2,28.3,7.1,128.6,11.1,5.0,10.0,2023-07-16T07:44:06,2023-07-16T17:53:50,0.96,Partially cloudy,Partly cloudy throughout the day.,partly-cloudy-day,"SCEL,85577099999,85574099999",Cloudy
"-33.3537,-70.6811",2023-07-17,13.2,2.8,8.1,13.2,2.8,8.0,4.9,81.4,0.0,0.0,0.0,,0.0,0.2,19.8,8.3,8.0,1019.4,62.3,5.6,81.7,7.2,4.0,10.0,2023-07-17T07:43:40,2023-07-17T17:54:27,0.0,Partially cloudy,Partly cloudy throughout the day.,partly-cloudy-day,"SCEL,85577099999,85574099999",Cloudy
"-33.3537,-70.6811",2023-07-18,17.0,7.6,11.6,17.0,6.8,11.3,5.7,69.3,0.0,0.0,0.0,,0.0,0.0,23.0,13.0,349.9,1019.2,95.1,5.8,99.9,8.6,5.0,10.0,2023-07-18T07:43:13,2023-07-18T17:55:04,0.03,Overcast,Cloudy skies throughout the day.,cloudy,"SCEL,85577099999,85574099999",Foggy
"-33.3537,-70.6811",2023-07-19,18.6,8.9,13.4,18.6,7.8,13.3,4.6,56.2,0.0,0.0,0.0,,0.0,0.0,27.0,19.2,313.7,1016.3,81.3,9.3,85.6,7.5,4.0,10.0,2023-07-19T07:42:44,2023-07-19T17:55:42,0.06,Partially cloudy,Partly cloudy throughout the day.,partly-cloudy-day,"SCEL,85577099999,85574099999",Cloudy
"-33.3537,-70.6811",2023-07-20,18.0,7.0,11.9,18.0,6.2,11.6,6.0,68.6,0.1,100.0,4.17,rain,0.0,0.0,20.5,18.4,179.9,1013.8,72.9,7.9,107.2,9.3,4.0,10.0,2023-07-20T07:42:14,2023-07-20T17:56:20,0.1,"Rain, Partially cloudy",Partly cloudy throughout the day with late afternoon rain.,rain,"SCEL,85577099999,85574099999",Rainy
"-33.3537,-70.6811",2023-07-21,14.3,8.3,11.3,14.3,8.3,11.2,8.8,85.7,0.2,100.0,8.33,rain,0.0,0.0,25.2,13.4,169.0,1014.5,73.4,7.7,52.5,4.5,3.0,10.0,2023-07-21T07:41:42,2023-07-21T17:56:58,0.13,"Rain, Partially cloudy",Partly cloudy throughout the day with early morning rain.,rain,"SCEL,85577099999,85574099999",Rainy
"-33.3537,-70.6811",2023-07-22,11.0,7.1,9.7,11.0,6.0,8.9,8.6,93.0,28.5,100.0,95.83,rain,0.0,0.2,39.2,19.2,145.5,1019.8,91.6,8.6,57.2,4.9,3.0,10.0,2023-07-22T07:41:09,2023-07-22T17:57:37,0.16,"Rain, Overcast",Cloudy skies throughout the day with a chance of rain throughout the day.,rain,"SCEL,85577099999,85574099999",Rainy
"-33.3537,-70.6811",2023-07-23,10.0,3.8,7.2,10.0,3.8,6.7,6.1,93.1,0.0,0.0,0.0,,0.0,0.4,17.3,8.8,338.4,1020.4,80.7,5.9,64.8,5.5,3.0,10.0,2023-07-23T07:40:34,2023-07-23T17:58:16,0.2,Partially cloudy,Partly cloudy throughout the day.,partly-cloudy-day,"SCEL,85577099999,85574099999",Cloudy
"-33.3537,-70.6811",2023-07-24,18.0,3.0,9.5,18.0,0.4,9.0,5.3,79.5,0.0,0.0,0.0,,0.0,0.4,22.7,9.4,240.3,1021.7,22.1,7.0,156.6,13.5,6.0,10.0,2023-07-24T07:39:58,2023-07-24T17:58:55,0.23,Partially cloudy,Partly cloudy throughout the day.,partly-cloudy-day,"SCEL,85577099999,85574099999",Cloudy
"-33.3537,-70.6811",2023-07-25,16.2,5.2,10.2,16.2,3.9,9.9,6.8,81.3,0.1,100.0,4.17,rain,0.0,0.2,23.8,20.3,185.3,1021.9,51.8,8.4,146.9,12.5,6.0,10.0,2023-07-25T07:39:20,2023-07-25T17:59:35,0.25,"Rain, Partially cloudy",Partly cloudy throughout the day with late afternoon rain.,rain,"SCEL,85577099999,85574099999",Rainy
"-33.3537,-70.6811",2023-07-26,15.8,6.3,10.2,15.8,5.6,10.0,7.6,85.4,0.0,0.0,0.0,,0.0,0.0,22.3,15.4,166.6,1019.2,78.1,5.7,134.5,11.6,5.0,10.0,2023-07-26T07:38:41,2023-07-26T18:00:15,0.3,Partially cloudy,Partly cloudy throughout the day.,partly-cloudy-day,"SCEL,85577099999,85574099999",Cloudy
"-33.3537,-70.6811",2023-07-27,19.0,4.6,10.7,19.0,3.2,10.3,5.6,74.9,0.0,0.0,0.0,,0.0,0.0,17.3,13.0,169.8,1020.1,22.1,6.2,165.2,14.3,6.0,10.0,2023-07-27T07:38:00,2023-07-27T18:00:55,0.33,Partially cloudy,Partly cloudy throughout the day.,partly-cloudy-day,"SCEL,85577099999,85574099999",Cloudy
"-33.3537,-70.6811",2023-07-28,23.0,4.3,13.0,23.0,2.7,12.8,5.0,63.6,0.0,0.0,0.0,,0.0,0.0,16.9,11.2,82.4,1019.3,57.6,7.2,130.1,11.3,5.0,10.0,2023-07-28T07:37:18,2023-07-28T18:01:36,0.36,Partially cloudy,Partly cloudy throughout the day.,partly-cloudy-day,"SCEL,85577099999,85574099999",Cloudy
"-33.3537,-70.6811",2023-07-29,24.0,7.2,14.8,24.0,7.0,14.8,7.6,65.9,0.0,0.0,0.0,,0.0,0.0,18.7,14.8,169.0,1017.5,52.8,8.0,161.6,14.0,6.0,10.0,2023-07-29T07:36:35,2023-07-29T18:02:16,0.4,Partially cloudy,Partly cloudy throughout the day.,partly-cloudy-day,"SCEL,85577099999,85574099999",Cloudy
"-33.3537,-70.6811",2023-07-30,22.0,8.0,14.2,22.0,7.1,14.1,8.4,70.1,0.0,0.0,0.0,,0.0,0.0,15.8,12.8,128.4,1016.9,55.2,7.4,149.0,12.9,6.0,10.0,2023-07-30T07:35:50,2023-07-30T18:02:57,0.43,Partially cloudy,Partly cloudy throughout the day.,partly-cloudy-day,"SCEL,85577099999,85574099999",Cloudy
"-33.3537,-70.6811",2023-07-31,22.3,6.6,13.8,22.3,6.6,13.8,8.3,73.1,0.0,0.0,0.0,,0.0,0.0,19.1,18.3,162.2,1018.4,30.5,7.1,172.9,14.9,6.0,10.0,2023-07-31T07:35:04,2023-07-31T18:03:38,0.46,Partially cloudy,Clearing in the afternoon.,partly-cloudy-day,"SCEL,85577099999,85574099999",Cloudy
"-33.3537,-70.6811",2023-08-01,22.5,4.5,12.3,22.5,3.3,12.1,6.9,74.7,0.0,0.0,0.0,,0.0,0.0,19.8,16.0,185.8,1019.6,1.3,6.0,173.6,15.0,7.0,10.0,2023-08-01T07:34:16,2023-08-01T18:04:19,0.5,Clear,Clear conditions throughout the day.,clear-day,"SCEL,85577099999,85574099999",Sunny
"-33.3537,-70.6811",2023-08-02,23.0,5.9,12.9,23.0,5.9,12.9,6.2,68.0,0.0,0.0,0.0,,0.0,0.0,17.3,22.3,164.9,1018.9,0.5,7.8,168.1,14.5,6.0,10.0,2023-08-02T07:33:27,2023-08-02T18:05:00,0.53,Clear,Clear conditions throughout the day.,clear-day,"SCEL,85577099999,85574099999",Windy
"-33.3537,-70.6811",2023-08-03,25.0,5.0,13.4,25.0,5.0,13.3,5.7,64.8,0.0,0.0,0.0,,0.0,0.0,20.2,20.7,193.3,1018.0,22.2,8.5,174.6,15.1,7.0,10.0,2023-08-03T07:32:37,2023-08-03T18:05:41,0.56,Partially cloudy,Partly cloudy throughout the day.,partly-cloudy-day,"SCEL,85577099999,85574099999",Cloudy
"-33.3537,-70.6811",2023-08-04,25.4,5.7,13.7,25.4,5.1,13.6,5.6,63.6,0.0,0.0,0.0,,0.0,0.0,19.1,20.5,164.4,1015.2,13.3,8.5,177.9,15.3,7.0,10.0,2023-08-04T07:31:45,2023-08-04T18:06:22,0.6,Clear,Clear conditions throughout the day.,clear-day,"SCEL,85577099999,85574099999",Windy
"-33.3537,-70.6811",2023-08-05,11.0,5.0,8.9,11.0,3.9,8.1,7.6,91.6,0.1,100.0,4.17,rain,0.0,0.0,24.5,16.4,162.9,1015.7,82.7,4.8,164.6,14.2,6.0,10.0,2023-08-05T07:30:53,2023-08-05T18:07:03,0.63,"Rain, Partially cloudy",Partly cloudy throughout the day with late afternoon rain.,rain,"SCEL,85577099999,85574099999",Rainy
"-33.3537,-70.6811",2023-08-06,17.0,6.0,11.8,17.0,6.0,11.7,7.5,77.5,3.0,100.0,41.67,rain,0.0,0.0,23.0,13.0,217.4,1020.2,47.2,7.4,164.2,14.0,6.0,10.0,2023-08-06T07:29:59,2023-08-06T18:07:45,0.67,"Rain, Partially cloudy",Partly cloudy throughout the day with rain clearing later.,rain,"SCEL,85577099999,85574099999",Rainy
"-33.3537,-70.6811",2023-08-07,16.5,2.6,9.8,16.5,2.6,9.7,6.1,79.8,0.0,0.0,0.0,,0.0,0.0,25.2,14.8,153.6,1018.1,67.7,7.0,129.0,11.3,5.0,10.0,2023-08-07T07:29:04,2023-08-07T18:08:26,0.7,Partially cloudy,Partly cloudy throughout the day.,partly-cloudy-day,"SCEL,85577099999,85574099999",Cloudy
"-33.3537,-70.6811",2023-08-08,20.0,5.4,12.9,20.0,5.4,12.8,7.8,73.9,0.3,100.0,12.5,rain,0.0,0.0,21.6,21.1,178.2,1018.9,47.5,6.5,175.4,15.0,7.0,10.0,2023-08-08T07:28:07,2023-08-08T18:09:07,0.75,"Rain, Partially cloudy",Becoming cloudy in the afternoon with early morning rain.,rain,"SCEL,85577099999,85574099999",Rainy
"-33.3537,-70.6811",2023-08-09,16.0,8.7,12.0,16.0,8.6,11.9,8.5,80.3,0.3,100.0,12.5,rain,0.0,0.0,23.8,25.9,166.7,1015.9,96.5,5.6,70.5,6.2,3.0,10.0,2023-08-09T07:27:10,2023-08-09T18:09:48,0.77,"Rain, Overcast",Cloudy skies throughout the day with late afternoon rain.,rain,"SCEL,85577099999,85574099999",Rainy
"-33.3537,-70.6811",2023-08-10,17.0,7.6,11.5,17.0,5.4,10.9,6.5,73.2,14.9,100.0,91.67,rain,0.0,0.0,35.3,27.7,138.7,1021.9,68.8,9.7,83.9,7.2,4.0,10.0,2023-08-10T07:26:11,2023-08-10T18:10:30,0.8,"Rain, Partially cloudy",Partly cloudy throughout the day with a chance of rain throughout the day.,rain,"SCEL,85577099999,85574099999",Rainy
"-33.3537,-70.6811",2023-08-11,15.3,6.3,10.4,15.3,6.3,10.0,6.3,77.7,0.4,100.0,12.5,rain,0.0,0.0,27.7,20.7,192.1,1023.8,53.0,9.3,177.3,15.2,7.0,10.0,2023-08-11T07:25:11,2023-08-11T18:11:11,0.84,"Rain, Partially cloudy",Partly cloudy throughout the day with early morning rain.,rain,"SCEL,85577099999,85574099999",Rainy
"-33.3537,-70.6811",2023-08-12,21.0,3.7,11.6,21.0,3.7,11.5,4.7,66.9,0.0,0.0,0.0,,0.0,0.0,24.5,16.6,178.8,1020.1,36.7,8.9,185.0,16.0,7.0,10.0,2023-08-12T07:24:11,2023-08-12T18:11:52,0.87,Partially cloudy,Partly cloudy throughout the day.,partly-cloudy-day,"SCEL,85577099999,85574099999",Cloudy
"-33.3537,-70.6811",2023-08-13,25.5,5.0,14.2,25.5,3.9,14.0,4.5,57.6,0.0,0.0,0.0,,0.0,0.0,20.2,13.1,165.5,1017.3,28.7,9.5,193.0,16.7,7.0,10.0,2023-08-13T07:23:09,2023-08-13T18:12:33,0.91,Partially cloudy,Becoming cloudy in the afternoon.,partly-cloudy-day,"SCEL,85577099999,85574099999",Cloudy
"-33.3537,-70.6811",2023-08-14,26.9,5.0,15.4,26.1,5.0,15.3,6.5,60.9,0.0,0.0,0.0,,0.0,0.0,18.4,21.9,159.3,1014.5,60.1,16.3,184.0,16.0,7.0,10.0,2023-08-14T07:22:06,2023-08-14T18:13:14,0.94,Partially cloudy,Partly cloudy throughout the day.,partly-cloudy-day,"SCEL,85577099999,remote,85574099999",Cloudy
"-33.3537,-70.6811",2023-08-15,15.8,9.4,11.6,15.8,6.5,11.3,9.4,86.8,0.5,100.0,16.67,rain,0.0,0.0,21.2,24.8,191.2,1016.1,96.5,17.5,110.0,9.4,4.0,10.0,2023-08-15T07:21:02,2023-08-15T18:13:55,0.97,"Rain, Overcast",Cloudy skies throughout the day with late afternoon rain.,rain,"85577099999,remote,85574099999",Rainy
"-33.3537,-70.6811",2023-08-16,15.2,10.2,12.5,15.2,10.2,12.5,9.3,81.7,4.6,100.0,66.67,rain,0.0,0.0,33.5,15.4,183.4,1018.2,87.1,11.9,119.6,10.3,5.0,10.0,2023-08-16T07:19:57,2023-08-16T18:14:36,0.0,"Rain, Partially cloudy",Partly cloudy throughout the day with a chance of rain throughout the day.,rain,"SCEL,85577099999,remote,85574099999",Rainy
"-33.3537,-70.6811",2023-08-17,15.3,10.4,12.1,15.3,10.4,12.1,9.1,82.1,13.0,100.0,87.5,rain,0.0,0.0,34.2,21.4,188.5,1020.9,86.8,10.1,100.1,8.7,4.0,10.0,2023-08-17T07:18:51,2023-08-17T18:15:17,0.04,"Rain, Partially cloudy",Partly cloudy throughout the day with a chance of rain throughout the day.,rain,"SCEL,85577099999,85574099999",Rainy
"-33.3537,-70.6811",2023-08-18,16.0,7.7,11.6,16.0,6.4,11.3,6.3,71.7,0.4,100.0,8.33,rain,0.0,0.0,29.5,18.2,190.0,1021.7,87.3,9.8,173.1,14.9,7.0,10.0,2023-08-18T07:17:44,2023-08-18T18:15:58,0.08,"Rain, Partially cloudy",Partly cloudy throughout the day with early morning rain.,rain,"SCEL,85577099999,85574099999",Rainy
"-33.3537,-70.6811",2023-08-19,13.0,9.0,10.6,13.0,7.7,10.3,9.1,91.0,20.0,100.0,83.33,rain,0.0,0.2,33.8,22.4,135.5,1019.7,100.0,9.1,23.8,2.1,1.0,10.0,2023-08-19T07:16:36,2023-08-19T18:16:39,0.11,"Rain, Overcast",Cloudy skies throughout the day with a chance of rain throughout the day.,rain,"SCEL,85577099999,remote,85574099999",Rainy
"-33.3537,-70.6811",2023-08-20,16.2,9.6,11.9,16.2,9.0,11.9,9.9,88.3,2.6,100.0,16.67,rain,0.0,0.2,34.2,21.6,163.9,1017.6,95.2,7.6,93.8,8.2,4.0,10.0,2023-08-20T07:15:28,2023-08-20T18:17:19,0.15,"Rain, Overcast",Cloudy skies throughout the day with rain.,rain,"SCEL,85577099999,85574099999",Rainy
"-33.3537,-70.6811",2023-08-21,17.0,9.9,12.9,17.0,9.9,12.9,9.3,79.8,0.1,100.0,4.17,rain,0.0,0.1,28.8,24.1,163.5,1012.4,86.6,10.0,72.0,6.2,2.0,10.0,2023-08-21T07:14:18,2023-08-21T18:18:00,0.18,"Rain, Partially cloudy",Partly cloudy throughout the day with morning rain.,rain,"SCEL,85577099999,85574099999",Rainy
"-33.3537,-70.6811",2023-08-22,15.4,9.7,13.0,15.4,7.3,12.9,8.2,73.4,45.2,100.0,91.67,rain,0.0,0.2,63.0,33.8,342.0,1011.3,94.3,9.8,29.1,2.5,1.0,10.0,2023-08-22T07:13:08,2023-08-22T18:18:40,0.21,"Rain, Overcast",Cloudy skies throughout the day with a chance of rain throughout the day.,rain,"SCEL,85577099999,remote,85574099999",Rainy
"-33.3537,-70.6811",2023-08-23,10.2,7.6,8.6,10.2,5.3,7.6,7.9,94.9,41.3,100.0,91.67,rain,0.0,0.2,16.9,18.6,156.1,1017.3,96.9,7.6,63.6,5.5,3.0,10.0,2023-08-23T07:11:57,2023-08-23T18:19:20,0.25,"Rain, Overcast",Cloudy skies throughout the day with a chance of rain throughout the day.,rain,"SCEL,85577099999,85574099999",Rainy
"-33.3537,-70.6811",2023-08-24,14.0,5.7,9.7,14.0,5.7,9.3,6.3,81.4,0.3,100.0,12.5,rain,0.0,0.2,22.3,16.6,220.8,1020.3,74.8,8.8,188.4,16.3,7.0,10.0,2023-08-24T07:10:45,2023-08-24T18:20:01,0.25,"Rain, Partially cloudy",Partly cloudy throughout the day with early morning rain.,rain,"SCEL,85577099999,85574099999",Rainy
"-33.3537,-70.6811",2023-08-25,16.6,3.0,9.5,16.6,1.6,9.1,4.8,75.6,0.0,0.0,0.0,,0.0,0.2,28.8,16.7,185.0,1023.4,16.3,8.9,210.9,18.2,8.0,10.0,2023-08-25T07:09:32,2023-08-25T18:20:41,0.32,Clear,Clear conditions throughout the day.,clear-day,"SCEL,85577099999,85574099999",Sunny
"-33.3537,-70.6811",2023-08-26,18.0,2.7,9.7,18.0,2.7,9.5,3.6,70.7,0.0,0.0,0.0,,0.0,0.2,23.0,14.8,230.7,1021.4,25.3,8.6,193.9,16.7,7.0,10.0,2023-08-26T07:08:19,2023-08-26T18:21:21,0.35,Partially cloudy,Clearing in the afternoon.,partly-cloudy-day,"SCEL,85577099999,85574099999",Cloudy
"-33.3537,-70.6811",2023-08-27,21.0,2.1,11.2,21.0,2.1,11.0,3.0,63.2,0.0,0.0,0.0,,0.0,0.0,20.2,10.0,261.4,1017.7,16.3,9.2,222.1,19.3,8.0,10.0,2023-08-27T07:07:05,2023-08-27T18:22:01,0.38,Clear,Clear conditions throughout the day.,clear-day,"SCEL,85577099999,85574099999",Sunny
"-33.3537,-70.6811",2023-08-28,16.0,8.8,12.9,16.0,8.0,12.8,4.6,58.2,0.2,100.0,8.33,rain,0.0,0.0,24.1,20.5,154.4,1018.6,82.1,10.0,123.3,10.8,5.0,10.0,2023-08-28T07:05:50,2023-08-28T18:22:41,0.42,"Rain, Partially cloudy",Partly cloudy throughout the day with rain clearing later.,rain,"SCEL,85577099999,85574099999",Rainy
"-33.3537,-70.6811",2023-08-29,20.6,3.0,11.8,20.6,3.0,11.7,4.1,62.9,0.0,0.0,0.0,,0.0,0.0,22.0,20.5,188.0,1020.3,15.1,9.8,228.5,19.8,8.0,10.0,2023-08-29T07:04:35,2023-08-29T18:23:21,0.45,Clear,Clear conditions throughout the day.,clear-day,"SCEL,85577099999,85574099999",Windy
"-33.3537,-70.6811",2023-08-30,18.1,7.0,11.8,18.1,4.3,11.3,6.5,71.2,0.2,100.0,8.33,rain,0.0,0.0,29.5,21.3,186.6,1022.0,38.7,10.0,218.5,18.9,8.0,10.0,2023-08-30T07:03:19,2023-08-30T18:24:00,0.5,"Rain, Partially cloudy",Partly cloudy throughout the day with morning rain.,rain,"SCEL,85577099999,85574099999",Rainy
"-33.3537,-70.6811",2023-08-31,20.3,5.0,12.3,20.3,4.7,12.1,7.1,73.1,0.0,0.0,0.0,,0.0,0.0,24.5,25.9,197.9,1016.0,38.9,8.7,217.7,18.8,8.0,10.0,2023-08-31T07:02:02,2023-08-31T18:24:40,0.52,Partially cloudy,Becoming cloudy in the afternoon.,partly-cloudy-day,"SCEL,85577099999,85574099999",Cloudy
"-33.3537,-70.6811",2023-09-01,15.9,11.0,13.0,15.9,11.0,13.0,7.5,69.6,0.7,100.0,25.0,rain,0.0,0.0,18.0,18.7,175.6,1016.0,94.4,9.8,50.3,4.3,2.0,10.0,2023-09-01T07:00:45,2023-09-01T18:25:19,0.55,"Rain, Overcast",Cloudy skies throughout the day with late afternoon rain.,rain,"SCEL,85577099999,85574099999",Rainy
"-33.3537,-70.6811",2023-09-02,16.0,9.6,12.1,16.0,8.4,12.0,7.9,75.8,7.6,100.0,62.5,rain,0.0,0.0,34.6,24.5,187.2,1014.0,89.8,10.0,77.9,6.7,3.0,10.0,2023-09-02T06:59:27,2023-09-02T18:25:59,0.59,"Rain, Partially cloudy",Partly cloudy throughout the day with a chance of rain throughout the day.,rain,"SCEL,85577099999,85574099999",Rainy
"-33.3537,-70.6811",2023-09-03,17.3,9.0,12.4,17.3,8.5,12.3,8.3,77.8,13.8,100.0,70.83,rain,0.0,0.0,28.4,17.5,208.0,1018.1,77.3,8.3,164.4,13.6,6.0,10.0,2023-09-03T07:58:09,2023-09-03T19:26:38,0.62,"Rain, Partially cloudy",Partly cloudy throughout the day with a chance of rain throughout the day.,rain,"SCEL,85577099999,85574099999",Rainy
"-33.3537,-70.6811",2023-09-04,13.8,10.0,11.7,13.8,10.0,11.7,8.9,83.0,4.4,100.0,66.67,rain,0.0,0.0,27.0,13.7,180.4,1022.4,90.7,9.9,54.8,4.7,2.0,10.0,2023-09-04T07:56:51,2023-09-04T19:27:18,0.65,"Rain, Overcast",Cloudy skies throughout the day with a chance of rain throughout the day.,rain,"SCEL,85577099999,85574099999",Rainy
"-33.3537,-70.6811",2023-09-05,13.1,6.0,10.2,13.1,5.1,10.1,8.6,89.6,0.0,0.0,0.0,,0.0,0.1,15.1,9.4,359.8,1018.8,84.5,4.7,54.1,4.6,2.0,10.0,2023-09-05T07:55:32,2023-09-05T19:27:57,0.69,Partially cloudy,Partly cloudy throughout the day.,partly-cloudy-day,"SCEL,85577099999,85574099999",Cloudy
"-33.3537,-70.6811",2023-09-06,11.3,8.0,10.0,11.3,5.5,9.6,9.5,96.5,29.0,100.0,95.83,rain,0.0,0.2,31.3,22.3,172.3,1018.4,100.0,5.4,37.4,3.2,2.0,10.0,2023-09-06T07:54:12,2023-09-06T19:28:37,0.75,"Rain, Overcast",Cloudy skies throughout the day with a chance of rain throughout the day.,rain,"SCEL,85577099999,85574099999",Rainy
"-33.3537,-70.6811",2023-09-07,15.2,6.1,10.5,15.2,4.8,10.2,7.1,81.4,4.9,100.0,25.0,rain,0.0,0.1,29.2,20.5,231.5,1021.6,72.8,9.5,198.8,16.2,8.0,10.0,2023-09-07T07:52:52,2023-09-07T19:29:16,0.75,"Rain, Partially cloudy",Partly cloudy throughout the day with early morning rain.,rain,"SCEL,85577099999,85574099999",Rainy
"-33.3537,-70.6811",2023-09-08,16.8,9.0,12.4,16.8,7.2,12.0,8.4,77.5,2.2,100.0,29.17,rain,0.0,0.1,32.0,14.8,206.7,1018.7,89.8,10.6,146.3,12.0,6.0,10.0,2023-09-08T07:51:32,2023-09-08T19:29:55,0.79,"Rain, Partially cloudy",Partly cloudy throughout the day with rain clearing later.,rain,"SCEL,85577099999,85574099999",Rainy
"-33.3537,-70.6811",2023-09-09,16.1,10.0,12.6,16.1,9.1,12.5,8.4,77.1,1.0,100.0,29.17,rain,0.0,0.1,20.9,14.8,176.8,1018.8,91.2,9.9,122.5,9.9,5.0,10.0,2023-09-09T07:50:11,2023-09-09T19:30:35,0.82,"Rain, Overcast",Cloudy skies throughout the day with a chance of rain throughout the day.,rain,"SCEL,85577099999,85574099999",Rainy
"-33.3537,-70.6811",2023-09-10,13.3,9.9,11.4,13.3,9.6,11.4,8.7,83.4,0.1,100.0,4.17,rain,0.0,0.1,24.5,10.9,337.8,1017.2,97.2,9.2,49.3,4.2,3.0,10.0,2023-09-10T07:48:50,2023-09-10T19:31:14,0.85,"Rain, Overcast",Cloudy skies throughout the day with late afternoon rain.,rain,"SCEL,85577099999,85574099999",Rainy
"-33.3537,-70.6811",2023-09-11,17.0,8.8,12.2,17.0,7.2,11.5,7.3,74.4,22.1,100.0,66.67,rain,0.0,0.1,41.0,21.9,203.9,1020.4,73.2,9.6,227.2,18.8,8.0,10.0,2023-09-11T07:47:29,2023-09-11T19:31:53,0.89,"Rain, Partially cloudy",Partly cloudy throughout the day with a chance of rain throughout the day.,rain,"SCEL,85577099999,85574099999",Rainy
"-33.3537,-70.6811",2023-09-12,15.0,7.9,10.9,15.0,5.4,10.0,5.1,67.9,5.1,100.0,66.67,rain,0.0,0.1,25.6,20.9,198.9,1021.4,65.7,10.0,211.0,17.4,7.0,10.0,2023-09-12T07:46:08,2023-09-12T19:32:33,0.92,"Rain, Partially cloudy",Partly cloudy throughout the day with a chance of rain throughout the day.,rain,"SCEL,85577099999,85574099999",Rainy
"-33.3537,-70.6811",2023-09-13,14.3,4.6,10.1,14.3,4.4,9.9,6.2,78.1,0.0,0.0,0.0,,0.0,0.1,19.8,14.8,181.7,1025.4,81.7,9.5,156.2,12.8,5.0,10.0,2023-09-13T07:44:46,2023-09-13T19:33:12,0.95,Partially cloudy,Partly cloudy throughout the day.,partly-cloudy-day,"SCEL,85577099999,85574099999",Cloudy
"-33.3537,-70.6811",2023-09-14,21.8,9.0,14.2,21.8,7.6,14.1,7.8,68.4,0.0,0.0,0.0,,0.0,0.1,27.0,9.6,207.5,1022.5,53.3,8.8,237.5,19.7,8.0,10.0,2023-09-14T07:43:24,2023-09-14T19:33:52,0.0,Partially cloudy,Clearing in the afternoon.,partly-cloudy-day,"SCEL,85577099999,85574099999",Cloudy
"-33.3537,-70.6811",2023-09-15,25.5,7.7,15.8,25.5,7.7,15.8,8.7,67.3,0.0,0.0,0.0,,0.0,0.0,22.7,18.1,205.9,1015.3,0.7,8.1,274.8,22.7,9.0,10.0,2023-09-15T07:42:02,2023-09-15T19:34:31,0.02,Clear,Clear conditions throughout the day.,clear-day,"SCEL,85577099999,85574099999",Sunny
"-33.3537,-70.6811",2023-09-16,19.9,7.9,13.7,19.9,7.3,13.6,8.6,73.0,0.1,100.0,4.17,rain,0.0,0.0,28.4,20.5,194.6,1016.0,20.9,10.0,267.7,22.2,9.0,10.0,2023-09-16T07:40:40,2023-09-16T19:35:11,0.05,"Rain, Partially cloudy",Partly cloudy throughout the day with rain.,rain,"SCEL,85577099999,85574099999",Rainy
"-33.3537,-70.6811",2023-09-17,12.0,7.9,10.4,12.0,7.0,10.0,7.5,82.5,3.4,100.0,70.83,rain,0.0,0.0,30.2,18.4,179.0,1019.4,95.6,9.8,182.6,15.1,8.0,10.0,2023-09-17T07:39:17,2023-09-17T19:35:50,0.09,"Rain, Overcast",Cloudy skies throughout the day with a chance of rain throughout the day.,rain,"SCEL,85577099999,85574099999",Rainy
"-33.3537,-70.6811",2023-09-18,14.9,6.0,10.1,14.9,6.0,10.0,6.5,79.5,0.0,0.0,0.0,,0.0,0.0,18.7,16.6,191.6,1018.5,94.5,8.9,136.1,11.2,5.0,10.0,2023-09-18T07:37:55,2023-09-18T19:36:30,0.12,Overcast,Cloudy skies throughout the day.,cloudy,"SCEL,85577099999,85574099999",Foggy
"-33.3537,-70.6811",2023-09-19,19.0,8.0,12.7,19.0,6.4,12.4,7.2,70.9,0.0,0.0,0.0,,0.0,0.0,21.2,20.5,175.2,1013.9,84.7,9.6,195.4,16.2,7.0,10.0,2023-09-19T07:36:32,2023-09-19T19:37:10,0.16,Partially cloudy,Partly cloudy throughout the day.,partly-cloudy-day,"SCEL,85577099999,85574099999",Cloudy
"-33.3537,-70.6811",2023-09-20,16.6,9.0,12.6,16.6,9.0,12.6,8.4,75.9,3.2,100.0,58.33,rain,0.0,0.0,25.6,20.9,183.0,1014.9,84.6,9.8,181.4,15.0,6.0,10.0,2023-09-20T07:35:10,2023-09-20T19:37:50,0.19,"Rain, Partially cloudy",Partly cloudy throughout the day with a chance of rain throughout the day.,rain,"SCEL,85577099999,85574099999",Rainy
"-33.3537,-70.6811",2023-09-21,18.8,9.0,12.8,18.8,7.2,12.6,8.5,76.8,1.9,100.0,45.83,rain,0.0,0.0,25.2,26.6,207.7,1016.5,74.5,8.8,186.4,15.3,6.0,10.0,2023-09-21T07:33:47,2023-09-21T19:38:30,0.23,"Rain, Partially cloudy",Partly cloudy throughout the day with rain.,rain,"SCEL,85577099999,85574099999",Rainy
"-33.3537,-70.6811",2023-09-22,15.1,9.2,12.0,15.1,9.2,12.0,9.1,82.3,0.0,0.0,0.0,,0.0,0.0,17.3,14.6,186.6,1017.5,93.2,9.0,81.6,6.6,3.0,10.0,2023-09-22T07:32:25,2023-09-22T19:39:10,0.25,Overcast,Cloudy skies throughout the day.,cloudy,"SCEL,85577099999,85574099999",Foggy
"-33.3537,-70.6811",2023-09-23,18.0,9.9,12.8,18.0,7.9,12.7,9.7,82.1,0.0,0.0,0.0,,0.0,0.1,20.9,17.3,184.0,1016.8,79.1,7.4,166.5,13.9,6.0,10.0,2023-09-23T07:31:02,2023-09-23T19:39:51,0.3,Partially cloudy,Partly cloudy throughout the day.,partly-cloudy-day,"SCEL,85577099999,85574099999",Cloudy
"-33.3537,-70.6811",2023-09-24,19.1,9.0,12.2,19.1,7.0,11.8,8.1,78.9,0.0,0.0,0.0,,0.0,0.0,25.6,13.0,194.5,1018.5,58.7,6.3,288.7,23.9,9.0,10.0,2023-09-24T07:29:40,2023-09-24T19:40:31,0.33,Partially cloudy,Partly cloudy throughout the day.,partly-cloudy-day,"SCEL,85577099999,85574099999",Cloudy
"-33.3537,-70.6811",2023-09-25,18.1,5.0,11.3,18.1,3.8,11.0,6.5,74.9,0.4,100.0,16.67,rain,0.0,0.0,31.3,35.3,202.4,1019.4,26.7,8.6,286.9,23.5,9.0,10.0,2023-09-25T07:28:17,2023-09-25T19:41:12,0.37,"Rain, Partially cloudy",Partly cloudy throughout the day with late afternoon rain.,rain,"SCEL,85577099999,85574099999",Rainy
"-33.3537,-70.6811",2023-09-26,17.6,6.0,11.8,17.6,3.6,11.0,5.0,65.4,0.6,100.0,20.83,rain,0.0,0.0,32.8,16.6,191.7,1022.5,48.9,10.0,264.7,21.9,8.0,10.0,2023-09-26T07:26:55,2023-09-26T19:41:53,0.4,"Rain, Partially cloudy",Partly cloudy throughout the day with early morning rain.,rain,"SCEL,85577099999,85574099999",Rainy
"-33.3537,-70.6811",2023-09-27,21.4,4.0,12.4,21.4,2.1,12.2,5.5,66.1,0.0,0.0,0.0,,0.0,0.0,26.6,21.4,195.2,1017.4,0.0,9.9,305.8,25.3,9.0,10.0,2023-09-27T07:25:33,2023-09-27T19:42:34,0.44,Clear,Clear conditions throughout the day.,clear-day,"SCEL,85577099999,85574099999",Windy
"-33.3537,-70.6811",2023-09-28,19.2,5.1,12.5,19.2,5.1,12.5,5.6,65.6,0.0,0.0,0.0,,0.0,0.0,28.1,19.0,183.9,1018.1,35.9,9.9,291.3,24.1,9.0,10.0,2023-09-28T07:24:11,2023-09-28T19:43:16,0.47,Partially cloudy,Partly cloudy throughout the day.,partly-cloudy-day,"SCEL,85577099999,85574099999",Cloudy
"-33.3537,-70.6811",2023-09-29,24.0,5.6,14.5,24.0,4.0,14.4,6.2,61.4,0.0,0.0,0.0,,0.0,0.0,25.9,22.6,206.4,1014.5,1.0,9.7,312.7,25.9,10.0,10.0,2023-09-29T07:22:49,2023-09-29T19:43:57,0.5,Clear,Clear conditions throughout the day.,clear-day,"SCEL,85577099999,85574099999",Windy
"-33.3537,-70.6811",2023-09-30,25.0,7.2,15.4,25.0,6.0,15.3,9.2,70.0,0.0,0.0,0.0,,0.0,0.0,25.9,24.1,189.8,1013.7,0.1,9.1,309.5,25.4,10.0,10.0,2023-09-30T07:21:28,2023-09-30T19:44:39,0.54,Clear,Clear conditions throughout the day.,clear-day,"SCEL,85577099999,85574099999",Windy
"-33.3537,-70.6811",2023-10-01,13.3,9.0,10.8,13.3,6.7,10.2,9.5,92.1,0.0,0.0,0.0,,0.0,0.0,30.2,20.3,178.4,1016.0,93.2,5.5,292.5,24.3,9.0,10.0,2023-10-01T07:20:07,2023-10-01T19:45:21,0.57,Overcast,Cloudy skies throughout the day.,cloudy,"SCEL,85577099999,85574099999",Windy
"-33.3537,-70.6811",2023-10-02,15.0,9.0,11.5,15.0,7.6,10.9,6.6,72.7,4.8,100.0,79.17,rain,0.0,0.0,29.5,16.6,185.2,1016.4,94.7,9.8,221.2,18.3,7.0,10.0,2023-10-02T07:18:46,2023-10-02T19:46:03,0.6,"Rain, Overcast",Cloudy skies throughout the day with a chance of rain throughout the day.,rain,"SCEL,85577099999,85574099999",Rainy
"-33.3537,-70.6811",2023-10-03,17.0,8.6,11.7,17.0,7.0,11.0,6.1,69.7,14.4,100.0,66.67,rain,0.0,0.2,29.5,17.0,178.5,1019.6,69.8,9.9,181.8,15.0,6.0,10.0,2023-10-03T07:17:25,2023-10-03T19:46:46,0.64,"Rain, Partially cloudy",Partly cloudy throughout the day with a chance of rain throughout the day.,rain,"SCEL,85577099999,85574099999",Rainy
"-33.3537,-70.6811",2023-10-04,21.0,4.0,12.2,21.0,4.0,12.2,5.1,66.5,0.2,100.0,8.33,rain,0.0,0.2,27.7,26.6,208.6,1017.9,6.2,9.2,313.5,25.9,10.0,10.0,2023-10-04T07:16:05,2023-10-04T19:47:29,0.67,Rain,Clear conditions throughout the day with afternoon rain.,rain,"SCEL,85577099999,85574099999",Rainy
"-33.3537,-70.6811",2023-10-05,19.4,5.0,12.3,19.4,5.0,12.1,6.2,68.9,0.9,100.0,16.67,rain,0.0,0.0,36.0,27.7,196.1,1015.2,25.9,9.7,299.1,24.7,10.0,10.0,2023-10-05T07:14:45,2023-10-05T19:48:12,0.7,"Rain, Partially cloudy",Partly cloudy throughout the day with afternoon rain.,rain,"SCEL,85577099999,85574099999",Rainy
"-33.3537,-70.6811",2023-10-06,17.1,7.0,11.6,17.1,4.5,10.9,6.1,70.7,1.7,100.0,54.17,rain,0.0,0.0,29.2,22.4,183.5,1021.1,59.7,9.5,288.6,23.7,9.0,10.0,2023-10-06T07:13:26,2023-10-06T19:48:55,0.75,"Rain, Partially cloudy",Partly cloudy throughout the day with a chance of rain throughout the day.,rain,"SCEL,85577099999,85574099999",Rainy
"-33.3537,-70.6811",2023-10-07,22.2,4.5,13.2,22.2,4.5,13.2,5.0,63.2,0.0,0.0,0.0,,0.0,0.0,25.6,23.4,194.1,1020.9,0.0,9.4,326.1,27.0,10.0,10.0,2023-10-07T07:12:07,2023-10-07T19:49:39,0.77,Clear,Clear conditions throughout the day.,clear-day,"SCEL,85577099999,85574099999",Windy
"-33.3537,-70.6811",2023-10-08,25.2,5.9,15.4,25.2,5.9,15.4,5.9,59.4,0.0,0.0,0.0,,0.0,0.0,27.0,24.1,196.7,1019.5,5.3,9.9,324.7,26.9,10.0,10.0,2023-10-08T07:10:48,2023-10-08T19:50:23,0.8,Clear,Clear conditions throughout the day.,clear-day,"SCEL,85577099999,85574099999",Windy
"-33.3537,-70.6811",2023-10-09,26.1,7.1,16.7,26.1,7.1,16.7,6.4,54.7,0.0,0.0,0.0,,0.0,0.0,27.7,28.5,192.5,1014.7,14.8,9.8,319.6,26.5,10.0,10.0,2023-10-09T07:09:31,2023-10-09T19:51:08,0.83,Clear,Clear conditions throughout the day.,clear-day,"SCEL,85577099999,85574099999",Windy
"-33.3537,-70.6811",2023-10-10,18.0,8.0,12.3,18.0,6.8,12.0,6.5,68.4,0.0,0.0,0.0,,0.0,0.0,24.8,26.9,178.4,1018.0,78.4,9.9,215.4,17.9,7.0,10.0,2023-10-10T07:08:13,2023-10-10T19:51:53,0.87,Partially cloudy,Partly cloudy throughout the day.,partly-cloudy-day,"SCEL,85577099999,85574099999",Cloudy
"-33.3537,-70.6811",2023-10-11,20.0,5.0,12.1,20.0,3.9,11.7,6.3,71.6,0.0,0.0,0.0,,0.0,0.0,30.2,22.6,213.1,1019.7,43.8,9.1,335.4,27.6,10.0,10.0,2023-10-11T07:06:56,2023-10-11T19:52:38,0.9,Partially cloudy,Partly cloudy throughout the day.,partly-cloudy-day,"SCEL,85577099999,85574099999",Cloudy
"-33.3537,-70.6811",2023-10-12,24.1,5.9,14.8,24.1,5.9,14.8,5.3,59.2,0.0,0.0,0.0,,0.0,0.0,30.2,22.9,211.5,1017.7,0.0,9.4,341.6,28.4,10.0,10.0,2023-10-12T07:05:40,2023-10-12T19:53:23,0.93,Clear,Clear conditions throughout the day.,clear-day,"SCEL,85577099999,85574099999",Windy
"-33.3537,-70.6811",2023-10-13,26.0,7.0,16.5,26.0,7.0,16.5,5.4,52.3,0.0,0.0,0.0,,0.0,0.0,25.9,26.5,194.9,1014.8,38.7,9.9,315.9,26.2,9.0,10.0,2023-10-13T07:04:25,2023-10-13T19:54:09,0.96,Partially cloudy,Partly cloudy throughout the day.,partly-cloudy-day,"SCEL,85577099999,85574099999",Cloudy
"-33.3537,-70.6811",2023-10-14,25.3,7.2,16.5,25.3,7.2,16.5,5.3,52.3,0.0,0.0,0.0,,0.0,0.0,32.4,28.0,200.8,1016.9,0.9,9.9,341.6,28.2,10.0,10.0,2023-10-14T07:03:10,2023-10-14T19:54:55,0.0,Clear,Clear conditions throughout the day.,clear-day,"SCEL,85577099999,85574099999",Windy
"-33.3537,-70.6811",2023-10-15,24.0,7.1,15.0,24.0,7.1,15.0,4.6,52.7,0.0,0.0,0.0,,0.0,0.0,30.6,35.3,206.8,1017.3,13.9,9.8,326.4,27.1,10.0,10.0,2023-10-15T07:01:55,2023-10-15T19:55:42,0.03,Clear,Clear conditions throughout the day.,clear-day,"SCEL,85577099999,85574099999",Windy
"-33.3537,-70.6811",2023-10-16,23.3,7.0,15.3,23.3,5.6,15.2,4.8,52.9,0.0,0.0,0.0,,0.0,0.0,28.4,25.7,193.7,1016.8,3.6,10.0,346.4,28.7,10.0,10.0,2023-10-16T07:00:42,2023-10-16T19:56:29,0.07,Clear,Clear conditions throughout the day.,clear-day,"SCEL,85577099999,85574099999",Windy
"-33.3537,-70.6811",2023-10-17,27.0,7.0,17.0,26.2,6.2,16.8,5.3,50.2,0.0,0.0,0.0,,0.0,0.0,31.7,25.3,194.7,1012.2,25.6,9.9,344.3,28.5,10.0,10.0,2023-10-17T06:59:29,2023-10-17T19:57:17,0.1,Partially cloudy,Partly cloudy throughout the day.,partly-cloudy-day,"SCEL,85577099999,85574099999",Cloudy
"-33.3537,-70.6811",2023-10-18,22.0,9.8,14.7,22.0,8.2,14.5,7.1,62.5,15.5,100.0,41.67,rain,0.0,0.0,25.9,25.9,186.4,1018.4,50.6,9.8,212.5,17.6,7.0,10.0,2023-10-18T06:58:17,2023-10-18T19:58:04,0.14,"Rain, Partially cloudy",Partly cloudy throughout the day with rain clearing later.,rain,"SCEL,85577099999,85574099999",Rainy
"-33.3537,-70.6811",2023-10-19,27.0,5.0,16.8,26.6,5.0,16.7,5.7,54.3,0.0,0.0,0.0,,0.0,0.0,24.5,22.3,185.7,1013.9,47.1,9.3,309.0,25.6,9.0,10.0,2023-10-19T06:57:06,2023-10-19T19:58:53,0.17,Partially cloudy,Partly cloudy throughout the day.,partly-cloudy-day,"SCEL,85577099999,85574099999",Cloudy
"-33.3537,-70.6811",2023-10-20,21.1,12.3,16.0,21.1,12.3,16.0,8.7,63.0,0.0,0.0,0.0,,0.0,0.0,27.7,22.5,197.6,1013.5,86.4,9.7,217.5,18.0,7.0,10.0,2023-10-20T06:55:56,2023-10-20T19:59:41,0.21,Partially cloudy,Partly cloudy throughout the day.,partly-cloudy-day,"SCEL,85577099999,85574099999",Cloudy
"-33.3537,-70.6811",2023-10-21,16.0,10.9,13.3,16.0,10.9,13.3,10.5,83.4,0.0,0.0,0.0,,0.0,0.0,21.6,15.3,171.5,1016.1,96.1,6.7,156.5,12.9,5.0,10.0,2023-10-21T06:54:47,2023-10-21T20:00:30,0.24,Overcast,Cloudy skies throughout the day.,cloudy,"SCEL,85577099999,85574099999",Foggy
"-33.3537,-70.6811",2023-10-22,22.5,11.0,15.1,22.5,11.0,15.1,10.6,76.6,0.6,100.0,20.83,rain,0.0,0.0,29.9,30.1,173.2,1015.5,77.7,7.9,263.6,21.7,9.0,10.0,2023-10-22T06:53:38,2023-10-22T20:01:20,0.25,"Rain, Partially cloudy",Partly cloudy throughout the day with rain.,rain,"SCEL,85577099999,85574099999",Rainy
"-33.3537,-70.6811",2023-10-23,21.1,11.0,14.4,21.1,11.0,14.4,9.9,76.0,0.6,100.0,20.83,rain,0.0,0.0,34.2,27.7,186.8,1020.1,75.1,9.1,309.1,25.7,9.0,10.0,2023-10-23T06:52:31,2023-10-23T20:02:10,0.31,"Rain, Partially cloudy",Partly cloudy throughout the day with rain.,rain,"SCEL,85577099999,85574099999",Rainy
"-33.3537,-70.6811",2023-10-24,25.1,9.9,16.2,25.1,9.9,16.2,8.7,65.0,0.0,0.0,0.0,,0.0,0.0,30.2,26.4,198.3,1017.4,49.8,9.8,346.9,28.7,10.0,10.0,2023-10-24T06:51:24,2023-10-24T20:03:00,0.35,Partially cloudy,Clearing in the afternoon.,partly-cloudy-day,"SCEL,85577099999,85574099999",Cloudy
"-33.3537,-70.6811",2023-10-25,24.6,8.0,16.5,24.6,8.0,16.5,7.8,61.1,0.0,0.0,0.0,,0.0,0.0,32.0,25.9,193.7,1012.9,38.1,8.8,322.6,26.6,10.0,10.0,2023-10-25T06:50:19,2023-10-25T20:03:50,0.39,Partially cloudy,Partly cloudy throughout the day.,partly-cloudy-day,"SCEL,85577099999,85574099999",Cloudy
"-33.3537,-70.6811",2023-10-26,23.0,7.0,14.4,23.0,5.1,14.0,5.6,59.0,0.0,0.0,0.0,,0.0,0.0,17.3,33.0,199.1,1012.9,5.1,9.9,237.9,19.8,10.0,10.0,2023-10-26T06:49:14,2023-10-26T20:04:41,0.42,Clear,Clear conditions throughout the day.,clear-day,"SCEL,85577099999,85574099999",Windy
"-33.3537,-70.6811",2023-10-27,16.3,7.0,11.5,16.3,5.2,11.0,6.7,73.4,0.6,100.0,16.67,rain,0.0,0.0,35.3,21.4,185.5,1016.8,76.2,9.5,334.8,27.8,10.0,10.0,2023-10-27T06:48:11,2023-10-27T20:05:33,0.46,"Rain, Partially cloudy",Partly cloudy throughout the day with afternoon rain.,rain,"SCEL,85577099999,85574099999",Rainy
"-33.3537,-70.6811",2023-10-28,15.0,9.2,12.1,15.0,8.8,12.0,7.0,71.7,2.1,100.0,16.67,rain,0.0,0.0,29.5,27.0,180.0,1017.2,90.3,10.1,117.4,9.6,4.0,10.0,2023-10-28T06:47:09,2023-10-28T20:06:25,0.5,"Rain, Overcast",Cloudy skies throughout the day with late afternoon rain.,rain,"SCEL,85577099999,85574099999",Rainy
"-33.3537,-70.6811",2023-10-29,20.0,10.0,13.7,20.0,7.5,13.4,7.1,67.2,1.7,100.0,33.33,rain,0.0,0.0,47.5,24.9,165.8,1018.9,86.8,9.8,193.7,16.1,7.0,10.0,2023-10-29T06:46:08,2023-10-29T20:07:17,0.52,"Rain, Partially cloudy",Partly cloudy throughout the day with rain.,rain,"SCEL,85577099999,85574099999",Rainy
"-33.3537,-70.6811",2023-10-30,19.2,9.1,13.4,19.2,7.7,13.2,7.9,70.5,0.0,0.0,0.0,,0.0,0.0,18.0,22.3,188.2,1019.5,87.3,10.0,233.5,19.2,8.0,10.0,2023-10-30T06:45:08,2023-10-30T20:08:10,0.56,Partially cloudy,Partly cloudy throughout the day.,partly-cloudy-day,"SCEL,85577099999,85574099999",Cloudy
"-33.3537,-70.6811",2023-10-31,23.0,10.0,15.1,23.0,10.0,15.1,7.4,63.3,0.0,0.0,0.0,,0.0,0.0,36.7,24.1,199.8,1016.5,51.0,10.0,336.2,27.9,10.0,10.0,2023-10-31T06:44:09,2023-10-31T20:09:03,0.59,Partially cloudy,Partly cloudy throughout the day.,partly-cloudy-day,"SCEL,85577099999,85574099999",Cloudy
"-33.3537,-70.6811",2023-11-01,13.1,8.0,10.4,13.1,7.2,9.9,4.4,67.4,1.5,100.0,33.33,rain,0.0,0.0,29.5,19.2,177.7,1017.2,76.2,11.5,204.9,17.0,6.0,10.0,2023-11-01T06:43:11,2023-11-01T20:09:56,0.62,"Rain, Partially cloudy",Partly cloudy throughout the day with rain.,rain,"SCEL,85577099999,remote,85574099999",Rainy
"-33.3537,-70.6811",2023-11-02,17.9,3.0,10.8,17.9,0.9,10.6,4.3,68.8,8.8,100.0,70.83,rain,0.0,0.0,30.6,19.4,260.1,1020.6,44.9,9.0,286.0,23.7,8.0,10.0,2023-11-02T06:42:15,2023-11-02T20:10:50,0.65,"Rain, Partially cloudy",Partly cloudy throughout the day with a chance of rain throughout the day.,rain,"SCEL,85577099999,85574099999",Rainy
"-33.3537,-70.6811",2023-11-03,29.3,4.0,16.7,27.6,4.0,16.3,1.9,46.6,0.0,0.0,0.0,,0.0,0.0,25.2,16.6,175.3,1015.9,0.0,9.9,384.9,31.8,10.0,10.0,2023-11-03T06:41:20,2023-11-03T20:11:44,0.69,Clear,Clear conditions throughout the day.,clear-day,"SCEL,85577099999,85574099999",Sunny
"-33.3537,-70.6811",2023-11-04,24.8,8.3,17.0,24.8,8.3,17.0,7.3,55.4,0.0,0.0,0.0,,0.0,0.0,32.4,35.6,194.1,1011.7,5.9,9.7,360.8,29.8,10.0,10.0,2023-11-04T06:40:27,2023-11-04T20:12:38,0.72,Clear,Clear conditions throughout the day.,clear-day,"SCEL,85577099999,85574099999",Windy
"-33.3537,-70.6811",2023-11-05,24.4,10.7,16.9,24.4,10.7,16.9,9.0,62.7,0.0,0.0,0.0,,0.0,0.0,32.8,34.2,186.1,1015.1,44.8,9.9,374.8,30.9,10.0,10.0,2023-11-05T06:39:34,2023-11-05T20:13:33,0.75,Partially cloudy,Partly cloudy throughout the day.,partly-cloudy-day,"SCEL,85577099999,85574099999",Cloudy
"-33.3537,-70.6811",2023-11-06,25.0,9.0,15.7,25.0,7.6,15.5,8.7,66.0,0.0,0.0,0.0,,0.0,0.0,33.5,29.5,192.7,1014.6,19.6,10.0,362.7,30.1,10.0,10.0,2023-11-06T06:38:44,2023-11-06T20:14:27,0.78,Clear,Clear conditions throughout the day.,clear-day,"SCEL,85577099999,85574099999",Windy
"-33.3537,-70.6811",2023-11-07,25.0,10.8,17.2,25.0,10.8,17.2,8.0,58.5,0.0,0.0,0.0,,0.0,0.0,32.0,25.3,184.6,1019.2,53.6,9.8,381.4,31.6,10.0,10.0,2023-11-07T06:37:54,2023-11-07T20:15:23,0.81,Partially cloudy,Partly cloudy throughout the day.,partly-cloudy-day,"SCEL,85577099999,85574099999",Cloudy
"-33.3537,-70.6811",2023-11-08,28.1,10.3,19.6,27.0,10.3,19.4,5.5,44.7,0.0,0.0,0.0,,0.0,0.0,31.7,30.3,201.8,1014.5,35.8,10.0,381.2,31.5,10.0,10.0,2023-11-08T06:37:06,2023-11-08T20:16:18,0.85,Partially cloudy,Partly cloudy throughout the day.,partly-cloudy-day,"SCEL,85577099999,85574099999",Cloudy
"-33.3537,-70.6811",2023-11-09,25.7,10.0,18.8,25.7,9.6,18.7,6.2,45.6,0.0,0.0,0.0,,0.0,0.0,31.0,26.8,183.9,1009.6,59.9,9.9,335.5,27.8,10.0,10.0,2023-11-09T06:36:20,2023-11-09T20:17:14,0.88,Partially cloudy,Partly cloudy throughout the day.,partly-cloudy-day,"SCEL,85577099999,85574099999",Cloudy
"-33.3537,-70.6811",2023-11-10,16.8,12.0,13.6,16.8,12.0,13.6,10.2,81.1,26.0,100.0,70.83,rain,0.0,0.0,44.6,27.7,173.1,1013.0,89.5,9.5,128.6,10.7,4.0,10.0,2023-11-10T06:35:35,2023-11-10T20:18:10,0.91,"Rain, Partially cloudy",Partly cloudy throughout the day with a chance of rain throughout the day.,rain,"SCEL,85577099999,85574099999",Rainy
"-33.3537,-70.6811",2023-11-11,14.2,12.0,13.3,14.2,12.0,13.3,10.6,84.0,5.4,100.0,70.83,rain,0.0,0.0,20.5,24.8,179.8,1016.0,93.6,10.0,72.4,5.9,2.0,10.0,2023-11-11T06:34:51,2023-11-11T20:19:06,0.94,"Rain, Overcast",Cloudy skies throughout the day with a chance of rain throughout the day.,rain,"SCEL,85577099999,85574099999",Rainy
"-33.3537,-70.6811",2023-11-12,16.4,8.0,12.7,16.4,8.0,12.6,8.7,78.1,1.7,100.0,20.83,rain,0.0,0.0,31.3,27.0,187.1,1017.0,73.7,9.4,355.0,29.5,10.0,10.0,2023-11-12T06:34:09,2023-11-12T20:20:02,0.98,"Rain, Partially cloudy",Partly cloudy throughout the day with rain.,rain,"SCEL,85577099999,85574099999",Rainy
"-33.3537,-70.6811",2023-11-13,22.8,10.0,15.9,22.8,8.4,15.8,6.6,56.7,0.0,0.0,0.0,,0.0,0.0,32.4,26.0,192.8,1016.2,41.9,10.0,378.8,31.3,10.0,10.0,2023-11-13T06:33:29,2023-11-13T20:20:58,0.0,Partially cloudy,Clearing in the afternoon.,partly-cloudy-day,"SCEL,85577099999,85574099999",Cloudy
"-33.3537,-70.6811",2023-11-14,23.0,9.4,15.8,23.0,8.8,15.8,6.2,55.8,1.5,100.0,16.67,rain,0.0,0.0,34.2,27.7,196.4,1013.6,49.9,10.0,323.3,26.7,9.0,10.0,2023-11-14T06:32:50,2023-11-14T20:21:54,0.04,"Rain, Partially cloudy",Partly cloudy throughout the day with rain.,rain,"SCEL,85577099999,85574099999",Rainy
"-33.3537,-70.6811",2023-11-15,21.2,7.7,14.1,21.2,6.2,13.8,5.1,56.7,0.2,100.0,8.33,rain,0.0,0.0,37.1,29.7,188.9,1016.4,17.7,10.0,368.3,30.4,10.0,10.0,2023-11-15T06:32:13,2023-11-15T20:22:51,0.08,Rain,Clear conditions throughout the day with afternoon rain.,rain,"SCEL,85577099999,85574099999",Rainy
"-33.3537,-70.6811",2023-11-16,24.0,5.9,15.1,24.0,5.9,15.0,5.0,54.3,0.1,100.0,4.17,rain,0.0,0.0,31.7,30.5,203.2,1015.8,3.9,10.0,387.6,32.1,10.0,10.0,2023-11-16T06:31:38,2023-11-16T20:23:47,0.12,Rain,Clear conditions throughout the day with afternoon rain.,rain,"SCEL,85577099999,85574099999",Rainy
"-33.3537,-70.6811",2023-11-17,16.8,8.7,11.8,16.8,6.1,11.1,6.1,69.6,1.8,100.0,29.17,rain,0.0,0.0,36.4,21.8,173.1,1019.2,73.1,10.0,140.7,11.5,6.0,10.0,2023-11-17T06:31:04,2023-11-17T20:24:44,0.15,"Rain, Partially cloudy",Partly cloudy throughout the day with rain in the morning and afternoon.,rain,"SCEL,85577099999,85574099999",Rainy
"-33.3537,-70.6811",2023-11-18,23.0,5.9,15.5,23.0,4.4,15.4,5.9,57.5,0.0,0.0,0.0,,0.0,0.0,27.0,24.1,173.7,1018.0,51.8,9.4,323.7,26.6,10.0,10.0,2023-11-18T06:30:32,2023-11-18T20:25:40,0.19,Partially cloudy,Partly cloudy throughout the day.,partly-cloudy-day,"SCEL,85577099999,85574099999",Cloudy
"-33.3537,-70.6811",2023-11-19,29.1,9.2,19.1,27.9,9.2,18.9,8.0,54.7,0.0,0.0,0.0,,0.0,0.0,29.9,31.0,199.5,1015.6,9.9,9.8,393.9,32.5,10.0,10.0,2023-11-19T06:30:02,2023-11-19T20:26:37,0.22,Clear,Clear conditions throughout the day.,clear-day,"SCEL,85577099999,85574099999",Windy
"-33.3537,-70.6811",2023-11-20,26.5,9.1,17.7,26.5,8.5,17.6,5.7,49.2,0.0,0.0,0.0,,0.0,0.0,31.7,25.9,190.3,1016.7,49.2,9.9,392.6,32.2,10.0,10.0,2023-11-20T06:29:33,2023-11-20T20:27:33,0.25,Partially cloudy,Partly cloudy throughout the day.,partly-cloudy-day,"SCEL,85577099999,85574099999",Cloudy
"-33.3537,-70.6811",2023-11-21,24.3,11.5,18.0,24.3,11.5,18.0,9.6,60.4,0.0,0.0,0.0,,0.0,0.0,32.8,27.1,199.7,1016.0,41.3,10.6,349.8,29.0,10.0,10.0,2023-11-21T06:29:06,2023-11-21T20:28:29,0.29,Partially cloudy,Partly cloudy throughout the day.,partly-cloudy-day,"SCEL,85577099999,85574099999",Cloudy
"-33.3537,-70.6811",2023-11-22,27.0,10.3,18.6,26.2,10.3,18.5,6.8,48.8,0.0,0.0,0.0,,0.0,0.0,37.8,32.5,200.8,1017.0,42.4,9.9,365.9,30.1,10.0,10.0,2023-11-22T06:28:41,2023-11-22T20:29:25,0.33,Partially cloudy,Partly cloudy throughout the day.,partly-cloudy-day,"SCEL,85577099999,85574099999",Cloudy
"-33.3537,-70.6811",2023-11-23,31.1,11.6,22.0,29.3,11.6,21.5,7.5,43.2,0.0,0.0,0.0,,0.0,0.0,33.5,25.9,198.5,1014.6,30.6,10.0,393.6,32.4,10.0,10.0,2023-11-23T06:28:18,2023-11-23T20:30:20,0.37,Partially cloudy,Partly cloudy throughout the day.,partly-cloudy-day,"SCEL,85577099999,85574099999",Cloudy
"-33.3537,-70.6811",2023-11-24,28.0,13.4,20.4,27.3,13.4,20.3,9.0,49.3,0.0,0.0,0.0,,0.0,0.0,31.7,28.7,186.5,1016.4,22.0,10.0,370.7,30.4,10.0,10.0,2023-11-24T06:27:56,2023-11-24T20:31:16,0.4,Partially cloudy,Partly cloudy throughout the day.,partly-cloudy-day,"SCEL,85577099999,85574099999",Cloudy
"-33.3537,-70.6811",2023-11-25,27.6,10.0,18.5,27.1,8.4,18.4,11.0,65.7,0.0,0.0,0.0,,0.0,0.0,34.2,28.7,188.4,1014.7,12.4,8.7,387.0,32.0,10.0,10.0,2023-11-25T06:27:37,2023-11-25T20:32:11,0.44,Clear,Clear conditions throughout the day.,clear-day,"SCEL,85577099999,85574099999",Windy
"-33.3537,-70.6811",2023-11-26,28.0,11.0,19.9,27.3,11.0,19.9,11.4,61.1,0.0,0.0,0.0,,0.0,0.0,34.9,33.5,187.7,1011.6,2.8,9.7,391.1,32.2,10.0,10.0,2023-11-26T06:27:19,2023-11-26T20:33:06,0.47,Clear,Clear conditions throughout the day.,clear-day,"SCEL,85577099999,85574099999",Windy
"-33.3537,-70.6811",2023-11-27,22.0,11.6,16.1,22.0,11.6,16.1,11.6,76.1,0.0,0.0,0.0,,0.0,0.0,37.8,32.7,173.7,1014.7,38.6,8.2,384.2,31.8,10.0,10.0,2023-11-27T06:27:03,2023-11-27T20:34:00,0.5,Partially cloudy,Partly cloudy throughout the day.,partly-cloudy-day,"SCEL,85577099999,85574099999",Cloudy
"-33.3537,-70.6811",2023-11-28,22.0,12.9,16.5,22.0,12.9,16.5,11.1,71.9,0.0,0.0,0.0,,0.0,0.0,36.4,26.5,195.8,1016.7,60.2,9.3,389.0,32.3,10.0,10.0,2023-11-28T06:26:49,2023-11-28T20:34:54,0.54,Partially cloudy,Partly cloudy throughout the day.,partly-cloudy-day,"SCEL,85577099999,85574099999",Cloudy
"-33.3537,-70.6811",2023-11-29,29.2,9.1,19.5,27.7,8.4,19.2,8.1,53.7,0.0,0.0,0.0,,0.0,0.0,33.8,23.9,190.5,1013.6,1.5,9.6,399.0,33.0,10.0,10.0,2023-11-29T06:26:36,2023-11-29T20:35:47,0.57,Clear,Clear conditions throughout the day.,clear-day,"SCEL,85577099999,85574099999",Windy
"-33.3537,-70.6811",2023-11-30,26.8,12.3,19.1,26.5,12.3,19.1,8.7,53.7,0.5,100.0,8.33,rain,0.0,0.0,34.6,33.5,196.4,1011.5,9.1,10.0,374.0,31.0,10.0,10.0,2023-11-30T06:26:26,2023-11-30T20:36:40,0.6,Rain,Clear conditions throughout the day with afternoon rain.,rain,"SCEL,85577099999,85574099999",Rainy
"-33.3537,-70.6811",2023-12-01,24.0,11.5,16.4,24.0,11.5,16.4,9.8,68.2,0.4,100.0,4.17,rain,0.0,0.0,34.9,25.0,202.4,1017.2,44.6,9.8,398.3,33.2,10.0,10.0,2023-12-01T06:26:18,2023-12-01T20:37:32,0.64,"Rain, Partially cloudy",Clearing in the afternoon with afternoon rain.,rain,"SCEL,85577099999,remote,85574099999",Rainy
"-33.3537,-70.6811",2023-12-02,25.0,9.8,17.3,25.0,8.2,17.2,8.4,59.8,0.0,0.0,0.0,,0.0,0.0,37.1,28.3,198.7,1017.5,22.9,9.8,392.9,32.7,10.0,10.0,2023-12-02T06:26:11,2023-12-02T20:38:24,0.67,Partially cloudy,Partly cloudy throughout the day.,partly-cloudy-day,"SCEL,85577099999,85574099999",Cloudy
"-33.3537,-70.6811",2023-12-03,28.9,10.6,19.8,27.4,10.6,19.6,4.8,40.5,0.0,0.0,0.0,,0.0,0.0,37.1,30.7,202.2,1013.4,5.2,10.0,401.7,33.4,10.0,10.0,2023-12-03T06:26:06,2023-12-03T20:39:15,0.7,Clear,Clear conditions throughout the day.,clear-day,"SCEL,85577099999,85574099999",Windy
"-33.3537,-70.6811",2023-12-04,29.0,11.5,19.6,27.5,11.5,19.5,5.8,42.9,0.0,0.0,0.0,,0.0,0.0,37.1,33.5,200.7,1011.3,0.7,10.0,403.9,33.6,10.0,10.0,2023-12-04T06:26:03,2023-12-04T20:40:05,0.73,Clear,Clear conditions throughout the day.,clear-day,"SCEL,85577099999,85574099999",Windy
"-33.3537,-70.6811",2023-12-05,23.0,9.0,15.7,23.0,6.7,15.4,6.5,57.3,0.0,0.0,0.0,,0.0,0.0,32.4,28.4,183.6,1015.4,4.1,9.8,377.8,31.5,10.0,10.0,2023-12-05T06:26:02,2023-12-05T20:40:55,0.75,Clear,Clear conditions throughout the day.,clear-day,"SCEL,85577099999,85574099999",Windy
"-33.3537,-70.6811",2023-12-06,28.3,8.5,19.1,26.9,8.5,18.8,5.6,47.8,0.0,0.0,0.0,,0.0,0.0,34.2,29.9,204.9,1016.4,1.3,9.9,410.1,33.9,10.0,10.0,2023-12-06T06:26:03,2023-12-06T20:41:43,0.8,Clear,Clear conditions throughout the day.,clear-day,"SCEL,85577099999,85574099999",Windy
"-33.3537,-70.6811",2023-12-07,32.1,12.3,22.6,30.1,12.3,22.1,6.4,39.3,0.0,0.0,0.0,,0.0,0.0,35.6,34.6,201.6,1013.2,0.0,9.1,420.8,34.9,10.0,10.0,2023-12-07T06:26:06,2023-12-07T20:42:31,0.83,Clear,Clear conditions throughout the day.,clear-day,"SCEL,85577099999,85574099999",Windy
"-33.3537,-70.6811",2023-12-08,28.0,11.9,20.4,27.1,11.9,20.2,8.8,50.9,0.0,0.0,0.0,,0.0,0.0,38.5,33.5,188.5,1014.4,0.4,10.0,402.1,33.3,10.0,10.0,2023-12-08T06:26:11,2023-12-08T20:43:18,0.86,Clear,Clear conditions throughout the day.,clear-day,"SCEL,85577099999,85574099999",Windy
"-33.3537,-70.6811",2023-12-09,31.4,11.1,22.2,29.4,11.1,21.7,7.5,44.5,0.0,0.0,0.0,,0.0,0.0,37.8,23.5,191.2,1014.2,0.5,10.0,412.5,34.1,10.0,10.0,2023-12-09T06:26:17,2023-12-09T20:44:04,0.89,Clear,Clear conditions throughout the day.,clear-day,"SCEL,85577099999,85574099999",Windy
"-33.3537,-70.6811",2023-12-10,34.3,13.7,22.8,31.8,13.7,22.2,7.2,40.5,0.0,0.0,0.0,,0.0,0.0,51.8,42.5,198.2,1007.5,18.6,9.5,423.1,34.9,10.0,10.0,2023-12-10T06:26:26,2023-12-10T20:44:48,0.92,Clear,Clear conditions throughout the day.,clear-day,"SCEL,85577099999,85574099999",Windy
"-33.3537,-70.6811",2023-12-11,27.0,12.0,18.8,26.7,12.0,18.8,10.7,63.3,0.0,0.0,0.0,,0.0,0.0,36.7,32.8,183.9,1012.0,21.0,9.0,398.4,32.8,10.0,10.0,2023-12-11T06:26:36,2023-12-11T20:45:32,0.96,Partially cloudy,Clearing in the afternoon.,partly-cloudy-day,"SCEL,85577099999,85574099999",Cloudy
"-33.3537,-70.6811",2023-12-12,30.0,12.2,21.7,28.6,12.2,21.3,9.1,49.1,0.0,0.0,0.0,,0.0,0.0,37.4,32.8,199.2,1012.0,2.1,9.5,410.5,33.9,10.0,10.0,2023-12-12T06:26:48,2023-12-12T20:46:15,0.0,Clear,Clear conditions throughout the day.,clear-day,"SCEL,85577099999,85574099999",Windy
"-33.3537,-70.6811",2023-12-13,32.1,13.6,23.6,30.5,13.6,23.0,7.7,39.0,0.0,0.0,0.0,,0.0,0.0,32.0,30.5,198.1,1010.1,0.0,10.0,413.9,34.2,10.0,10.0,2023-12-13T06:27:02,2023-12-13T20:46:56,0.02,Clear,Clear conditions throughout the day.,clear-day,"SCEL,85577099999,85574099999",Windy
"-33.3537,-70.6811",2023-12-14,26.5,16.0,20.9,26.5,16.0,20.9,7.9,43.8,0.0,0.0,0.0,,0.0,0.0,38.5,31.3,185.8,1009.1,25.5,10.0,403.6,33.6,10.0,10.0,2023-12-14T06:27:18,2023-12-14T20:47:36,0.06,Partially cloudy,Clearing in the afternoon.,partly-cloudy-day,"SCEL,85577099999,85574099999",Cloudy
"-33.3537,-70.6811",2023-12-15,29.0,11.0,19.5,27.8,11.0,19.3,8.6,53.1,0.0,0.0,0.0,,0.0,0.0,33.8,28.3,184.6,1010.2,1.7,9.9,414.7,34.3,10.0,10.0,2023-12-15T06:27:35,2023-12-15T20:48:16,0.09,Clear,Clear conditions throughout the day.,clear-day,"SCEL,85577099999,85574099999",Windy
"-33.3537,-70.6811",2023-12-16,21.2,10.0,15.7,21.2,8.4,15.7,7.8,61.4,0.0,0.0,0.0,,0.0,0.0,37.4,31.6,193.8,1013.4,18.8,10.0,386.6,31.8,10.0,10.0,2023-12-16T06:27:55,2023-12-16T20:48:53,0.13,Clear,Clear conditions throughout the day.,clear-day,"SCEL,85577099999,85574099999",Windy
"-33.3537,-70.6811",2023-12-17,25.0,10.9,17.5,25.0,10.9,17.5,6.8,51.5,0.0,0.0,0.0,,0.0,0.0,34.2,30.7,195.2,1016.5,26.7,10.0,415.8,34.4,10.0,10.0,2023-12-17T06:28:16,2023-12-17T20:49:30,0.17,Partially cloudy,Clearing in the afternoon.,partly-cloudy-day,"SCEL,85577099999,85574099999",Cloudy
"-33.3537,-70.6811",2023-12-18,29.0,9.9,19.9,27.7,9.9,19.6,6.9,46.3,0.0,0.0,0.0,,0.0,0.0,38.5,29.5,192.7,1012.4,0.0,10.0,425.0,34.9,10.0,10.0,2023-12-18T06:28:39,2023-12-18T20:50:05,0.2,Clear,Clear conditions throughout the day.,clear-day,"SCEL,85577099999,85574099999",Windy
"-33.3537,-70.6811",2023-12-19,24.1,11.7,18.1,24.1,11.7,18.1,6.7,48.3,0.0,0.0,0.0,,0.0,0.0,41.8,28.8,194.1,1013.7,1.7,9.7,419.8,34.8,10.0,10.0,2023-12-19T06:29:03,2023-12-19T20:50:38,0.25,Clear,Clear conditions throughout the day.,clear-day,"SCEL,85577099999,85574099999",Windy
"-33.3537,-70.6811",2023-12-20,30.0,9.0,19.5,28.3,8.5,19.1,7.3,50.8,0.0,0.0,0.0,,0.0,0.0,31.7,26.1,191.3,1013.7,0.0,9.0,419.2,34.8,10.0,10.0,2023-12-20T06:29:29,2023-12-20T20:51:11,0.27,Clear,Clear conditions throughout the day.,clear-day,"SCEL,85577099999,85574099999",Windy
"-33.3537,-70.6811",2023-12-21,29.9,12.7,21.0,28.5,12.7,20.8,8.2,45.9,0.0,0.0,0.0,,0.0,0.0,36.7,32.6,192.0,1012.9,0.0,9.6,423.7,35.1,10.0,10.0,2023-12-21T06:29:57,2023-12-21T20:51:41,0.31,Clear,Clear conditions throughout the day.,clear-day,"SCEL,85577099999,85574099999",Windy
"-33.3537,-70.6811",2023-12-22,31.9,12.0,22.0,30.1,12.0,21.6,9.2,48.9,0.0,0.0,0.0,,0.0,0.0,35.6,30.7,191.6,1012.5,20.0,10.0,412.9,34.2,10.0,10.0,2023-12-22T06:30:26,2023-12-22T20:52:11,0.34,Clear,Partly cloudy throughout the day.,clear-day,"SCEL,85577099999,85574099999",Windy
"-33.3537,-70.6811",2023-12-23,31.3,17.0,23.2,29.6,17.0,22.8,8.5,41.1,0.0,0.0,0.0,,0.0,0.0,36.7,33.3,188.8,1012.1,56.9,10.0,370.3,30.7,10.0,10.0,2023-12-23T06:30:57,2023-12-23T20:52:38,0.38,Partially cloudy,Partly cloudy throughout the day.,partly-cloudy-day,"SCEL,85577099999,85574099999",Cloudy
"-33.3537,-70.6811",2023-12-24,29.0,12.2,20.8,28.0,12.2,20.6,9.3,50.6,0.0,0.0,0.0,,0.0,0.0,37.4,35.3,193.1,1015.3,8.9,10.0,413.6,34.3,10.0,10.0,2023-12-24T06:31:30,2023-12-24T20:53:04,0.41,Clear,Clear conditions throughout the day.,clear-day,"SCEL,85577099999,85574099999",Windy
"-33.3537,-70.6811",2023-12-25,35.3,13.0,24.3,32.7,13.0,23.5,8.7,44.2,0.0,0.0,0.0,,0.0,0.0,36.4,28.6,200.2,1011.8,0.6,9.8,424.8,35.1,10.0,10.0,2023-12-25T06:32:04,2023-12-25T20:53:29,0.45,Clear,Clear conditions throughout the day.,clear-day,"SCEL,85577099999,85574099999",Windy
"-33.3537,-70.6811",2023-12-26,28.4,15.0,21.1,27.7,15.0,21.1,9.8,49.3,0.0,0.0,0.0,,0.0,0.0,36.4,32.7,183.5,1013.2,58.2,10.0,390.9,32.2,10.0,10.0,2023-12-26T06:32:39,2023-12-26T20:53:52,0.5,Partially cloudy,Partly cloudy throughout the day.,partly-cloudy-day,"SCEL,85577099999,85574099999",Cloudy
"-33.3537,-70.6811",2023-12-27,26.3,14.0,20.1,26.3,14.0,20.1,12.5,63.2,0.0,0.0,0.0,,0.0,0.0,31.3,20.5,189.8,1012.9,81.0,10.0,346.1,28.6,9.0,10.0,2023-12-27T06:33:16,2023-12-27T20:54:13,0.52,Partially cloudy,Partly cloudy throughout the day.,partly-cloudy-day,"SCEL,85577099999,85574099999",Cloudy
"-33.3537,-70.6811",2023-12-28,19.0,13.7,16.4,19.0,13.7,16.4,11.8,74.3,0.0,0.0,0.0,,0.0,0.0,27.4,19.8,170.1,1018.4,95.0,10.0,224.3,18.6,7.0,10.0,2023-12-28T06:33:54,2023-12-28T20:54:32,0.55,Overcast,Cloudy skies throughout the day.,cloudy,"SCEL,85577099999,85574099999",Foggy
"-33.3537,-70.6811",2023-12-29,30.0,12.7,21.1,28.7,12.7,20.8,11.3,59.4,0.0,0.0,0.0,,0.0,0.0,38.9,27.7,200.4,1016.3,29.5,9.9,407.2,33.9,10.0,10.0,2023-12-29T06:34:34,2023-12-29T20:54:50,0.58,Partially cloudy,Partly cloudy throughout the day.,partly-cloudy-day,"SCEL,85577099999,85574099999",Cloudy
"-33.3537,-70.6811",2023-12-30,24.8,13.7,18.4,24.8,13.7,18.4,12.2,68.6,0.0,0.0,0.0,,0.0,0.0,36.7,28.8,181.3,1016.8,42.5,9.2,384.0,31.9,10.0,10.0,2023-12-30T06:35:15,2023-12-30T20:55:06,0.62,Partially cloudy,Partly cloudy throughout the day.,partly-cloudy-day,"SCEL,85577099999,85574099999",Cloudy
"-33.3537,-70.6811",2023-12-31,28.1,12.0,19.4,27.4,12.0,19.3,11.1,62.5,0.0,0.0,0.0,,0.0,0.0,50.0,29.0,187.2,1017.4,22.5,10.0,416.5,34.5,10.0,10.0,2023-12-31T06:35:57,2023-12-31T20:55:20,0.65,Partially cloudy,Clearing in the afternoon.,partly-cloudy-day,"SCEL,85577099999,85574099999",Cloudy
"-33.3537,-70.6811",2024-01-01,30.0,11.9,20.5,28.7,11.9,20.3,10.1,55.4,0.0,0.0,0.0,,0.0,0.0,36.7,32.7,200.1,1015.6,8.2,10.0,415.3,34.3,10.0,10.0,2024-01-01T06:36:41,2024-01-01T20:55:33,0.68,Clear,Clear conditions throughout the day.,clear-day,"SCEL,85577099999,85574099999",Windy
"-33.3537,-70.6811",2024-01-02,31.3,12.0,21.7,29.8,12.0,21.4,10.4,52.6,0.0,0.0,0.0,,0.0,0.0,38.5,31.7,201.9,1014.3,0.6,9.8,423.0,34.9,10.0,10.0,2024-01-02T06:37:25,2024-01-02T20:55:44,0.71,Clear,Clear conditions throughout the day.,clear-day,"SCEL,85577099999,85574099999",Windy
"-33.3537,-70.6811",2024-01-03,30.4,14.6,22.5,29.0,14.6,22.1,11.0,51.8,0.0,0.0,0.0,,0.0,0.0,37.4,33.6,192.2,1013.6,2.0,10.0,414.5,34.2,10.0,10.0,2024-01-03T06:38:11,2024-01-03T20:55:52,0.75,Clear,Clear conditions throughout the day.,clear-day,"SCEL,85577099999,85574099999",Windy
"-33.3537,-70.6811",2024-01-04,28.8,13.8,21.3,28.2,13.8,21.2,12.8,60.9,0.0,0.0,0.0,,0.0,0.0,37.1,34.5,195.1,1014.7,5.2,9.8,398.3,33.0,10.0,10.0,2024-01-04T06:38:58,2024-01-04T20:56:00,0.75,Clear,Clear conditions throughout the day.,clear-day,"SCEL,85577099999,85574099999",Windy
"-33.3537,-70.6811",2024-01-05,24.9,13.2,19.3,24.9,13.2,19.3,13.1,68.7,0.0,0.0,0.0,,0.0,0.0,38.2,32.0,181.4,1015.9,29.9,9.9,386.5,31.9,10.0,10.0,2024-01-05T06:39:46,2024-01-05T20:56:05,0.81,Partially cloudy,Partly cloudy throughout the day.,partly-cloudy-day,"SCEL,85577099999,85574099999",Cloudy
"-33.3537,-70.6811",2024-01-06,25.8,14.0,19.5,25.8,14.0,19.5,13.2,68.6,0.0,0.0,0.0,,0.0,0.0,34.6,30.6,186.6,1014.4,26.8,9.6,398.9,32.9,10.0,10.0,2024-01-06T06:40:35,2024-01-06T20:56:08,0.84,Partially cloudy,Clearing in the afternoon.,partly-cloudy-day,"SCEL,85577099999,85574099999",Cloudy
"-33.3537,-70.6811",2024-01-07,30.0,13.6,21.6,28.4,13.6,21.3,10.2,52.8,0.0,0.0,0.0,,0.0,0.0,35.3,32.9,205.7,1013.7,4.8,10.0,404.4,33.6,10.0,10.0,2024-01-07T06:41:25,2024-01-07T20:56:10,0.87,Clear,Clear conditions throughout the day.,clear-day,"SCEL,85577099999,85574099999",Windy
"-33.3537,-70.6811",2024-01-08,29.4,14.7,22.0,28.2,14.7,21.8,8.8,45.0,0.0,0.0,0.0,,0.0,0.0,36.4,34.1,202.8,1012.9,4.1,10.0,409.2,34.0,10.0,10.0,2024-01-08T06:42:15,2024-01-08T20:56:10,0.91,Clear,Clear conditions throughout the day.,clear-day,"SCEL,85577099999,85574099999",Windy
"-33.3537,-70.6811",2024-01-09,30.0,13.0,21.6,28.5,13.0,21.3,7.0,41.3,0.0,0.0,0.0,,0.0,0.0,36.7,33.5,195.0,1014.4,24.8,10.0,407.0,33.7,10.0,10.0,2024-01-09T06:43:07,2024-01-09T20:56:08,0.94,Partially cloudy,Clearing in the afternoon.,partly-cloudy-day,"SCEL,85577099999,85574099999",Cloudy
"-33.3537,-70.6811",2024-01-10,29.6,13.7,22.0,28.4,13.7,21.7,8.4,44.1,0.0,0.0,0.0,,0.0,0.0,32.0,31.0,201.3,1013.7,6.2,10.0,409.1,33.8,10.0,10.0,2024-01-10T06:43:59,2024-01-10T20:56:04,0.97,Clear,Clear conditions throughout the day.,clear-day,"SCEL,85577099999,85574099999",Windy
"-33.3537,-70.6811",2024-01-11,29.8,16.2,22.3,28.4,16.2,22.0,7.8,40.6,0.0,0.0,0.0,,0.0,0.0,38.2,29.5,192.6,1014.3,35.7,10.0,394.9,32.6,10.0,10.0,2024-01-11T06:44:53,2024-01-11T20:55:58,0.0,Partially cloudy,Clearing in the afternoon.,partly-cloudy-day,"SCEL,85577099999,85574099999",Cloudy
"-33.3537,-70.6811",2024-01-12,29.0,13.8,20.8,28.2,13.8,20.6,10.2,53.3,0.0,0.0,0.0,,0.0,0.0,36.0,27.7,189.8,1014.4,35.5,10.0,390.7,32.2,10.0,10.0,2024-01-12T06:45:46,2024-01-12T20:55:50,0.04,Partially cloudy,Partly cloudy throughout the day.,partly-cloudy-day,"SCEL,85577099999,85574099999",Cloudy
"-33.3537,-70.6811",2024-01-13,27.0,11.9,19.5,26.5,11.9,19.4,9.6,57.0,0.0,0.0,0.0,,0.0,0.0,36.4,30.3,190.4,1016.7,7.1,9.5,408.5,33.8,10.0,10.0,2024-01-13T06:46:41,2024-01-13T20:55:41,0.07,Clear,Clear conditions throughout the day.,clear-day,"SCEL,85577099999,85574099999",Windy
"-33.3537,-70.6811",2024-01-14,33.1,11.1,23.0,30.9,11.1,22.3,6.5,40.0,0.0,0.0,0.0,,0.0,0.0,33.8,29.5,196.1,1015.8,0.0,10.0,413.6,34.3,10.0,10.0,2024-01-14T06:47:36,2024-01-14T20:55:29,0.11,Clear,Clear conditions throughout the day.,clear-day,"SCEL,85577099999,85574099999",Windy
"-33.3537,-70.6811",2024-01-15,30.1,14.3,23.0,28.4,14.3,22.5,6.2,36.2,0.0,0.0,0.0,,0.0,0.0,41.4,35.5,200.1,1012.2,0.0,10.0,412.2,34.2,10.0,10.0,2024-01-15T06:48:32,2024-01-15T20:55:16,0.14,Clear,Clear conditions throughout the day.,clear-day,"SCEL,85577099999,85574099999",Windy
"-33.3537,-70.6811",2024-01-16,32.0,11.0,21.3,29.8,11.0,20.8,7.1,46.1,0.0,0.0,0.0,,0.0,0.0,38.5,26.0,193.0,1013.5,1.6,10.0,416.3,34.6,10.0,10.0,2024-01-16T06:49:28,2024-01-16T20:55:01,0.18,Clear,Clear conditions throughout the day.,clear-day,"SCEL,85577099999,85574099999",Windy
"-33.3537,-70.6811",2024-01-17,30.9,15.4,22.6,29.3,15.4,22.3,9.8,46.7,0.0,0.0,0.0,,0.0,0.0,40.3,38.9,189.5,1011.0,24.0,9.9,399.7,33.1,10.0,10.0,2024-01-17T06:50:25,2024-01-17T20:54:44,0.22,Partially cloudy,Becoming cloudy in the afternoon.,partly-cloudy-day,"SCEL,85577099999,85574099999",Cloudy
"-33.3537,-70.6811",2024-01-18,31.8,14.1,23.0,30.2,14.1,22.6,10.6,49.4,0.0,0.0,0.0,,0.0,0.0,40.3,27.9,196.4,1013.3,3.7,10.6,407.0,33.5,10.0,10.0,2024-01-18T06:51:22,2024-01-18T20:54:26,0.25,Clear,Clear conditions throughout the day.,clear-day,"SCEL,85577099999,remote,85574099999",Windy
"-33.3537,-70.6811",2024-01-19,33.4,16.3,25.2,31.4,16.3,24.5,8.4,37.0,0.0,0.0,0.0,,0.0,0.0,40.3,31.7,195.0,1011.5,0.0,10.0,410.5,34.2,10.0,10.0,2024-01-19T06:52:19,2024-01-19T20:54:05,0.29,Clear,Clear conditions throughout the day.,clear-day,"SCEL,85577099999,85574099999",Windy
"-33.3537,-70.6811",2024-01-20,31.5,15.6,24.0,29.6,15.6,23.4,8.4,39.3,0.0,0.0,0.0,,0.0,0.0,38.9,32.1,196.0,1011.2,0.0,10.0,408.2,33.9,10.0,10.0,2024-01-20T06:53:17,2024-01-20T20:53:43,0.32,Clear,Clear conditions throughout the day.,clear-day,"SCEL,85577099999,85574099999",Windy
"-33.3537,-70.6811",2024-01-21,33.0,15.1,24.0,31.3,15.1,23.6,9.9,43.5,0.0,0.0,0.0,,0.0,0.0,38.5,31.6,188.1,1012.4,0.0,10.0,411.1,34.0,10.0,10.0,2024-01-21T06:54:15,2024-01-21T20:53:19,0.36,Clear,Clear conditions throughout the day.,clear-day,"SCEL,85577099999,85574099999",Windy
"-33.3537,-70.6811",2024-01-22,35.1,16.2,25.3,33.6,16.2,24.8,11.5,45.8,0.0,0.0,0.0,,0.0,0.0,37.4,29.5,187.4,1011.3,0.1,9.9,406.2,33.6,10.0,10.0,2024-01-22T06:55:14,2024-01-22T20:52:54,0.39,Clear,Clear conditions throughout the day.,clear-day,"SCEL,85577099999,85574099999",Windy
"-33.3537,-70.6811",2024-01-23,31.0,15.8,22.8,29.7,15.8,22.6,12.2,54.5,0.2,100.0,4.17,rain,0.0,0.0,38.9,27.7,184.7,1012.2,0.7,9.9,399.3,32.9,10.0,10.0,2024-01-23T06:56:12,2024-01-23T20:52:26,0.43,Rain,Clear conditions throughout the day with afternoon rain.,rain,"SCEL,85577099999,85574099999",Rainy
"-33.3537,-70.6811",2024-01-24,35.8,15.7,25.0,34.5,15.7,24.6,12.5,50.1,0.0,0.0,0.0,,0.0,0.0,37.8,35.3,190.3,1010.3,0.0,8.5,401.9,33.4,10.0,10.0,2024-01-24T06:57:11,2024-01-24T20:51:57,0.46,Clear,Clear conditions throughout the day.,clear-day,"SCEL,85577099999,85574099999",Windy
"-33.3537,-70.6811",2024-01-25,32.1,17.7,24.1,31.5,17.7,23.9,13.4,53.3,0.0,0.0,0.0,,0.0,0.0,39.2,33.4,184.6,1010.5,12.9,10.0,383.8,31.7,10.0,10.0,2024-01-25T06:58:10,2024-01-25T20:51:26,0.5,Clear,Clear conditions throughout the day.,clear-day,"SCEL,85577099999,85574099999",Windy
"-33.3537,-70.6811",2024-01-26,30.2,14.0,21.7,29.0,14.0,21.6,13.3,62.7,0.0,0.0,0.0,,0.0,0.0,37.1,31.4,174.3,1014.5,31.8,9.5,359.9,29.8,10.0,10.0,2024-01-26T06:59:09,2024-01-26T20:50:54,0.53,Partially cloudy,Clearing in the afternoon.,partly-cloudy-day,"SCEL,85577099999,85574099999",Cloudy
"-33.3537,-70.6811",2024-01-27,34.0,16.0,24.2,32.1,16.0,23.7,12.7,53.7,0.0,0.0,0.0,,0.0,0.0,37.1,34.0,186.8,1012.2,8.1,9.9,383.8,31.8,10.0,10.0,2024-01-27T07:00:08,2024-01-27T20:50:20,0.56,Clear,Clear conditions throughout the day.,clear-day,"SCEL,85577099999,85574099999",Windy
"-33.3537,-70.6811",2024-01-28,30.5,17.2,23.4,29.4,17.2,23.2,13.6,56.9,0.3,100.0,8.33,rain,0.0,0.0,38.5,34.3,187.3,1013.3,9.1,10.0,374.4,30.9,10.0,10.0,2024-01-28T07:01:07,2024-01-28T20:49:44,0.59,Rain,Clear conditions throughout the day with afternoon rain.,rain,"SCEL,85577099999,85574099999",Rainy
"-33.3537,-70.6811",2024-01-29,32.7,15.9,23.8,32.1,15.9,23.6,13.3,54.8,0.0,0.0,0.0,,0.0,0.0,39.6,34.1,194.0,1013.7,0.0,9.8,385.8,31.9,10.0,10.0,2024-01-29T07:02:06,2024-01-29T20:49:07,0.63,Clear,Clear conditions throughout the day.,clear-day,"SCEL,85577099999,85574099999",Windy
"-33.3537,-70.6811",2024-01-30,35.0,15.6,25.1,33.5,15.6,24.6,12.2,49.3,0.0,0.0,0.0,,0.0,0.0,40.3,29.5,192.7,1012.9,0.3,10.0,389.4,32.0,10.0,10.0,2024-01-30T07:03:05,2024-01-30T20:48:28,0.66,Clear,Clear conditions throughout the day.,clear-day,"SCEL,85577099999,85574099999",Windy
"-33.3537,-70.6811",2024-01-31,36.9,16.4,26.9,34.3,16.4,25.9,8.3,36.5,0.0,0.0,0.0,,0.0,0.0,38.9,30.4,205.2,1012.4,0.0,9.8,392.7,32.5,10.0,10.0,2024-01-31T07:04:04,2024-01-31T20:47:47,0.69,Clear,Clear conditions throughout the day.,clear-day,"SCEL,85577099999,85574099999",Windy
"-33.3537,-70.6811",2024-02-01,35.0,16.6,26.0,32.7,16.6,25.2,7.8,34.7,0.0,0.0,0.0,,0.0,0.0,37.4,36.1,199.4,1012.7,0.3,9.9,378.3,31.2,10.0,10.0,2024-02-01T07:05:03,2024-02-01T20:47:05,0.73,Clear,Clear conditions throughout the day.,clear-day,"SCEL,85577099999,85574099999",Windy
"-33.3537,-70.6811",2024-02-02,35.0,16.0,25.8,33.3,16.0,25.0,9.8,41.0,0.0,0.0,0.0,,0.0,0.0,46.4,25.2,198.5,1014.5,15.7,10.0,388.1,32.2,10.0,10.0,2024-02-02T07:06:02,2024-02-02T20:46:22,0.75,Clear,Clear conditions throughout the day.,clear-day,"SCEL,85577099999,85574099999",Windy
"-33.3537,-70.6811",2024-02-03,35.3,17.4,27.3,33.2,17.4,26.4,7.9,31.3,0.0,0.0,0.0,,0.0,0.0,40.0,27.7,199.8,1011.4,5.6,10.0,397.5,32.7,10.0,10.0,2024-02-03T07:07:01,2024-02-03T20:45:37,0.79,Clear,Clear conditions throughout the day.,clear-day,"SCEL,85577099999,85574099999",Windy
"-33.3537,-70.6811",2024-02-04,30.0,16.5,23.4,28.7,16.5,23.2,11.3,48.1,0.0,0.0,0.0,,0.0,0.0,38.5,35.3,188.8,1010.0,41.5,9.9,379.2,31.5,10.0,10.0,2024-02-04T07:07:59,2024-02-04T20:44:50,0.82,Partially cloudy,Partly cloudy throughout the day.,partly-cloudy-day,"SCEL,85577099999,85574099999",Cloudy
"-33.3537,-70.6811",2024-02-05,32.4,14.1,23.1,31.3,14.1,22.8,12.6,56.5,0.0,0.0,0.0,,0.0,0.0,36.0,40.5,195.3,1012.8,5.5,9.7,386.9,32.1,10.0,10.0,2024-02-05T07:08:58,2024-02-05T20:44:02,0.86,Clear,Clear conditions throughout the day.,clear-day,"SCEL,85577099999,85574099999",Windy
"-33.3537,-70.6811",2024-02-06,31.3,17.0,24.3,29.9,17.0,23.9,10.6,43.8,0.0,0.0,0.0,,0.0,0.0,38.2,34.5,202.0,1014.2,0.4,9.9,375.9,31.0,10.0,10.0,2024-02-06T07:09:56,2024-02-06T20:43:13,0.89,Clear,Clear conditions throughout the day.,clear-day,"SCEL,85577099999,85574099999",Windy
"-33.3537,-70.6811",2024-02-07,34.0,15.5,24.8,32.1,15.5,24.3,11.5,46.9,0.0,0.0,0.0,,0.0,0.0,39.2,32.0,193.5,1012.9,0.5,9.8,377.6,31.1,10.0,10.0,2024-02-07T07:10:53,2024-02-07T20:42:22,0.92,Clear,Clear conditions throughout the day.,clear-day,"SCEL,85577099999,85574099999",Windy
"-33.3537,-70.6811",2024-02-08,32.3,18.9,24.9,31.5,18.9,24.8,13.5,51.4,0.4,100.0,8.33,rain,0.0,0.0,37.1,38.9,202.0,1011.6,22.4,9.9,333.2,27.7,10.0,10.0,2024-02-08T07:11:51,2024-02-08T20:41:30,0.96,"Rain, Partially cloudy",Partly cloudy throughout the day with afternoon rain.,rain,"SCEL,85577099999,85574099999",Rainy
"-33.3537,-70.6811",2024-02-09,30.5,16.6,22.9,29.2,16.6,22.5,7.5,38.4,0.0,0.0,0.0,,0.0,0.0,32.4,31.7,192.3,1013.3,19.5,10.0,333.1,27.5,10.0,10.0,2024-02-09T07:12:48,2024-02-09T20:40:37,0.0,Clear,Clear conditions throughout the day.,clear-day,"SCEL,85577099999,85574099999",Windy
"-33.3537,-70.6811",2024-02-10,32.4,14.0,23.6,31.0,14.0,23.1,9.4,43.1,0.0,0.0,0.0,,0.0,0.0,32.0,25.5,191.6,1013.3,14.4,10.0,357.8,29.6,10.0,10.0,2024-02-10T07:13:45,2024-02-10T20:39:42,0.02,Clear,Clear conditions throughout the day.,clear-day,"SCEL,85577099999,85574099999",Windy
"-33.3537,-70.6811",2024-02-11,30.0,15.4,22.5,28.7,15.4,22.2,9.3,44.6,0.0,0.0,0.0,,0.0,0.0,35.6,31.7,186.9,1013.6,0.0,10.0,360.9,29.8,10.0,10.0,2024-02-11T07:14:42,2024-02-11T20:38:47,0.06,Clear,Clear conditions throughout the day.,clear-day,"SCEL,85577099999,85574099999",Windy
"-33.3537,-70.6811",2024-02-12,34.0,15.1,23.9,31.9,15.1,23.3,10.3,48.1,0.0,0.0,0.0,,0.0,0.0,36.4,26.3,191.7,1012.3,5.5,9.9,372.3,30.9,10.0,10.0,2024-02-12T07:15:38,2024-02-12T20:37:50,0.09,Clear,Clear conditions throughout the day.,clear-day,"SCEL,85577099999,85574099999",Windy
"-33.3537,-70.6811",2024-02-13,30.8,16.9,23.9,29.5,16.9,23.4,9.8,43.2,0.0,0.0,0.0,,0.0,0.0,32.4,32.7,195.5,1010.6,6.4,9.9,353.0,29.3,10.0,10.0,2024-02-13T07:16:34,2024-02-13T20:36:51,0.13,Clear,Clear conditions throughout the day.,clear-day,"SCEL,85577099999,85574099999",Windy
"-33.3537,-70.6811",2024-02-14,30.6,14.6,21.1,29.9,14.6,21.0,13.2,64.3,0.0,0.0,0.0,,0.0,0.0,35.3,27.7,180.2,1013.5,0.0,9.9,366.6,30.6,10.0,10.0,2024-02-14T07:17:30,2024-02-14T20:35:52,0.16,Clear,Clear conditions throughout the day.,clear-day,"SCEL,85577099999,85574099999",Windy
"-33.3537,-70.6811",2024-02-15,32.7,14.0,22.5,32.2,14.0,22.4,14.2,62.8,0.0,0.0,0.0,,0.0,0.0,36.4,33.3,185.1,1012.5,4.4,9.6,365.0,30.2,10.0,10.0,2024-02-15T07:18:26,2024-02-15T20:34:51,0.19,Clear,Clear conditions throughout the day.,clear-day,"SCEL,85577099999,85574099999",Windy
"-33.3537,-70.6811",2024-02-16,31.0,15.6,22.3,30.6,15.6,22.3,14.1,62.2,0.0,0.0,0.0,,0.0,0.0,38.5,32.6,187.0,1012.8,0.0,9.7,365.8,30.3,10.0,10.0,2024-02-16T07:19:21,2024-02-16T20:33:50,0.25,Clear,Clear conditions throughout the day.,clear-day,"SCEL,85577099999,85574099999",Windy
"-33.3537,-70.6811",2024-02-17,33.0,14.9,24.0,31.5,14.9,23.6,12.0,51.7,0.0,0.0,0.0,,0.0,0.0,38.5,29.4,187.2,1012.4,0.0,9.8,363.4,30.1,10.0,10.0,2024-02-17T07:20:15,2024-02-17T20:32:47,0.26,Clear,Clear conditions throughout the day.,clear-day,"SCEL,85577099999,85574099999",Windy
"-33.3537,-70.6811",2024-02-18,33.6,16.1,24.5,31.9,16.1,23.9,10.3,44.0,0.0,0.0,0.0,,0.0,0.0,37.1,31.2,198.4,1009.8,0.4,9.9,362.0,30.1,10.0,10.0,2024-02-18T07:21:09,2024-02-18T20:31:43,0.3,Clear,Clear conditions throughout the day.,clear-day,"SCEL,85577099999,85574099999",Windy
"-33.3537,-70.6811",2024-02-19,27.0,13.0,20.3,27.1,13.0,20.3,12.5,62.6,0.0,0.0,0.0,,0.0,0.0,33.8,25.9,179.3,1013.0,25.7,9.7,354.3,29.2,10.0,10.0,2024-02-19T07:22:03,2024-02-19T20:30:39,0.33,Partially cloudy,Partly cloudy throughout the day.,partly-cloudy-day,"SCEL,85577099999,85574099999",Cloudy
"-33.3537,-70.6811",2024-02-20,29.0,14.8,20.5,28.6,14.8,20.4,13.3,65.8,0.0,0.0,0.0,,0.0,0.0,35.6,31.6,196.0,1015.7,30.6,9.6,323.3,26.7,10.0,10.0,2024-02-20T07:22:57,2024-02-20T20:29:33,0.37,Partially cloudy,Clearing in the afternoon.,partly-cloudy-day,"SCEL,85577099999,85574099999",Cloudy
"-33.3537,-70.6811",2024-02-21,28.5,14.0,20.1,28.1,14.0,20.1,13.1,66.7,0.4,100.0,12.5,rain,0.0,0.0,36.4,34.6,193.0,1014.8,15.9,9.1,317.4,26.4,10.0,10.0,2024-02-21T07:23:50,2024-02-21T20:28:26,0.4,Rain,Clear conditions throughout the day with afternoon rain.,rain,"SCEL,85577099999,85574099999",Rainy
"-33.3537,-70.6811",2024-02-22,20.0,14.5,16.2,20.0,14.5,16.2,12.8,80.5,13.2,100.0,79.17,rain,0.0,0.0,36.0,25.0,173.6,1017.2,89.9,9.8,91.2,7.6,4.0,10.0,2024-02-22T07:24:43,2024-02-22T20:27:19,0.43,"Rain, Partially cloudy",Partly cloudy throughout the day with a chance of rain throughout the day.,rain,"SCEL,85577099999,85574099999",Rainy
"-33.3537,-70.6811",2024-02-23,29.3,12.0,20.2,28.6,12.0,20.1,12.4,66.1,2.6,100.0,20.83,rain,0.0,0.0,28.8,28.2,202.1,1016.1,46.1,9.3,304.0,25.4,10.0,10.0,2024-02-23T07:25:35,2024-02-23T20:26:10,0.47,"Rain, Partially cloudy",Partly cloudy throughout the day with rain.,rain,"SCEL,85577099999,85574099999",Rainy
"-33.3537,-70.6811",2024-02-24,30.0,15.0,22.5,29.2,15.0,22.3,11.6,52.3,0.5,100.0,12.5,rain,0.0,0.0,26.6,29.5,191.3,1015.3,7.1,10.0,328.3,27.3,10.0,10.0,2024-02-24T07:26:27,2024-02-24T20:25:01,0.5,Rain,Clear conditions throughout the day with afternoon rain.,rain,"SCEL,85577099999,85574099999",Rainy
"-33.3537,-70.6811",2024-02-25,30.5,14.4,22.5,29.5,14.4,22.2,11.6,52.8,0.0,0.0,0.0,,0.0,0.0,34.2,31.8,198.1,1015.5,9.5,10.0,335.7,27.9,10.0,10.0,2024-02-25T07:27:19,2024-02-25T20:23:51,0.54,Clear,Clear conditions throughout the day.,clear-day,"SCEL,85577099999,85574099999",Windy
"-33.3537,-70.6811",2024-02-26,31.0,14.2,22.5,29.9,14.2,22.2,11.8,55.4,0.0,0.0,0.0,,0.0,0.0,34.9,28.8,202.2,1015.9,1.0,9.9,337.3,27.8,10.0,10.0,2024-02-26T07:28:10,2024-02-26T20:22:40,0.57,Clear,Clear conditions throughout the day.,clear-day,"SCEL,85577099999,85574099999",Windy
"-33.3537,-70.6811",2024-02-27,31.0,14.1,22.8,29.3,14.1,22.4,8.7,42.8,0.0,0.0,0.0,,0.0,0.0,37.8,32.7,194.0,1013.0,1.4,10.0,333.4,27.5,10.0,10.0,2024-02-27T07:29:01,2024-02-27T20:21:28,0.6,Clear,Clear conditions throughout the day.,clear-day,"SCEL,85577099999,85574099999",Windy
"-33.3537,-70.6811",2024-02-28,32.0,13.1,22.8,30.0,13.1,22.3,8.6,45.1,0.0,0.0,0.0,,0.0,0.0,34.9,27.7,194.3,1013.2,0.7,9.9,338.4,27.9,10.0,10.0,2024-02-28T07:29:52,2024-02-28T20:20:16,0.64,Clear,Clear conditions throughout the day.,clear-day,"SCEL,85577099999,85574099999",Windy
"-33.3537,-70.6811",2024-02-29,33.0,14.4,23.8,31.0,14.4,23.3,9.6,44.7,0.0,0.0,0.0,,0.0,0.0,36.7,29.3,195.9,1012.9,0.0,10.0,338.7,27.7,10.0,10.0,2024-02-29T07:30:42,2024-02-29T20:19:03,0.67,Clear,Clear conditions throughout the day.,clear-day,"SCEL,85577099999,85574099999",Windy
"-33.3537,-70.6811",2024-03-01,31.0,14.5,22.7,29.2,14.5,22.3,7.3,39.0,0.0,0.0,0.0,,0.0,0.0,37.4,31.8,194.7,1013.9,33.6,10.0,321.2,26.6,10.0,10.0,2024-03-01T07:31:31,2024-03-01T20:17:50,0.71,Partially cloudy,Becoming cloudy in the afternoon.,partly-cloudy-day,"SCEL,85577099999,85574099999",Cloudy
"-33.3537,-70.6811",2024-03-02,30.9,14.3,22.3,29.0,14.3,21.9,8.8,47.0,0.0,0.0,0.0,,0.0,0.0,35.3,26.1,203.3,1015.0,47.3,9.7,292.5,24.2,9.0,10.0,2024-03-02T07:32:21,2024-03-02T20:16:35,0.74,Partially cloudy,Partly cloudy throughout the day.,partly-cloudy-day,"SCEL,85577099999,85574099999",Cloudy
"-33.3537,-70.6811",2024-03-03,31.0,13.8,22.5,29.4,13.8,22.1,8.2,41.9,0.0,0.0,0.0,,0.0,0.0,36.4,28.6,204.9,1014.3,3.5,9.9,332.1,27.6,10.0,10.0,2024-03-03T07:33:10,2024-03-03T20:15:20,0.75,Clear,Clear conditions throughout the day.,clear-day,"SCEL,85577099999,85574099999",Windy
"-33.3537,-70.6811",2024-03-04,33.0,13.1,22.6,31.0,13.1,22.2,7.4,40.4,0.0,0.0,0.0,,0.0,0.0,36.4,27.7,188.8,1013.5,0.0,9.9,335.0,27.6,10.0,10.0,2024-03-04T07:33:59,2024-03-04T20:14:05,0.81,Clear,Clear conditions throughout the day.,clear-day,"SCEL,85577099999,85574099999",Windy
"-33.3537,-70.6811",2024-03-05,30.3,12.6,21.7,28.4,12.6,21.3,7.0,41.8,0.0,0.0,0.0,,0.0,0.0,35.3,31.7,195.6,1012.3,0.0,9.9,333.7,27.6,10.0,10.0,2024-03-05T07:34:47,2024-03-05T20:12:49,0.84,Clear,Clear conditions throughout the day.,clear-day,"SCEL,85577099999,85574099999",Windy
"-33.3537,-70.6811",2024-03-06,30.0,13.0,21.1,28.4,13.0,20.8,9.2,50.3,0.0,0.0,0.0,,0.0,0.0,32.8,30.4,198.4,1012.1,0.2,9.9,319.9,26.6,10.0,10.0,2024-03-06T07:35:35,2024-03-06T20:11:33,0.87,Clear,Clear conditions throughout the day.,clear-day,"SCEL,85577099999,85574099999",Windy
"-33.3537,-70.6811",2024-03-07,28.0,12.4,19.8,27.1,12.4,19.7,8.1,51.3,0.0,0.0,0.0,,0.0,0.0,33.5,28.8,186.0,1014.3,7.4,9.9,305.4,25.3,9.0,10.0,2024-03-07T07:36:23,2024-03-07T20:10:16,0.91,Clear,Clear conditions throughout the day.,clear-day,"SCEL,85577099999,85574099999",Windy
"-33.3537,-70.6811",2024-03-08,28.0,10.0,18.7,26.8,8.2,18.5,4.8,42.7,0.0,0.0,0.0,,0.0,0.0,32.0,35.0,176.4,1016.5,0.2,10.0,319.3,26.4,10.0,10.0,2024-03-08T07:37:11,2024-03-08T20:08:59,0.94,Clear,Clear conditions throughout the day.,clear-day,"SCEL,85577099999,85574099999",Windy
"-33.3537,-70.6811",2024-03-09,30.1,11.0,20.7,28.5,11.0,20.3,7.6,47.1,0.0,0.0,0.0,,0.0,0.0,32.4,30.1,171.0,1014.1,0.0,9.9,324.2,26.9,10.0,10.0,2024-03-09T07:37:58,2024-03-09T20:07:41,0.97,Clear,Clear conditions throughout the day.,clear-day,"SCEL,85577099999,85574099999",Windy
"-33.3537,-70.6811",2024-03-10,29.0,12.3,20.8,28.0,12.3,20.6,9.1,49.3,0.0,0.0,0.0,,0.0,0.0,36.7,31.4,202.0,1012.9,0.9,10.0,313.8,25.8,10.0,10.0,2024-03-10T07:38:45,2024-03-10T20:06:23,0.0,Clear,Clear conditions throughout the day.,clear-day,"SCEL,85577099999,85574099999",Windy
"-33.3537,-70.6811",2024-03-11,29.0,12.0,19.6,28.0,12.0,19.5,10.0,57.4,0.0,0.0,0.0,,0.0,0.0,34.9,28.3,201.0,1014.9,0.0,9.9,312.1,25.8,10.0,10.0,2024-03-11T07:39:31,2024-03-11T20:05:04,0.04,Clear,Clear conditions throughout the day.,clear-day,"SCEL,85577099999,85574099999",Windy
"-33.3537,-70.6811",2024-03-12,29.0,10.7,19.0,27.5,10.7,18.8,7.5,51.6,0.0,0.0,0.0,,0.0,0.0,31.0,22.3,202.5,1016.7,0.0,9.9,314.2,25.9,10.0,10.0,2024-03-12T07:40:18,2024-03-12T20:03:46,0.08,Clear,Clear conditions throughout the day.,clear-day,"SCEL,85577099999,85574099999",Windy
"-33.3537,-70.6811",2024-03-13,29.0,13.0,20.5,27.6,13.0,20.2,9.3,53.5,0.0,0.0,0.0,,0.0,0.0,32.8,26.6,186.3,1015.2,0.6,10.0,309.7,25.5,10.0,10.0,2024-03-13T07:41:04,2024-03-13T20:02:27,0.11,Clear,Clear conditions throughout the day.,clear-day,"SCEL,85577099999,85574099999",Windy
"-33.3537,-70.6811",2024-03-14,29.3,12.0,20.9,27.9,12.0,20.6,7.5,45.0,0.0,0.0,0.0,,0.0,0.0,33.1,24.1,185.7,1013.4,0.0,9.9,312.7,25.9,10.0,10.0,2024-03-14T07:41:50,2024-03-14T20:01:07,0.14,Clear,Clear conditions throughout the day.,clear-day,"SCEL,85577099999,85574099999",Windy
"-33.3537,-70.6811",2024-03-15,29.4,11.5,20.2,27.8,11.5,19.9,6.6,44.8,0.0,0.0,0.0,,0.0,0.0,36.7,29.5,196.2,1012.3,0.0,10.0,307.7,25.6,10.0,10.0,2024-03-15T07:42:35,2024-03-15T19:59:48,0.18,Clear,Clear conditions throughout the day.,clear-day,"SCEL,85577099999,85574099999",Windy
"-33.3537,-70.6811",2024-03-16,29.0,10.5,19.9,27.6,10.5,19.6,5.3,42.8,0.0,0.0,0.0,,0.0,0.0,33.1,22.3,189.8,1013.1,0.0,9.9,304.7,25.2,9.0,10.0,2024-03-16T07:43:21,2024-03-16T19:58:28,0.21,Clear,Clear conditions throughout the day.,clear-day,"SCEL,85577099999,85574099999",Windy
"-33.3537,-70.6811",2024-03-17,30.0,11.5,20.5,28.1,11.5,20.1,4.3,39.1,0.0,0.0,0.0,,0.0,0.0,35.3,27.7,200.8,1011.7,0.8,10.0,298.1,24.6,9.0,10.0,2024-03-17T07:44:06,2024-03-17T19:57:08,0.25,Clear,Clear conditions throughout the day.,clear-day,"SCEL,85577099999,85574099999",Windy
"-33.3537,-70.6811",2024-03-18,31.0,11.7,21.2,29.1,11.7,20.7,5.1,39.0,0.0,0.0,0.0,,0.0,0.0,31.3,24.1,185.3,1010.8,16.4,9.6,296.0,24.4,9.0,10.0,2024-03-18T07:44:51,2024-03-18T19:55:48,0.28,Clear,Clear conditions throughout the day.,clear-day,"SCEL,85577099999,85574099999",Windy
"-33.3537,-70.6811",2024-03-19,28.0,12.0,20.3,26.9,12.0,20.2,7.1,44.4,0.0,0.0,0.0,,0.0,0.0,33.8,32.0,184.1,1012.3,1.2,9.9,293.2,24.4,9.0,10.0,2024-03-19T07:45:36,2024-03-19T19:54:28,0.31,Clear,Clear conditions throughout the day.,clear-day,"SCEL,85577099999,85574099999",Windy
"-33.3537,-70.6811",2024-03-20,18.8,12.0,15.5,18.8,12.0,15.5,10.4,72.7,0.1,100.0,4.17,rain,0.0,0.0,28.1,25.3,174.0,1016.8,56.2,9.9,182.3,15.2,7.0,10.0,2024-03-20T07:46:21,2024-03-20T19:53:08,0.34,"Rain, Partially cloudy",Partly cloudy throughout the day with afternoon rain.,rain,"SCEL,85577099999,85574099999",Rainy
"-33.3537,-70.6811",2024-03-21,31.0,12.0,21.1,29.3,12.0,20.7,9.9,54.3,0.0,0.0,0.0,,0.0,0.0,28.1,23.8,207.1,1015.3,26.5,9.7,283.4,23.6,9.0,10.0,2024-03-21T07:47:05,2024-03-21T19:51:48,0.38,Partially cloudy,Partly cloudy throughout the day.,partly-cloudy-day,"SCEL,85577099999,85574099999",Cloudy
"-33.3537,-70.6811",2024-03-22,31.8,13.0,22.6,30.1,13.0,22.1,9.2,46.8,0.0,0.0,0.0,,0.0,0.0,31.3,27.6,199.3,1014.6,4.7,9.7,281.9,23.6,9.0,10.0,2024-03-22T07:47:50,2024-03-22T19:50:28,0.41,Clear,Clear conditions throughout the day.,clear-day,"SCEL,85577099999,85574099999",Windy
"-33.3537,-70.6811",2024-03-23,30.1,13.2,22.0,28.7,13.2,21.8,8.3,43.0,0.0,0.0,0.0,,0.0,0.0,34.6,26.2,198.9,1015.7,0.0,9.8,283.0,23.6,9.0,10.0,2024-03-23T07:48:34,2024-03-23T19:49:07,0.44,Clear,Clear conditions throughout the day.,clear-day,"SCEL,85577099999,85574099999",Windy
"-33.3537,-70.6811",2024-03-24,32.0,13.4,22.4,30.2,13.4,22.0,10.3,49.3,0.0,0.0,0.0,,0.0,0.0,32.4,24.1,193.4,1012.5,0.0,10.0,279.3,23.0,9.0,10.0,2024-03-24T07:49:18,2024-03-24T19:47:47,0.48,Clear,Clear conditions throughout the day.,clear-day,"SCEL,85577099999,85574099999",Windy
"-33.3537,-70.6811",2024-03-25,29.1,14.5,21.4,28.0,14.5,21.2,11.2,54.9,0.0,0.0,0.0,,0.0,0.0,32.0,28.5,198.3,1012.5,0.0,9.9,279.6,23.2,9.0,10.0,2024-03-25T07:50:02,2024-03-25T19:46:27,0.5,Clear,Clear conditions throughout the day.,clear-day,"SCEL,85577099999,85574099999",Windy
"-33.3537,-70.6811",2024-03-26,30.0,11.0,20.6,28.9,11.0,20.4,11.7,60.4,0.0,0.0,0.0,,0.0,0.0,35.6,25.9,194.1,1015.2,11.1,9.7,277.1,22.8,9.0,10.0,2024-03-26T07:50:46,2024-03-26T19:45:07,0.55,Clear,Clear conditions throughout the day.,clear-day,"SCEL,85577099999,85574099999",Windy
"-33.3537,-70.6811",2024-03-27,30.0,14.5,22.2,29.1,14.5,22.0,12.4,56.1,0.0,0.0,0.0,,0.0,0.0,36.4,27.7,195.5,1016.8,1.8,9.6,274.4,22.6,9.0,10.0,2024-03-27T07:51:30,2024-03-27T19:43:47,0.58,Clear,Clear conditions throughout the day.,clear-day,"SCEL,85577099999,85574099999",Windy
"-33.3537,-70.6811",2024-03-28,31.0,15.0,22.2,30.0,15.0,22.0,12.1,55.3,0.0,0.0,0.0,,0.0,0.0,31.3,29.5,186.1,1014.9,0.0,9.4,273.8,22.7,9.0,10.0,2024-03-28T07:52:14,2024-03-28T19:42:28,0.62,Clear,Clear conditions throughout the day.,clear-day,SCEL,Windy
"-33.3537,-70.6811",2024-03-29,31.0,12.0,21.6,29.8,12.0,21.3,10.9,53.8,0.0,0.0,0.0,,0.0,0.0,36.4,29.5,199.1,1015.7,0.0,9.7,268.2,22.2,9.0,10.0,2024-03-29T07:52:57,2024-03-29T19:41:08,0.65,Clear,Clear conditions throughout the day.,clear-day,SCEL,Windy
"-33.3537,-70.6811",2024-03-30,32.0,14.0,22.5,30.3,14.0,22.1,9.6,48.6,0.0,0.0,0.0,,0.0,0.0,30.2,24.1,194.4,1015.5,0.2,8.9,264.6,21.9,9.0,10.0,2024-03-30T07:53:41,2024-03-30T19:39:49,0.68,Clear,Clear conditions throughout the day.,clear-day,SCEL,Windy
"-33.3537,-70.6811",2024-03-31,29.0,12.0,21.5,27.5,12.0,21.2,4.0,35.5,0.0,0.0,0.0,,0.0,0.0,50.0,27.7,185.5,1016.3,32.7,9.9,255.6,21.0,8.0,10.0,2024-03-31T07:54:25,2024-03-31T19:38:30,0.72,Partially cloudy,Partly cloudy throughout the day.,partly-cloudy-day,SCEL,Cloudy
"-33.3537,-70.6811",2024-04-01,25.9,14.0,19.6,25.9,14.0,19.6,3.2,34.8,0.0,0.0,0.0,,0.0,0.0,28.1,21.8,181.4,1016.1,53.2,10.0,244.2,20.2,8.0,10.0,2024-04-01T07:55:08,2024-04-01T19:37:11,0.75,Partially cloudy,Partly cloudy throughout the day.,partly-cloudy-day,"SCEL,85577099999,85574099999",Cloudy
"-33.3537,-70.6811",2024-04-02,24.0,10.0,17.8,24.0,10.0,17.8,2.6,38.3,0.0,0.0,0.0,,0.0,0.0,29.2,24.1,172.5,1015.0,48.4,9.7,199.3,16.7,7.0,10.0,2024-04-02T07:55:52,2024-04-02T19:35:52,0.75,Partially cloudy,Partly cloudy throughout the day.,partly-cloudy-day,"SCEL,85577099999,85574099999",Cloudy
"-33.3537,-70.6811",2024-04-03,20.0,14.0,16.6,20.0,14.0,16.6,8.6,60.2,0.0,0.0,0.0,,0.0,0.0,23.0,23.3,170.9,1017.4,82.3,10.0,143.5,11.8,5.0,10.0,2024-04-03T07:56:35,2024-04-03T19:34:34,0.82,Partially cloudy,Partly cloudy throughout the day.,partly-cloudy-day,"SCEL,85577099999,85574099999",Cloudy
"-33.3537,-70.6811",2024-04-04,27.0,10.0,18.3,26.6,9.6,18.3,8.8,57.3,0.0,0.0,0.0,,0.0,0.0,27.4,21.6,188.4,1017.3,24.0,9.4,250.0,20.9,8.0,10.0,2024-04-04T07:57:19,2024-04-04T19:33:16,0.86,Partially cloudy,Partly cloudy throughout the day.,partly-cloudy-day,"SCEL,85577099999,85574099999",Cloudy
"-33.3537,-70.6811",2024-04-05,29.0,9.9,19.1,27.7,9.9,18.9,7.7,50.9,0.0,0.0,0.0,,0.0,0.0,30.2,27.4,197.4,1016.7,0.0,9.6,252.4,20.9,8.0,10.0,2024-04-05T07:58:02,2024-04-05T19:31:59,0.89,Clear,Clear conditions throughout the day.,clear-day,"SCEL,85577099999,85574099999",Windy
"-33.3537,-70.6811",2024-04-06,25.9,11.0,18.0,25.9,11.0,18.0,7.7,53.5,0.0,0.0,0.0,,0.0,0.0,31.3,25.0,182.5,1018.0,0.0,10.0,243.6,21.0,8.0,10.0,2024-04-06T07:58:46,2024-04-06T19:30:42,0.93,Clear,Clear conditions throughout the day.,clear-day,"SCEL,85577099999,85574099999",Windy
"-33.3537,-70.6811",2024-04-07,28.9,10.0,19.0,27.5,10.0,18.8,7.3,51.2,0.0,0.0,0.0,,0.0,0.0,27.0,24.6,185.3,1012.7,0.2,9.9,253.1,20.9,8.0,10.0,2024-04-07T06:59:29,2024-04-07T18:29:25,0.96,Clear,Clear conditions throughout the day.,clear-day,"SCEL,85577099999,85574099999",Windy
"-33.3537,-70.6811",2024-04-08,26.1,9.0,18.0,26.1,9.0,18.0,7.0,52.1,0.0,0.0,0.0,,0.0,0.0,28.8,25.8,198.0,1014.6,0.3,9.8,251.9,20.7,8.0,10.0,2024-04-08T07:00:13,2024-04-08T18:28:09,0.0,Clear,Clear conditions throughout the day.,clear-day,"SCEL,85577099999,85574099999",Windy
"-33.3537,-70.6811",2024-04-09,28.0,10.3,18.6,26.8,10.3,18.5,7.7,53.9,0.0,0.0,0.0,,0.0,0.0,29.9,24.1,190.9,1014.7,0.0,9.8,245.5,20.2,8.0,10.0,2024-04-09T07:00:56,2024-04-09T18:26:53,0.03,Clear,Clear conditions throughout the day.,clear-day,"SCEL,85577099999,85574099999",Windy
"-33.3537,-70.6811",2024-04-10,27.1,10.8,18.5,26.6,10.8,18.5,6.0,48.7,0.0,0.0,0.0,,0.0,0.0,36.0,26.8,188.9,1012.3,25.9,9.6,238.9,19.7,8.0,10.0,2024-04-10T07:01:40,2024-04-10T18:25:38,0.06,Partially cloudy,Partly cloudy throughout the day.,partly-cloudy-day,"SCEL,85577099999,85574099999",Cloudy
"-33.3537,-70.6811",2024-04-11,21.0,10.7,14.8,21.0,10.7,14.8,4.6,52.4,0.0,0.0,0.0,,0.0,0.0,25.6,24.1,171.9,1015.5,74.1,10.0,161.5,13.2,6.0,10.0,2024-04-11T07:02:23,2024-04-11T18:24:23,0.1,Partially cloudy,Partly cloudy throughout the day.,partly-cloudy-day,"SCEL,85577099999,85574099999",Cloudy
"-33.3537,-70.6811",2024-04-12,16.0,11.0,13.4,16.0,11.0,13.4,8.0,70.5,0.0,0.0,0.0,,0.0,0.0,24.5,28.7,171.4,1014.5,82.6,10.0,103.9,8.5,3.0,10.0,2024-04-12T07:03:07,2024-04-12T18:23:09,0.13,Partially cloudy,Partly cloudy throughout the day.,partly-cloudy-day,"SCEL,85577099999,85574099999",Cloudy
"-33.3537,-70.6811",2024-04-13,19.1,8.0,13.1,19.1,8.0,13.0,7.8,72.2,1.0,100.0,37.5,rain,0.0,0.0,27.7,21.5,182.6,1013.6,68.9,9.0,122.0,9.9,4.0,10.0,2024-04-13T07:03:51,2024-04-13T18:21:56,0.16,"Rain, Partially cloudy",Partly cloudy throughout the day with a chance of rain throughout the day.,rain,"SCEL,85577099999,85574099999",Rainy
"-33.3537,-70.6811",2024-04-14,22.0,9.1,15.2,22.0,8.1,15.1,7.3,62.0,4.2,100.0,66.67,rain,0.0,0.0,23.8,28.9,192.3,1014.6,75.0,10.0,109.9,9.0,4.0,10.0,2024-04-14T07:04:35,2024-04-14T18:20:43,0.19,"Rain, Partially cloudy",Partly cloudy throughout the day with a chance of rain throughout the day.,rain,"SCEL,85577099999,85574099999",Rainy
"-33.3537,-70.6811",2024-04-15,18.7,11.3,14.8,18.7,11.3,14.8,7.5,62.3,3.1,100.0,45.83,rain,0.0,0.0,23.8,18.4,138.7,1019.3,77.5,10.0,132.0,10.9,6.0,10.0,2024-04-15T07:05:18,2024-04-15T18:19:31,0.25,"Rain, Partially cloudy",Partly cloudy throughout the day with rain.,rain,"SCEL,85577099999,85574099999",Rainy
"-33.3537,-70.6811",2024-04-16,23.4,8.0,15.3,23.4,8.0,15.3,6.6,60.4,0.0,0.0,0.0,,0.0,0.0,21.6,18.4,205.7,1021.7,21.9,9.4,225.7,18.6,8.0,10.0,2024-04-16T07:06:02,2024-04-16T18:18:19,0.26,Partially cloudy,Clearing in the afternoon.,partly-cloudy-day,"SCEL,85577099999,85574099999",Cloudy
"-33.3537,-70.6811",2024-04-17,28.1,7.3,16.9,26.9,6.4,16.6,4.6,50.7,0.0,0.0,0.0,,0.0,0.0,24.8,14.8,173.6,1017.5,0.0,11.1,227.1,18.9,8.0,10.0,2024-04-17T07:06:46,2024-04-17T18:17:08,0.29,Clear,Clear conditions throughout the day.,clear-day,"SCEL,85577099999,remote,85574099999",Sunny
"-33.3537,-70.6811",2024-04-18,31.0,9.6,19.4,28.9,9.2,19.0,3.2,40.3,0.0,0.0,0.0,,0.0,0.0,23.8,27.4,175.7,1013.1,28.1,12.2,221.9,18.3,8.0,10.0,2024-04-18T07:07:30,2024-04-18T18:15:58,0.33,Partially cloudy,Clearing in the afternoon.,partly-cloudy-day,"SCEL,85577099999,remote,85574099999",Cloudy
"-33.3537,-70.6811",2024-04-19,25.0,10.1,17.8,25.0,10.1,17.8,6.4,49.3,0.0,0.0,0.0,,0.0,0.0,24.1,19.5,176.5,1015.4,65.8,9.9,193.0,15.8,7.0,10.0,2024-04-19T07:08:14,2024-04-19T18:14:49,0.36,Partially cloudy,Partly cloudy throughout the day.,partly-cloudy-day,"SCEL,85577099999,85574099999",Cloudy
"-33.3537,-70.6811",2024-04-20,21.9,12.1,16.5,21.9,12.1,16.5,9.8,66.1,0.0,0.0,0.0,,0.0,0.0,22.0,20.5,167.3,1015.4,83.7,9.4,139.2,11.4,5.0,10.0,2024-04-20T07:08:58,2024-04-20T18:13:40,0.39,Partially cloudy,Partly cloudy throughout the day.,partly-cloudy-day,"SCEL,85577099999,85574099999",Cloudy
"-33.3537,-70.6811",2024-04-21,18.0,12.9,15.0,18.0,12.9,15.0,9.7,71.3,0.9,100.0,12.5,rain,0.0,0.0,27.4,21.0,174.0,1015.6,93.4,10.0,137.3,11.2,6.0,10.0,2024-04-21T07:09:42,2024-04-21T18:12:33,0.42,"Rain, Overcast",Cloudy skies throughout the day with late afternoon rain.,rain,"SCEL,85577099999,85574099999",Rainy
"-33.3537,-70.6811",2024-04-22,21.0,9.0,14.2,21.0,7.9,14.1,9.6,75.6,1.9,100.0,58.33,rain,0.0,0.0,31.0,26.3,203.4,1018.1,30.4,9.7,174.9,14.3,6.0,10.0,2024-04-22T07:10:27,2024-04-22T18:11:26,0.46,"Rain, Partially cloudy",Partly cloudy throughout the day with a chance of rain throughout the day.,rain,"SCEL,85577099999,85574099999",Rainy
"-33.3537,-70.6811",2024-04-23,24.2,10.0,16.4,24.2,10.0,16.4,8.7,63.6,0.0,0.0,0.0,,0.0,0.0,23.0,18.6,213.1,1017.4,36.5,9.4,216.2,17.8,8.0,10.0,2024-04-23T07:11:11,2024-04-23T18:10:20,0.5,Partially cloudy,Clearing in the afternoon.,partly-cloudy-day,"SCEL,85577099999,85574099999",Cloudy
"-33.3537,-70.6811",2024-04-24,23.0,7.6,14.3,23.0,7.4,14.3,4.1,53.9,0.0,0.0,0.0,,0.0,0.0,28.1,30.0,199.9,1017.0,3.2,9.9,212.2,17.5,7.0,10.0,2024-04-24T07:11:55,2024-04-24T18:09:15,0.52,Clear,Clear conditions throughout the day.,clear-day,"SCEL,85577099999,85574099999",Windy
"-33.3537,-70.6811",2024-04-25,22.0,5.0,13.3,22.0,3.6,13.1,2.3,50.8,0.0,0.0,0.0,,0.0,0.0,25.9,18.4,200.1,1017.5,47.1,9.9,199.9,16.4,7.0,10.0,2024-04-25T07:12:40,2024-04-25T18:08:11,0.56,Partially cloudy,Partly cloudy throughout the day.,partly-cloudy-day,"SCEL,85577099999,85574099999",Cloudy
"-33.3537,-70.6811",2024-04-26,20.0,6.0,13.4,20.0,5.1,13.2,5.6,61.4,0.0,0.0,0.0,,0.0,0.0,28.8,18.4,198.6,1018.4,46.1,10.6,200.1,16.6,7.0,10.0,2024-04-26T07:13:24,2024-04-26T18:07:07,0.59,Partially cloudy,Becoming cloudy in the afternoon.,partly-cloudy-day,"SCEL,85577099999,85574099999",Cloudy
"-33.3537,-70.6811",2024-04-27,20.1,6.3,13.1,20.1,6.3,13.0,5.0,60.4,0.0,0.0,0.0,,0.0,0.0,24.8,16.6,198.5,1019.8,11.4,9.9,208.3,17.3,7.0,10.0,2024-04-27T07:14:08,2024-04-27T18:06:05,0.63,Clear,Clear conditions throughout the day.,clear-day,"SCEL,85577099999,85574099999",Sunny
"-33.3537,-70.6811",2024-04-28,15.0,6.8,10.4,15.0,6.8,10.2,3.3,62.5,0.0,0.0,0.0,,0.0,0.0,24.1,17.0,190.4,1015.5,65.5,10.6,150.4,12.5,5.0,10.0,2024-04-28T07:14:53,2024-04-28T18:05:04,0.67,Partially cloudy,Partly cloudy throughout the day.,partly-cloudy-day,"SCEL,85577099999,remote,85574099999",Cloudy
"-33.3537,-70.6811",2024-04-29,18.7,7.0,13.3,18.7,5.2,12.9,1.7,49.1,0.0,0.0,0.0,,0.0,0.0,36.0,20.7,242.2,1015.9,79.7,10.0,192.0,15.9,7.0,10.0,2024-04-29T07:15:37,2024-04-29T18:04:04,0.7,Partially cloudy,Partly cloudy throughout the day.,partly-cloudy-day,"SCEL,85577099999,85574099999",Cloudy
"-33.3537,-70.6811",2024-04-30,17.5,11.6,13.9,17.5,11.6,13.9,7.4,65.4,0.7,100.0,29.17,rain,0.0,0.0,30.6,26.3,171.0,1018.1,71.0,10.0,129.2,10.7,6.0,10.0,2024-04-30T07:16:22,2024-04-30T18:03:04,0.74,"Rain, Partially cloudy",Partly cloudy throughout the day with a chance of rain throughout the day.,rain,"SCEL,85577099999,85574099999",Rainy
"-33.3537,-70.6811",2024-05-01,15.0,7.1,11.6,15.0,6.8,11.5,6.4,71.3,1.0,100.0,37.5,rain,0.0,0.0,31.7,27.7,178.2,1017.4,76.3,10.0,124.1,10.1,5.0,10.0,2024-05-01T07:17:06,2024-05-01T18:02:06,0.75,"Rain, Partially cloudy",Partly cloudy throughout the day with a chance of rain throughout the day.,rain,"SCEL,85577099999,85574099999",Rainy
"-33.3537,-70.6811",2024-05-02,15.0,2.2,8.3,15.0,2.2,8.0,3.2,72.2,0.0,0.0,0.0,,0.0,0.0,22.7,18.4,179.5,1017.0,60.1,9.2,146.2,12.2,5.0,10.0,2024-05-02T07:17:51,2024-05-02T18:01:09,0.81,Partially cloudy,Partly cloudy throughout the day.,partly-cloudy-day,"SCEL,85577099999,85574099999",Cloudy
"-33.3537,-70.6811",2024-05-03,17.0,3.0,10.4,17.0,3.0,10.2,2.7,61.9,0.0,0.0,0.0,,0.0,0.0,24.1,18.4,178.0,1017.5,38.0,9.6,196.0,16.3,7.0,10.0,2024-05-03T07:18:35,2024-05-03T18:00:13,0.84,Partially cloudy,Partly cloudy throughout the day.,partly-cloudy-day,"SCEL,85577099999,85574099999",Cloudy
"-33.3537,-70.6811",2024-05-04,19.6,5.0,11.8,19.6,3.3,11.6,1.7,54.8,0.0,0.0,0.0,,0.0,0.0,26.6,20.1,198.1,1017.0,50.4,9.8,193.8,16.1,7.0,10.0,2024-05-04T07:19:20,2024-05-04T17:59:19,0.88,Partially cloudy,Partly cloudy throughout the day.,partly-cloudy-day,"SCEL,85577099999,85574099999",Cloudy
"-33.3537,-70.6811",2024-05-05,17.0,5.9,10.7,17.0,5.3,10.5,5.2,71.1,0.0,0.0,0.0,,0.0,0.0,24.1,18.4,191.3,1016.3,76.5,9.9,131.3,10.7,5.0,10.0,2024-05-05T07:20:04,2024-05-05T17:58:25,0.91,Partially cloudy,Partly cloudy throughout the day.,partly-cloudy-day,"SCEL,85577099999,85574099999",Cloudy
"-33.3537,-70.6811",2024-05-06,17.0,5.0,10.6,17.0,3.6,10.3,4.6,68.8,0.0,0.0,0.0,,0.0,0.0,33.5,22.3,180.7,1014.7,30.4,10.1,174.8,14.5,6.0,10.0,2024-05-06T07:20:49,2024-05-06T17:57:33,0.95,Partially cloudy,Clearing in the afternoon.,partly-cloudy-day,"SCEL,85577099999,remote,85574099999",Cloudy
"-33.3537,-70.6811",2024-05-07,10.0,3.0,5.5,8.0,0.4,3.4,2.9,83.4,29.8,100.0,62.5,"rain,snow",0.0,0.0,50.0,29.5,5.6,1016.8,69.6,9.3,37.8,3.2,2.0,10.0,2024-05-07T07:21:33,2024-05-07T17:56:42,0.0,"Snow, Rain, Partially cloudy",Partly cloudy throughout the day with rain or snow.,rain,"SCEL,85577099999,85574099999",Snowy
"-33.3537,-70.6811",2024-05-08,15.0,0.6,6.7,15.0,-1.9,5.9,2.4,77.3,0.0,0.0,0.0,,0.0,0.0,17.6,11.2,320.8,1021.2,6.3,9.3,179.8,14.8,7.0,10.0,2024-05-08T07:22:17,2024-05-08T17:55:52,0.02,Clear,Clear conditions throughout the day.,clear-day,"SCEL,85577099999,85574099999",Sunny
"-33.3537,-70.6811",2024-05-23,13.0,5.5,8.0,13.0,3.2,7.0,5.1,83.6,18.9,100.0,37.5,rain,0.0,0.1,20.9,18.6,333.5,1024.4,58.3,9.1,141.2,12.1,6.0,10.0,2024-05-23T07:32:53,2024-05-23T17:46:04,0.5,"Rain, Partially cloudy",Partly cloudy throughout the day with rain clearing later.,rain,"SCEL,85577099999,85574099999",Rainy
"-33.3537,-70.6811",2024-05-24,13.1,3.0,7.8,13.1,1.1,7.0,5.3,85.4,0.0,0.0,0.0,,0.0,0.3,21.2,13.6,355.7,1020.1,84.7,8.5,66.4,5.7,3.0,10.0,2024-05-24T07:33:33,2024-05-24T17:45:37,0.54,Partially cloudy,Partly cloudy throughout the day.,partly-cloudy-day,"SCEL,85577099999,85574099999",Cloudy
"-33.3537,-70.6811",2024-05-25,15.0,7.4,10.5,15.0,5.7,9.6,6.9,80.2,0.6,100.0,8.33,rain,0.0,0.2,21.2,23.9,186.0,1017.4,88.3,8.2,127.0,11.0,5.0,10.0,2024-05-25T07:34:12,2024-05-25T17:45:11,0.57,"Rain, Partially cloudy",Partly cloudy throughout the day with late afternoon rain.,rain,"SCEL,85577099999,85574099999",Rainy
"-33.3537,-70.6811",2024-05-26,15.0,7.0,9.9,15.0,5.2,9.0,7.1,83.9,10.0,100.0,66.67,rain,0.0,0.2,27.4,16.2,205.2,1020.3,55.9,7.9,122.5,10.5,5.0,10.0,2024-05-26T07:34:51,2024-05-26T17:44:46,0.61,"Rain, Partially cloudy",Partly cloudy throughout the day with a chance of rain throughout the day.,rain,"SCEL,85577099999,85574099999",Rainy
"-33.3537,-70.6811",2024-05-27,15.1,2.0,8.6,15.1,0.8,8.2,5.4,82.2,0.0,0.0,0.0,,0.0,0.2,19.1,16.7,12.6,1021.0,54.3,7.6,97.2,8.5,4.0,10.0,2024-05-27T07:35:29,2024-05-27T17:44:23,0.65,Partially cloudy,Partly cloudy throughout the day.,partly-cloudy-day,"SCEL,85577099999,85574099999",Cloudy
"-33.3537,-70.6811",2024-05-28,19.3,3.0,10.3,19.3,3.0,9.9,5.4,75.4,0.0,0.0,0.0,,0.0,0.2,21.2,21.1,141.9,1019.4,56.3,7.2,113.7,9.8,5.0,10.0,2024-05-28T07:36:06,2024-05-28T17:44:01,0.68,Partially cloudy,Partly cloudy throughout the day.,partly-cloudy-day,"SCEL,85577099999,85574099999",Cloudy
"-33.3537,-70.6811",2024-05-29,19.0,8.0,11.6,19.0,6.3,11.3,6.5,73.4,0.0,0.0,0.0,,0.0,0.2,16.2,19.7,168.9,1020.9,63.6,7.8,116.1,10.0,5.0,10.0,2024-05-29T07:36:43,2024-05-29T17:43:41,0.72,Partially cloudy,Partly cloudy throughout the day.,partly-cloudy-day,"SCEL,85577099999,85574099999",Cloudy
"-33.3537,-70.6811",2024-05-30,21.5,5.9,12.5,21.5,2.2,12.0,6.1,68.8,0.0,0.0,0.0,,0.0,0.0,16.9,24.9,78.3,1018.6,30.8,6.6,128.3,11.2,5.0,10.0,2024-05-30T07:37:19,2024-05-30T17:43:23,0.75,Partially cloudy,Partly cloudy throughout the day.,partly-cloudy-day,"SCEL,85577099999,85574099999",Cloudy
"-33.3537,-70.6811",2024-05-31,16.4,5.0,9.9,16.4,2.2,9.4,5.6,75.9,0.0,0.0,0.0,,0.0,0.2,19.1,33.8,141.6,1017.5,33.0,7.6,86.5,7.5,4.0,10.0,2024-05-31T07:37:54,2024-05-31T17:43:06,0.79,Partially cloudy,Partly cloudy throughout the day.,partly-cloudy-day,"SCEL,85577099999,85574099999",Cloudy
"-33.3537,-70.6811",2024-06-01,18.5,2.4,10.4,18.5,2.4,10.0,5.9,76.6,0.0,0.0,0.0,,0.0,0.3,19.1,20.0,169.8,1019.2,17.3,7.3,144.6,12.3,6.0,10.0,2024-06-01T07:38:28,2024-06-01T17:42:51,0.83,Clear,Clear conditions throughout the day.,clear-day,"SCEL,85577099999,85574099999",Sunny
"-33.3537,-70.6811",2024-06-02,18.0,9.6,12.7,18.0,8.2,12.5,7.6,72.4,0.0,0.0,0.0,,0.0,0.1,24.1,13.6,13.4,1015.7,66.6,7.6,81.6,7.1,4.0,10.0,2024-06-02T07:39:02,2024-06-02T17:42:37,0.86,Partially cloudy,Partly cloudy throughout the day.,partly-cloudy-day,"SCEL,85577099999,85574099999",Cloudy
"-33.3537,-70.6811",2024-06-03,16.3,10.0,12.6,16.3,9.6,12.6,8.1,74.4,0.0,0.0,0.0,,0.0,0.0,24.1,18.2,175.1,1015.4,81.8,7.2,58.6,5.2,3.0,10.0,2024-06-03T07:39:35,2024-06-03T17:42:24,0.9,Partially cloudy,Partly cloudy throughout the day.,partly-cloudy-day,"SCEL,85577099999,85574099999",Cloudy
"-33.3537,-70.6811",2024-06-04,15.0,7.6,11.3,15.0,5.4,11.0,8.2,82.1,0.5,100.0,8.33,rain,0.0,0.0,38.9,14.7,276.6,1015.9,84.2,5.6,58.1,5.0,3.0,10.0,2024-06-04T07:40:07,2024-06-04T17:42:14,0.93,"Rain, Partially cloudy",Partly cloudy throughout the day with late afternoon rain.,rain,"SCEL,85577099999,85574099999",Rainy
"-33.3537,-70.6811",2024-06-05,16.1,9.0,12.1,16.1,8.5,12.0,7.1,73.1,0.0,0.0,0.0,,0.0,0.0,21.6,14.8,278.8,1017.1,93.1,7.1,52.7,4.4,2.0,10.0,2024-06-05T07:40:38,2024-06-05T17:42:04,0.97,Overcast,Cloudy skies throughout the day.,cloudy,"SCEL,85577099999,85574099999",Foggy
"-33.3537,-70.6811",2024-06-06,15.1,7.0,11.3,15.1,5.6,10.9,6.4,72.6,0.0,0.0,0.0,,0.0,0.0,17.6,12.8,6.9,1019.7,73.2,7.1,68.7,6.0,3.0,10.0,2024-06-06T07:41:09,2024-06-06T17:41:57,0.0,Partially cloudy,Partly cloudy throughout the day.,partly-cloudy-day,"SCEL,85577099999,85574099999",Cloudy
"-33.3537,-70.6811",2024-06-07,20.5,6.0,12.4,20.5,6.0,12.3,6.2,69.8,0.0,0.0,0.0,,0.0,0.0,16.9,16.7,355.5,1015.6,60.6,7.0,122.1,10.5,5.0,10.0,2024-06-07T07:41:38,2024-06-07T17:41:51,0.04,Partially cloudy,Partly cloudy throughout the day.,partly-cloudy-day,"SCEL,85577099999,85574099999",Cloudy
"-33.3537,-70.6811",2024-06-08,17.0,8.5,12.0,17.0,7.4,11.8,7.6,75.2,1.5,100.0,4.17,rain,0.0,0.0,38.9,38.6,184.9,1014.1,66.6,9.0,92.3,7.9,5.0,10.0,2024-06-08T07:42:07,2024-06-08T17:41:46,0.07,"Rain, Partially cloudy",Partly cloudy throughout the day with late afternoon rain.,rain,"SCEL,85577099999,85574099999",Rainy
"-33.3537,-70.6811",2024-06-09,12.0,7.6,9.5,12.0,4.8,8.5,6.7,82.8,17.1,100.0,70.83,rain,0.0,0.1,45.0,18.4,30.3,1019.6,97.0,9.3,52.7,4.4,2.0,10.0,2024-06-09T07:42:34,2024-06-09T17:41:43,0.1,"Rain, Overcast",Cloudy skies throughout the day with a chance of rain throughout the day.,rain,"SCEL,85577099999,85574099999",Rainy
"-33.3537,-70.6811",2024-06-10,15.0,7.7,10.4,15.0,6.9,10.2,8.1,86.2,0.1,100.0,4.17,rain,0.0,0.2,19.1,12.9,324.8,1017.3,91.5,9.1,40.7,3.4,2.0,10.0,2024-06-10T07:43:00,2024-06-10T17:41:41,0.13,"Rain, Overcast",Cloudy skies throughout the day with late afternoon rain.,rain,"SCEL,85577099999,85574099999",Rainy
"-33.3537,-70.6811",2024-06-11,13.0,8.8,10.5,13.0,6.5,10.0,8.3,87.1,0.3,100.0,4.17,rain,0.0,0.2,19.4,14.6,306.2,1015.6,92.8,8.3,62.6,5.3,3.0,10.0,2024-06-11T07:43:25,2024-06-11T17:41:41,0.17,"Rain, Overcast",Cloudy skies throughout the day with afternoon rain.,rain,"SCEL,85577099999,85574099999",Rainy
"-33.3537,-70.6811",2024-06-12,13.0,7.7,10.1,13.0,6.9,9.8,7.7,85.8,1.1,100.0,25.0,rain,0.0,0.1,38.9,13.0,102.5,1010.9,92.1,8.4,33.7,3.0,2.0,10.0,2024-06-12T07:43:50,2024-06-12T17:41:42,0.2,"Rain, Overcast",Cloudy skies throughout the day with rain.,rain,"SCEL,85577099999,85574099999",Rainy
"-33.3537,-70.6811",2024-06-13,13.0,8.0,10.0,13.0,6.7,9.4,8.8,92.0,69.7,100.0,95.83,rain,0.0,0.1,64.8,18.3,38.7,1011.8,99.0,6.5,8.0,0.6,0.0,10.0,2024-06-13T07:44:13,2024-06-13T17:41:45,0.23,"Rain, Overcast",Cloudy skies throughout the day with a chance of rain throughout the day.,rain,"SCEL,85577099999,85574099999",Rainy
"-33.3537,-70.6811",2024-06-14,15.0,6.6,10.3,15.0,5.3,9.6,6.8,81.1,17.4,100.0,79.17,rain,0.0,0.1,38.2,20.5,45.9,1019.7,72.6,9.3,80.5,7.1,5.0,10.0,2024-06-14T07:44:34,2024-06-14T17:41:49,0.25,"Rain, Partially cloudy",Partly cloudy throughout the day with a chance of rain throughout the day.,rain,"SCEL,85577099999,85574099999",Rainy
"-33.3537,-70.6811",2024-06-15,15.1,3.9,8.7,15.1,2.6,8.5,5.3,81.4,0.0,0.0,0.0,,0.0,0.3,16.6,16.6,160.9,1021.5,51.9,8.3,98.9,8.4,4.0,10.0,2024-06-15T07:44:55,2024-06-15T17:41:55,0.29,Partially cloudy,Partly cloudy throughout the day.,partly-cloudy-day,"SCEL,85577099999,85574099999",Cloudy
"-33.3537,-70.6811",2024-06-16,16.1,2.9,8.4,16.1,0.9,8.1,5.4,83.6,0.0,0.0,0.0,,0.0,0.3,15.5,10.8,142.1,1020.6,25.2,7.1,123.5,10.6,5.0,10.0,2024-06-16T07:45:14,2024-06-16T17:42:02,0.33,Partially cloudy,Becoming cloudy in the afternoon.,partly-cloudy-day,"SCEL,85577099999,85574099999",Cloudy
"-33.3537,-70.6811",2024-06-17,11.2,3.1,7.6,11.2,1.0,6.7,6.1,90.9,2.4,100.0,25.0,rain,0.0,0.3,36.7,14.8,97.1,1018.6,59.8,5.6,73.9,6.3,4.0,10.0,2024-06-17T07:45:33,2024-06-17T17:42:10,0.36,"Rain, Partially cloudy",Partly cloudy throughout the day with late afternoon rain.,rain,"SCEL,85577099999,85574099999",Rainy
"-33.3537,-70.6811",2024-06-18,13.2,8.7,10.1,13.2,6.5,9.2,7.9,87.0,26.7,100.0,100.0,rain,0.0,0.2,48.2,26.6,32.6,1015.5,95.0,9.3,25.8,2.1,1.0,10.0,2024-06-18T07:45:49,2024-06-18T17:42:20,0.39,"Rain, Overcast",Cloudy skies throughout the day with a chance of rain throughout the day.,rain,"SCEL,85577099999,remote,85574099999",Rainy
"-33.3537,-70.6811",2024-06-19,16.1,7.8,10.7,16.1,6.1,10.3,7.6,82.7,3.3,100.0,37.5,rain,0.0,0.2,36.0,14.7,189.4,1018.8,61.7,9.8,112.7,9.8,5.0,10.0,2024-06-19T07:46:05,2024-06-19T17:42:31,0.42,"Rain, Partially cloudy",Partly cloudy throughout the day with rain clearing later.,rain,"SCEL,85577099999,85574099999",Rainy
"-33.3537,-70.6811",2024-06-20,11.8,6.4,8.9,11.8,5.3,8.3,7.3,90.2,1.7,100.0,25.0,rain,0.0,0.3,23.0,22.3,154.2,1015.4,84.5,8.8,47.4,3.9,2.0,10.0,2024-06-20T07:46:19,2024-06-20T17:42:44,0.46,"Rain, Partially cloudy",Partly cloudy throughout the day with rain.,rain,"SCEL,85577099999,85574099999",Rainy
"-33.3537,-70.6811",2024-06-21,9.8,6.0,7.6,8.6,3.0,5.5,6.7,94.0,66.9,100.0,91.67,rain,0.0,0.2,39.2,33.0,151.4,1016.8,99.6,7.2,5.2,0.6,0.0,10.0,2024-06-21T07:46:32,2024-06-21T17:42:57,0.5,"Rain, Overcast",Cloudy skies throughout the day with a chance of rain throughout the day.,rain,"SCEL,85577099999,85574099999",Rainy
"-33.3537,-70.6811",2024-06-22,9.0,6.5,7.7,8.3,3.3,5.8,6.1,89.9,32.5,100.0,100.0,rain,0.0,0.2,30.2,22.3,101.2,1020.1,94.5,8.8,15.2,1.4,1.0,10.0,2024-06-22T07:46:44,2024-06-22T17:43:12,0.52,"Rain, Overcast",Cloudy skies throughout the day with a chance of rain throughout the day.,rain,"SCEL,85577099999,remote,85574099999",Rainy
"-33.3537,-70.6811",2024-06-23,10.6,5.0,7.4,10.6,3.9,6.3,5.2,86.8,1.6,100.0,29.17,rain,0.0,0.2,22.3,16.6,201.6,1020.8,89.5,8.8,99.9,8.6,5.0,10.0,2024-06-23T07:46:54,2024-06-23T17:43:29,0.56,"Rain, Partially cloudy",Partly cloudy throughout the day with rain clearing later.,rain,"SCEL,85577099999,85574099999",Rainy
"-33.3537,-70.6811",2024-06-24,9.9,5.9,7.5,8.3,2.6,5.3,4.2,80.0,1.8,100.0,50.0,rain,0.0,0.3,13.3,19.7,181.1,1021.0,89.5,10.0,25.2,2.2,1.0,10.0,2024-06-24T07:47:02,2024-06-24T17:43:46,0.59,"Rain, Partially cloudy",Partly cloudy throughout the day with rain.,rain,"SCEL,85577099999,85574099999",Rainy
"-33.3537,-70.6811",2024-06-25,11.6,3.6,7.1,11.6,1.2,5.4,2.9,76.0,2.1,100.0,29.17,rain,0.0,0.4,17.3,20.8,208.8,1025.9,57.1,9.8,125.0,10.9,5.0,10.0,2024-06-25T07:47:10,2024-06-25T17:44:05,0.63,"Rain, Partially cloudy",Partly cloudy throughout the day with rain clearing later.,rain,"SCEL,85577099999,85574099999",Rainy
"-33.3537,-70.6811",2024-06-26,14.4,0.6,6.2,14.4,-2.7,4.8,2.4,79.3,0.0,0.0,0.0,,0.0,0.4,16.6,17.8,353.7,1026.9,31.8,7.7,125.0,11.0,5.0,10.0,2024-06-26T07:47:15,2024-06-26T17:44:25,0.67,Partially cloudy,Partly cloudy throughout the day.,partly-cloudy-day,"SCEL,85577099999,85574099999",Cloudy
"-33.3537,-70.6811",2024-06-27,18.3,2.6,9.3,18.3,-0.2,8.0,3.8,71.9,0.0,0.0,0.0,,0.0,0.3,14.8,21.3,155.8,1019.4,61.8,8.6,96.0,8.5,4.0,10.0,2024-06-27T07:47:20,2024-06-27T17:44:46,0.7,Partially cloudy,Partly cloudy throughout the day.,partly-cloudy-day,"SCEL,85577099999,85574099999",Cloudy
"-33.3537,-70.6811",2024-06-28,15.5,3.7,8.4,15.5,2.1,7.6,5.4,83.4,0.0,0.0,0.0,,0.0,0.2,17.6,19.4,221.1,1021.8,35.2,7.9,132.2,11.3,6.0,10.0,2024-06-28T07:47:23,2024-06-28T17:45:08,0.75,Partially cloudy,Clearing in the afternoon.,partly-cloudy-day,"SCEL,85577099999,85574099999",Cloudy
"-33.3537,-70.6811",2024-06-29,17.3,2.3,8.0,17.3,-0.1,7.2,5.2,84.7,0.0,0.0,0.0,,0.0,0.2,19.1,19.3,15.7,1021.8,37.5,5.2,125.4,10.8,5.0,10.0,2024-06-29T07:47:24,2024-06-29T17:45:31,0.77,Partially cloudy,Partly cloudy throughout the day.,partly-cloudy-day,"SCEL,85577099999,85574099999",Cloudy
"-33.3537,-70.6811",2024-06-30,20.3,2.5,10.0,20.3,1.1,9.5,4.6,73.8,0.0,0.0,0.0,,0.0,0.3,17.6,16.6,356.5,1022.4,9.7,7.3,139.1,12.0,6.0,10.0,2024-06-30T07:47:24,2024-06-30T17:45:55,0.81,Clear,Clear conditions throughout the day.,clear-day,"SCEL,85577099999,85574099999",Sunny
"-33.3537,-70.6811",2024-07-01,21.6,3.1,10.5,21.6,-0.3,9.6,4.2,70.0,0.0,0.0,0.0,,0.0,0.3,17.3,16.3,335.3,1021.0,0.2,8.8,137.0,11.8,5.0,10.0,2024-07-01T07:47:22,2024-07-01T17:46:21,0.85,Clear,Clear conditions throughout the day.,clear-day,"SCEL,85577099999,85574099999",Sunny
"-33.3537,-70.6811",2024-07-02,20.1,2.7,10.3,20.1,0.5,9.7,3.9,69.1,0.0,0.0,0.0,,0.0,0.2,16.6,32.2,184.4,1021.1,33.1,9.0,135.8,11.7,5.0,10.0,2024-07-02T07:47:19,2024-07-02T17:46:47,0.88,Partially cloudy,Becoming cloudy in the afternoon.,partly-cloudy-day,"SCEL,85577099999,85574099999",Cloudy
"-33.3537,-70.6811",2024-07-03,18.3,5.7,10.4,18.3,3.2,9.5,4.5,69.4,0.0,0.0,0.0,,0.0,0.2,16.6,26.5,176.0,1019.8,95.3,9.3,105.4,9.3,5.0,10.0,2024-07-03T07:47:14,2024-07-03T17:47:14,0.92,Overcast,Cloudy skies throughout the day.,cloudy,"SCEL,85577099999,85574099999",Windy
"-33.3537,-70.6811",2024-07-04,13.3,3.2,7.3,13.3,0.5,5.7,1.8,70.4,0.0,0.0,0.0,,0.0,0.0,21.2,28.2,185.5,1021.4,69.4,9.4,131.1,11.2,5.0,10.0,2024-07-04T07:47:07,2024-07-04T17:47:42,0.95,Partially cloudy,Partly cloudy throughout the day.,partly-cloudy-day,"SCEL,85577099999,85574099999",Cloudy
"-33.3537,-70.6811",2024-07-05,17.0,-0.6,6.6,17.0,-3.6,5.7,0.7,69.7,0.0,0.0,0.0,,0.0,0.0,13.3,18.4,247.3,1020.6,2.2,8.0,147.0,12.7,6.0,10.0,2024-07-05T07:46:59,2024-07-05T17:48:11,0.0,Clear,Clear conditions throughout the day.,clear-day,"SCEL,85577099999,85574099999",Sunny
"-33.3537,-70.6811",2024-07-06,14.4,-0.1,6.2,14.4,-2.8,4.6,0.8,71.4,0.0,0.0,0.0,,0.0,0.0,29.5,34.1,176.9,1022.5,3.8,7.8,144.8,12.5,6.0,10.0,2024-07-06T07:46:50,2024-07-06T17:48:41,0.02,Clear,Clear conditions throughout the day.,clear-day,"SCEL,85577099999,85574099999",Windy
"-33.3537,-70.6811",2024-07-07,14.9,-1.2,5.6,14.9,-3.5,4.9,0.7,74.6,0.0,0.0,0.0,,0.0,0.0,15.1,17.5,192.0,1023.0,0.6,7.2,145.4,12.4,6.0,10.0,2024-07-07T07:46:39,2024-07-07T17:49:12,0.06,Clear,Clear conditions throughout the day.,clear-day,"SCEL,85577099999,85574099999",Sunny
"-33.3537,-70.6811",2024-07-08,16.0,-0.7,6.3,16.0,-3.8,5.5,0.8,72.2,0.0,0.0,0.0,,0.0,0.0,16.6,21.2,201.6,1020.1,1.0,6.6,148.7,12.7,6.0,10.0,2024-07-08T07:46:26,2024-07-08T17:49:43,0.09,Clear,Clear conditions throughout the day.,clear-day,"SCEL,85577099999,85574099999",Windy
"-33.3537,-70.6811",2024-07-09,12.3,-0.4,5.0,12.3,-3.4,3.0,1.4,79.8,0.0,0.0,0.0,,0.0,0.0,19.4,40.0,179.3,1019.3,7.2,7.0,149.3,12.8,6.0,10.0,2024-07-09T07:46:12,2024-07-09T17:50:15,0.12,Clear,Clear conditions throughout the day.,clear-day,"SCEL,85577099999,85574099999",Windy
"-33.3537,-70.6811",2024-07-10,9.5,2.0,5.4,9.5,-1.6,3.4,1.6,77.4,0.1,100.0,4.17,rain,0.0,0.0,20.5,18.7,248.7,1019.1,56.8,7.8,138.9,11.8,6.0,10.0,2024-07-10T07:45:56,2024-07-10T17:50:48,0.15,"Rain, Partially cloudy",Partly cloudy throughout the day with morning rain.,rain,"SCEL,85577099999,85574099999",Rainy
"-33.3537,-70.6811",2024-07-11,12.6,-0.3,5.0,12.6,-4.0,3.3,1.0,77.7,0.0,0.0,0.0,,0.0,0.0,16.2,18.7,234.0,1022.4,25.2,5.4,146.4,12.5,6.0,10.0,2024-07-11T07:45:38,2024-07-11T17:51:22,0.18,Partially cloudy,Clearing in the afternoon.,partly-cloudy-day,"SCEL,85577099999,85574099999",Cloudy
"-33.3537,-70.6811",2024-07-12,16.4,-1.6,6.3,16.4,-6.1,4.8,0.3,71.1,0.0,0.0,0.0,,0.0,0.0,19.4,32.9,142.7,1021.7,0.0,6.2,153.5,13.2,6.0,10.0,2024-07-12T07:45:19,2024-07-12T17:51:56,0.22,Clear,Clear conditions throughout the day.,clear-day,"SCEL,85577099999,85574099999",Windy
"-33.3537,-70.6811",2024-07-13,16.3,-1.3,6.1,16.3,-2.4,5.4,1.1,74.3,0.0,0.0,0.0,,0.0,0.0,18.0,19.0,194.4,1023.7,2.6,5.0,154.5,13.5,6.0,10.0,2024-07-13T07:44:59,2024-07-13T17:52:31,0.25,Clear,Clear conditions throughout the day.,clear-day,"SCEL,85577099999,85574099999",Sunny
"-33.3537,-70.6811",2024-07-14,17.0,-1.2,6.6,17.0,-4.1,5.9,0.1,68.6,0.0,0.0,0.0,,0.0,0.0,16.9,24.6,166.3,1021.3,18.1,5.5,155.8,13.5,6.0,10.0,2024-07-14T07:44:37,2024-07-14T17:53:06,0.28,Clear,Clear conditions throughout the day.,clear-day,"SCEL,85577099999,85574099999",Windy
"-33.3537,-70.6811",2024-07-15,17.6,-0.3,7.0,17.6,-3.0,5.8,0.4,67.8,0.0,0.0,0.0,,0.0,0.0,18.0,22.9,153.3,1020.6,33.4,6.2,136.2,11.8,6.0,10.0,2024-07-15T07:44:13,2024-07-15T17:53:42,0.31,Partially cloudy,Partly cloudy throughout the day.,partly-cloudy-day,"SCEL,85577099999,85574099999",Cloudy
"-33.3537,-70.6811",2024-07-16,20.0,2.8,10.2,20.0,-0.1,8.7,1.8,59.7,0.0,0.0,0.0,,0.0,0.0,20.5,36.2,142.8,1020.8,37.3,6.9,151.4,13.2,6.0,10.0,2024-07-16T07:43:48,2024-07-16T17:54:19,0.35,Partially cloudy,Clearing in the afternoon.,partly-cloudy-day,"SCEL,85577099999,85574099999",Cloudy
"-33.3537,-70.6811",2024-07-17,19.7,1.9,10.3,19.7,-2.5,9.5,2.1,61.2,0.0,0.0,0.0,,0.0,0.0,21.2,27.0,184.1,1017.5,51.3,6.7,142.7,12.2,6.0,10.0,2024-07-17T07:43:21,2024-07-17T17:54:56,0.38,Partially cloudy,Partly cloudy throughout the day.,partly-cloudy-day,"SCEL,85577099999,85574099999",Cloudy
"-33.3537,-70.6811",2024-07-18,13.7,7.6,10.3,13.7,5.9,9.3,4.4,67.9,0.0,0.0,0.0,,0.0,0.0,14.8,31.8,182.3,1019.7,81.3,7.1,75.7,6.5,4.0,10.0,2024-07-18T07:42:52,2024-07-18T17:55:33,0.41,Partially cloudy,Partly cloudy throughout the day.,partly-cloudy-day,"SCEL,85577099999,85574099999",Cloudy
"-33.3537,-70.6811",2024-07-19,16.9,6.0,9.9,16.9,5.1,9.3,6.0,78.8,0.0,0.0,0.0,,0.0,0.0,17.6,22.7,194.8,1018.0,58.1,6.6,143.2,12.5,6.0,10.0,2024-07-19T07:42:22,2024-07-19T17:56:11,0.44,Partially cloudy,Partly cloudy throughout the day.,partly-cloudy-day,"SCEL,85577099999,85574099999",Cloudy
"-33.3537,-70.6811",2024-07-20,13.3,0.8,7.3,13.3,-2.5,6.0,5.3,88.0,0.0,0.0,0.0,,0.0,0.0,19.8,44.0,177.5,1017.8,24.0,4.5,154.3,13.4,6.0,10.0,2024-07-20T07:41:51,2024-07-20T17:56:50,0.48,Partially cloudy,Clearing in the afternoon.,partly-cloudy-day,"SCEL,85577099999,85574099999",Cloudy
"-33.3537,-70.6811",2024-07-21,15.5,6.8,10.1,15.5,4.1,8.9,5.6,75.9,0.0,0.0,0.0,,0.0,0.0,25.2,28.4,250.1,1021.6,62.5,6.6,141.5,12.3,6.0,10.0,2024-07-21T07:41:18,2024-07-21T17:57:28,0.5,Partially cloudy,Partly cloudy throughout the day.,partly-cloudy-day,"SCEL,85577099999,85574099999",Cloudy
"-33.3537,-70.6811",2024-07-22,19.6,2.3,9.4,19.6,-0.5,8.5,3.8,72.0,0.0,0.0,0.0,,0.0,0.0,18.7,23.8,139.3,1016.7,1.3,7.1,160.4,13.7,6.0,10.0,2024-07-22T07:40:43,2024-07-22T17:58:07,0.54,Clear,Clear conditions throughout the day.,clear-day,"SCEL,85577099999,85574099999",Windy
"-33.3537,-70.6811",2024-07-23,11.6,2.5,7.6,11.6,1.2,5.8,5.4,86.5,3.0,100.0,37.5,rain,0.0,0.0,20.9,23.3,184.3,1022.3,63.9,5.7,88.9,7.6,4.0,10.0,2024-07-23T07:40:07,2024-07-23T17:58:47,0.58,"Rain, Partially cloudy",Partly cloudy throughout the day with rain.,rain,"SCEL,85577099999,85574099999",Rainy
"-33.3537,-70.6811",2024-07-24,18.8,1.2,8.6,18.8,-1.5,7.5,3.3,74.5,0.4,100.0,12.5,rain,0.0,0.0,18.4,13.9,309.4,1027.2,28.7,5.7,157.8,13.7,6.0,10.0,2024-07-24T07:39:30,2024-07-24T17:59:26,0.62,"Rain, Partially cloudy",Partly cloudy throughout the day with early morning rain.,rain,"SCEL,85577099999,85574099999",Rainy
"-33.3537,-70.6811",2024-07-25,18.7,2.5,9.4,18.7,0.9,8.6,3.3,69.2,0.0,0.0,0.0,,0.0,0.0,21.2,37.5,191.9,1023.3,75.2,8.0,136.9,11.9,6.0,10.0,2024-07-25T07:38:51,2024-07-25T18:00:06,0.65,Partially cloudy,Partly cloudy throughout the day.,partly-cloudy-day,"SCEL,85577099999,85574099999",Cloudy
"-33.3537,-70.6811",2024-07-26,14.7,2.5,7.8,14.7,0.0,6.7,4.1,79.1,0.0,0.0,0.0,,0.0,0.0,19.1,30.6,188.5,1023.9,66.4,6.4,137.6,11.7,5.0,10.0,2024-07-26T07:38:11,2024-07-26T18:00:46,0.69,Partially cloudy,Partly cloudy throughout the day.,partly-cloudy-day,"SCEL,85577099999,85574099999",Cloudy
"-33.3537,-70.6811",2024-07-27,17.3,0.9,7.9,17.3,-1.2,6.3,2.1,71.9,0.0,0.0,0.0,,0.0,0.0,20.2,30.8,179.1,1022.6,21.8,6.0,163.3,14.2,6.0,10.0,2024-07-27T07:37:29,2024-07-27T18:01:27,0.75,Partially cloudy,Partly cloudy throughout the day.,partly-cloudy-day,"SCEL,85577099999,85574099999",Cloudy
"-33.3537,-70.6811",2024-07-28,18.9,0.2,7.7,18.9,-3.7,6.6,1.2,66.9,0.0,0.0,0.0,,0.0,0.0,19.4,23.0,230.1,1020.7,0.5,7.3,167.8,14.5,6.0,10.0,2024-07-28T07:36:46,2024-07-28T18:02:07,0.76,Clear,Clear conditions throughout the day.,clear-day,"SCEL,85577099999,85574099999",Windy
"-33.3537,-70.6811",2024-07-29,24.3,1.9,10.9,24.3,-1.0,10.2,2.0,61.0,0.0,0.0,0.0,,0.0,0.0,18.7,20.2,1.0,1016.8,51.4,7.1,166.0,14.2,6.0,10.0,2024-07-29T07:36:01,2024-07-29T18:02:48,0.79,Partially cloudy,Clearing in the afternoon.,partly-cloudy-day,"SCEL,85577099999,85574099999",Cloudy
"-33.3537,-70.6811",2024-07-30,15.8,8.7,11.5,15.8,6.7,11.0,4.2,61.3,0.0,0.0,0.0,,0.0,0.0,22.0,29.2,183.8,1014.6,97.4,8.5,94.1,8.1,5.0,10.0,2024-07-30T07:35:16,2024-07-30T18:03:29,0.83,Overcast,Cloudy skies throughout the day.,cloudy,"SCEL,85577099999,85574099999",Windy
"-33.3537,-70.6811",2024-07-31,12.0,9.1,10.4,12.0,5.7,9.3,6.0,74.6,0.0,0.0,0.0,,0.0,0.0,25.6,41.3,201.5,1012.9,92.0,7.5,31.4,2.6,1.0,10.0,2024-07-31T07:34:28,2024-07-31T18:04:10,0.86,Overcast,Cloudy skies throughout the day.,cloudy,"SCEL,85577099999,85574099999",Windy
"-33.3537,-70.6811",2024-08-01,10.7,7.9,9.3,10.7,5.8,7.7,6.5,82.8,1.5,100.0,50.0,rain,0.0,0.0,29.5,29.4,162.3,1008.8,100.0,9.7,40.5,3.4,2.0,10.0,2024-08-01T07:33:40,2024-08-01T18:04:51,0.9,"Rain, Overcast",Cloudy skies throughout the day with a chance of rain throughout the day.,rain,"SCEL,85577099999,85574099999",Rainy
"-33.3537,-70.6811",2024-08-02,14.7,6.2,8.6,14.7,1.0,5.8,6.0,84.6,53.8,100.0,100.0,rain,0.0,0.0,100.1,52.6,350.4,1015.7,96.5,8.1,70.4,6.1,5.0,10.0,2024-08-02T07:32:50,2024-08-02T18:05:32,0.94,"Rain, Overcast",Cloudy skies throughout the day with a chance of rain throughout the day.,rain,"SCEL,85577099999,85574099999",Rainy
"-33.3537,-70.6811",2024-08-03,14.7,4.8,8.9,14.7,2.6,7.5,5.0,78.8,4.0,100.0,29.17,rain,0.0,0.0,39.6,19.3,330.4,1021.6,74.4,11.2,170.5,14.7,7.0,10.0,2024-08-03T07:31:59,2024-08-03T18:06:13,0.97,"Rain, Partially cloudy",Partly cloudy throughout the day with rain clearing later.,rain,"SCEL,85577099999,remote,85574099999",Rainy
"-33.3537,-70.6811",2024-08-04,16.1,6.2,10.3,16.1,3.6,9.6,5.6,74.7,0.0,0.0,0.0,,0.0,0.2,20.5,21.1,186.2,1019.2,84.1,8.9,137.6,11.8,6.0,10.0,2024-08-04T07:31:06,2024-08-04T18:06:54,0.0,Partially cloudy,Partly cloudy throughout the day.,partly-cloudy-day,"SCEL,85577099999,85574099999",Cloudy
"-33.3537,-70.6811",2024-08-05,9.8,6.9,8.2,9.5,4.5,6.2,5.7,84.8,21.5,100.0,70.83,rain,0.0,0.2,34.6,21.2,134.6,1021.1,93.7,9.4,71.3,6.1,3.0,10.0,2024-08-05T07:30:13,2024-08-05T18:07:35,0.04,"Rain, Overcast",Cloudy skies throughout the day with rain.,rain,"SCEL,85577099999,85574099999",Rainy
"-33.3537,-70.6811",2024-08-06,11.9,4.8,7.9,11.9,1.9,5.8,4.0,77.6,9.6,100.0,33.33,rain,0.0,0.1,25.9,27.1,188.5,1025.5,75.1,9.5,163.3,14.0,6.0,10.0,2024-08-06T07:29:18,2024-08-06T18:08:17,0.07,"Rain, Partially cloudy",Partly cloudy throughout the day with rain clearing later.,rain,"SCEL,85577099999,85574099999",Rainy
"-33.3537,-70.6811",2024-08-07,10.9,2.9,6.8,10.9,0.3,4.8,2.7,76.0,0.9,100.0,25.0,rain,0.0,0.2,23.8,24.1,196.5,1024.4,66.8,10.0,161.3,13.7,6.0,10.0,2024-08-07T07:28:22,2024-08-07T18:08:58,0.1,"Rain, Partially cloudy",Partly cloudy throughout the day with rain.,rain,"SCEL,85577099999,85574099999",Rainy
"-33.3537,-70.6811",2024-08-08,14.7,0.8,6.9,14.7,-0.8,6.1,2.0,74.3,0.0,0.0,0.0,,0.0,0.3,17.3,18.1,315.8,1024.4,5.1,8.6,188.5,16.2,7.0,10.0,2024-08-08T07:27:25,2024-08-08T18:09:39,0.14,Clear,Clear conditions throughout the day.,clear-day,"SCEL,85577099999,85574099999",Sunny
"-33.3537,-70.6811",2024-08-09,19.1,0.4,9.2,19.1,-3.7,7.7,1.5,64.2,0.0,0.0,0.0,,0.0,0.4,18.0,23.0,118.9,1024.0,47.7,8.5,184.4,15.9,7.0,10.0,2024-08-09T07:26:26,2024-08-09T18:10:21,0.17,Partially cloudy,Becoming cloudy in the afternoon.,partly-cloudy-day,"SCEL,85577099999,85574099999",Cloudy
"-33.3537,-70.6811",2024-08-10,20.3,3.4,10.7,20.3,-0.4,9.7,2.7,62.3,0.0,0.0,0.0,,0.0,0.2,22.3,26.7,214.3,1024.4,24.9,8.4,175.2,15.1,7.0,10.0,2024-08-10T07:25:27,2024-08-10T18:11:02,0.2,Partially cloudy,Partly cloudy throughout the day.,partly-cloudy-day,"SCEL,85577099999,85574099999",Cloudy
"-33.3537,-70.6811",2024-08-11,21.3,3.3,11.3,21.3,0.5,10.4,4.3,66.7,0.0,0.0,0.0,,0.0,0.2,19.1,19.6,287.4,1022.7,3.9,8.7,182.1,15.8,7.0,10.0,2024-08-11T07:24:26,2024-08-11T18:11:43,0.24,Clear,Clear conditions throughout the day.,clear-day,"SCEL,85577099999,85574099999",Sunny
"-33.3537,-70.6811",2024-08-12,24.6,4.8,13.4,24.6,3.9,13.0,6.5,68.0,0.0,0.0,0.0,,0.0,0.1,19.1,23.1,152.6,1016.0,3.4,7.8,189.1,16.4,7.0,10.0,2024-08-12T07:23:24,2024-08-12T18:12:24,0.25,Clear,Clear conditions throughout the day.,clear-day,"SCEL,85577099999,85574099999",Windy
"-33.3537,-70.6811",2024-08-13,22.1,6.1,13.1,22.1,4.0,12.7,8.4,76.0,0.0,0.0,0.0,,0.0,0.0,18.4,30.5,187.2,1016.0,21.2,7.9,186.6,16.1,7.0,10.0,2024-08-13T07:22:22,2024-08-13T18:13:05,0.3,Partially cloudy,Partly cloudy throughout the day.,partly-cloudy-day,"SCEL,85577099999,85574099999",Cloudy
"-33.3537,-70.6811",2024-08-14,14.2,9.0,10.8,14.2,6.2,9.8,9.6,92.6,0.2,100.0,8.33,rain,0.0,0.0,20.2,26.8,185.2,1019.1,93.3,3.6,139.4,11.9,6.0,10.0,2024-08-14T07:21:18,2024-08-14T18:13:46,0.33,"Rain, Overcast",Cloudy skies throughout the day with rain.,rain,"SCEL,85577099999,85574099999",Rainy
"-33.3537,-70.6811",2024-08-15,14.6,5.9,9.9,14.6,4.2,9.2,8.4,90.9,1.0,100.0,25.0,rain,0.0,0.0,28.1,29.4,216.1,1020.6,89.3,3.3,155.6,13.4,6.0,10.0,2024-08-15T07:20:13,2024-08-15T18:14:27,0.37,"Rain, Partially cloudy",Partly cloudy throughout the day with rain.,rain,"SCEL,85577099999,85574099999",Rainy
"-33.3537,-70.6811",2024-08-16,12.9,7.7,10.1,12.9,6.3,9.0,6.9,81.5,0.9,100.0,29.17,rain,0.0,0.0,20.2,25.5,184.8,1020.3,93.6,6.2,100.1,8.7,4.0,10.0,2024-08-16T07:19:08,2024-08-16T18:15:08,0.4,"Rain, Overcast",Cloudy skies throughout the day with rain.,rain,"SCEL,85577099999,SCTB,85574099999",Rainy
"-33.3537,-70.6811",2024-08-17,15.6,6.1,10.3,15.6,4.4,9.6,5.1,70.9,0.1,100.0,4.17,rain,0.0,0.0,20.5,32.1,186.4,1019.4,95.9,9.2,148.5,12.8,6.0,10.0,2024-08-17T07:18:01,2024-08-17T18:15:49,0.43,"Rain, Overcast",Cloudy skies throughout the day with early morning rain.,rain,"SCEL,85577099999,85574099999",Rainy
"-33.3537,-70.6811",2024-08-18,11.6,5.6,8.6,11.6,3.5,7.3,3.9,73.0,0.0,0.0,0.0,rain,0.0,0.0,18.0,23.7,177.8,1019.0,92.5,9.9,111.1,9.5,5.0,10.0,2024-08-18T07:16:53,2024-08-18T18:16:30,0.46,Overcast,Cloudy skies throughout the day.,cloudy,"SCEL,85577099999,85574099999",Windy
"-33.3537,-70.6811",2024-08-19,11.7,5.4,8.3,11.7,1.9,6.5,4.2,76.3,0.5,100.0,16.67,rain,0.0,0.0,25.6,26.4,175.1,1020.2,88.3,8.4,187.4,16.2,7.0,10.0,2024-08-19T07:15:45,2024-08-19T18:17:10,0.5,"Rain, Partially cloudy",Partly cloudy throughout the day with rain.,rain,"SCEL,85577099999,85574099999",Rainy
"-33.3537,-70.6811",2024-08-20,10.8,5.8,7.4,10.8,2.4,5.2,3.0,74.1,2.1,100.0,62.5,rain,0.0,0.2,25.2,25.7,178.6,1021.2,83.1,10.0,122.9,10.5,4.0,10.0,2024-08-20T07:14:36,2024-08-20T18:17:51,0.53,"Rain, Partially cloudy",Partly cloudy throughout the day with a chance of rain throughout the day.,rain,"SCEL,85577099999,85574099999",Rainy
"-33.3537,-70.6811",2024-08-21,12.6,1.7,7.3,12.6,-0.4,5.7,1.5,68.9,7.2,100.0,100.0,"rain,snow",0.0,0.2,40.3,25.7,226.4,1023.2,84.8,9.4,170.2,14.7,7.0,10.0,2024-08-21T07:13:26,2024-08-21T18:18:31,0.57,"Snow, Rain, Partially cloudy",Partly cloudy throughout the day with a chance of rain or snow throughout the day.,rain,"SCEL,85577099999,85574099999",Snowy
"-33.3537,-70.6811",2024-08-22,12.4,2.0,7.5,12.4,-1.3,6.0,1.6,69.2,4.5,100.0,75.0,"rain,snow",0.0,0.3,28.1,23.4,203.2,1025.3,62.9,10.0,180.7,15.6,7.0,10.0,2024-08-22T07:12:15,2024-08-22T18:19:12,0.6,"Snow, Rain, Partially cloudy",Partly cloudy throughout the day with a chance of rain or snow throughout the day.,rain,"SCEL,85577099999,85574099999",Snowy
"-33.3537,-70.6811",2024-08-23,11.6,3.3,7.2,11.6,1.5,5.5,2.6,74.1,8.7,100.0,79.17,rain,0.0,0.4,34.6,27.8,209.2,1027.1,58.4,9.9,154.5,13.3,7.0,10.0,2024-08-23T07:11:03,2024-08-23T18:19:52,0.64,"Rain, Partially cloudy",Partly cloudy throughout the day with a chance of rain throughout the day.,rain,"SCEL,85577099999,85574099999",Rainy
"-33.3537,-70.6811",2024-08-24,19.7,0.5,8.5,19.7,-2.6,7.1,-0.2,63.4,0.0,0.0,0.0,,0.0,0.4,19.1,15.1,324.1,1024.9,6.4,8.6,214.7,18.4,8.0,10.0,2024-08-24T07:09:51,2024-08-24T18:20:32,0.67,Clear,Clear conditions throughout the day.,clear-day,"SCEL,85577099999,85574099999",Sunny
"-33.3537,-70.6811",2024-08-25,22.6,3.5,11.7,22.6,0.2,10.8,0.6,51.1,0.0,0.0,0.0,,0.0,0.1,20.9,29.3,185.5,1021.0,11.8,9.8,216.1,18.6,8.0,10.0,2024-08-25T07:08:37,2024-08-25T18:21:12,0.71,Clear,Clear conditions throughout the day.,clear-day,"SCEL,85577099999,85574099999",Windy
"-33.3537,-70.6811",2024-08-26,19.1,3.4,10.4,19.1,0.4,9.6,1.2,56.6,0.0,0.0,0.0,,0.0,0.0,25.6,29.6,198.1,1024.0,9.4,10.0,218.5,18.9,8.0,10.0,2024-08-26T07:07:23,2024-08-26T18:21:52,0.75,Clear,Clear conditions throughout the day.,clear-day,"SCEL,85577099999,85574099999",Windy
"-33.3537,-70.6811",2024-08-27,20.5,2.3,11.0,20.5,0.0,10.2,3.6,64.1,0.0,0.0,0.0,,0.0,0.0,18.4,29.9,200.5,1018.1,45.3,9.7,213.4,18.4,8.0,10.0,2024-08-27T07:06:09,2024-08-27T18:22:32,0.78,Partially cloudy,Partly cloudy throughout the day.,partly-cloudy-day,"SCEL,85577099999,85574099999",Cloudy
"-33.3537,-70.6811",2024-08-28,15.1,3.7,9.6,15.1,2.6,8.2,6.5,82.5,0.4,100.0,12.5,rain,0.0,0.0,22.7,26.9,179.5,1017.2,53.3,8.3,194.1,16.9,7.0,10.0,2024-08-28T07:04:54,2024-08-28T18:23:12,0.81,"Rain, Partially cloudy",Partly cloudy throughout the day with rain.,rain,"SCEL,85577099999,85574099999",Rainy
"-33.3537,-70.6811",2024-08-29,9.7,7.9,8.6,7.8,5.3,6.5,6.9,88.8,2.0,100.0,20.83,rain,0.0,0.0,23.8,31.3,215.1,1020.2,99.0,6.8,172.1,14.9,7.0,10.0,2024-08-29T07:03:38,2024-08-29T18:23:51,0.85,"Rain, Overcast",Cloudy skies throughout the day with rain.,rain,"SCEL,85577099999,85574099999",Rainy
"-33.3537,-70.6811",2024-08-30,15.5,7.1,10.2,15.5,4.2,8.6,5.3,72.7,3.1,100.0,50.0,rain,0.0,0.0,16.2,25.2,186.8,1025.1,66.3,9.7,110.4,9.5,4.0,10.0,2024-08-30T07:02:21,2024-08-30T18:24:31,0.88,"Rain, Partially cloudy",Partly cloudy throughout the day with rain clearing later.,rain,"SCEL,85577099999,85574099999",Rainy
"-33.3537,-70.6811",2024-08-31,21.7,2.4,11.3,21.7,0.5,10.6,3.8,67.0,0.0,0.0,0.0,,0.0,0.0,20.5,24.4,239.3,1023.4,8.1,8.1,231.9,20.0,8.0,10.0,2024-08-31T07:01:04,2024-08-31T18:25:11,0.92,Clear,Clear conditions throughout the day.,clear-day,"SCEL,85577099999,85574099999",Windy
"-33.3537,-70.6811",2024-09-01,25.8,4.8,14.4,25.8,2.6,13.9,4.4,56.7,0.0,0.0,0.0,,0.0,0.0,19.1,24.7,178.6,1019.2,19.5,9.2,228.6,19.8,8.0,10.0,2024-09-01T06:59:47,2024-09-01T18:25:50,0.95,Clear,Clear conditions throughout the day.,clear-day,"SCEL,85577099999,85574099999",Windy
"-33.3537,-70.6811",2024-09-02,16.1,7.7,12.0,16.1,5.1,11.5,5.5,65.8,0.0,0.0,0.0,,0.0,0.0,31.0,33.3,195.7,1021.1,51.0,10.0,190.2,16.3,7.0,10.0,2024-09-02T06:58:29,2024-09-02T18:26:30,0.0,Partially cloudy,Partly cloudy throughout the day.,partly-cloudy-day,"SCEL,85577099999,85574099999",Cloudy
"-33.3537,-70.6811",2024-09-03,16.7,7.9,11.9,16.7,5.8,11.2,4.8,64.6,0.0,0.0,0.0,,0.0,0.0,27.0,26.5,205.0,1023.1,82.6,9.8,192.6,16.6,8.0,10.0,2024-09-03T06:57:10,2024-09-03T18:27:09,0.02,Partially cloudy,Partly cloudy throughout the day.,partly-cloudy-day,"SCEL,85577099999,85574099999",Cloudy
"-33.3537,-70.6811",2024-09-04,21.5,2.2,10.7,21.5,-0.6,9.9,1.6,59.3,0.0,0.0,0.0,,0.0,0.0,26.3,24.7,194.5,1023.2,0.8,9.9,245.7,21.2,9.0,10.0,2024-09-04T06:55:51,2024-09-04T18:27:49,0.05,Clear,Clear conditions throughout the day.,clear-day,"SCEL,85577099999,85574099999",Windy
"-33.3537,-70.6811",2024-09-05,24.6,3.8,13.5,24.6,1.5,12.9,2.4,52.7,0.0,0.0,0.0,,0.0,0.0,20.2,21.3,197.6,1018.6,56.4,9.3,234.1,20.4,8.0,10.0,2024-09-05T06:54:32,2024-09-05T18:28:28,0.09,Partially cloudy,Partly cloudy throughout the day.,partly-cloudy-day,"SCEL,85577099999,85574099999",Cloudy
"-33.3537,-70.6811",2024-09-06,20.3,7.3,13.0,20.3,5.4,12.7,5.9,64.7,0.0,0.0,0.0,,0.0,0.0,23.0,28.2,187.9,1018.0,79.6,9.8,235.0,20.3,8.0,10.0,2024-09-06T06:53:12,2024-09-06T18:29:07,0.12,Partially cloudy,Partly cloudy throughout the day.,partly-cloudy-day,"SCEL,85577099999,85574099999",Cloudy
"-33.3537,-70.6811",2024-09-07,17.7,5.9,11.0,17.7,1.9,9.9,7.0,78.3,0.0,0.0,0.0,,0.0,0.0,24.5,24.2,176.8,1019.7,37.1,8.8,233.8,20.2,8.0,10.0,2024-09-07T06:51:52,2024-09-07T18:29:47,0.15,Partially cloudy,Partly cloudy throughout the day.,partly-cloudy-day,"SCEL,85577099999,85574099999",Cloudy
"-33.3537,-70.6811",2024-09-08,20.5,5.5,12.4,20.5,2.8,11.8,5.9,68.1,0.0,0.0,0.0,,0.0,0.0,22.3,22.7,205.2,1019.2,62.9,9.0,231.6,19.1,8.0,10.0,2024-09-08T07:50:31,2024-09-08T19:30:26,0.19,Partially cloudy,Partly cloudy throughout the day.,partly-cloudy-day,"SCEL,85577099999,85574099999",Cloudy
"-33.3537,-70.6811",2024-09-09,23.8,8.3,15.4,23.8,6.5,15.1,6.3,59.2,0.0,0.0,0.0,,0.0,0.0,20.2,22.6,218.2,1018.8,84.7,9.5,234.5,19.2,8.0,10.0,2024-09-09T07:49:11,2024-09-09T19:31:05,0.22,Partially cloudy,Partly cloudy throughout the day.,partly-cloudy-day,"SCEL,85577099999,85574099999",Cloudy
"-33.3537,-70.6811",2024-09-10,19.1,7.5,13.3,19.1,5.2,12.9,6.2,63.5,1.1,100.0,29.17,rain,0.0,0.0,30.6,31.2,195.2,1016.8,86.6,10.0,235.3,19.5,9.0,10.0,2024-09-10T07:47:49,2024-09-10T19:31:45,0.25,"Rain, Partially cloudy",Partly cloudy throughout the day with rain.,rain,"SCEL,85577099999,85574099999",Rainy
"-33.3537,-70.6811",2024-09-11,20.5,7.2,13.7,20.5,5.2,13.3,6.4,63.5,0.7,100.0,20.83,rain,0.0,0.0,25.2,27.1,191.4,1018.2,22.9,10.0,259.1,21.5,9.0,10.0,2024-09-11T07:46:28,2024-09-11T19:32:24,0.25,"Rain, Partially cloudy",Partly cloudy throughout the day with rain clearing later.,rain,"SCEL,85577099999,85574099999",Rainy
"-33.3537,-70.6811",2024-09-12,19.0,7.3,12.1,19.0,6.4,11.9,5.9,67.4,3.1,100.0,29.17,rain,0.0,0.0,27.0,32.3,197.4,1017.0,67.4,10.0,227.4,18.9,8.0,10.0,2024-09-12T07:45:06,2024-09-12T19:33:03,0.32,"Rain, Partially cloudy",Partly cloudy throughout the day with rain.,rain,"SCEL,85577099999,85574099999",Rainy
"-33.3537,-70.6811",2024-09-13,19.4,5.9,12.4,19.4,2.6,11.4,5.1,63.8,0.3,100.0,8.33,rain,0.0,0.0,27.4,24.8,181.8,1022.0,34.6,9.7,268.3,22.3,9.0,10.0,2024-09-13T07:43:44,2024-09-13T19:33:43,0.35,"Rain, Partially cloudy",Clearing in the afternoon with early morning rain.,rain,"SCEL,85577099999,85574099999",Rainy
"-33.3537,-70.6811",2024-09-14,24.0,5.0,14.1,24.0,2.8,14.0,4.4,59.0,0.0,0.0,0.0,,0.0,0.0,23.4,22.3,174.9,1018.8,2.7,8.8,283.8,23.4,9.0,10.0,2024-09-14T07:42:22,2024-09-14T19:34:22,0.38,Clear,Clear conditions throughout the day.,clear-day,"SCEL,85577099999,85574099999",Windy
"-33.3537,-70.6811",2024-09-15,25.1,5.0,14.7,25.1,4.4,14.6,2.1,49.3,0.0,0.0,0.0,,0.0,0.0,27.0,14.8,196.7,1019.6,5.1,9.9,279.8,23.2,9.0,10.0,2024-09-15T07:41:00,2024-09-15T19:35:02,0.42,Clear,Clear conditions throughout the day.,clear-day,"SCEL,85577099999,85574099999",Sunny
"-33.3537,-70.6811",2024-09-16,27.0,6.0,15.4,26.0,5.1,15.2,2.7,46.9,0.0,0.0,0.0,,0.0,0.0,19.8,16.6,176.1,1011.9,78.2,9.8,225.3,18.7,8.0,10.0,2024-09-16T07:39:38,2024-09-16T19:35:42,0.45,Partially cloudy,Partly cloudy throughout the day.,partly-cloudy-day,"SCEL,85577099999,85574099999",Cloudy
"-33.3537,-70.6811",2024-09-17,21.2,7.2,14.4,21.2,6.4,14.1,5.8,58.7,0.0,0.0,0.0,,0.0,0.0,31.3,22.3,178.1,1016.3,53.9,10.0,264.8,22.0,9.0,10.0,2024-09-17T07:38:15,2024-09-17T19:36:21,0.5,Partially cloudy,Becoming cloudy in the afternoon.,partly-cloudy-day,"SCEL,85577099999,85574099999",Cloudy
"-33.3537,-70.6811",2024-09-18,21.1,7.9,12.9,21.1,6.4,12.6,6.6,68.1,1.1,100.0,12.5,rain,0.0,0.0,28.4,25.9,161.6,1011.3,58.4,8.9,179.2,14.9,6.0,10.0,2024-09-18T07:36:53,2024-09-18T19:37:01,0.52,"Rain, Partially cloudy",Partly cloudy throughout the day with late afternoon rain.,rain,"SCEL,85577099999,85574099999",Rainy
"-33.3537,-70.6811",2024-09-19,19.0,6.0,12.5,19.0,5.1,11.9,5.2,64.6,2.5,100.0,66.67,rain,0.0,0.0,43.2,27.7,253.7,1018.2,47.3,9.9,219.1,18.0,7.0,10.0,2024-09-19T07:35:30,2024-09-19T19:37:41,0.55,"Rain, Partially cloudy",Partly cloudy throughout the day with a chance of rain throughout the day.,rain,"SCEL,85577099999,85574099999",Rainy
"-33.3537,-70.6811",2024-09-20,17.0,6.0,11.1,17.0,4.0,10.8,6.5,75.4,0.0,0.0,0.0,,0.0,0.0,16.9,13.2,155.0,1016.7,69.1,9.4,143.7,11.9,4.0,10.0,2024-09-20T07:34:08,2024-09-20T19:38:21,0.59,Partially cloudy,Partly cloudy throughout the day.,partly-cloudy-day,"SCEL,85577099999,85574099999",Cloudy
"-33.3537,-70.6811",2024-09-21,18.0,8.0,11.7,18.0,5.7,11.1,7.6,78.7,0.0,0.0,0.0,,0.0,0.0,27.4,22.3,175.0,1015.0,86.2,7.3,258.6,21.4,8.0,10.0,2024-09-21T07:32:45,2024-09-21T19:39:01,0.62,Partially cloudy,Partly cloudy throughout the day.,partly-cloudy-day,"SCEL,85577099999,85574099999",Cloudy
"-33.3537,-70.6811",2024-09-22,13.0,8.0,9.9,13.0,6.4,9.5,5.7,75.4,3.9,100.0,37.5,rain,0.0,0.0,15.5,13.0,252.9,1019.5,93.6,9.0,59.8,4.9,2.0,10.0,2024-09-22T07:31:23,2024-09-22T19:39:42,0.65,"Rain, Overcast",Cloudy skies throughout the day with rain.,rain,"SCEL,85577099999,85574099999",Rainy
"-33.3537,-70.6811",2024-09-23,16.0,9.0,12.1,16.0,8.2,11.9,8.5,79.5,4.7,100.0,58.33,rain,0.0,0.0,28.8,20.5,164.2,1019.5,91.6,9.5,116.8,9.6,4.0,10.0,2024-09-23T07:30:00,2024-09-23T19:40:22,0.69,"Rain, Overcast",Cloudy skies throughout the day with a chance of rain throughout the day.,rain,"SCEL,85577099999,85574099999",Rainy
"-33.3537,-70.6811",2024-09-24,19.0,4.0,11.5,19.0,3.9,11.3,6.0,72.2,0.7,100.0,8.33,rain,0.0,0.0,33.5,18.4,192.6,1020.0,21.4,9.1,288.4,23.9,9.0,10.0,2024-09-24T07:28:38,2024-09-24T19:41:03,0.75,"Rain, Partially cloudy",Partly cloudy throughout the day with afternoon rain.,rain,"SCEL,85577099999,85574099999",Rainy
"-33.3537,-70.6811",2024-09-25,20.0,3.8,11.9,20.0,3.8,11.9,4.4,64.7,0.0,0.0,0.0,,0.0,0.0,29.5,18.4,177.4,1020.7,5.2,9.9,299.9,24.8,9.0,10.0,2024-09-25T07:27:15,2024-09-25T19:41:44,0.76,Clear,Clear conditions throughout the day.,clear-day,"SCEL,85577099999,85574099999",Sunny
"-33.3537,-70.6811",2024-09-26,27.0,3.0,15.1,26.1,0.9,14.8,2.9,53.2,0.0,0.0,0.0,,0.0,0.0,24.8,20.5,211.0,1018.3,24.5,9.8,307.4,25.5,10.0,10.0,2024-09-26T07:25:53,2024-09-26T19:42:25,0.79,Partially cloudy,Becoming cloudy in the afternoon.,partly-cloudy-day,"SCEL,85577099999,85574099999",Cloudy
"-33.3537,-70.6811",2024-09-27,24.0,7.0,15.7,24.0,5.6,15.6,5.3,54.0,0.0,0.0,0.0,,0.0,0.0,24.1,18.4,171.9,1017.9,60.8,9.8,271.4,22.4,9.0,10.0,2024-09-27T07:24:31,2024-09-27T19:43:06,0.82,Partially cloudy,Partly cloudy throughout the day.,partly-cloudy-day,"SCEL,85577099999,85574099999",Cloudy
"-33.3537,-70.6811",2024-09-28,26.0,11.0,17.9,26.0,11.0,17.9,6.4,50.8,0.0,0.0,0.0,,0.0,0.0,23.0,18.4,173.2,1015.8,56.5,9.8,264.1,21.8,9.0,10.0,2024-09-28T07:23:10,2024-09-28T19:43:48,0.86,Partially cloudy,Partly cloudy throughout the day.,partly-cloudy-day,"SCEL,85577099999,85574099999",Cloudy
"-33.3537,-70.6811",2024-09-29,19.7,8.0,13.8,19.7,6.8,13.7,7.3,65.7,0.0,0.0,0.0,,0.0,0.0,28.8,27.7,166.2,1015.4,52.9,10.0,290.5,24.2,9.0,10.0,2024-09-29T07:21:48,2024-09-29T19:44:30,0.89,Partially cloudy,Partly cloudy throughout the day.,partly-cloudy-day,"SCEL,85577099999,85574099999",Cloudy
"-33.3537,-70.6811",2024-09-30,18.0,9.9,12.6,18.0,8.0,12.2,7.1,71.3,2.5,100.0,62.5,rain,0.0,0.0,31.0,22.3,182.4,1017.9,81.3,9.6,204.7,16.8,9.0,10.0,2024-09-30T07:20:27,2024-09-30T19:45:12,0.93,"Rain, Partially cloudy",Partly cloudy throughout the day with a chance of rain throughout the day.,rain,"SCEL,85577099999,85574099999",Rainy
"-33.3537,-70.6811",2024-10-01,20.0,6.0,12.7,20.0,6.0,12.6,6.1,67.1,0.1,100.0,4.17,rain,0.0,0.0,28.8,22.3,205.8,1021.1,58.5,9.6,264.9,22.1,9.0,10.0,2024-10-01T07:19:06,2024-10-01T19:45:54,0.96,"Rain, Partially cloudy",Partly cloudy throughout the day with afternoon rain.,rain,"SCEL,85577099999,85574099999",Rainy
"-33.3537,-70.6811",2024-10-02,22.0,6.8,13.7,22.0,5.2,13.5,3.7,55.0,0.0,0.0,0.0,,0.0,0.0,18.4,20.5,194.5,1018.9,57.7,9.8,277.4,23.0,9.0,10.0,2024-10-02T07:17:45,2024-10-02T19:46:36,0.0,Partially cloudy,Partly cloudy throughout the day.,partly-cloudy-day,"SCEL,85577099999,85574099999",Cloudy
"-33.3537,-70.6811",2024-10-03,27.0,8.0,16.6,26.3,6.4,16.4,4.3,48.7,0.0,0.0,0.0,,0.0,0.0,24.1,20.5,190.2,1016.3,26.5,9.4,307.7,25.5,9.0,10.0,2024-10-03T07:16:25,2024-10-03T19:47:19,0.03,Partially cloudy,Partly cloudy throughout the day.,partly-cloudy-day,"SCEL,85577099999,85574099999",Cloudy
"-33.3537,-70.6811",2024-10-04,27.0,9.2,17.8,26.2,9.2,17.7,4.9,48.0,0.0,0.0,0.0,,0.0,0.0,26.6,27.7,203.3,1015.6,24.6,9.7,322.3,26.7,10.0,10.0,2024-10-04T07:15:05,2024-10-04T19:48:02,0.06,Partially cloudy,Partly cloudy throughout the day.,partly-cloudy-day,"SCEL,85577099999,85574099999",Cloudy
"-33.3537,-70.6811",2024-10-05,28.0,8.0,18.2,26.9,7.6,18.0,5.9,47.8,0.0,0.0,0.0,,0.0,0.0,15.8,22.3,180.0,1014.9,41.8,9.9,302.5,25.1,9.0,10.0,2024-10-05T07:13:46,2024-10-05T19:48:46,0.1,Partially cloudy,Partly cloudy throughout the day.,partly-cloudy-day,"SCEL,85577099999,85574099999",Cloudy
"-33.3537,-70.6811",2024-10-06,22.3,15.0,18.4,22.3,15.0,18.4,10.6,61.1,0.1,100.0,4.17,rain,0.0,0.0,25.9,20.5,188.5,1013.5,94.8,10.0,140.3,11.6,5.0,10.0,2024-10-06T07:12:27,2024-10-06T19:49:29,0.13,"Rain, Overcast",Cloudy skies throughout the day with morning rain.,rain,"SCEL,85577099999,85574099999",Rainy
"-33.3537,-70.6811",2024-10-07,23.5,13.9,17.2,23.5,13.9,17.2,11.4,70.2,16.4,100.0,62.5,rain,0.0,0.0,26.6,25.9,195.3,1013.1,81.3,9.9,169.3,14.1,7.0,10.0,2024-10-07T07:11:08,2024-10-07T19:50:13,0.16,"Rain, Partially cloudy",Partly cloudy throughout the day with rain.,rain,"SCEL,85577099999,85574099999",Rainy
"-33.3537,-70.6811",2024-10-08,14.0,11.0,12.6,14.0,11.0,12.6,10.6,87.8,26.5,100.0,91.67,rain,0.0,0.0,26.3,18.4,167.8,1017.9,97.1,8.9,78.8,6.5,3.0,10.0,2024-10-08T07:09:50,2024-10-08T19:50:58,0.2,"Rain, Overcast",Cloudy skies throughout the day with a chance of rain throughout the day.,rain,"SCEL,85577099999,85574099999",Rainy
"-33.3537,-70.6811",2024-10-09,21.0,9.0,14.2,21.0,7.9,14.1,10.3,80.4,1.3,100.0,29.17,rain,0.0,0.0,24.8,20.5,186.9,1019.3,63.4,7.1,169.6,14.1,6.0,10.0,2024-10-09T07:08:32,2024-10-09T19:51:43,0.23,"Rain, Partially cloudy",Partly cloudy throughout the day with rain clearing later.,rain,"SCEL,85577099999,85574099999",Rainy
"-33.3537,-70.6811",2024-10-10,20.0,9.0,14.1,20.0,9.0,14.0,10.7,81.7,1.9,100.0,41.67,rain,0.0,0.0,29.5,33.5,176.1,1019.9,27.8,7.7,245.5,20.3,9.0,10.0,2024-10-10T07:07:15,2024-10-10T19:52:28,0.25,"Rain, Partially cloudy",Partly cloudy throughout the day with rain.,rain,"SCEL,85577099999,85574099999",Rainy
"-33.3537,-70.6811",2024-10-11,17.2,11.0,13.7,17.2,11.0,13.7,10.5,81.7,0.9,100.0,25.0,rain,0.0,0.0,33.8,18.4,181.2,1020.1,95.4,9.0,235.0,19.4,8.0,10.0,2024-10-11T07:05:59,2024-10-11T19:53:13,0.3,"Rain, Overcast",Cloudy skies throughout the day with rain.,rain,"SCEL,85577099999,85574099999",Rainy
"-33.3537,-70.6811",2024-10-12,18.0,13.0,15.1,18.0,13.0,15.1,10.3,73.8,0.0,0.0,0.0,,0.0,0.0,21.2,22.3,174.1,1017.8,90.3,8.7,156.6,13.0,5.0,10.0,2024-10-12T07:04:43,2024-10-12T19:53:59,0.33,Overcast,Cloudy skies throughout the day.,cloudy,"SCEL,85577099999,85574099999",Windy
"-33.3537,-70.6811",2024-10-13,25.0,8.5,16.6,25.0,8.5,16.5,7.6,59.8,0.0,0.0,0.0,,0.0,0.0,16.6,20.5,179.8,1019.3,62.4,9.1,288.7,23.7,9.0,10.0,2024-10-13T07:03:28,2024-10-13T19:54:45,0.37,Partially cloudy,Becoming cloudy in the afternoon.,partly-cloudy-day,"SCEL,85577099999,85574099999",Cloudy
"-33.3537,-70.6811",2024-10-14,24.2,9.5,16.3,24.2,9.5,16.3,6.1,53.7,0.0,0.0,0.0,,0.0,0.0,25.6,18.4,200.2,1019.5,56.7,10.0,259.8,21.5,8.0,10.0,2024-10-14T07:02:14,2024-10-14T19:55:31,0.4,Partially cloudy,Partly cloudy throughout the day.,partly-cloudy-day,"SCEL,85577099999,85574099999",Cloudy
"-33.3537,-70.6811",2024-10-15,30.0,9.0,18.3,28.4,8.5,18.0,6.4,51.8,0.0,0.0,0.0,,0.0,0.0,21.6,25.9,189.5,1015.7,24.8,9.9,307.3,25.3,9.0,10.0,2024-10-15T07:01:00,2024-10-15T19:56:18,0.44,Partially cloudy,Partly cloudy throughout the day.,partly-cloudy-day,"SCEL,85577099999,85574099999",Cloudy
"-33.3537,-70.6811",2024-10-16,21.0,10.0,15.6,21.0,8.8,15.5,5.2,51.2,0.0,0.0,0.0,,0.0,0.0,29.9,25.9,183.6,1017.2,21.8,10.0,331.4,27.5,10.0,10.0,2024-10-16T06:59:47,2024-10-16T19:57:06,0.47,Partially cloudy,Partly cloudy throughout the day.,partly-cloudy-day,"SCEL,85577099999,85574099999",Cloudy
"-33.3537,-70.6811",2024-10-17,28.0,6.9,16.7,27.0,6.2,16.5,6.8,59.2,0.0,0.0,0.0,,0.0,0.0,27.4,20.5,205.8,1017.5,1.1,9.3,350.7,29.0,10.0,10.0,2024-10-17T06:58:35,2024-10-17T19:57:53,0.5,Clear,Clear conditions throughout the day.,clear-day,"SCEL,85577099999,85574099999",Windy
"-33.3537,-70.6811",2024-10-18,31.0,10.1,20.4,29.4,10.1,20.1,8.9,52.8,0.0,0.0,0.0,,0.0,0.0,25.9,25.9,192.9,1013.4,4.7,9.5,348.7,28.9,10.0,10.0,2024-10-18T06:57:24,2024-10-18T19:58:42,0.54,Clear,Clear conditions throughout the day.,clear-day,"SCEL,85577099999,85574099999",Windy
"-33.3537,-70.6811",2024-10-19,24.0,11.6,16.2,24.0,11.6,16.2,10.4,70.1,0.7,100.0,16.67,rain,0.0,0.0,31.0,33.5,166.8,1010.9,26.7,9.6,328.4,27.2,10.0,10.0,2024-10-19T06:56:13,2024-10-19T19:59:30,0.57,"Rain, Partially cloudy",Partly cloudy throughout the day with late afternoon rain.,rain,"SCEL,85577099999,85574099999",Rainy
"-33.3537,-70.6811",2024-10-20,19.0,10.7,14.2,19.0,10.7,14.2,8.4,70.0,7.2,100.0,70.83,rain,0.0,0.0,30.6,29.5,198.5,1014.9,77.6,9.5,271.7,22.4,9.0,10.0,2024-10-20T06:55:04,2024-10-20T20:00:19,0.6,"Rain, Partially cloudy",Partly cloudy throughout the day with a chance of rain throughout the day.,rain,"SCEL,85577099999,85574099999",Rainy
"-33.3537,-70.6811",2024-10-21,25.3,11.0,17.4,25.3,11.0,17.4,7.9,55.9,0.0,0.0,0.0,,0.0,0.0,16.2,24.1,187.7,1016.4,25.9,10.0,345.9,28.7,10.0,10.0,2024-10-21T06:53:55,2024-10-21T20:01:08,0.64,Partially cloudy,Partly cloudy throughout the day.,partly-cloudy-day,"SCEL,85577099999,85574099999",Cloudy
"-33.3537,-70.6811",2024-10-22,25.0,9.0,16.5,25.0,8.5,16.5,9.7,66.3,3.2,100.0,29.17,rain,0.0,0.0,24.5,35.3,204.3,1014.8,50.6,9.7,176.5,14.7,7.0,10.0,2024-10-22T06:52:47,2024-10-22T20:01:58,0.67,"Rain, Partially cloudy",Partly cloudy throughout the day with rain.,rain,"SCEL,85577099999,85574099999",Rainy
"-33.3537,-70.6811",2024-10-23,19.5,11.0,14.5,19.5,11.0,14.5,9.3,72.3,3.1,100.0,70.83,rain,0.0,0.0,28.8,29.5,190.5,1019.3,76.1,9.6,199.3,16.6,6.0,10.0,2024-10-23T06:51:41,2024-10-23T20:02:48,0.7,"Rain, Partially cloudy",Partly cloudy throughout the day with a chance of rain throughout the day.,rain,"SCEL,85577099999,85574099999",Rainy
"-33.3537,-70.6811",2024-10-24,27.7,9.2,17.5,26.5,8.8,17.3,7.1,55.7,0.0,0.0,0.0,,0.0,0.0,29.2,31.7,188.7,1017.7,16.3,10.0,360.3,29.9,10.0,10.0,2024-10-24T06:50:35,2024-10-24T20:03:39,0.75,Clear,Clear conditions throughout the day.,clear-day,"SCEL,85577099999,85574099999",Windy
"-33.3537,-70.6811",2024-10-25,25.3,8.7,16.7,25.3,6.7,16.3,7.1,58.4,0.0,0.0,0.0,,0.0,0.0,30.2,20.5,181.7,1016.8,24.5,10.0,362.2,30.1,10.0,10.0,2024-10-25T06:49:30,2024-10-25T20:04:30,0.77,Partially cloudy,Clearing in the afternoon.,partly-cloudy-day,"SCEL,85577099999,85574099999",Cloudy
"-33.3537,-70.6811",2024-10-26,32.2,8.0,20.0,30.0,6.8,19.5,7.3,48.8,0.0,0.0,0.0,,0.0,0.0,24.8,25.9,194.4,1012.5,4.2,9.9,367.2,30.5,10.0,10.0,2024-10-26T06:48:27,2024-10-26T20:05:21,0.8,Clear,Clear conditions throughout the day.,clear-day,"SCEL,85577099999,85574099999",Windy
"-33.3537,-70.6811",2024-10-27,30.0,9.0,20.0,28.4,9.0,19.7,7.9,49.9,0.0,0.0,0.0,,0.0,0.0,32.8,24.1,176.4,1015.0,0.0,9.8,354.8,29.6,10.0,10.0,2024-10-27T06:47:24,2024-10-27T20:06:13,0.84,Clear,Clear conditions throughout the day.,clear-day,"SCEL,85577099999,85574099999",Windy
"-33.3537,-70.6811",2024-10-28,33.2,11.0,21.9,31.0,11.0,21.3,9.2,51.2,0.0,0.0,0.0,,0.0,0.0,17.3,33.5,193.2,1011.6,1.9,9.8,365.6,30.4,10.0,10.0,2024-10-28T06:46:23,2024-10-28T20:07:05,0.87,Clear,Clear conditions throughout the day.,clear-day,"SCEL,85577099999,85574099999",Windy
"-33.3537,-70.6811",2024-10-29,23.5,12.0,18.1,23.5,12.0,18.1,11.5,66.7,0.0,0.0,0.0,,0.0,0.0,32.4,29.5,169.2,1013.6,1.5,9.7,362.7,30.0,10.0,10.0,2024-10-29T06:45:23,2024-10-29T20:07:58,0.9,Clear,Clear conditions throughout the day.,clear-day,"SCEL,85577099999,85574099999",Windy
"-33.3537,-70.6811",2024-10-30,27.0,11.5,18.1,26.5,11.5,18.1,11.2,69.1,0.0,0.0,0.0,,0.0,0.0,33.5,33.5,174.2,1014.5,32.6,8.2,356.4,29.3,10.0,10.0,2024-10-30T06:44:23,2024-10-30T20:08:50,0.94,Partially cloudy,Clearing in the afternoon.,partly-cloudy-day,"SCEL,85577099999,85574099999",Cloudy
"-33.3537,-70.6811",2024-10-31,27.0,12.0,18.1,26.6,12.0,18.1,10.9,65.7,0.0,0.0,0.0,,0.0,0.0,50.0,29.5,181.6,1011.9,20.3,9.5,347.8,28.6,10.0,10.0,2024-10-31T06:43:26,2024-10-31T20:09:44,0.97,Partially cloudy,Partly cloudy throughout the day.,partly-cloudy-day,"SCEL,85577099999,85574099999",Cloudy
"-33.3537,-70.6811",2024-11-01,20.4,11.7,14.2,20.4,11.7,14.2,9.3,73.7,0.0,0.0,0.0,,0.0,0.0,29.9,24.1,191.4,1015.5,70.8,9.5,296.9,24.5,9.0,10.0,2024-11-01T06:42:29,2024-11-01T20:10:37,0.0,Partially cloudy,Partly cloudy throughout the day.,partly-cloudy-day,"SCEL,85577099999,85574099999",Cloudy
"-33.3537,-70.6811",2024-11-02,27.0,7.0,16.7,26.3,6.2,16.6,6.6,57.7,0.0,0.0,0.0,,0.0,0.0,33.1,25.9,194.0,1017.4,17.4,9.7,377.7,31.5,10.0,10.0,2024-11-02T06:41:34,2024-11-02T20:11:31,0.04,Clear,Clear conditions throughout the day.,clear-day,"SCEL,85577099999,85574099999",Windy
"-33.3537,-70.6811",2024-11-03,22.0,11.0,15.7,22.0,11.0,15.7,8.1,62.2,0.1,100.0,4.17,rain,0.0,0.0,37.4,28.0,183.3,1016.8,80.4,10.0,275.4,22.8,9.0,10.0,2024-11-03T06:40:40,2024-11-03T20:12:25,0.07,"Rain, Partially cloudy",Partly cloudy throughout the day with afternoon rain.,rain,"SCEL,85577099999,85574099999",Rainy
"-33.3537,-70.6811",2024-11-04,25.0,5.0,15.0,25.0,5.0,14.8,4.6,57.1,0.0,0.0,0.0,,0.0,0.0,31.7,25.9,202.2,1020.7,7.4,9.9,380.6,31.5,10.0,10.0,2024-11-04T06:39:47,2024-11-04T20:13:20,0.11,Clear,Clear conditions throughout the day.,clear-day,"SCEL,85577099999,85574099999",Windy
"-33.3537,-70.6811",2024-11-05,28.0,9.0,18.6,26.6,7.9,18.4,4.3,45.2,0.0,0.0,0.0,,0.0,0.0,34.9,27.7,206.3,1017.3,4.0,9.8,387.9,32.2,10.0,10.0,2024-11-05T06:38:56,2024-11-05T20:14:15,0.14,Clear,Clear conditions throughout the day.,clear-day,"SCEL,85577099999,85574099999",Windy
"-33.3537,-70.6811",2024-11-06,28.1,11.8,20.1,26.9,11.8,19.9,5.0,40.5,0.0,0.0,0.0,,0.0,0.0,30.6,24.1,207.6,1015.8,24.2,9.7,377.7,31.3,10.0,10.0,2024-11-06T06:38:07,2024-11-06T20:15:10,0.18,Partially cloudy,Clearing in the afternoon.,partly-cloudy-day,"SCEL,85577099999,85574099999",Cloudy
"-33.3537,-70.6811",2024-11-07,26.0,12.8,19.8,26.0,12.8,19.8,7.6,47.2,0.0,0.0,0.0,,0.0,0.0,31.7,22.3,172.3,1015.8,55.0,10.0,292.0,24.3,9.0,10.0,2024-11-07T06:37:18,2024-11-07T20:16:05,0.21,Partially cloudy,Partly cloudy throughout the day.,partly-cloudy-day,"SCEL,85577099999,85574099999",Cloudy
"-33.3537,-70.6811",2024-11-08,30.1,12.0,21.5,28.4,12.0,21.1,7.3,44.8,0.0,0.0,0.0,,0.0,0.0,32.4,31.7,202.6,1014.5,38.9,9.7,360.3,29.7,10.0,10.0,2024-11-08T06:36:31,2024-11-08T20:17:01,0.25,Partially cloudy,Partly cloudy throughout the day.,partly-cloudy-day,"SCEL,85577099999,85574099999",Cloudy
"-33.3537,-70.6811",2024-11-09,29.4,12.8,21.1,28.0,12.8,20.9,6.3,39.8,0.0,0.0,0.0,,0.0,0.0,35.3,29.5,192.7,1013.3,13.5,10.0,365.8,30.2,10.0,10.0,2024-11-09T06:35:46,2024-11-09T20:17:57,0.25,Clear,Clear conditions throughout the day.,clear-day,"SCEL,85577099999,85574099999",Windy
"-33.3537,-70.6811",2024-11-10,24.0,11.0,17.4,24.0,11.0,17.4,9.1,60.5,0.8,100.0,12.5,rain,0.0,0.0,34.2,27.7,196.8,1019.2,40.9,10.0,303.4,25.1,9.0,10.0,2024-11-10T06:35:02,2024-11-10T20:18:53,0.32,"Rain, Partially cloudy",Partly cloudy throughout the day with afternoon rain.,rain,"SCEL,85577099999,85574099999",Rainy
"-33.3537,-70.6811",2024-11-11,27.2,11.3,19.7,26.3,11.3,19.6,5.4,42.4,0.0,0.0,0.0,,0.0,0.0,38.2,22.3,187.5,1020.0,2.0,10.0,396.5,32.9,10.0,10.0,2024-11-11T06:34:20,2024-11-11T20:19:49,0.35,Clear,Clear conditions throughout the day.,clear-day,"SCEL,85577099999,85574099999",Windy
"-33.3537,-70.6811",2024-11-12,32.0,11.0,22.0,29.9,11.0,21.4,4.5,36.3,0.0,0.0,0.0,,0.0,0.0,39.6,25.9,195.4,1014.7,0.4,10.0,391.3,32.3,10.0,10.0,2024-11-12T06:33:39,2024-11-12T20:20:45,0.39,Clear,Clear conditions throughout the day.,clear-day,"SCEL,85577099999,85574099999",Windy
"-33.3537,-70.6811",2024-11-13,28.0,13.2,21.1,27.1,13.2,20.9,8.0,44.8,0.0,0.0,0.0,,0.0,0.0,36.7,33.5,194.8,1012.2,0.0,10.0,392.8,32.6,10.0,10.0,2024-11-13T06:33:00,2024-11-13T20:21:41,0.42,Clear,Clear conditions throughout the day.,clear-day,"SCEL,85577099999,85574099999",Windy
"-33.3537,-70.6811",2024-11-14,27.0,11.7,18.7,26.8,11.7,18.7,10.4,60.9,0.0,0.0,0.0,,0.0,0.0,33.1,31.7,183.6,1014.6,24.8,9.8,381.0,31.4,10.0,10.0,2024-11-14T06:32:23,2024-11-14T20:22:38,0.46,Partially cloudy,Partly cloudy throughout the day.,partly-cloudy-day,"SCEL,85577099999,85574099999",Cloudy
"-33.3537,-70.6811",2024-11-15,25.2,10.0,17.6,25.2,7.7,17.5,10.1,65.4,0.0,0.0,0.0,,0.0,0.0,33.5,33.5,194.3,1014.1,25.2,8.7,362.6,29.8,10.0,10.0,2024-11-15T06:31:47,2024-11-15T20:23:34,0.5,Partially cloudy,Clearing in the afternoon.,partly-cloudy-day,"SCEL,85577099999,85574099999",Cloudy
"-33.3537,-70.6811",2024-11-16,18.0,13.0,15.9,18.0,13.0,15.9,9.9,68.1,0.1,100.0,4.17,rain,0.0,0.0,30.2,24.1,165.3,1016.2,65.1,10.0,276.6,22.8,8.0,10.0,2024-11-16T06:31:13,2024-11-16T20:24:31,0.52,"Rain, Partially cloudy",Partly cloudy throughout the day with afternoon rain.,rain,"SCEL,85577099999,85574099999",Rainy
"-33.3537,-70.6811",2024-11-17,26.0,12.7,18.0,26.0,12.7,18.0,6.3,49.4,0.0,0.0,0.0,,0.0,0.0,18.7,27.7,188.0,1016.0,71.1,9.8,374.6,30.9,10.0,10.0,2024-11-17T06:30:40,2024-11-17T20:25:27,0.56,Partially cloudy,Partly cloudy throughout the day.,partly-cloudy-day,"SCEL,85577099999,85574099999",Cloudy
"-33.3537,-70.6811",2024-11-18,27.0,12.0,18.9,26.3,12.0,18.8,5.2,42.6,0.0,0.0,0.0,,0.0,0.0,32.4,27.7,199.0,1014.4,8.2,10.0,380.4,31.2,10.0,10.0,2024-11-18T06:30:09,2024-11-18T20:26:24,0.59,Clear,Clear conditions throughout the day.,clear-day,SCEL,Windy
"-33.3537,-70.6811",2024-11-19,26.0,10.0,17.5,26.0,8.4,17.5,6.5,51.5,0.0,0.0,0.0,,0.0,0.0,31.3,27.7,184.9,1015.5,24.9,10.0,388.6,32.1,10.0,10.0,2024-11-19T06:29:40,2024-11-19T20:27:20,0.62,Partially cloudy,Partly cloudy throughout the day.,partly-cloudy-day,SCEL,Cloudy
"-33.3537,-70.6811",2024-11-20,25.0,13.0,18.2,25.0,13.0,18.2,8.1,53.9,0.0,0.0,0.0,,0.0,0.0,29.2,22.3,183.7,1016.4,52.9,10.0,342.7,28.5,10.0,10.0,2024-11-20T06:29:13,2024-11-20T20:28:16,0.65,Partially cloudy,Partly cloudy throughout the day.,partly-cloudy-day,SCEL,Cloudy
"-33.3537,-70.6811",2024-11-21,28.5,12.0,19.8,27.4,12.0,19.6,7.7,47.8,0.0,0.0,0.0,,0.0,0.0,36.7,31.7,203.9,1016.9,2.6,9.9,395.8,32.8,10.0,10.0,2024-11-21T06:28:47,2024-11-21T20:29:12,0.69,Clear,Clear conditions throughout the day.,clear-day,"SCEL,85577099999,85574099999",Windy
"-33.3537,-70.6811",2024-11-22,28.0,11.6,19.4,26.9,11.6,19.3,6.8,46.8,0.0,0.0,0.0,,0.0,0.0,23.0,29.5,200.6,1017.4,0.0,10.0,397.1,32.8,10.0,10.0,2024-11-22T06:28:24,2024-11-22T20:30:08,0.75,Clear,Clear conditions throughout the day.,clear-day,"SCEL,85577099999,85574099999",Windy
"-33.3537,-70.6811",2024-11-23,30.0,11.7,20.7,28.5,11.7,20.4,7.3,44.8,0.0,0.0,0.0,,0.0,0.0,38.5,31.7,204.6,1014.3,0.1,10.0,401.0,33.1,10.0,10.0,2024-11-23T06:28:02,2024-11-23T20:31:03,0.75,Clear,Clear conditions throughout the day.,clear-day,"SCEL,85577099999,85574099999",Windy
"-33.3537,-70.6811",2024-11-24,29.0,12.8,20.8,27.7,12.8,20.6,7.7,44.7,0.0,0.0,0.0,,0.0,0.0,35.6,27.7,197.5,1016.1,1.7,9.9,381.0,31.5,10.0,10.0,2024-11-24T06:27:42,2024-11-24T20:31:58,0.78,Clear,Clear conditions throughout the day.,clear-day,"SCEL,85577099999,85574099999",Windy
"-33.3537,-70.6811",2024-11-25,27.0,13.0,20.5,26.6,13.0,20.5,6.4,41.3,0.0,0.0,0.0,,0.0,0.0,36.0,31.7,201.5,1016.4,0.0,10.0,402.3,33.3,10.0,10.0,2024-11-25T06:27:23,2024-11-25T20:32:53,0.82,Clear,Clear conditions throughout the day.,clear-day,"SCEL,85577099999,85574099999",Windy
"-33.3537,-70.6811",2024-11-26,27.0,11.0,19.1,26.4,11.0,19.0,6.0,44.4,0.0,0.0,0.0,,0.0,0.0,36.0,33.5,204.2,1016.2,0.0,10.0,410.5,34.2,10.0,10.0,2024-11-26T06:27:07,2024-11-26T20:33:47,0.85,Clear,Clear conditions throughout the day.,clear-day,"SCEL,85577099999,85574099999",Windy
"-33.3537,-70.6811",2024-11-27,25.0,10.5,17.5,25.0,10.5,17.5,6.0,48.9,0.0,0.0,0.0,,0.0,0.0,35.3,27.7,187.2,1014.6,3.5,10.0,408.2,33.8,10.0,10.0,2024-11-27T06:26:52,2024-11-27T20:34:41,0.88,Clear,Clear conditions throughout the day.,clear-day,"SCEL,85577099999,85574099999",Windy
"-33.3537,-70.6811",2024-11-28,26.1,9.0,17.9,26.1,9.0,17.8,5.1,45.9,0.0,0.0,0.0,,0.0,0.0,35.6,24.1,190.4,1015.4,0.0,10.0,408.9,33.9,10.0,10.0,2024-11-28T06:26:40,2024-11-28T20:35:35,0.91,Clear,Clear conditions throughout the day.,clear-day,"SCEL,85577099999,85574099999",Windy
"-33.3537,-70.6811",2024-11-29,28.7,10.6,20.2,27.4,10.6,20.0,4.9,39.8,0.0,0.0,0.0,,0.0,0.0,34.9,29.5,208.4,1013.9,0.0,10.0,405.9,33.8,10.0,10.0,2024-11-29T06:26:29,2024-11-29T20:36:28,0.95,Clear,Clear conditions throughout the day.,clear-day,"SCEL,85577099999,85574099999",Windy
"-33.3537,-70.6811",2024-11-30,26.4,11.0,18.9,26.4,11.0,18.9,2.9,36.6,0.0,0.0,0.0,,0.0,0.0,37.8,31.7,197.7,1013.6,0.8,9.9,418.2,34.8,10.0,10.0,2024-11-30T06:26:20,2024-11-30T20:37:20,0.98,Clear,Clear conditions throughout the day.,clear-day,"SCEL,85577099999,85574099999",Windy
"-33.3537,-70.6811",2024-12-01,24.0,10.0,16.1,24.0,7.7,15.9,5.6,54.3,0.0,0.0,0.0,,0.0,0.0,34.9,27.7,194.5,1018.1,31.8,10.0,412.9,34.3,10.0,10.0,2024-12-01T06:26:13,2024-12-01T20:38:12,0.0,Partially cloudy,Clearing in the afternoon.,partly-cloudy-day,"SCEL,85577099999,85574099999",Cloudy
"-33.3537,-70.6811",2024-12-02,26.4,11.4,18.9,26.4,11.4,18.9,5.5,44.1,0.0,0.0,0.0,,0.0,0.0,35.6,27.7,204.7,1014.1,0.0,10.0,405.3,33.6,10.0,10.0,2024-12-02T06:26:08,2024-12-02T20:39:03,0.05,Clear,Clear conditions throughout the day.,clear-day,"SCEL,85577099999,85574099999",Windy
"-33.3537,-70.6811",2024-12-03,27.0,11.0,18.7,26.3,11.0,18.6,6.0,45.3,0.0,0.0,0.0,,0.0,0.0,33.1,27.7,195.0,1014.6,4.8,10.0,405.2,33.7,10.0,10.0,2024-12-03T06:26:04,2024-12-03T20:39:54,0.08,Clear,Clear conditions throughout the day.,clear-day,"SCEL,85577099999,85574099999",Windy
"-33.3537,-70.6811",2024-12-04,25.0,10.0,17.1,25.0,8.4,17.0,8.3,59.2,0.0,0.0,0.0,,0.0,0.0,36.0,25.9,187.6,1015.8,7.7,9.4,405.0,33.8,10.0,10.0,2024-12-04T06:26:03,2024-12-04T20:40:43,0.12,Clear,Clear conditions throughout the day.,clear-day,"SCEL,85577099999,85574099999",Windy
"-33.3537,-70.6811",2024-12-05,22.0,9.0,14.6,22.0,6.7,14.1,6.9,62.9,0.2,100.0,4.17,rain,0.0,0.0,39.6,25.9,187.9,1016.4,33.9,10.0,400.4,33.2,10.0,10.0,2024-12-05T06:26:03,2024-12-05T20:41:32,0.15,"Rain, Partially cloudy",Partly cloudy throughout the day with afternoon rain.,rain,"SCEL,85577099999,85574099999",Rainy
"-33.3537,-70.6811",2024-12-06,27.0,9.1,17.7,26.3,9.1,17.7,6.5,51.2,0.0,0.0,0.0,,0.0,0.0,31.3,25.9,189.8,1014.7,33.6,9.9,389.4,32.3,10.0,10.0,2024-12-06T06:26:06,2024-12-06T20:42:20,0.19,Partially cloudy,Partly cloudy throughout the day.,partly-cloudy-day,"SCEL,85577099999,85574099999",Cloudy
"-33.3537,-70.6811",2024-12-07,27.1,11.0,19.1,26.4,11.0,19.0,5.4,43.6,0.0,0.0,0.0,,0.0,0.0,46.4,33.5,199.8,1013.3,24.9,9.8,409.6,34.0,10.0,10.0,2024-12-07T06:26:10,2024-12-07T20:43:07,0.23,Partially cloudy,Partly cloudy throughout the day.,partly-cloudy-day,"SCEL,85577099999,85574099999",Cloudy
"-33.3537,-70.6811",2024-12-08,25.0,9.8,17.4,25.0,8.4,17.3,3.0,39.8,0.0,0.0,0.0,,0.0,0.0,36.4,27.7,185.7,1015.8,5.8,10.0,409.7,34.1,10.0,10.0,2024-12-08T06:26:16,2024-12-08T20:43:53,0.25,Clear,Clear conditions throughout the day.,clear-day,"SCEL,85577099999,85574099999",Windy
"-33.3537,-70.6811",2024-12-09,30.0,9.7,19.8,28.2,9.6,19.4,5.0,42.5,0.0,0.0,0.0,,0.0,0.0,32.8,25.9,199.8,1014.3,0.0,10.0,421.9,34.9,10.0,10.0,2024-12-09T06:26:24,2024-12-09T20:44:38,0.3,Clear,Clear conditions throughout the day.,clear-day,"SCEL,85577099999,85574099999",Windy
"-33.3537,-70.6811",2024-12-10,29.5,13.4,21.6,28.0,13.4,21.2,6.9,41.1,0.0,0.0,0.0,,0.0,0.0,38.5,35.3,195.3,1011.5,11.6,10.0,417.4,34.7,10.0,10.0,2024-12-10T06:26:34,2024-12-10T20:45:22,0.33,Clear,Clear conditions throughout the day.,clear-day,"SCEL,85577099999,85574099999",Windy
"-33.3537,-70.6811",2024-12-11,30.0,12.0,21.5,28.4,12.0,21.1,6.6,41.8,0.0,0.0,0.0,,0.0,0.0,36.4,33.5,196.5,1012.1,5.0,9.9,417.1,34.6,10.0,10.0,2024-12-11T06:26:46,2024-12-11T20:46:05,0.37,Clear,Clear conditions throughout the day.,clear-day,"SCEL,85577099999,85574099999",Windy
"-33.3537,-70.6811",2024-12-12,28.0,12.0,19.4,26.7,12.0,19.2,5.5,43.2,0.0,0.0,0.0,,0.0,0.0,37.8,33.5,190.1,1014.7,0.2,10.0,409.9,33.8,10.0,10.0,2024-12-12T06:26:59,2024-12-12T20:46:47,0.4,Clear,Clear conditions throughout the day.,clear-day,"SCEL,85577099999,85574099999",Windy
"-33.3537,-70.6811",2024-12-13,30.0,12.0,21.6,28.3,12.0,21.2,7.1,42.9,0.0,0.0,0.0,,0.0,0.0,35.6,31.7,211.2,1013.0,0.0,9.8,415.2,34.5,10.0,10.0,2024-12-13T06:27:14,2024-12-13T20:47:27,0.44,Clear,Clear conditions throughout the day.,clear-day,"SCEL,85577099999,85574099999",Windy
"-33.3537,-70.6811",2024-12-14,31.0,13.5,22.2,29.1,13.5,21.7,7.3,41.6,0.0,0.0,0.0,,0.0,0.0,39.2,33.5,196.0,1013.0,0.0,9.9,419.4,34.7,10.0,10.0,2024-12-14T06:27:32,2024-12-14T20:48:07,0.47,Clear,Clear conditions throughout the day.,clear-day,"SCEL,85577099999,85574099999",Windy
"-33.3537,-70.6811",2024-12-15,28.1,13.2,20.5,27.3,13.2,20.3,8.8,49.7,0.0,0.0,0.0,,0.0,0.0,36.7,31.7,184.8,1013.6,29.9,9.9,399.1,32.8,10.0,10.0,2024-12-15T06:27:50,2024-12-15T20:48:45,0.5,Partially cloudy,Partly cloudy throughout the day.,partly-cloudy-day,"SCEL,85577099999,85574099999",Cloudy
"-33.3537,-70.6811",2024-12-16,29.2,11.6,19.5,28.2,11.6,19.3,9.5,55.7,0.0,0.0,0.0,,0.0,0.0,39.2,27.7,182.6,1013.9,0.1,9.9,416.0,34.4,10.0,10.0,2024-12-16T06:28:11,2024-12-16T20:49:22,0.54,Clear,Clear conditions throughout the day.,clear-day,"SCEL,85577099999,85574099999",Windy
"-33.3537,-70.6811",2024-12-17,26.5,11.8,18.8,26.5,11.8,18.8,9.7,58.1,0.0,0.0,0.0,,0.0,0.0,37.8,29.5,194.0,1014.4,38.9,9.9,375.4,30.9,10.0,10.0,2024-12-17T06:28:33,2024-12-17T20:49:57,0.57,Partially cloudy,Partly cloudy throughout the day.,partly-cloudy-day,"SCEL,85577099999,85574099999",Cloudy
"-33.3537,-70.6811",2024-12-18,29.0,12.0,20.9,27.8,12.0,20.6,9.0,50.3,0.0,0.0,0.0,,0.0,0.0,39.2,25.9,193.7,1015.6,1.2,10.0,398.0,32.9,10.0,10.0,2024-12-18T06:28:57,2024-12-18T20:50:31,0.6,Clear,Clear conditions throughout the day.,clear-day,"SCEL,85577099999,85574099999",Windy
"-33.3537,-70.6811",2024-12-19,33.0,13.9,23.8,30.6,13.9,23.1,6.8,38.4,0.0,0.0,0.0,,0.0,0.0,40.0,39.8,202.6,1013.9,0.0,9.8,423.8,34.9,10.0,10.0,2024-12-19T06:29:23,2024-12-19T20:51:03,0.64,Clear,Clear conditions throughout the day.,clear-day,"SCEL,85577099999,85574099999",Windy
"-33.3537,-70.6811",2024-12-20,30.0,14.0,22.6,28.3,14.0,22.2,5.9,36.0,0.0,0.0,0.0,,0.0,0.0,38.9,31.7,196.4,1014.4,6.8,9.8,408.0,33.8,10.0,10.0,2024-12-20T06:29:51,2024-12-20T20:51:35,0.67,Clear,Clear conditions throughout the day.,clear-day,"SCEL,85577099999,85574099999",Windy
"-33.3537,-70.6811",2024-12-21,32.1,14.5,24.1,30.3,14.5,23.5,8.7,40.4,0.0,0.0,0.0,,0.0,0.0,40.0,25.9,194.8,1014.5,5.7,9.9,417.4,34.6,10.0,10.0,2024-12-21T06:30:20,2024-12-21T20:52:04,0.7,Clear,Clear conditions throughout the day.,clear-day,"SCEL,85577099999,85574099999",Windy
"-33.3537,-70.6811",2024-12-22,35.0,17.7,25.7,33.3,17.7,25.1,9.8,39.2,0.0,0.0,0.0,,0.0,0.0,40.7,31.7,187.1,1012.7,0.0,9.9,421.9,34.9,10.0,10.0,2024-12-22T06:30:50,2024-12-22T20:52:32,0.75,Clear,Clear conditions throughout the day.,clear-day,"SCEL,85577099999,85574099999",Windy
"-33.3537,-70.6811",2024-12-23,31.0,16.4,24.0,29.4,16.4,23.6,9.8,42.5,0.0,0.0,0.0,,0.0,0.0,38.9,35.3,195.7,1015.3,0.2,9.9,405.6,33.6,10.0,10.0,2024-12-23T06:31:22,2024-12-23T20:52:59,0.77,Clear,Clear conditions throughout the day.,clear-day,"SCEL,85577099999,85574099999",Windy
"-33.3537,-70.6811",2024-12-24,31.0,14.7,23.1,29.5,14.7,22.7,9.8,45.8,0.0,0.0,0.0,,0.0,0.0,37.1,29.5,190.5,1013.7,0.6,10.0,419.2,34.8,10.0,10.0,2024-12-24T06:31:56,2024-12-24T20:53:24,0.8,Clear,Clear conditions throughout the day.,clear-day,"SCEL,85577099999,85574099999",Windy
"-33.3537,-70.6811",2024-12-25,30.0,15.0,21.9,29.0,15.0,21.7,11.0,51.9,0.0,0.0,0.0,,0.0,0.0,33.8,31.7,184.7,1011.6,23.2,10.0,371.5,30.6,10.0,10.0,2024-12-25T06:32:31,2024-12-25T20:53:47,0.83,Partially cloudy,Becoming cloudy in the afternoon.,partly-cloudy-day,"SCEL,85577099999,85574099999",Cloudy
"-33.3537,-70.6811",2024-12-26,26.1,12.0,18.7,26.1,12.0,18.7,12.0,67.4,0.0,0.0,0.0,,0.0,0.0,48.2,22.3,171.3,1013.9,28.4,9.8,385.1,32.0,10.0,10.0,2024-12-26T06:33:08,2024-12-26T20:54:08,0.86,Partially cloudy,Clearing in the afternoon.,partly-cloudy-day,"SCEL,85577099999,85574099999",Cloudy
"-33.3537,-70.6811",2024-12-27,29.0,13.0,20.4,28.4,13.0,20.4,11.9,61.1,0.3,100.0,4.17,rain,0.0,0.0,32.0,29.5,181.5,1015.8,5.9,9.9,383.4,31.6,10.0,10.0,2024-12-27T06:33:46,2024-12-27T20:54:28,0.89,Rain,Clear conditions throughout the day with afternoon rain.,rain,"SCEL,85577099999,85574099999",Rainy
"-33.3537,-70.6811",2024-12-28,29.6,14.0,21.1,28.9,14.0,21.0,11.9,58.2,0.0,0.0,0.0,,0.0,0.0,38.5,29.5,189.7,1016.7,3.1,10.0,387.0,32.1,10.0,10.0,2024-12-28T06:34:25,2024-12-28T20:54:46,0.93,Clear,Clear conditions throughout the day.,clear-day,"SCEL,85577099999,85574099999",Windy
"-33.3537,-70.6811",2024-12-29,31.9,13.8,22.2,30.7,13.8,22.0,11.6,54.9,0.0,0.0,0.0,,0.0,0.0,36.7,35.3,189.4,1013.3,0.5,10.6,407.9,33.7,10.0,10.0,2024-12-29T06:35:06,2024-12-29T20:55:03,0.96,Clear,Clear conditions throughout the day.,clear-day,"SCEL,85577099999,remote,85574099999",Windy
"-33.3537,-70.6811",2024-12-30,30.0,14.0,22.2,29.0,14.0,21.9,10.6,51.6,1.3,100.0,8.33,rain,0.0,0.0,36.0,109.3,186.3,1013.2,4.6,9.9,389.3,32.4,10.0,10.0,2024-12-30T06:35:47,2024-12-30T20:55:18,0.0,Rain,Clear conditions throughout the day with afternoon rain.,rain,"SCEL,85577099999,85574099999",Rainy
"-33.3537,-70.6811",2024-12-31,31.0,15.0,23.1,29.4,15.0,22.7,8.9,42.7,0.0,0.0,0.0,,0.0,0.0,32.8,29.5,195.2,1013.3,12.4,10.0,399.6,33.1,10.0,10.0,2024-12-31T06:36:31,2024-12-31T20:55:30,0.02,Clear,Clear conditions throughout the day.,clear-day,"SCEL,85577099999,85574099999",Windy
"-33.3537,-70.6811",2025-01-01,30.1,15.6,23.0,28.8,15.6,22.6,9.3,43.5,0.0,0.0,0.0,,0.0,0.0,37.1,33.5,196.0,1014.2,3.1,10.0,392.2,32.5,10.0,10.0,2025-01-01T06:37:15,2025-01-01T20:55:42,0.06,Clear,Clear conditions throughout the day.,clear-day,"SCEL,85577099999,85574099999",Windy
"-33.3537,-70.6811",2025-01-02,32.0,13.0,22.6,30.0,13.0,22.1,5.6,35.3,0.0,0.0,0.0,,0.0,0.0,36.0,31.7,191.0,1013.6,6.6,10.0,395.6,32.8,10.0,10.0,2025-01-02T06:38:01,2025-01-02T20:55:51,0.1,Clear,Clear conditions throughout the day.,clear-day,"SCEL,85577099999,85574099999",Windy
"-33.3537,-70.6811",2025-01-03,32.0,14.0,22.9,30.2,14.0,22.5,8.8,42.8,0.0,0.0,0.0,,0.0,0.0,39.6,33.5,192.2,1013.5,0.2,9.9,408.6,33.7,10.0,10.0,2025-01-03T06:38:47,2025-01-03T20:55:58,0.13,Clear,Clear conditions throughout the day.,clear-day,"SCEL,85577099999,85574099999",Windy
"-33.3537,-70.6811",2025-01-04,31.0,14.0,22.3,30.1,14.0,22.1,11.8,54.3,0.1,100.0,4.17,rain,0.0,0.0,37.1,25.9,187.7,1014.5,45.7,9.8,359.8,29.7,10.0,10.0,2025-01-04T06:39:35,2025-01-04T20:56:04,0.17,"Rain, Partially cloudy",Partly cloudy throughout the day with afternoon rain.,rain,"SCEL,85577099999,85574099999",Rainy
"-33.3537,-70.6811",2025-01-05,32.3,18.7,25.5,31.6,18.7,25.2,12.9,47.4,0.0,0.0,0.0,,0.0,0.0,32.4,25.9,194.5,1011.9,43.6,10.0,363.0,30.2,10.0,10.0,2025-01-05T06:40:23,2025-01-05T20:56:08,0.2,Partially cloudy,Partly cloudy throughout the day.,partly-cloudy-day,"SCEL,85577099999,85574099999",Cloudy
"-33.3537,-70.6811",2025-01-06,30.0,17.9,23.8,29.4,17.9,23.7,12.8,51.3,0.5,100.0,4.17,rain,0.0,0.0,37.1,29.5,183.9,1012.5,3.3,10.0,408.6,33.8,10.0,10.0,2025-01-06T06:41:13,2025-01-06T20:56:10,0.25,Rain,Clear conditions throughout the day with afternoon rain.,rain,"SCEL,85577099999,85574099999",Rainy
"-33.3537,-70.6811",2025-01-07,26.0,14.7,19.5,26.0,14.7,19.5,13.3,69.2,0.0,0.0,0.0,,0.0,0.0,40.0,29.5,180.1,1015.1,50.6,9.8,390.9,32.3,10.0,10.0,2025-01-07T06:42:04,2025-01-07T20:56:10,0.27,Partially cloudy,Partly cloudy throughout the day.,partly-cloudy-day,"SCEL,85577099999,85574099999",Cloudy
"-33.3537,-70.6811",2025-01-08,29.1,13.9,21.1,28.5,13.9,21.0,12.2,60.0,0.4,100.0,4.17,rain,0.0,0.0,35.6,33.5,189.4,1014.8,19.9,9.9,395.1,32.6,10.0,10.0,2025-01-08T06:42:55,2025-01-08T20:56:09,0.31,Rain,Clear conditions throughout the day with afternoon rain.,rain,"SCEL,85577099999,85574099999",Rainy
"-33.3537,-70.6811",2025-01-09,32.0,14.7,23.6,30.2,14.7,23.1,10.1,45.9,0.0,0.0,0.0,,0.0,0.0,38.2,29.5,199.9,1012.9,2.5,9.8,402.8,33.2,10.0,10.0,2025-01-09T06:43:47,2025-01-09T20:56:05,0.35,Clear,Clear conditions throughout the day.,clear-day,"SCEL,85577099999,85574099999",Windy
"-33.3537,-70.6811",2025-01-10,33.1,16.0,24.4,31.4,16.0,23.9,9.9,43.3,0.0,0.0,0.0,,0.0,0.0,40.0,33.5,201.5,1012.5,1.5,9.9,408.8,33.8,10.0,10.0,2025-01-10T06:44:40,2025-01-10T20:56:00,0.38,Clear,Clear conditions throughout the day.,clear-day,"SCEL,85577099999,85574099999",Windy
"-33.3537,-70.6811",2025-01-11,33.2,15.0,25.0,31.0,15.0,24.1,6.0,33.4,0.0,0.0,0.0,,0.0,0.0,34.6,33.5,188.8,1011.1,26.5,9.9,398.2,32.8,10.0,10.0,2025-01-11T06:45:34,2025-01-11T20:55:53,0.42,Partially cloudy,Partly cloudy throughout the day.,partly-cloudy-day,"SCEL,85577099999,85574099999",Cloudy
"-33.3537,-70.6811",2025-01-12,29.0,15.0,22.6,28.0,15.0,22.4,9.4,44.4,0.0,0.0,0.0,,0.0,0.0,31.0,37.1,190.0,1012.4,56.0,10.0,333.3,27.7,10.0,10.0,2025-01-12T06:46:28,2025-01-12T20:55:44,0.45,Partially cloudy,Partly cloudy throughout the day.,partly-cloudy-day,"SCEL,85577099999,85574099999",Cloudy
"-33.3537,-70.6811",2025-01-13,30.0,14.7,21.9,29.4,14.7,21.7,13.1,61.2,0.1,100.0,4.17,rain,0.0,0.0,34.9,31.7,192.3,1014.4,32.3,9.7,344.6,28.6,9.0,10.0,2025-01-13T06:47:23,2025-01-13T20:55:33,0.5,"Rain, Partially cloudy",Partly cloudy throughout the day with late afternoon rain.,rain,"SCEL,85577099999,85574099999",Rainy
"-33.3537,-70.6811",2025-01-14,31.0,15.9,23.3,30.1,15.9,23.0,9.8,47.2,0.0,0.0,0.0,,0.0,0.0,34.9,33.5,189.2,1014.4,15.9,10.0,367.9,30.5,10.0,10.0,2025-01-14T06:48:19,2025-01-14T20:55:20,0.52,Clear,Clear conditions throughout the day.,clear-day,"SCEL,85577099999,85574099999",Windy
"-33.3537,-70.6811",2025-01-15,32.0,15.0,23.6,30.1,15.0,23.1,6.5,34.6,0.0,0.0,0.0,,0.0,0.0,38.5,29.5,198.4,1015.4,21.6,10.0,399.5,33.0,10.0,10.0,2025-01-15T06:49:15,2025-01-15T20:55:05,0.55,Partially cloudy,Partly cloudy throughout the day.,partly-cloudy-day,"SCEL,85577099999,85574099999",Cloudy
"-33.3537,-70.6811",2025-01-16,33.0,17.0,24.9,31.2,17.0,24.4,10.7,45.3,0.3,100.0,8.33,rain,0.0,0.0,38.5,33.5,191.0,1015.6,17.2,10.0,404.5,33.3,10.0,10.0,2025-01-16T06:50:12,2025-01-16T20:54:49,0.59,Rain,Clear conditions throughout the day with afternoon rain.,rain,"SCEL,85577099999,85574099999",Rainy
"-33.3537,-70.6811",2025-01-17,31.3,14.0,23.2,29.5,14.0,22.7,6.4,36.4,0.0,0.0,0.0,,0.0,0.0,38.2,33.5,189.3,1016.4,1.3,10.0,395.9,32.8,10.0,10.0,2025-01-17T06:51:09,2025-01-17T20:54:31,0.62,Clear,Clear conditions throughout the day.,clear-day,"SCEL,85577099999,85574099999",Windy
"-33.3537,-70.6811",2025-01-18,29.0,14.0,21.6,27.8,14.0,21.4,6.3,38.2,0.1,100.0,4.17,rain,0.0,0.0,37.1,31.7,189.3,1017.7,15.7,10.0,400.1,33.1,10.0,10.0,2025-01-18T06:52:06,2025-01-18T20:54:11,0.65,Rain,Clear conditions throughout the day with afternoon rain.,rain,"SCEL,85577099999,85574099999",Rainy
"-33.3537,-70.6811",2025-01-19,33.1,12.6,23.1,31.0,12.6,22.5,4.3,31.5,0.0,0.0,0.0,,0.0,0.0,39.6,37.1,199.9,1015.9,0.0,10.0,417.2,34.4,10.0,10.0,2025-01-19T06:53:04,2025-01-19T20:53:49,0.68,Clear,Clear conditions throughout the day.,clear-day,"SCEL,85577099999,85574099999",Windy
"-33.3537,-70.6811",2025-01-20,31.1,15.0,22.9,29.3,15.0,22.5,7.4,38.8,0.0,0.0,0.0,,0.0,0.0,40.7,40.7,191.0,1012.4,0.0,9.7,407.6,33.6,10.0,10.0,2025-01-20T06:54:02,2025-01-20T20:53:26,0.71,Clear,Clear conditions throughout the day.,clear-day,"SCEL,85577099999,85574099999",Windy
"-33.3537,-70.6811",2025-01-21,30.0,12.0,20.8,28.4,12.0,20.5,9.9,53.6,0.0,0.0,0.0,,0.0,0.0,40.7,33.5,195.3,1013.7,8.9,9.9,393.8,32.6,10.0,10.0,2025-01-21T06:55:00,2025-01-21T20:53:01,0.75,Clear,Clear conditions throughout the day.,clear-day,"SCEL,85577099999,85574099999",Windy
"-33.3537,-70.6811",2025-01-22,29.0,14.0,20.5,28.5,14.0,20.4,12.3,62.7,0.0,0.0,0.0,,0.0,0.0,34.2,24.1,181.8,1015.1,1.1,9.8,357.9,29.7,10.0,10.0,2025-01-22T06:55:59,2025-01-22T20:52:34,0.78,Clear,Clear conditions throughout the day.,clear-day,"SCEL,85577099999,85574099999",Windy
"-33.3537,-70.6811",2025-01-23,31.0,12.0,21.6,29.5,12.0,21.2,9.7,51.2,0.0,0.0,0.0,,0.0,0.0,37.8,27.7,192.7,1015.7,0.2,9.9,385.8,32.1,10.0,10.0,2025-01-23T06:56:57,2025-01-23T20:52:05,0.81,Clear,Clear conditions throughout the day.,clear-day,"SCEL,85577099999,85574099999",Windy
"-33.3537,-70.6811",2025-01-24,33.0,15.5,24.4,31.2,15.5,23.7,9.5,42.7,0.0,0.0,0.0,,0.0,0.0,40.3,27.7,197.7,1015.0,0.0,10.0,398.5,33.1,10.0,10.0,2025-01-24T06:57:56,2025-01-24T20:51:34,0.84,Clear,Clear conditions throughout the day.,clear-day,"SCEL,85577099999,85574099999",Windy
"-33.3537,-70.6811",2025-01-25,33.0,17.6,25.0,31.2,17.6,24.4,8.4,36.7,0.0,0.0,0.0,,0.0,0.0,38.2,27.7,205.2,1011.9,0.0,10.0,398.7,33.0,10.0,10.0,2025-01-25T06:58:55,2025-01-25T20:51:02,0.87,Clear,Clear conditions throughout the day.,clear-day,"SCEL,85577099999,85574099999",Windy
"-33.3537,-70.6811",2025-01-26,31.1,16.0,23.5,29.5,16.0,23.0,7.1,36.4,0.0,0.0,0.0,,0.0,0.0,40.0,33.5,201.6,1012.6,0.0,9.9,393.8,32.7,10.0,10.0,2025-01-26T06:59:54,2025-01-26T20:50:29,0.91,Clear,Clear conditions throughout the day.,clear-day,"SCEL,85577099999,85574099999",Windy
"-33.3537,-70.6811",2025-01-27,32.0,14.0,23.5,30.0,14.0,22.9,8.8,43.0,0.0,0.0,0.0,,0.0,0.0,40.3,33.5,200.2,1012.1,0.1,9.9,397.0,33.0,10.0,10.0,2025-01-27T07:00:54,2025-01-27T20:49:53,0.94,Clear,Clear conditions throughout the day.,clear-day,"SCEL,85577099999,85574099999",Windy
"-33.3537,-70.6811",2025-01-28,33.0,15.0,24.6,31.5,15.0,24.0,8.9,39.8,0.0,0.0,0.0,,0.0,0.0,39.6,29.5,192.7,1010.8,0.0,9.9,399.5,33.1,10.0,10.0,2025-01-28T07:01:53,2025-01-28T20:49:16,0.97,Clear,Clear conditions throughout the day.,clear-day,"SCEL,85577099999,85574099999",Windy
"-33.3537,-70.6811",2025-01-29,31.6,15.6,23.4,29.7,15.6,22.9,6.3,34.4,0.0,0.0,0.0,,0.0,0.0,38.2,33.5,207.8,1012.2,0.0,10.0,396.0,32.8,10.0,10.0,2025-01-29T07:02:52,2025-01-29T20:48:38,0.0,Clear,Clear conditions throughout the day.,clear-day,"SCEL,85577099999,85574099999",Windy
"-33.3537,-70.6811",2025-01-30,30.8,14.0,22.1,29.6,14.0,21.8,10.8,51.6,0.0,0.0,0.0,,0.0,0.0,39.6,33.5,188.4,1013.2,0.2,9.7,398.0,33.0,10.0,10.0,2025-01-30T07:03:51,2025-01-30T20:47:58,0.04,Clear,Clear conditions throughout the day.,clear-day,"SCEL,85577099999,85574099999",Windy
"-33.3537,-70.6811",2025-01-31,32.0,14.0,23.1,30.1,14.0,22.6,9.1,45.0,0.0,0.0,0.0,,0.0,0.0,40.7,29.5,202.0,1011.9,3.4,9.9,394.1,32.7,10.0,10.0,2025-01-31T07:04:50,2025-01-31T20:47:16,0.07,Clear,Clear conditions throughout the day.,clear-day,"SCEL,85577099999,85574099999",Windy
"-33.3537,-70.6811",2025-02-01,32.0,15.5,23.5,30.2,15.5,23.1,9.2,43.0,0.0,0.0,0.0,,0.0,0.0,39.6,31.7,199.6,1010.1,2.4,10.5,390.5,32.4,10.0,10.0,2025-02-01T07:05:49,2025-02-01T20:46:33,0.11,Clear,Clear conditions throughout the day.,clear-day,"SCEL,85577099999,remote,85574099999",Windy
"-33.3537,-70.6811",2025-02-02,31.0,15.0,22.9,29.5,15.0,22.5,8.8,44.8,0.0,0.0,0.0,,0.0,0.0,39.2,31.7,198.9,1011.7,14.0,10.0,381.9,31.7,10.0,10.0,2025-02-02T07:06:47,2025-02-02T20:45:48,0.15,Clear,Clear conditions throughout the day.,clear-day,"SCEL,85577099999,85574099999",Windy
"-33.3537,-70.6811",2025-02-03,32.0,15.0,23.7,29.8,15.0,23.1,6.7,36.3,0.0,0.0,0.0,,0.0,0.0,36.7,25.9,207.5,1011.6,33.8,10.0,382.6,31.6,10.0,10.0,2025-02-03T07:07:46,2025-02-03T20:45:02,0.18,Partially cloudy,Partly cloudy throughout the day.,partly-cloudy-day,"SCEL,85577099999,85574099999",Cloudy
"-33.3537,-70.6811",2025-02-04,32.0,16.0,24.3,30.0,16.0,23.7,6.3,34.2,0.0,0.0,0.0,,0.0,0.0,40.0,35.3,208.8,1011.7,31.7,9.9,379.9,31.5,10.0,10.0,2025-02-04T07:08:44,2025-02-04T20:44:14,0.22,Partially cloudy,Partly cloudy throughout the day.,partly-cloudy-day,"SCEL,85577099999,85574099999",Cloudy
"-33.3537,-70.6811",2025-02-05,32.3,14.0,24.2,30.1,14.0,23.6,6.1,33.7,0.0,0.0,0.0,,0.0,0.0,39.6,25.9,202.9,1012.6,0.7,9.7,386.2,32.0,10.0,10.0,2025-02-05T07:09:42,2025-02-05T20:43:26,0.25,Clear,Clear conditions throughout the day.,clear-day,"SCEL,85577099999,85574099999",Windy
"-33.3537,-70.6811",2025-02-06,34.0,15.7,24.8,31.9,15.7,24.2,8.0,37.2,0.0,0.0,0.0,,0.0,0.0,41.8,37.1,192.4,1009.7,0.0,9.8,388.7,32.5,10.0,10.0,2025-02-06T07:10:40,2025-02-06T20:42:35,0.29,Clear,Clear conditions throughout the day.,clear-day,"SCEL,85577099999,85574099999",Windy
"-33.3537,-70.6811",2025-02-07,32.0,15.5,23.9,30.4,15.5,23.4,9.1,41.0,0.0,0.0,0.0,,0.0,0.0,38.5,33.5,196.3,1012.2,0.0,9.9,383.7,31.7,10.0,10.0,2025-02-07T07:11:38,2025-02-07T20:41:44,0.32,Clear,Clear conditions throughout the day.,clear-day,"SCEL,85577099999,85574099999",Windy
"-33.3537,-70.6811",2025-02-08,36.0,16.0,25.5,34.1,16.0,24.8,10.6,43.5,0.0,0.0,0.0,,0.0,0.0,42.1,24.1,188.0,1011.6,7.0,9.5,380.2,31.4,10.0,10.0,2025-02-08T07:12:35,2025-02-08T20:40:51,0.36,Clear,Clear conditions throughout the day.,clear-day,"SCEL,85577099999,85574099999",Windy
"-33.3537,-70.6811",2025-02-09,32.0,17.0,24.9,30.8,17.0,24.5,11.4,44.7,0.0,0.0,0.0,,0.0,0.0,36.4,31.7,196.7,1009.6,0.5,9.6,371.7,30.9,10.0,10.0,2025-02-09T07:13:32,2025-02-09T20:39:56,0.39,Clear,Clear conditions throughout the day.,clear-day,"SCEL,85577099999,85574099999",Windy
"-33.3537,-70.6811",2025-02-10,29.1,17.0,22.6,28.7,17.0,22.5,13.5,58.0,0.0,0.0,0.0,,0.0,0.0,41.4,37.1,192.5,1013.6,21.8,9.7,366.2,30.3,10.0,10.0,2025-02-10T07:14:29,2025-02-10T20:39:01,0.43,Partially cloudy,Partly cloudy throughout the day.,partly-cloudy-day,"SCEL,85577099999,85574099999",Cloudy
"-33.3537,-70.6811",2025-02-11,30.0,15.0,22.7,29.0,15.0,22.4,10.9,51.6,0.0,0.0,0.0,,0.0,0.0,38.5,31.7,199.5,1012.3,17.8,9.6,365.2,30.2,10.0,10.0,2025-02-11T07:15:25,2025-02-11T20:38:04,0.47,Clear,Clear conditions throughout the day.,clear-day,"SCEL,85577099999,85574099999",Windy
"-33.3537,-70.6811",2025-02-12,30.0,14.0,22.7,28.3,14.0,22.2,3.0,28.6,0.0,0.0,0.0,,0.0,0.0,36.0,25.9,197.7,1012.8,0.5,10.0,369.0,30.4,10.0,10.0,2025-02-12T07:16:22,2025-02-12T20:37:06,0.5,Clear,Clear conditions throughout the day.,clear-day,"SCEL,85577099999,85574099999",Windy
"-33.3537,-70.6811",2025-02-13,31.0,14.0,23.1,29.2,14.0,22.6,4.6,31.9,0.0,0.0,0.0,,0.0,0.0,36.7,31.7,200.0,1014.2,0.3,9.8,369.4,30.6,10.0,10.0,2025-02-13T07:17:17,2025-02-13T20:36:07,0.53,Clear,Clear conditions throughout the day.,clear-day,"SCEL,85577099999,85574099999",Windy
"-33.3537,-70.6811",2025-02-14,29.2,15.0,21.8,27.7,15.0,21.5,6.0,37.6,0.0,0.0,0.0,,0.0,0.0,34.6,27.7,192.1,1015.1,11.8,9.7,365.1,30.2,10.0,10.0,2025-02-14T07:18:13,2025-02-14T20:35:07,0.57,Clear,Clear conditions throughout the day.,clear-day,"SCEL,85577099999,85574099999",Windy
"-33.3537,-70.6811",2025-02-15,26.5,12.0,19.0,26.5,12.0,19.0,5.2,41.8,0.0,0.0,0.0,,0.0,0.0,50.0,27.7,185.9,1014.1,6.8,10.0,370.1,30.7,10.0,10.0,2025-02-15T07:19:08,2025-02-15T20:34:05,0.6,Clear,Clear conditions throughout the day.,clear-day,"SCEL,85577099999,85574099999",Windy
"-33.3537,-70.6811",2025-02-16,30.0,10.0,19.7,28.2,10.0,19.4,5.9,45.3,0.0,0.0,0.0,,0.0,0.0,36.0,27.7,194.3,1014.0,0.0,9.9,364.5,30.1,10.0,10.0,2025-02-16T07:20:03,2025-02-16T20:33:03,0.63,Clear,Clear conditions throughout the day.,clear-day,"SCEL,85577099999,85574099999",Windy
"-33.3537,-70.6811",2025-02-17,31.0,12.0,22.0,29.0,12.0,21.5,6.7,42.3,0.0,0.0,0.0,,0.0,0.0,38.9,27.7,190.3,1014.7,0.0,9.8,363.8,30.1,10.0,10.0,2025-02-17T07:20:57,2025-02-17T20:31:59,0.66,Clear,Clear conditions throughout the day.,clear-day,"SCEL,85577099999,85574099999",Windy
"-33.3537,-70.6811",2025-02-18,31.9,13.0,22.0,29.7,13.0,21.6,5.4,36.3,0.0,0.0,0.0,,0.0,0.0,35.6,33.5,186.3,1011.5,0.0,9.9,363.5,30.0,10.0,10.0,2025-02-18T07:21:51,2025-02-18T20:30:55,0.7,Clear,Clear conditions throughout the day.,clear-day,"SCEL,85577099999,85574099999",Windy
"-33.3537,-70.6811",2025-02-19,27.0,13.0,19.5,26.7,13.0,19.4,10.6,58.8,0.0,0.0,0.0,,0.0,0.0,34.2,22.3,174.0,1013.0,0.6,9.5,338.8,27.8,10.0,10.0,2025-02-19T07:22:45,2025-02-19T20:29:49,0.73,Clear,Clear conditions throughout the day.,clear-day,"SCEL,85577099999,85574099999",Windy
"-33.3537,-70.6811",2025-02-20,31.0,13.0,20.6,29.6,13.0,20.4,11.1,58.7,0.0,0.0,0.0,,0.0,0.0,36.4,24.1,184.2,1014.0,0.7,10.0,347.6,28.8,10.0,10.0,2025-02-20T07:23:38,2025-02-20T20:28:43,0.75,Clear,Clear conditions throughout the day.,clear-day,"SCEL,85577099999,85574099999",Windy
"-33.3537,-70.6811",2025-02-21,33.0,13.0,22.7,31.7,13.0,22.2,10.6,51.4,0.0,0.0,0.0,,0.0,0.0,36.7,27.7,193.2,1014.7,24.8,9.9,352.8,29.1,10.0,10.0,2025-02-21T07:24:31,2025-02-21T20:27:36,0.79,Partially cloudy,Becoming cloudy in the afternoon.,partly-cloudy-day,"SCEL,85577099999,85574099999",Cloudy
"-33.3537,-70.6811",2025-02-22,33.0,16.0,24.7,31.4,16.0,24.1,9.8,42.2,0.0,0.0,0.0,,0.0,0.0,39.6,27.7,195.3,1014.1,46.8,10.0,345.5,28.7,10.0,10.0,2025-02-22T07:25:23,2025-02-22T20:26:27,0.83,Partially cloudy,Partly cloudy throughout the day.,partly-cloudy-day,"SCEL,85577099999,85574099999",Cloudy
"-33.3537,-70.6811",2025-02-23,33.0,16.0,24.8,30.9,16.0,24.2,8.0,37.5,0.0,0.0,0.0,,0.0,0.0,38.5,29.5,197.0,1013.5,8.9,10.0,352.0,29.3,10.0,10.0,2025-02-23T07:26:15,2025-02-23T20:25:18,0.86,Clear,Clear conditions throughout the day.,clear-day,"SCEL,85577099999,85574099999",Windy
"-33.3537,-70.6811",2025-02-24,33.1,16.0,24.7,31.0,16.0,24.1,9.5,41.7,0.0,0.0,0.0,,0.0,0.0,37.4,27.6,197.6,1012.8,0.1,10.0,350.2,29.0,10.0,10.0,2025-02-24T07:27:07,2025-02-24T20:24:08,0.89,Clear,Clear conditions throughout the day.,clear-day,"SCEL,85577099999,85574099999",Windy
"-33.3537,-70.6811",2025-02-25,32.0,16.0,24.4,30.3,16.0,23.8,8.8,40.6,0.0,0.0,0.0,,0.0,0.0,38.9,35.3,204.7,1012.5,0.0,9.9,344.0,28.5,10.0,10.0,2025-02-25T07:27:58,2025-02-25T20:22:58,0.92,Clear,Clear conditions throughout the day.,clear-day,"SCEL,85577099999,85574099999",Windy
"-33.3537,-70.6811",2025-02-26,33.1,14.9,23.9,30.8,14.9,23.3,5.8,33.4,0.0,0.0,0.0,,0.0,0.0,38.2,32.9,204.3,1011.5,0.0,9.8,344.3,28.7,10.0,10.0,2025-02-26T07:28:49,2025-02-26T20:21:46,0.95,Clear,Clear conditions throughout the day.,clear-day,"SCEL,85577099999,85574099999",Windy
"-33.3537,-70.6811",2025-02-27,30.2,13.5,21.8,28.6,13.5,21.5,7.2,40.9,0.0,0.0,0.0,,0.0,0.0,32.8,36.9,192.1,1012.2,0.0,9.8,337.0,27.7,10.0,10.0,2025-02-27T07:29:40,2025-02-27T20:20:34,0.0,Clear,Clear conditions throughout the day.,clear-day,"SCEL,85577099999,85574099999",Windy
"-33.3537,-70.6811",2025-02-28,27.7,15.0,20.6,27.2,15.0,20.5,10.2,53.3,0.0,0.0,0.0,,0.0,0.0,34.2,43.6,191.9,1013.4,33.0,9.9,317.9,26.2,10.0,10.0,2025-02-28T07:30:30,2025-02-28T20:19:21,0.02,Partially cloudy,Clearing in the afternoon.,partly-cloudy-day,"SCEL,85577099999,85574099999",Cloudy
"-33.3537,-70.6811",2025-03-01,28.0,13.7,20.5,27.6,13.7,20.4,13.0,65.6,0.0,0.0,0.0,,0.0,0.0,37.1,32.8,197.8,1013.5,7.1,9.7,313.3,25.7,10.0,10.0,2025-03-01T07:31:20,2025-03-01T20:18:08,0.06,Clear,Clear conditions throughout the day.,clear-day,"SCEL,85577099999,85574099999",Windy
"-33.3537,-70.6811",2025-03-02,25.0,13.0,18.9,25.0,13.0,18.9,12.2,67.7,0.0,0.0,0.0,,0.0,0.0,36.4,34.6,188.5,1015.4,9.0,9.1,322.7,26.7,10.0,10.0,2025-03-02T07:32:10,2025-03-02T20:16:54,0.09,Clear,Clear conditions throughout the day.,clear-day,"SCEL,85577099999,85574099999",Windy
"-33.3537,-70.6811",2025-03-03,28.8,12.4,20.1,27.8,12.4,20.0,10.2,56.6,0.0,0.0,0.0,,0.0,0.0,36.0,29.8,193.7,1015.4,0.0,9.8,329.8,27.3,10.0,10.0,2025-03-03T07:32:59,2025-03-03T20:15:39,0.13,Clear,Clear conditions throughout the day.,clear-day,"SCEL,85577099999,85574099999",Windy
"-33.3537,-70.6811",2025-03-04,30.4,12.8,21.5,28.8,12.8,21.2,9.7,50.5,0.0,0.0,0.0,,0.0,0.0,36.4,32.2,199.1,1012.6,0.0,9.9,329.4,27.4,10.0,10.0,2025-03-04T07:33:48,2025-03-04T20:14:24,0.16,Clear,Clear conditions throughout the day.,clear-day,"SCEL,85577099999,85574099999",Windy
"-33.3537,-70.6811",2025-03-05,29.9,12.7,21.6,28.7,12.7,21.3,9.3,47.9,0.0,0.0,0.0,,0.0,0.0,35.6,34.4,200.3,1010.2,0.0,9.9,326.4,26.9,10.0,10.0,2025-03-05T07:34:36,2025-03-05T20:13:08,0.2,Clear,Clear conditions throughout the day.,clear-day,"SCEL,85577099999,85574099999",Windy
"-33.3537,-70.6811",2025-03-06,26.7,13.5,19.7,26.7,13.5,19.7,11.1,58.7,0.0,0.0,0.0,,0.0,0.0,32.8,31.8,185.7,1014.6,9.4,9.9,313.0,25.8,10.0,10.0,2025-03-06T07:35:24,2025-03-06T20:11:52,0.25,Clear,Clear conditions throughout the day.,clear-day,"SCEL,85577099999,85574099999",Windy
"-33.3537,-70.6811",2025-03-07,26.8,13.3,19.8,26.5,13.3,19.8,12.1,64.0,0.0,0.0,0.0,,0.0,0.0,35.3,34.1,210.3,1019.2,25.1,9.8,295.8,24.5,9.0,10.0,2025-03-07T07:36:12,2025-03-07T20:10:35,0.27,Partially cloudy,Clearing in the afternoon.,partly-cloudy-day,"SCEL,85577099999,85574099999",Cloudy
"-33.3537,-70.6811",2025-03-08,30.6,13.4,21.8,29.2,13.4,21.5,10.5,53.3,0.0,0.0,0.0,,0.0,0.0,35.6,26.6,204.9,1016.6,0.0,9.7,328.5,27.2,10.0,10.0,2025-03-08T07:37:00,2025-03-08T20:09:18,0.3,Clear,Clear conditions throughout the day.,clear-day,"SCEL,85577099999,85574099999",Windy
"-33.3537,-70.6811",2025-03-09,31.9,13.0,22.2,29.8,13.0,21.7,7.1,41.5,0.0,0.0,0.0,,0.0,0.0,33.1,41.8,191.3,1013.3,0.0,9.8,323.5,26.7,10.0,10.0,2025-03-09T07:37:47,2025-03-09T20:08:00,0.34,Clear,Clear conditions throughout the day.,clear-day,"SCEL,85577099999,85574099999",Windy
"-33.3537,-70.6811",2025-03-10,29.6,12.9,21.3,28.0,12.9,21.0,7.8,44.6,0.0,0.0,0.0,,0.0,0.0,39.2,39.1,202.1,1014.9,0.0,10.0,315.8,26.0,10.0,10.0,2025-03-10T07:38:34,2025-03-10T20:06:42,0.37,Clear,Clear conditions throughout the day.,clear-day,"SCEL,85577099999,85574099999",Windy
"-33.3537,-70.6811",2025-03-11,31.4,13.7,22.2,29.5,13.7,21.8,8.7,46.1,0.0,0.0,0.0,,0.0,0.0,34.2,44.9,209.3,1013.9,0.0,9.7,316.1,26.0,10.0,10.0,2025-03-11T07:39:21,2025-03-11T20:05:24,0.41,Clear,Clear conditions throughout the day.,clear-day,"SCEL,85577099999,85574099999",Windy
"-33.3537,-70.6811",2025-03-12,32.8,14.0,22.9,31.0,14.0,22.4,8.9,44.2,0.0,0.0,0.0,,0.0,0.0,36.4,43.6,194.6,1014.0,0.0,9.8,315.2,26.1,10.0,10.0,2025-03-12T07:40:07,2025-03-12T20:04:05,0.44,Clear,Clear conditions throughout the day.,clear-day,"SCEL,85577099999,85574099999",Windy
"-33.3537,-70.6811",2025-03-13,31.4,13.2,21.6,29.6,13.2,21.3,8.8,46.4,0.0,0.0,0.0,,0.0,0.0,34.6,55.2,186.4,1012.6,0.1,9.7,309.7,25.7,10.0,10.0,2025-03-13T07:40:53,2025-03-13T20:02:46,0.48,Clear,Clear conditions throughout the day.,wind,"SCEL,85577099999,85574099999",Windy
"-33.3537,-70.6811",2025-03-14,24.5,12.0,17.5,24.5,12.0,17.5,11.7,71.2,0.0,0.0,0.0,,0.0,0.0,33.8,45.8,176.0,1013.6,36.8,8.7,290.2,23.9,9.0,10.0,2025-03-14T07:41:39,2025-03-14T20:01:27,0.5,Partially cloudy,Partly cloudy throughout the day.,partly-cloudy-day,"SCEL,85577099999,85574099999",Cloudy
"-33.3537,-70.6811",2025-03-15,23.5,12.9,17.1,23.5,12.9,17.1,12.0,73.7,0.0,0.0,0.0,,0.0,0.0,37.8,39.2,179.6,1017.3,39.9,8.9,285.8,23.6,9.0,10.0,2025-03-15T07:42:25,2025-03-15T20:00:08,0.54,Partially cloudy,Partly cloudy throughout the day.,partly-cloudy-day,"SCEL,85577099999,85574099999",Cloudy
"-33.3537,-70.6811",2025-03-16,29.2,10.1,19.5,27.9,10.1,19.3,10.3,61.0,0.1,100.0,4.17,rain,0.0,0.0,32.0,43.3,191.0,1017.5,4.2,9.6,297.8,24.6,10.0,10.0,2025-03-16T07:43:11,2025-03-16T19:58:48,0.58,Rain,Clear conditions throughout the day with afternoon rain.,rain,"SCEL,85577099999,85574099999",Rainy
"-33.3537,-70.6811",2025-03-17,31.8,12.2,21.8,29.8,12.2,21.3,8.9,49.5,0.0,0.0,0.0,,0.0,0.0,37.1,46.1,204.3,1016.7,0.0,9.7,301.9,24.9,9.0,10.0,2025-03-17T07:43:56,2025-03-17T19:57:28,0.61,Clear,Clear conditions throughout the day.,clear-day,"SCEL,85577099999,85574099999",Windy
"-33.3537,-70.6811",2025-03-18,34.7,12.6,22.7,32.1,12.6,22.1,6.0,38.8,0.0,0.0,0.0,,0.0,0.0,32.8,41.8,186.6,1013.1,0.0,9.7,306.7,25.4,10.0,10.0,2025-03-18T07:44:41,2025-03-18T19:56:08,0.64,Clear,Clear conditions throughout the day.,clear-day,"SCEL,85577099999,85574099999",Windy
"-33.3537,-70.6811",2025-03-19,25.4,13.4,19.0,25.4,13.4,19.0,8.9,53.2,0.0,0.0,0.0,,0.0,0.0,32.4,44.6,188.7,1013.8,0.0,9.9,294.6,24.4,9.0,10.0,2025-03-19T07:45:26,2025-03-19T19:54:48,0.68,Clear,Clear conditions throughout the day.,clear-day,"SCEL,85577099999,85574099999",Windy
"-33.3537,-70.6811",2025-03-20,27.2,11.3,18.7,27.0,11.3,18.7,11.4,66.1,0.0,0.0,0.0,,0.0,0.0,31.3,42.6,191.3,1014.5,0.1,9.5,293.6,24.4,9.0,10.0,2025-03-20T07:46:11,2025-03-20T19:53:28,0.71,Clear,Clear conditions throughout the day.,clear-day,"SCEL,85577099999,85574099999",Windy
"-33.3537,-70.6811",2025-03-21,29.3,12.3,20.7,28.2,12.3,20.5,10.7,56.7,0.0,0.0,0.0,,0.0,0.0,30.6,42.9,211.5,1014.3,2.0,9.7,288.3,23.9,9.0,10.0,2025-03-21T07:46:55,2025-03-21T19:52:08,0.74,Clear,Clear conditions throughout the day.,clear-day,"SCEL,85577099999,85574099999",Windy
"-33.3537,-70.6811",2025-03-22,29.1,13.7,21.4,28.1,13.7,21.2,11.2,55.5,0.7,100.0,4.17,rain,0.0,0.0,32.0,49.4,202.4,1012.7,2.0,9.9,279.9,23.1,9.0,10.0,2025-03-22T07:47:40,2025-03-22T19:50:48,0.75,Rain,Clear conditions throughout the day with afternoon rain.,rain,"SCEL,85577099999,85574099999",Rainy
"-33.3537,-70.6811",2025-03-23,26.5,12.5,18.8,26.5,12.5,18.8,9.4,56.1,0.0,0.0,0.0,,0.0,0.0,38.5,49.0,187.2,1011.9,17.8,9.9,273.9,22.7,9.0,10.0,2025-03-23T07:48:24,2025-03-23T19:49:27,0.81,Clear,Clear conditions throughout the day.,wind,"SCEL,85577099999,85574099999",Windy
"-33.3537,-70.6811",2025-03-24,24.7,8.9,16.7,24.7,7.3,16.5,5.6,53.3,0.0,0.0,0.0,,0.0,0.0,38.9,40.2,197.7,1012.4,11.6,9.5,286.1,23.8,9.0,10.0,2025-03-24T07:49:08,2025-03-24T19:48:07,0.84,Clear,Clear conditions throughout the day.,clear-day,"SCEL,85577099999,85574099999",Windy
"-33.3537,-70.6811",2025-03-25,22.1,11.0,15.6,22.1,11.0,15.6,7.9,61.6,0.4,100.0,8.33,rain,0.0,0.0,27.4,43.1,183.6,1013.0,38.7,9.9,232.5,19.5,8.0,10.0,2025-03-25T07:49:52,2025-03-25T19:46:47,0.87,"Rain, Partially cloudy",Clearing in the afternoon with rain.,rain,"SCEL,85577099999,85574099999",Rainy
"-33.3537,-70.6811",2025-03-26,27.3,8.4,17.1,26.6,6.8,16.8,7.2,59.3,0.0,0.0,0.0,,0.0,0.0,26.6,40.0,204.9,1015.3,35.3,8.9,267.0,21.9,9.0,10.0,2025-03-26T07:50:36,2025-03-26T19:45:27,0.91,Partially cloudy,Partly cloudy throughout the day.,partly-cloudy-day,"SCEL,85577099999,85574099999",Cloudy
"-33.3537,-70.6811",2025-03-27,23.1,13.2,17.0,23.1,13.2,17.0,8.2,57.4,0.1,100.0,4.17,rain,0.0,0.0,30.6,40.0,177.1,1016.0,51.1,10.0,230.8,19.1,8.0,10.0,2025-03-27T07:51:20,2025-03-27T19:44:07,0.94,"Rain, Partially cloudy",Partly cloudy throughout the day with afternoon rain.,rain,"SCEL,85577099999,85574099999",Rainy
"-33.3537,-70.6811",2025-03-28,23.1,8.5,16.5,23.1,8.1,16.5,9.0,64.6,0.0,0.0,0.0,,0.0,0.0,28.1,31.2,179.0,1015.8,52.3,8.9,215.9,17.9,8.0,10.0,2025-03-28T07:52:04,2025-03-28T19:42:47,0.97,Partially cloudy,Partly cloudy throughout the day.,partly-cloudy-day,"SCEL,85577099999,85574099999",Cloudy
"-33.3537,-70.6811",2025-03-29,27.1,11.2,18.0,26.7,11.2,18.0,9.7,61.2,0.0,0.0,0.0,,0.0,0.0,33.5,47.9,194.1,1013.9,28.0,8.9,263.9,22.0,9.0,10.0,2025-03-29T07:52:48,2025-03-29T19:41:28,0.0,Partially cloudy,Clearing in the afternoon.,partly-cloudy-day,"SCEL,85577099999,85574099999",Cloudy
"-33.3537,-70.6811",2025-03-30,15.4,10.5,12.9,15.4,10.5,12.9,9.9,82.3,9.7,100.0,45.83,rain,0.0,0.0,25.2,33.7,189.4,1020.4,64.5,9.5,77.6,6.5,3.0,10.0,2025-03-30T07:53:31,2025-03-30T19:40:08,0.04,"Rain, Partially cloudy",Partly cloudy throughout the day with rain in the morning and afternoon.,rain,"SCEL,85577099999,85574099999",Rainy
"-33.3537,-70.6811",2025-03-31,22.8,7.1,13.7,22.8,5.9,13.5,6.0,65.7,0.0,0.0,0.0,,0.0,0.0,31.7,25.6,212.9,1019.2,26.8,9.2,273.8,22.7,9.0,10.0,2025-03-31T07:54:15,2025-03-31T19:38:49,0.07,Partially cloudy,Partly cloudy throughout the day.,partly-cloudy-day,"SCEL,85577099999,85574099999",Cloudy
"-33.3537,-70.6811",2025-04-01,23.9,7.5,14.8,23.9,6.8,14.8,4.8,56.4,0.0,0.0,0.0,,0.0,0.0,25.2,33.1,197.1,1017.2,39.1,9.2,227.6,18.8,8.0,10.0,2025-04-01T07:54:58,2025-04-01T19:37:30,0.11,Partially cloudy,Partly cloudy throughout the day.,partly-cloudy-day,"SCEL,85577099999,85574099999",Cloudy
"-33.3537,-70.6811",2025-04-02,26.2,7.5,16.0,26.2,6.5,15.9,4.1,52.3,0.0,0.0,0.0,,0.0,0.0,27.4,39.2,195.1,1018.0,19.6,9.3,249.7,20.7,8.0,10.0,2025-04-02T07:55:42,2025-04-02T19:36:12,0.14,Clear,Clear conditions throughout the day.,clear-day,"SCEL,85577099999,85574099999",Windy
"-33.3537,-70.6811",2025-04-03,28.8,7.3,17.7,27.2,7.3,17.3,2.9,44.0,0.0,0.0,0.0,,0.0,0.0,26.6,33.8,198.2,1015.6,14.7,9.5,259.4,21.4,8.0,10.0,2025-04-03T07:56:25,2025-04-03T19:34:53,0.18,Clear,Clear conditions throughout the day.,clear-day,"SCEL,85577099999,85574099999",Windy
"-33.3537,-70.6811",2025-04-04,28.9,9.2,18.8,27.5,8.4,18.5,5.3,45.4,0.0,0.0,0.0,,0.0,0.0,25.9,40.5,182.3,1014.1,0.1,9.7,257.9,21.4,8.0,10.0,2025-04-04T07:57:09,2025-04-04T19:33:36,0.25,Clear,Clear conditions throughout the day.,clear-day,"SCEL,85577099999,85574099999",Windy
"-33.3537,-70.6811",2025-04-05,18.1,9.9,13.0,18.1,8.1,12.8,10.2,84.1,0.0,0.0,0.0,,0.0,0.0,27.7,30.0,176.5,1015.8,68.3,6.2,215.3,18.7,8.0,10.0,2025-04-05T07:57:52,2025-04-05T19:32:18,0.25,Partially cloudy,Partly cloudy throughout the day.,partly-cloudy-day,"SCEL,85577099999,85574099999",Cloudy
"-33.3537,-70.6811",2025-04-06,22.4,12.3,15.6,22.4,12.3,15.6,9.4,68.7,0.0,0.0,0.0,,0.0,0.0,25.9,34.5,190.3,1018.5,56.9,9.3,216.8,17.9,8.0,10.0,2025-04-06T06:58:36,2025-04-06T18:31:01,0.28,Partially cloudy,Partly cloudy throughout the day.,partly-cloudy-day,"SCEL,85577099999,85574099999",Cloudy
"-33.3537,-70.6811",2025-04-07,28.4,8.2,17.7,27.1,6.8,17.4,7.3,57.2,0.0,0.0,0.0,,0.0,0.0,24.8,33.0,185.8,1014.6,2.5,9.0,256.1,21.1,8.0,10.0,2025-04-07T06:59:19,2025-04-07T18:29:44,0.32,Clear,Clear conditions throughout the day.,clear-day,"SCEL,85577099999,85574099999",Windy
"-33.3537,-70.6811",2025-04-08,27.5,9.6,17.5,26.6,9.6,17.4,8.1,58.1,0.0,0.0,0.0,,0.0,0.0,27.4,37.7,181.1,1013.0,0.4,8.9,250.7,20.7,8.0,10.0,2025-04-08T07:00:03,2025-04-08T18:28:28,0.35,Clear,Clear conditions throughout the day.,clear-day,"SCEL,85577099999,85574099999",Windy
"-33.3537,-70.6811",2025-04-09,22.3,10.9,14.2,22.3,10.9,14.2,10.7,82.0,0.0,0.0,0.0,,0.0,0.0,26.3,34.1,184.0,1015.5,80.5,5.2,241.6,19.9,8.0,10.0,2025-04-09T07:00:46,2025-04-09T18:27:12,0.38,Partially cloudy,Partly cloudy throughout the day.,partly-cloudy-day,"SCEL,85577099999,85574099999",Cloudy
"-33.3537,-70.6811",2025-04-10,19.6,12.3,15.0,19.6,12.3,15.0,9.9,72.9,0.0,0.0,0.0,,0.0,0.0,28.1,34.9,193.9,1019.1,92.0,8.1,195.1,16.2,7.0,10.0,2025-04-10T07:01:30,2025-04-10T18:25:57,0.42,Overcast,Cloudy skies throughout the day.,cloudy,"SCEL,85577099999,85574099999",Windy
"-33.3537,-70.6811",2025-04-11,16.9,10.6,13.7,16.9,10.6,13.7,9.4,75.7,0.1,100.0,4.17,rain,0.0,0.0,27.7,34.1,181.8,1019.3,83.2,10.0,206.8,17.2,7.0,10.0,2025-04-11T07:02:14,2025-04-11T18:24:42,0.45,"Rain, Partially cloudy",Partly cloudy throughout the day with morning rain.,rain,"SCEL,85577099999,85574099999",Rainy
"-33.3537,-70.6811",2025-04-12,24.8,5.7,14.7,24.8,5.7,14.7,5.3,59.0,0.0,0.0,0.0,,0.0,0.0,23.4,31.1,196.0,1018.4,0.1,9.1,239.3,19.8,8.0,10.0,2025-04-12T07:02:57,2025-04-12T18:23:28,0.5,Clear,Clear conditions throughout the day.,clear-day,"SCEL,85577099999,85574099999",Windy
"-33.3537,-70.6811",2025-04-13,25.1,7.5,16.2,25.1,6.9,16.1,3.9,47.3,0.0,0.0,0.0,,0.0,0.0,24.1,23.9,176.7,1015.1,23.7,8.8,231.2,19.0,8.0,10.0,2025-04-13T07:03:41,2025-04-13T18:22:14,0.52,Partially cloudy,Partly cloudy throughout the day.,partly-cloudy-day,"SCEL,85577099999,85574099999",Cloudy
"-33.3537,-70.6811",2025-04-14,23.0,8.0,14.8,23.0,6.4,14.5,5.5,56.5,0.0,0.0,0.0,,0.0,0.0,26.3,41.8,189.3,1018.8,25.3,10.0,220.0,18.3,7.0,10.0,2025-04-14T07:04:25,2025-04-14T18:21:01,0.56,Partially cloudy,Partly cloudy throughout the day.,partly-cloudy-day,"SCEL,85577099999,85574099999",Cloudy
"-33.3537,-70.6811",2025-04-15,25.0,7.0,15.7,25.0,5.2,15.6,6.5,59.1,0.0,0.0,0.0,,0.0,0.0,23.4,29.6,171.8,1017.0,14.9,9.2,231.7,19.2,8.0,10.0,2025-04-15T07:05:08,2025-04-15T18:19:49,0.59,Clear,Clear conditions throughout the day.,clear-day,"SCEL,85577099999,85574099999",Windy
"-33.3537,-70.6811",2025-04-16,24.1,8.0,16.1,24.1,2.5,15.6,6.2,57.0,0.0,0.0,0.0,,0.0,0.0,25.6,55.4,184.8,1016.0,22.0,9.3,226.7,18.8,8.0,10.0,2025-04-16T07:05:52,2025-04-16T18:18:37,0.62,Partially cloudy,Partly cloudy throughout the day.,wind,"SCEL,85577099999,85574099999",Cloudy
"-33.3537,-70.6811",2025-04-17,22.0,10.8,15.8,22.0,10.8,15.8,5.1,50.5,0.0,0.0,0.0,,0.0,0.0,23.4,31.6,173.7,1015.2,63.7,9.9,165.8,13.8,6.0,10.0,2025-04-17T07:06:36,2025-04-17T18:17:26,0.66,Partially cloudy,Partly cloudy throughout the day.,partly-cloudy-day,"SCEL,85577099999,85574099999",Cloudy
"-33.3537,-70.6811",2025-04-18,27.0,7.1,16.6,26.1,6.2,16.3,4.3,51.5,0.0,0.0,0.0,,0.0,0.0,13.0,24.6,177.3,1014.7,1.3,9.0,222.5,18.5,8.0,10.0,2025-04-18T07:07:20,2025-04-18T18:16:16,0.69,Clear,Clear conditions throughout the day.,clear-day,"SCEL,85577099999,85574099999",Windy
"-33.3537,-70.6811",2025-04-19,26.1,7.5,16.2,26.1,7.2,16.1,4.3,49.3,0.0,0.0,0.0,,0.0,0.0,14.0,37.2,178.8,1014.2,57.5,9.8,187.7,15.5,7.0,10.0,2025-04-19T07:08:04,2025-04-19T18:15:06,0.72,Partially cloudy,Partly cloudy throughout the day.,partly-cloudy-day,"SCEL,85577099999,85574099999",Cloudy
"-33.3537,-70.6811",2025-04-20,25.2,6.8,15.4,25.2,6.1,15.2,6.2,58.5,0.0,0.0,0.0,,0.0,0.0,14.0,27.7,160.3,1015.2,1.1,9.4,215.8,17.9,7.0,10.0,2025-04-20T07:08:48,2025-04-20T18:13:58,0.75,Clear,Clear conditions throughout the day.,clear-day,"SCEL,85577099999,85574099999",Windy
"-33.3537,-70.6811",2025-04-21,24.3,7.3,16.1,24.3,5.5,15.9,6.1,55.6,0.0,0.0,0.0,,0.0,0.0,13.0,24.1,172.0,1015.9,65.7,9.6,185.7,15.4,7.0,10.0,2025-04-21T07:09:32,2025-04-21T18:12:50,0.79,Partially cloudy,Partly cloudy throughout the day.,partly-cloudy-day,"SCEL,85577099999,85574099999",Cloudy
"-33.3537,-70.6811",2025-04-22,26.0,7.0,17.1,26.0,5.5,16.9,4.8,48.9,0.0,0.0,0.0,,0.0,0.0,12.2,22.3,184.4,1016.2,83.5,10.2,192.0,15.9,7.0,10.0,2025-04-22T07:10:17,2025-04-22T18:11:43,0.83,Partially cloudy,Partly cloudy throughout the day.,partly-cloudy-day,"SCEL,remote",Cloudy
"-33.3537,-70.6811",2025-04-23,19.0,14.0,16.4,19.0,14.0,16.4,9.9,65.9,0.0,3.2,0.0,,0.0,0.0,11.5,20.5,170.7,1015.6,82.4,11.4,87.8,7.4,4.0,10.0,2025-04-23T07:11:01,2025-04-23T18:10:36,0.86,Partially cloudy,Partly cloudy throughout the day.,partly-cloudy-day,"SCEL,remote",Cloudy
"-33.3537,-70.6811",2025-04-24,22.2,12.1,16.5,22.2,12.1,16.5,9.7,66.8,0.0,3.2,0.0,,0.0,0.0,14.8,13.3,197.8,1015.0,23.3,23.6,193.3,16.0,7.0,10.0,2025-04-24T07:11:45,2025-04-24T18:09:31,0.89,Partially cloudy,Partly cloudy throughout the day.,partly-cloudy-day,,Cloudy
"-33.3537,-70.6811",2025-04-25,20.9,12.4,15.7,20.9,12.4,15.7,6.7,57.8,0.2,38.7,8.33,rain,0.0,0.0,14.8,21.6,199.0,1016.2,58.6,24.1,188.7,15.6,7.0,10.0,2025-04-25T07:12:30,2025-04-25T18:08:27,0.93,Partially cloudy,Partly cloudy throughout the day.,partly-cloudy-day,,Cloudy
"-33.3537,-70.6811",2025-04-26,21.2,10.1,15.4,21.2,10.1,15.4,7.7,63.5,0.0,3.2,0.0,,0.0,0.0,11.5,15.5,195.4,1016.3,9.5,24.1,199.2,16.4,7.0,10.0,2025-04-26T07:13:14,2025-04-26T18:07:23,0.96,Clear,Clear conditions throughout the day.,clear-day,,Sunny
"-33.3537,-70.6811",2025-04-27,24.6,11.9,17.7,24.6,11.9,17.7,3.7,43.4,0.0,0.0,0.0,,0.0,0.0,10.1,11.9,190.2,1014.8,0.1,24.1,202.6,16.9,7.0,10.0,2025-04-27T07:13:58,2025-04-27T18:06:21,0.0,Clear,Clear conditions throughout the day.,clear-day,,Sunny
"-33.3537,-70.6811",2025-04-28,25.3,13.1,18.8,25.3,13.1,18.8,2.8,36.7,0.0,0.0,0.0,,0.0,0.0,10.4,11.9,187.3,1014.6,0.0,24.1,227.6,18.9,7.0,10.0,2025-04-28T07:14:43,2025-04-28T18:05:19,0.03,Clear,Clear conditions throughout the day.,clear-day,,Sunny
"-33.3537,-70.6811",2025-04-29,24.8,13.8,18.4,24.8,13.8,18.4,4.1,40.8,0.0,0.0,0.0,,0.0,0.0,12.6,15.8,187.8,1013.6,8.7,24.1,195.4,16.2,7.0,10.0,2025-04-29T07:15:27,2025-04-29T18:04:19,0.06,Clear,Clear conditions throughout the day.,clear-day,,Sunny
"-33.3537,-70.6811",2025-04-30,21.4,13.7,16.5,21.4,13.7,16.5,7.3,55.9,0.0,3.2,0.0,,0.0,0.0,12.2,14.0,190.8,1014.4,74.3,24.1,161.7,13.5,6.0,10.0,2025-04-30T07:16:12,2025-04-30T18:03:19,0.1,Partially cloudy,Partly cloudy throughout the day.,partly-cloudy-day,,Cloudy
"-33.3537,-70.6811",2025-05-01,23.4,12.2,16.9,23.4,12.2,16.9,6.6,53.4,0.0,0.0,0.0,,0.0,0.0,13.3,15.1,192.9,1013.1,26.1,24.1,188.6,15.6,7.0,10.0,2025-05-01T07:16:56,2025-05-01T18:02:21,0.13,Partially cloudy,Partly cloudy throughout the day.,partly-cloudy-day,,Cloudy
"-33.3537,-70.6811",2025-05-02,16.9,11.3,13.6,16.9,11.3,13.6,8.6,72.4,0.1,0.0,4.17,rain,0.0,0.0,9.4,14.0,201.7,1015.6,83.4,24.1,154.6,12.9,5.0,10.0,2025-05-02T07:17:41,2025-05-02T18:01:24,0.16,Partially cloudy,Partly cloudy throughout the day.,partly-cloudy-day,,Cloudy
"-33.3537,-70.6811",2025-05-03,24.1,9.7,16.2,24.1,9.7,16.2,4.9,52.3,0.0,3.2,0.0,,0.0,0.0,8.6,9.7,198.7,1015.7,0.0,24.1,189.0,15.6,7.0,10.0,2025-05-03T07:18:25,2025-05-03T18:00:27,0.2,Clear,Clear conditions throughout the day.,clear-day,,Sunny
"-33.3537,-70.6811",2025-05-04,20.4,10.9,15.0,20.4,10.9,15.0,6.2,57.5,0.0,3.2,0.0,,0.0,0.0,13.0,15.5,198.6,1016.7,1.1,24.1,182.9,15.0,6.0,10.0,2025-05-04T07:19:10,2025-05-04T17:59:32,0.25,Clear,Clear conditions throughout the day.,clear-day,,Sunny
"-33.3537,-70.6811",2025-05-05,18.3,10.1,13.5,18.3,10.1,13.5,4.4,55.5,0.0,3.2,0.0,,0.0,0.0,18.7,19.8,201.6,1018.7,3.8,24.1,180.5,14.9,6.0,10.0,2025-05-05T07:19:54,2025-05-05T17:58:39,0.26,Clear,Clear conditions throughout the day.,clear-day,,Sunny
"-33.3537,-70.6811",2025-05-06,19.0,8.7,13.2,19.0,8.7,13.2,0.6,47.0,0.0,9.7,0.0,,0.0,0.0,11.9,13.0,191.1,1017.9,12.2,24.1,186.0,15.6,7.0,10.0,2025-05-06T07:20:39,2025-05-06T17:57:46,0.3,Clear,Clear conditions throughout the day.,clear-day,,Sunny
"-33.3537,-70.6811",2025-05-07,22.3,8.7,14.9,22.3,8.7,14.9,-7.3,22.8,0.0,6.5,0.0,,0.0,0.0,13.7,12.2,192.6,1014.5,0.4,24.1,189.1,15.6,7.0,10.0,2025-05-07T07:21:23,2025-05-07T17:56:54,0.33,Clear,Clear conditions throughout the day.,clear-day,,Sunny
"-33.3537,-70.6811",2025-05-08,21.1,5.7,12.6,0.0,0.0,26.3,6.6,71.9,0.6,0.0,0.0,,,,,17.6,172.6,1016.9,32.3,6.6,,,,,2025-05-08T07:22:07,2025-05-08T17:56:04,0.36,Partially cloudy,,partly-cloudy-day,,Cloudy
